词频排名,单词,阶段,周区间,说明,音标,中文释义,例句
1,the,起点,开始前自测,,ðə,art. 这；那；adv. 更加（用于比较级，最高级前）,
2,of,起点,开始前自测,,ˈʌv,prep. 属于；……的；……的一部分；住在（某地）；关于；由……组成的；因为；（表示人或事的时空位置）在，当,One of the penalties of fame is loss of privacy.　成名的弊端之一是失掉了隐私。
3,and,起点,开始前自测,,ənd,和；并且,I read and listen every day.　我每天阅读并听英语。
4,to,起点,开始前自测,,ˈtu,（距整点时间）差⋯⋯；prep. 朝；位于……；到某处；到某状态；差；给；对于；比；连着；对着；等于；向……表示敬意；伴随；为了给……；适合；按……的看法；（结算账目时）记入；adv. （门等）关上,It galls me to have to apologize to her.　非得向她道歉使我感到恼火。
5,a,起点,开始前自测,,ə,"art. 表示“一(个, 件…)(非特指的)一(个)(同类事物中的)任何一(个)(用于表示时间、速度、价格等意义的)每一(用在某些物质名词和抽象名词前)一阵、一场、一种Aabbr. ampere 安；n. 英语字母表的第1个字母；A音；A类；干线公路；最高收入群体；第一列；第一已知量；表层土壤；A型血；A型号纸；A字形；abbr. 安培（ampere）；A纸牌（ace）；……比……（against）","She's a phony, a fake.　她是个伪君子、骗子。"
6,in,起点,开始前自测,,ɪn,使用（某种语言）；n. （化学元素）铟；n. （美）因（人名）,They lived in rooms in Kensington.　他们住在肯辛顿的出租房间。
7,for,起点,开始前自测,,ˈfɔr,prep. （表示对象、用途等）给，对；为了，以帮助；为了 （表示目的、用途）；（表示感情的对象）对于；代表；受雇于；意思是，表示；支持，拥护；因为，由于；为得到，为获取；换取；就……而言；对（某人）来说；……后（更好、更快乐等）；（表示去向）往，向；（用来表示时间或距离）达，计；（安排或预定）在……时；为 （某场合或时间）；由……负责；要不是；想要；取（某人的）名；表名单或系列中的某些部分；表数字或数量间的联系；表一顿饭中的食物；conj. 因为，由于；abbr. 外国（foreign）；林业（forestry）,He was jailed for life for murder.　他因谋杀罪被终身监禁。
8,is,起点,开始前自测,,ˈɪz,是（与 he、she、it 等搭配）,She is my friend.　她是我的朋友。
9,on,起点,开始前自测,,ˈɑn,prep. 在……之上；向，朝；关于；在……时候；由……支撑；（身上）带着；一……就；吃，喝；接近；根据；挣……钱；以……支付；以……为燃料；在……中；作为……成员；借助（仪器或器械）；与……相比；增加；靠……服用药物；（由电台或电视）播放；忙碌于；adv. 在上面；向前地；继续着，行动中；穿着；（娱乐演出等）上演；（电器）开着地；当班；adj. 开着的；发生着的，正在进行中；之后；覆盖；附着（尤指在正确的位置上）；写着的；正在播出的,The old men blather on and on.　这帮老头儿絮絮叨叨没完没了。
10,that,起点,开始前自测,,ˈðæt,det. 那，那个；那种；pron. 那，那个；那，那种；（非正式）就那样；conj. ……可能是；由于；以至于；（表示目的）为了；（诗、文）真希望,I reckon (that) I'm going to get that job.　我认为我会得到那份工作。
11,by,起点,开始前自测,,ˈbaɪ,由⋯⋯创作；被；由；prep. 由，被；通过，凭借……；相差；在……旁边；到……之前；抓着（身体或东西某个部位）；按照，依据；以……计；在……期间；在（某处）短暂停留；乘以，除以；以……名义（发誓）；就（本性、职业或出身）而言；adv. 经过,They sleep by day and hunt by night.　他们白天睡觉，夜晚捕猎。
12,this,起点,开始前自测,,ˈðɪs,pron. 这，这个；这样；今，本；……的这个；有个；adj. 这，这个（离说话人较近的）；adv. 这样地，这么,This tastes foul.　这个味道很差。
13,with,起点,开始前自测,,ˈwɪð,prep. 和……在一起；具有；用；反对；关于；包括；由于；随着；顺着；受雇于；虽然；支持；穿着；受……影响；表示与某物分离；由……负责；n. （With）（美、印、俄）维特（人名）,He's more comfortable with computers than with people.　比起与人相处，他和电脑打交道更能应付自如。
14,i,起点,开始前自测,,ˈaɪ,我（写作时大写 I）,I am learning English.　我正在学英语。
15,you,起点,开始前自测,,ˈju,你；你们,You are very kind.　你很友善。
16,it,起点,开始前自测,,ˈɪt,信息技术；abbr. 信息技术（information technology）；abbr. （It.）意大利（Italy）；意大利的（Italian）,"It really isn't half bad, is it?　这的确很不错，对吗？"
17,not,起点,开始前自测,,ˈnɑt,adv. 表示否定，不；n. “非”（计算机中逻辑运算的一种）,Transport not incl.　不包括运输
18,or,起点,开始前自测,,ˈɔr,conj. （用以引出另一种可能性）或，或者，还是；（用于否定动词后）也不；（用于警告或忠告）否则，不然；（用于两个数字之间表示约略数目）大约；（用于引出解释性词语）或者说；（用于说明原因）不然，否则；（用于引出对比的概念）；<文>还是；n. （电子）（逻辑电路的）或（OR）；（纹章）金色，黄色；abbr. 俄勒冈州（Oregon）；手术室（operating room）；运筹学（operational research）；普通士兵（other ranks）,I don't drink whisky or brandy or any other spirits.　我不喝威士忌和白兰地，也不喝其他烈性酒。
19,be,起点,开始前自测,,ˈbi,aux. 被（用于被动语态）；正，正在（用于进行时）；v. 是；有，存在；做，成为；发生；n. （Be）（缅）拜；（日）部（姓）；（朝）培；（中非）贝（人名）,Allah be praised.　感谢真主！
20,are,起点,开始前自测,,ˈɑr,是（与 you、we、they 等搭配）,We are ready.　我们准备好了。
21,from,起点,开始前自测,,ˈfrʌm,来自,Where are you from?　你来自哪里？
22,at,起点,开始前自测,,ˈæt,prep. 在（表示存在或出现的地点、场所、位置、空间）；在……岁时；在……远；以（某种价格、速度等）；向，朝；处于……状态；处于最佳（或最差等）状态；达；因为；在……方面；响应；忙于；（武器）瞄准；用，以；（抓）住；从事于；冲（某人……）；n. 阿特（老挝货币基本单位att）；砹（极不稳定放射性元素）；abbr. 密封的（airtight）；大气（atmosphere）；原子的（atomic）；气温（air temperature）,I was good at sums at school.　我上学时擅长算术。
23,as,起点,开始前自测,,ˈæz,作为；当；abbr. 亚洲（Asia）；亚洲人（Asian）,He's as stubborn as a mule.　他像骡子一样倔。
24,your,起点,开始前自测,,ˈjɔr,你的；你们的,Is this your bag?　这是你的包吗？
25,all,起点,开始前自测,,ˈɔl,det. 全部；每一个；极度，尽量；无论什么，任何；唯一，仅仅；adj. 全部的；每一个的；任何的；尽可能多的；全然是……的，完全表现出……的；（某一体征）显著突出的；adv. 完全地；各方，各选手；非常，太,It's all sorted.　一切都办妥了。
26,have,起点,开始前自测,,ˈhæv,v. 拥有；有（想法、主意、观点等）；显示出，带有（性质、特征）；做，进行（活动）；吃，喝，抽（烟）；患病，得病；得到，收到；经历，经受；担负（责任）；导致，产生（影响）；生，生育；包括；使保持，使处于；明白，懂得；抓住，紧握；<非正式>欺骗；让，叫，命令；照看；（在家中）招待，款待；允许，容忍；<非正式>辩过，胜过；已经，曾经（与过去分词连用构成完成时）；与（某人）性交；n. <非正式>有钱人（the haves）；<英，非正式>诈骗；【名】 （Have）（德）哈弗，（芬）哈韦（人名）,Profits have stagnated.　利润原地踏步。
27,new,起点,开始前自测,,ˈnu,Zealander，新西兰人；adj. 新出现的，新兴的；新买的；未用过的，崭新的；有别于从前的，新颖的；新发现的，新近知道的；生疏的，未体验过的；现代的，最新型的；新时期的，新开始的；富有朝气的，生气勃勃的；时鲜的（蔬菜）；更新的，变样的；adv. （用于构成复合词）新的，新近的,This idea isn't new.　这主意不新鲜。
28,more,起点,开始前自测,,ˈmɔr,det. （数、量等）更多的，更大的（much、a lot of 和 many 的比较级）；另外的，附加的；pron. （数、量等）更多的，更大的（much、a lot of 和 many 的比较级）；多了的部分；adv. 更；（程度上）更强，更多；继续，再；又一次；还有，再者；额外地；更像（前者）地,More and more people are using the Internet.　越来越多人在使用互联网。
29,an,起点,开始前自测,,ˈæn,det. 一个（用于元音前）；art. 一（在元音音素前）,An iron bar stuck out at an angle.　一根铁条成一定角度地突出来。
30,was,起点,开始前自测,释义待核实，不进入核心练习,ˈwɑz,释义待核实，不计入核心练习,
31,we,起点,开始前自测,,ˈwi,pron. 我们（主格）；笔者，本人（作者或演讲人使用）；朕，寡人；n. （We）人名；（缅）韦,We can dress as we wish now.　我们如今想穿什么就可以穿什么。
32,will,起点,开始前自测,,ˈwɪl,将要；愿意,I will practise tomorrow.　我明天会练习。
33,home,起点,开始前自测,,ˈhoʊm,家,I am at home.　我在家。
34,can,起点,开始前自测,,ˈkæn,能；可以,I can introduce myself.　我能介绍自己。
35,us,起点,开始前自测,,ˈʌs,美国,Traffic zoomed past us.　车辆从我们身边疾驰而过。
36,about,起点,开始前自测,,əˈbaʊt,大约，大致；adv. 大约；几乎；到处，各处；无所事事；周围，在……附近；无序地，凌乱地；朝相反方向；prep. 关于，对于；目的是；针对（问题）；忙于，从事于；对……表示（情绪或心态）；各处，四下；在……附近；（某人或某事物）具有（某种特性）；围绕,It costs about $10.　这大约要花10元钱。
37,if,起点,开始前自测,,ˈɪf,conj. （表条件）如果；（表假设）要是，假如；无论何时；虽然，即使；（用于间接疑问）是否；（用于礼貌问询）是否；当，每次；（与情态动词连用）表婉转客气；这不是……，要是……多好；或许不；就算；尽管；n. 条件，设想；不确定的情况,I'll be there if poss.　如果可能我会去那里的。
38,page,起点,开始前自测,,ˈpeɪdʒ,n. （书、报纸、文件等的）页，面；网页；历史重要事件（或时期），历史篇章；<英>伴童，（新娘的）小男傧相；（旅馆或俱乐部中通常身穿制服的）男侍从，听差；（中世纪作为接受骑士训练服侍某个骑士的）学习骑士；（旧时高层人员的）男侍从；<美>（美国议员的）青年助理（本身为学生）；v. （在公共场所）用扩音器呼叫（某人或发布信息）；用寻呼机呼叫（某人）；随意翻阅，浏览（page through）；（软件、数据的）分页（存储）；为……编页码，为……标注页码；【名】 （Page）（西）帕赫，（英）佩奇，（意）帕杰，（法）帕日（人名）,Let's begin at page 9.　咱们从第9页开始。
39,my,起点,开始前自测,,ˈmaɪ,我的,This is my book.　这是我的书。
40,has,起点,开始前自测,释义待核实，不进入核心练习,ˈhæz,释义待核实，不计入核心练习,
41,search,起点,开始前自测,,ˈsɝtʃ,v. 搜查，搜寻；搜查（地方，车辆），搜……的身；思索，细想（问题答案等）；细察，细查；（用计算机）搜索，检索；n. 搜寻，搜查；探索，寻求；（计算机的）搜索，检索；<律>调查地产负担；【名】 （Search）（印、美）瑟奇（人名）,You can't rush a search.　你不能匆忙做搜寻工作。
42,free,起点,开始前自测,,ˈfri,adj. 免费的；自由的；随心所欲的；不含..…的；免于，不遭受；空闲的；未使用的，空着的；无阻碍的；不拘泥于原文的；游离的；不吝惜的；干净整洁的；不含……的；（风）顺的；adv. 自由地；免费地；帆脚索被松开地；v. 释放；使解脱出来；使免于；使可用于；使能腾出时间,Free moorings will be available.　将有免费停泊处。
43,but,起点,开始前自测,,ˈbʌt,但是,"It is difficult, but I will try.　这很难，但我会试试。"
44,our,起点,开始前自测,,ˈaʊɚ,det. 我们的,Our plan succeeded.　我们的计划成功了。
45,one,起点,开始前自测,,ˈwʌn,num. 一；一个；一岁；一点钟；pron. 一个人；任何人，人们（表泛指）；那个人；（特指的）那种人；det. 一个（强调某人或某事）；一个（用于比较相似的人或物）；某个（用于不认识的人的名字前）,"One more, please!　请再来一个！"
46,other,起点,开始前自测,,ˈʌðɚ,adj. （表示与已知的人或事物不同）别的，另外的；（表示在与已知的人或事物同一类中）别的，另外的；（两个中）另一的；（一组人或事物中）其余的；（用于列举之后）其他的；对面的，相反方向的；（泛指）别（人）的，他（人）的；最近的，前不久的；pron. （表示与已知的人或事物不同）另外；（表示在与已知的人或事物同一类中）另外；（两个中）另一个（the other）；其余的人（或事物）（the others）；（用于列举之后）其他；对面，相反方向（the other）；<非正式>性交（the other）；v. 将……看作异类，以异类对待,Other problems may follow.　其它问题也许会随之而来。
47,do,起点,开始前自测,,ˈdu,做；干；v. 做，干，办（某事）；行动，表现；顺利进行，进展；从事（工作）；执行（任务）；学习，研究；解答，解决，算出；制作，做出；演出，编排（戏剧等）；仿效，模仿；完成，做好；供给，提供；走过，行过；以……速度行进；达到（一定销售额）；参观，游览，旅行；处理；适合，足够；煮制；欺骗；惩罚；（从某地方）盗窃；护理；（非正式）吸（毒）；（非正式）性交；度过（一段时间）；导致，引起；（非正式）痛打，杀死；生长；整理；aux. 与动词连用构成否定句和疑问句；用于构成疑问尾句；用于避免重复某一动词；用于强调主要动词；用于祈使句中表示礼貌；用于肯定或否定回答；用在倒装句中,What do you do for a living ?　你靠什么谋生？
48,no,起点,开始前自测,,ˈnoʊ,adv. （number的缩写）第......号；n. （柬、越）诺（人名）；adv. （no）不，完全不,She had no money coming in and no funds.　她既无固定收入也无存款。
49,information,起点,开始前自测,,ˌɪnfɚˈmeɪʃən,n. 消息，资料，情报；（计算机程序储存和使用的）数据，信息；问讯处，信息台；（向治安法院提起的）控告，起诉；知识,We pooled ideas and information.　我们汇集了意见和信息。
50,time,起点,开始前自测,,ˈtaɪm,时间,What time is it?　现在几点？
51,they,起点,开始前自测,,ˈðeɪ,pron. 他们；它们；她们,They knew they had been rumbled.　他们知道自己已经被识破了。
52,site,起点,开始前自测,,ˈsaɪt,n. （建筑的）工地，用地；（某事发生的）地点，现场；（作某种用途的）场所，场地；网站，站点（=website）；（身体的某个）部位；（城镇、建筑物或纪念碑的）地基，选址；遗址，原址；（帐篷或大篷车内）歇脚的地方；v. 使坐落在，为......选址,Do you want to bookmark this site?　你想给这个站点做书签吗？
53,he,起点,开始前自测,,ˈhi,pron. 他；（泛指的）人；上帝；n. 男性，男子；雄性动物；n. （He）（中、美、丹）赫（人名）,He says he was framed.　他说他是被诬陷的。
54,up,起点,开始前自测,,ˈʌp,adv. 向上，由低向高；到楼上；（太阳）升起；在高处；面朝上，面朝天；从地下到表面，向水面；向北方，朝北方；往（较高或较远的）某处；去，在（更重要的地方，如大城市或大学）；到……的近处，靠近；到前面，朝前面；处于（或进入）直立状态；起床；用劲地，以较大气力；（吐）出来；（强度，音量，活动）由弱到强，由低到高，由轻到响；（列表中）处于更高位置，（议程中）处于更重要的位置；（水平、数量或比率）由低到高；高出，多；向较高地位，向更好的状态；出现，出席；（在品质、知识或成就方面）相等，比得上；一起，聚拢地；紧紧地，牢固地；计划要，被建议，正被考虑；<非正式>愿意做（或参与）；出庭受审的；处于工作（或可用）状态，进入（可用）状态；（在讨论或思考时）引起某人的注意；靠近（某人）；靠近顶端；做完地，完成地；封闭，关闭；成碎片，分成部分；处于活跃期，进入兴奋状态；公开展示地；停下来；每名队员，每个队；（航行）逆风地，逆水地；（舵柄）迎风转舵；（棒球）在场上击球；（长发）向头上（或脑后）梳理的；彻底地，完全地；（时间）到；（道路）正在整修的；<非正式>（尤指异常或不愉快的事情）发生，出现；prep. 往较高处，向较高处；沿着……，顺着……；近顶端；往（河，溪）上游；adj. 在高处；（向上）开；升于地平线之上；冒出地面，冒出水面；在前方，在前面；起床；上涨； (时间) 到点的；（正在）发生，进行，出现；得分领先于（对手），超前于（对手）；正常运行，正常工作，起作用；（在活动中）轮到某人；高兴，兴奋；对……了如指掌的，熟悉的；（道路）正在修整的；（骑师）骑着马的；（物理）（夸克的味）带有+2/3电荷的，上夸克的（质子和中子被认为是由上夸克和下夸克组成）；向上移动的，上行的； （时间）到点的；（时间）终止，结束,Her cheeks puffed up.　她的腮帮子鼓了起来。
55,may,起点,开始前自测,,ˈmeɪ,找不到解释；n. 五月,He may yield control.　他可能放弃控制权。
56,what,起点,开始前自测,,ˈwʌt,det. 什么；（指数量的全部）所……的；多么的，何等的；pron. 什么；多么；无论什么；……的事物；adj. 什么，什么样的；多么（好或坏）的；全部的，所有的,What happened next?　随后发生了什么？
57,which,起点,开始前自测,,ˈwɪtʃ,pron. 哪一个，哪一些；（指明事物）……的那个，……的那些；（进一步提供有关某事物的信息）那个，那些；det. 哪一个，哪一些；（指明事物）……的那个，……的那些；（进一步提供有关某事物的信息）那个，那些；adj. 哪一个，哪一些；无论哪个；（进一步提供有关某事物的信息）那个，那些,Which is their house?　哪座房子是他们的？
58,their,起点,开始前自测,,ˈðɛr,det. 他们的；她们的；它们的；n. （Their）（英）蒂尔；（芬、瑞典）泰尔（人名）,Their new album is their doomiest.　他们的新专辑是他们最失败的作品。
59,news,起点,开始前自测,,ˈnuz,n. 消息，新情况；新闻（报道）；新闻人物，新闻事件；电视新闻节目（the news）；（用于报纸名）新闻,The news astonished everyone.　这消息使大家十分惊讶。
60,out,起点,开始前自测,,ˈaʊt,adv. 出现；向外；在室外；出狱；遥远地；出海；退潮；指离球门线或终点线的距离；在公共娱乐场所；公开；出声地；殆尽；直至完成；完全；熄灭；除去；出局；prep. 从……里面出去，离开；adj. 熄灭的；盛开的；面市的；出局的；不能被接受的；过时的；不准确的；打算做……的；被公开的,Steam puffed out.　蒸汽向外喷出。
61,use,起点,开始前自测,,ˈjus,v. 用，使用；使用（词语）；耗费，消费；利用（他人或某种情形）；服（药，尤指毒品）；需要；用（名字），自称；对待；用（洗手间或卫生间）（礼貌说法）；n. 使用；用途，用法；词义，说法；使用机会，使用权；（尤指思想，体力）运用能力；耗费，耗用；（经常）服用（毒品）；<法律，史>（尤指受委托代管人的）受益；（教堂，教区）特色礼拜仪式；【名】 （Use）（德）乌泽（人名）,We'll use concrete paving.　我们将使用混凝土铺地面。
62,any,起点,开始前自测,,ˈɛni,det. 任何的，任一的；一点，些许；不寻常的；尽可能多的，所有的；pron. 任何一个；任何数量，任一数额；adv. 一点，丝毫；<美，非正式>压根儿,Any colour will do.　什么颜色都行。
63,there,起点,开始前自测,,ˈðɛr,那里,The shop is over there.　商店在那边。
64,see,起点,开始前自测,,ˈsi,v. 看见，看到；有视力，看得见；看（电影或电视节目）；注意到，看出；了解，发现；设想，预测；考虑，定夺；理解，认识到；参阅，参见；阅读；认为，看待；看望，探访；遇见，碰见；会见，会晤；交往；确保，查明；经历，遭受； （地点或时间）目睹，见证；帮助（或支持）……度过；送，护送；与（对方）下同样赌注；看（用于口语，引导注意力）；看上（see sth. in）；n. 主教教区；【名】 （See）（英）西伊，（柬）塞，（德）泽（人名）,Cheerio! I'll see you later.　再见！回头见。
65,only,起点,开始前自测,,ˈoʊnli,adv. 只，只有；仅在……情况下（或地方等）；只是，不过（表示不重要、不严重等）；（强调数量少或时间段）仅仅，才；不早于，直到……才；（除此之外别无可为）只能；（用于说明事情的恶果）只会；不料，竟然；只能（希望或愿望等）；（强调行动恰当）完全，真正；刚刚（强调某事刚发生）；险些没，差点没；adj. 仅有的，唯一的；最好的，最适合的；独生的；conj. <非正式>不过，但是；<非正式>要不是，若非,I'm only thinking of you.　我只是在为你着想。
66,so,起点,开始前自测,,ˈsoʊ,conj. 因而；所以ad.如此；那么;非常,He's an ungrateful so-and-so.　他是个忘恩负义的家伙。
67,his,起点,开始前自测,,ˈhɪz,det. 他的；它的（指雄性动物）；pron. 他的；n. （His）（法）伊斯（人名）,His mother always takes his part.　他母亲总是向着他。
68,when,起点,开始前自测,,ˈwɛn,adv. 什么时候；什么情况下；什么场合下；（用于时间的表达方式之后）在那时，其时；当时，当场；pron. 什么时候；何时；conj. 在……时候；在……之后；在任何……时候；一……就；考虑到，既然；虽然，然而，可是,Until when can you stay?　你可以待到什么时候？
69,contact,起点,开始前自测,,ˈkɑnˌtækt,n. 联系，联络；接触，触摸；联络人，熟人，社会关系；会见，往来，接触；传染病接触者；隐形眼镜；接通电，触点，接头；（无线电）通信；v. 联系，联络；接触；adj. 供联络的；接触性的，通过接触而起作用的,I will contact you by letter.　我会给你写信联系的。
70,here,起点,开始前自测,,ˈhir,这里,Please sit here.　请坐这里。
71,business,起点,开始前自测,,ˈbɪznəs,n. 商业；生意；交易；事情；n. 商业，买卖，生意；商务，公事；公司，企业；行业，职业；事务，职责；私事；事情；消费；系列事件,Business is booming!　生意兴隆！
72,who,起点,开始前自测,,ˈhu,pron. 谁；什么人,Who started the fire?　谁放的火？
73,web,起点,开始前自测,,ˈwɛb,n. （蜘蛛）网；网状物，错综复杂的事物；网络；（鸟兽的）蹼；连接板，金属薄条（片）；（连续印刷用）一卷纸；（制造卷筒纸的造纸机上的）无端金属丝网；织物；v. 用网（或网状物）覆盖；使中圈套；形成网,You need an up-to-date Web browser.　你需要一个最新的网络浏览器。
74,also,起点,开始前自测,,ˈɔlsoʊ,adv. 此外，而且；也，同样；conj. 另外，又；【名】 （Also）（罗）阿尔索（人名）,He also trilled his r's.　他发“r”音时，声音也抖动了一下。
75,now,起点,开始前自测,,ˈnaʊ,adv. 现在，此刻；马上，立刻；（用于引起注意或用于转换话题）好了；到现在为止，迄今；这样一来；（用于婉转地强调请求或命令）好了；你要知道（用于信息承上启下）；然而；用于叙述过去的事当时，那时；现在到了这个地步；嗯（在决定下面说什么时的停顿用语）；（用于讽刺性反问的结尾）哦；<文>时而；adj. 现在的；<非正式>流行的，时髦的；n. 现在，此刻,What's the score now?　现在比分是多少？
76,help,起点,开始前自测,,ˈhɛlp,帮助,"Could you help me, please?　请问你能帮助我吗？"
77,get,起点,开始前自测,,ˈɡɛt,v. 收到，接到；获得，得到；挣得，赚得；去取，去带来；买；得（病），患（病）；遭受……之苦；变成，变得；形成（想法、感觉）；促使，使得；使开始，使进展；得以做，有机会做；到达；达到（某一点或某一阶段）；移动，去；理解，明白；有，经历；做（饭）；搭乘，乘坐；接（电话），应（门铃）；与……通电话；捕获，抓获；袭击，打伤，杀死；<非正式>使恼火，使难过；使困惑，难住；接收（电视广播信号）；受到（惩罚）；<非正式>注意到；n. <英，非正式>（说话人）讨厌（或鄙夷）的人；<旧>（动物的）后代,I get bored easily.　我易生厌倦。
78,pm,起点,开始前自测,释义待核实，不进入核心练习,ˌpiˈɛm,释义待核实，不计入核心练习,
79,view,起点,开始前自测,,ˈvju,n. 观点，看法；（理解或思维的）方法，方式；景象，视野；风景，景色；风景画，风景照；图像，视图；（一次）观看，一睹，一览；（文本或图表在计算机屏幕上的）显示方式；v. 看待，考虑；观看；查看，观察；（在计算机屏幕上）阅读，看；看见（狐狸）离开隐藏处,Such a view is pleasing.　这样一种风景令人愉快。
80,online,起点,开始前自测,,ˈɔnˌlaɪn,adj. （产品、服务或信息）在线的，网上的；（计算机）联机的；adv. 在网上，利用网际网路（购买、获得等）；联机地，在电脑操控下；开始运行，存在着,An online tutorial is provided.　在线辅导可供查阅。
81,c,起点,开始前自测,释义待核实，不进入核心练习,ˈsi,释义待核实，不计入核心练习,
82,e,起点,开始前自测,释义待核实，不进入核心练习,ˈi,释义待核实，不计入核心练习,
83,first,起点,开始前自测,,ˈfɝst,det. 第一位的，最先的；首（次）的；（某一时间或某事后的）紧接着来到的；（一列中）最前面的；最重要的；（用于工作或职位的头衔中）最高的；最迫切的，最合适的；adv. 第一，最初；起初；第一次；（列举时用）首先；（强调不愿意）宁可；以身体的某一部位（或某人）在先（或为首）；n. 第一个人（或事物)；前所未有的事情；（汽车、自行车等的）最低档；（英国大学学位）最高成绩；（棒球）第一垒；一等品,First class costs more.　第一类邮件邮资较高。
84,am,起点,开始前自测,,ˈæm,是（与 I 搭配）,I am a student.　我是学生。
85,been,起点,开始前自测,释义待核实，不进入核心练习,ˈbɪn,释义待核实，不计入核心练习,
86,would,起点,开始前自测,,ˈwʊd,v. 将，将会（will 的过去式，用于转述）；会......（用于提出意见或征求建议时）；会，就（表示预期或设想）；会（表示不曾发生或不可能存在的事）；才会，就会（说明动机）；想（表示某人想要某物或想做某事）；就（不），偏（不）；请…...好吗？（表示客气地请求别人做某事）；要不要…...？；过去老是，过去常常；总是，爱（带出一贯的行为）；<文>但愿…...（表示强烈的愿望）；也许，大概（表示推测或希望）；肯定，应该（表示有充分理由猜测是某种情况）,What would you propose?　你想提什么建议？
87,how,起点,开始前自测,,ˈhaʊ,adv. 怎样，如何；（指状况、情况）好否，怎么样；（用于询问数量、程度）多少，怎么；（强调程度）多么，何等；（用于引出想要谈及的事实）；conj. 怎样，如何；以任何方式，无论用什么方法；n. 方式，方法,How much is haulage?　运费是多少？
88,were,起点,开始前自测,释义待核实，不进入核心练习,ˈwɝ,释义待核实，不计入核心练习,
89,me,起点,开始前自测,,ˈmi,pron. 我（宾格）；n. 自我；极端自私的人；自我的一部分；n. （Me）人名；（日）马（姓）；（朝）袂；（阿拉伯、柬、老）梅,They spat at me and taunted me.　他们又朝我吐唾沫又嘲弄我。
90,s,起点,开始前自测,释义待核实，不进入核心练习,ˈɛs,释义待核实，不计入核心练习,
91,services,起点,开始前自测,释义待核实，不进入核心练习,ˈsɝvəsəz,释义待核实，不计入核心练习,
92,some,起点,开始前自测,,ˈsʌm,det. 若干，一些；某个，某种；相当多，大量；少量的，不多的；了不起的，很不错的；不怎么样的，算不上……的；pron. 有些，一部分；adv. <美>有些，稍微；大约,I picked some flowers.　我摘了一些花。
93,these,起点,开始前自测,释义待核实，不进入核心练习,ˈðiz,释义待核实，不计入核心练习,
94,click,起点,开始前自测,,ˈklɪk,v. （用鼠标）点击；发出咔嗒声；一见如故，受欢迎；突然明白，恍然大悟；配合默契，进展顺利；得到关注，引起兴趣；n. 短而尖的声音，咔哒声；点击；（南非语等语言的）倒吸气音,"If you get stuck, click on Help.　如果你碰到困难，请点击“帮助”。"
95,its,起点,开始前自测,,ˈɪts,pron. 它的；n. （Its）人名；（俄）伊茨,Its film industry operates in its own curiously hermetic way.　它的电影业以奇特而封闭的方式运作。
96,like,起点,开始前自测,,ˈlaɪk,喜欢,I like cooking.　我喜欢做饭。
97,service,起点,开始前自测,,ˈsɝvəs,n. 公共服务系统，公共事业；（服务性行业或机构所提供的）服务；（对顾客的）接待，招待；工作，效劳；服务费；政府机构，公务部门；兵役，军队；（机器的）使用；<旧>仆人，佣人；<英> 服务站；宗教仪式；检修，保养；整套餐具；发球，发球方式；班车，车次；（法律文件的）送达；v. 维修，检修；支付（债务）利息；为……提供服务；（雄性动物）与（雌性动物）交配；adj. 员工专用的； 部队的；提供服务的,The service is maddeningly slow.　服务慢得让人恼火。
98,x,起点,开始前自测,释义待核实，不进入核心练习,ˈɛks,释义待核实，不计入核心练习,
99,than,起点,开始前自测,,ˈðæn,conj. （用以引出比较的第二部分）比；（比较数量、距离等）多于；（表示一事紧跟另一事发生）就；除……（外）；prep. （用以引出比较的第二部分）比；（比较数量、距离等）多于；（表示一事紧跟另一事发生）就；除……（外）；n. （Than）（越）丹（人名）,It's raining worse than ever.　雨下得比以往都大。
100,find,起点,开始前自测,,ˈfaɪnd,v. 找到，找回；发现，发觉；（经过研究）找出，查明；感到，认为；生长在某处，存在于某地；设法获得；开始有……；裁决，判决；自然到达，达到；鼓起（勇气），振作（精神）；（猎人，猎犬）发现猎物（尤指发现狐狸）；n. 被发现的人，发现物（尤指有价值的人或物）；发现狐狸；【名】 （Find）（丹）芬（人名）,I find cooking very relaxing.　我发现烹饪非常令人放松。
101,price,起点,开始前自测,,ˈpraɪs,价格,What is the price?　价格是多少？
102,date,起点,开始前自测,,ˈdeɪt,n. 日期，日子；约会，幽会；约会对象；椰枣，海枣；v. 注明日期；确定年代；<美>谈恋爱，约会；过时，不流行；使显老；【名】 （Date）（英）戴特，（日）伊达（人名）,I can't come on that date.　那个日子我来不了。
103,back,起点,开始前自测,,ˈbæk,n. 后面，后部；背部；（文件等的）背面；（书等的）末尾；椅背，靠背；后卫；（the Backs）（背向剑河的）剑桥大学后园；adj. 后面的，位于后部的；偏远的，偏僻的；到期未付的，拖欠的；早期出版的，过期的；向后的，相反的；（18穴高尔夫球场的）后9穴的；（音）后位的，舌后的；adv. 回原处，恢复原状；回报，回复；向后；束起 ，收拢；与（某物）有距离，在远处；（将钟表）拨回；在曾去过（或提到过）的地方；回到过去，追溯至；控制住，忍住；归还，取回；再次，又一次,I'll be right back.　我马上就回来。
104,top,起点,开始前自测,,ˈtɑp,n. 顶部，顶端，上端；上层表面；最高的级别，最重要的职位；尽头，远端；帽，盖，塞；上衣，上装；（根菜作物的）茎叶；陀螺；<非正式>特别好的人（或事）（tops）；<英>（用于款额后）最高额（tops）；开始，开端；（棒球比赛的）前半局；（球的）上旋（topspin 的简称）；（待纺的）毛条；（物理）夸克六味之一；用于马蹄螺的名字；adj. 顶端的，顶部的，最上面的；（地位、程度或重要性）最高的；<英，非正式>很好的，顶呱呱的；<英>（距说话者、参照点）最远的；v. 高于，超过，高过；优于，胜过；居……之首，为……之冠；覆盖，放在……的上面；到达山顶，达到顶端；<英，非正式>杀；切除顶部；（作为主要表演者，受关注者而）出场，露面；（高尔夫）误击（球上部）,She got the top job.　她得到了那个最高职位。
105,people,起点,开始前自测,,ˈpipəl,n. 人，人类；人们，大家（the people）；平民，老百姓（the people）；民族，种族（peoples）；（具有共同品质、兴趣等的）人员，团体；与某人有联系的人们（one's people）；<美，非正式>各位，诸位；<美>（审判中的）公诉人（the People）；v. 居住在，定居于；充满，充斥着（某种类型的人）,People idealize the past.　人们总是把过去理想化。
106,had,起点,开始前自测,释义待核实，不进入核心练习,ˈhæd,释义待核实，不计入核心练习,
107,list,起点,开始前自测,,ˈlɪst,n. 列表，清单；（船）倾侧；围栏；（织物的）镶边；<旧>渴望，喜好；（尤指按重要程度排列的）事物清单；赛场，战场；v. 列清单，拟订清单；把……列入名单；（使）（公司）上市；标价；（船）倾斜；<旧>征召（士兵）；<旧>想要，喜好,Double-space the entire list.　隔行写整个清单。
108,name,起点,开始前自测,,ˈneɪm,名字,What is your name?　你叫什么名字？
109,just,起点,开始前自测,,ˈdʒʌst,只是；仅仅；adv. 正好，恰好；正当……时；不少于，同样；差一点就不，勉强；刚才，刚刚；正在，正要；只是，仅仅是；确实，完全；请，就；可能，也许；表示赞同；adj. 正义的，公平的；应得的，合理的；正确的，精确的,We've just redecorated.　我们刚刚重新装修过。
110,over,起点,开始前自测,,ˈoʊvɚ,adv. 向下，倒下；翻过，翻转；越过；超过，以上；完全覆盖；在上方；剩下，余下；再，又；改变，掉换；结束，完；去，到（某处）；很，太；仔细地；度过一段时间；prep. 盖在……上面；悬在……上面；从一边到另一边；翻越；在……的对面；从……落下；遍及；超过，多于；控制，支配；在……期间；渡过（难关等）；由于，关于；利用，通过；声音大于；胜过，优于；尽管；漏掉，略过；除以；n. （板球）一轮投球,He's over 50.　他已年过半百。
111,state,起点,开始前自测,,ˈsteɪt,vt. 陈述；阐明n.状态;国家；州；n. 状态，状况；紧张，焦虑；政府；国家；州，邦；<非正式>美国（the States）；国事礼仪，隆重仪式；（物质的）形态，态；（物理学）量子态；泽西、根西和奥尔德尼三岛的立法机关（the States）；压印，印图；受公众瞻仰和吊唁,They were in a state of panic.　他们惊恐万状。
112,year,起点,开始前自测,,ˈjɪr,n. 年，日历年；年，一年时间；与某事相关的一年，年度；学年；年级，某年纪的学生；年龄，年纪，岁；很久，好长时间；年代，时代；年级，某年级的学生,The year was 1840.　那是1840年。
113,day,起点,开始前自测,,ˈdeɪ,一天；白天,I practise every day.　我每天练习。
114,into,起点,开始前自测,,ˈɪntu,prep. 到……里面；触及，碰撞；朝，向；转向；关于；转变成；造成（某种结果）；除；<非正式>对……很有兴趣；从事（某职业等）；被迫做，被说服做；成为……的一部分；持续到，直到；【名】 （Into）（美）因托（人名）,He slid into bed.　他不声不响地钻进被子。
115,email,起点,开始前自测,,iˈmeɪl,电子邮件；n. 电子邮件（通信方式）；电子邮件；v. 给（某人）发电子邮件,I'll email her the documents.　我将用电邮把这些文件发送给她。
116,two,起点,开始前自测,,ˈtu,n. 两个；adj. 两个的；num. 二,Two light ales please.　请来两杯淡麦芽啤酒。
117,health,起点,开始前自测,,ˈhɛlθ,n. 身体状况；健康；医疗，卫生；（组织或系统的）运行状况，运作状况；发达，兴旺,We all toasted his health.　我们大家为他的健康举杯祝酒。
118,n,起点,开始前自测,释义待核实，不进入核心练习,ˈɛn,释义待核实，不计入核心练习,
119,world,起点,开始前自测,,ˈwɝld,n. 世界，地球，天下；星球，天体；地区，国家，时代；社会，生活；领域，界，圈子；生物界，自然界；人生，生活圈子，阅历；人世，今生，来世；世俗；（有某种特色的）地方，情景；大量，无数；一切，重要性（the world）；adj. 世界上最重要的，世界闻名的；世界（性）的；环球的,She has three world titles.　她已获得三项世界冠军。
120,re,起点,开始前自测,,ˈreɪ,prep. （用于公函起首介绍主题或回复邮件）关于，兹就；n. 来（同 ray，固定 C 大调的第二音）,The singer re-formed his band.　这名歌手对他的乐队进行了重组。
121,next,起点,开始前自测,,ˈnɛkst,adj. 下一个的，接下来的；（时间）紧接着来到的，下次的；紧邻的；其他的；adv. 紧接着，随后；仅次于；下次，再次；（用于询问，表示吃惊或困惑）；n. 下一个人或事件,When is your next appointment?　你下一次预约时间是什么时候？
122,used,起点,开始前自测,,ˈjuzd,adj. 用过的，旧的；二手的；习惯于，适应于；v. 使用，利用；消耗；说，写，使用（词语或语言）（use 的过去式和过去分词）,How much thickener is used?　用了多少增稠剂？
123,go,起点,开始前自测,,ˈɡoʊ,v. 去，走；（尤指与某人）去（某处或出席某项活动）；可能要，打算做；移动，行走；在移动中做；做某个动作；离开；（为某目的）去（某处）；去做（某事）；被发送，被传递；参加（电视或电台节目）；通向，延伸到；上升；放在（通常的位置上）；放得进，适合；相配，协调；除尽，除；进行，进展；被接受，被允许；开始做（某事），进入（某种状态）；变为，变得（尤指朝坏的方面）；处于（尤指令人不快的状况）；（故事、歌词等）内容是；发出（某种声音）；发出信号（或警告）；<非正式>说；开始（活动）；<非正式>走开，滚开；参与（表示对所提到行为不赞成）；运转，工作；停止正常运转；消失，不见；得辞掉，被扔掉；（官能）衰退，下降；死亡；用掉，花掉；卖掉，归于；出价购买；促成，显示；流逝，消逝；继续，持续；<非正式>上厕所；（某人的话）算数；（决定、判决等）对…...不利；取得（某成绩、比分等）；n. （游戏或活动中）轮到的机会；尝试；<英>精力，活力；<美>某事顺利进行；围棋；adj. <非正式>运行正常的,"Okay, let's go.　好了，咱们走吧。"
124,b,起点,开始前自测,释义待核实，不进入核心练习,ˈbi,释义待核实，不计入核心练习,
125,work,起点,开始前自测,,ˈwɝk,工作,I work from Monday to Friday.　我周一到周五工作。
126,last,起点,开始前自测,,ˈlæst,adj. 最后的；最近的，上一个的；最后剩下的；最不可能的；最末的；仅存的；最不重要的，最无关紧要的；最后遇见的；v. 持续；持久；维持，够用；坚持，支撑下去；n. 鞋楦；仅剩下的部分（或事项）；最后来的人（或发生的事）（the last）；残余，剩余（the last of）；末尾；结束，最后时刻（尤指死亡）（the last）；最后一次提及，最后一次看见（the last）,I testified last.　我最后作了证。
127,most,起点,开始前自测,,ˈmoʊst,"det. （数量上）最多，最大（ much, a lot of, many 的最高级）；大多数；pron. （数量上）最多，最大（ much, a lot of, many 的最高级）；大多数；adv. 最；（程度上）最大；极其，非常；<北美，非正式>几乎；（在谈话中用于引起注意）最……；通常；（可能的）最大量",Most birds are monogamous.　大多数飞禽都是单配性的。
128,products,起点,开始前自测,释义待核实，不进入核心练习,ˈprɑdəkts,释义待核实，不计入核心练习,
129,music,起点,开始前自测,,ˈmjuzɪk,音乐,I listen to music after work.　我下班后听音乐。
130,buy,起点,开始前自测,,ˈbaɪ,购买,I want to buy a ticket.　我想买一张票。
131,data,起点,开始前自测,,ˈdeɪtə,n. 数据，资料；（储存在计算机中的）数据资料；【名】 （Data）（日）驮太，（印、葡）达塔（人名）,They had hacked secret data.　他们窃取了保密数据。
132,make,起点,开始前自测,,ˈmeɪk,v. 制造；制定，拟定；使变得，使处于；造成，引起；整理（床铺）；做，作出；强迫；挑选，任命；成为，适合；合计，等于；计算，估算；安排，组织；表现，描绘；挣钱，赚钱；（体育比赛）得分；（尽力）赶往，到达；排成 （某图案）；使形成，留下（印记、洞等）；使成功，使圆满；在……占一席之地；似乎要做；朝（特定方向）走去；<美，非正式>求欢；（桥牌等）赢一墩牌；（潮）涨，（潮）退；n. （机器、设备等的）品牌，型号；结构，构造；通电，接电；【名】 （Make）（塞、南非）马克（人名）,Four quarters make a whole.　四个四分之一构成一个整体。
133,them,起点,开始前自测,,ˈðɛm,pron. 他们；她们；它们；n. （Them）（老）探（人名）,I will explain to them that I can't pay them.　我会向他们解释说我无法付钱给他们。
134,should,起点,开始前自测,,ˈʃʊd,v. （用于纠正别人）应该；（用于建议）该，可以；（表示预期）应该会；（表示与预期相反）本应；（与 I 或 we 连用代替 would，表示虚拟结果）就将；（用于 that 从句，表示建议或安排）可以；（用于 that 从句，表示感情）竟然会；（表示拒绝、恼怒或惊奇）竟会；（表示可能）假如，万一；将（用作 shall 的过去式）；（与 I 和 we 连用，表示客气地请求）想；当然，真的（用于强调自己所相信或所期待的）；（表示强调有趣、惊讶或印象深刻）真该,The movie should make money.　这部电影应该会赚大钱。
135,product,起点,开始前自测,,ˈprɑdəkt,n. 产品，制品；（自然、化学或工业过程的）生成物；（特定行动、影响或事件的）结局；（受某种环境或经历影响而形成的）产物；积，乘积；总称（商业性）音乐制品,The product is at the design stage.　产品处于设计阶段。
136,system,起点,开始前自测,,ˈsɪstəm,n. （协同工作的）系统；（计算机、警报器等的）系统；体制，制度，方式，方法；现行体制，既成制度（the system）；身体，（器官）系统；人体的活动方式（尤指消化和排泄方式）；（度量，分类中的）方法（或规则）；条理，秩序；（交通、通信）网，网络；（地质）（年代地层学用语）系；（天文）系；下赌注法；（乐）用弧线连为一体的谱表；晶系（crystal system 的简称）,Trust is implicit in the system.　信任是这种体制里内含的。
137,post,起点,开始前自测,,ˈpoʊst,n. <英>邮政，邮递；<英>邮件，包裹；<英>收集（或投递）邮件，邮班；职位，要职；岗位，哨所；柱，杆，桩；（赛马的）终点；球门柱；邮报（用于某些报纸名称中）；帖子，在线留言板上的信息；篮球场上篮筐附近的区域；策应位置；<美>退伍军人协会地方分会；v. <英>邮寄；把……放入（或塞入）；派驻，委派；使驻守，设置（岗哨等）；张贴，公布；发布，发帖子；交付（保释金）；（运动员，参赛队）取得（成绩），创造（纪录）；（记账用语）将……入账；prep. 在……之后,Have you opened your post yet?　你拆开邮件了没有？
138,her,起点,开始前自测,,ˈhɝ,pron. 她（she的宾格）；她的（she的所有格）；她（指某个国家；一艘船）；n. （法）埃尔（人名）,Her insolence cost her her job.　她的蛮横态度使她丢了工作。
139,city,起点,开始前自测,,ˈsɪti,城市,This city is busy.　这座城市很繁忙。
140,t,起点,开始前自测,释义待核实，不进入核心练习,ˈti,释义待核实，不计入核心练习,
141,add,起点,开始前自测,,ˈæd,v. 添加，掺入；（使）相加，加；增加；增添（某种特性）；把……计算在内，包括；补充说，继续说；abbr. 注意力缺陷障碍，多动症（ADD）,Add up all the money I owe you.　把我欠你的钱全部加起来。
142,policy,起点,开始前自测,,ˈpɑləsi,n. 政策，方针；(处事) 原则，策略；保险单,This policy is doomed to failure.　这项政策注定要失败。
143,number,起点,开始前自测,,ˈnʌmbɚ,n. 数字；编号，序数；电话号码；总量，数量；大量（numbers）；一群人；（杂志的）期，号；（演出中的）一首歌，一段舞蹈；<非正式>有吸引力的人（或事物）；数，单复数；历史数据（numbers）；数字彩票（numbers）；钱数（numbers）；<俚>具有……特征的人；常说的事；v. 标号，编号；总计；包括，列入（某类）；计算，数,What's your mobile number?　你的手机号码是多少？
144,such,起点,开始前自测,,ˈsʌtʃ,det. 如此的，这等的；如此（……以致）；这种的，那样的；pron. 这种人（或事物），这类的；（上文提到的）那样的情况，那件事；adv. 这么，如此（用于加强叙述语气）；如此程度,She's such a snob!　她竟是这样一个势利眼！
145,please,起点,开始前自测,,ˈpliz,请,Please speak slowly.　请说慢一点。
146,available,起点,开始前自测,,əˈveɪləbəl,adj. 可用的，可获得的；有空的，有闲暇的；未婚的，单身的,Ample free parking is available.　有宽敞的免费停车场。
147,copyright,起点,开始前自测,,ˈkɑpiˌraɪt,n. 版权，著作权；adj. 版权的，受版权保护的；v. 获得……的版权；保护……的版权,Who owns the copyright on this song?　谁拥有这首歌曲的版权？
148,support,起点,开始前自测,,səˈpɔrt,v. 支持，拥护，鼓励；帮助，援助；支撑，承受（人或建筑物等的重量）；供养，赡养；资助，赞助；追随（或支持）（某个运动队）；证实，确认；（计算机，操作系统）支持（程序，语言，装置的）运行 ；支持……的生存；忍受，容忍；（在流行音乐会上）当助演，担任演出嘉宾；支付……费用，（尤指）用钱维持（不良嗜好，如毒品）；胜任；n. 支持，拥护；帮助，援助；赞助，资助；支撑物，支柱；（身体部位的）支持器，托；支撑，支承；（音乐会、演出的）助演演员，助演乐队；证实，证明；信息供应，信息支持；（战争中的）支援；抚养，供养；支持者，拥护者,We assured him of our support.　我们向他保证给予支持。
149,message,起点,开始前自测,,ˈmɛsədʒ,n. 口信，消息；（书籍、演讲等的）要旨，主题思想；（从大脑发给身体某部位或身体某部位向大脑发送的）信息；购物；<美>电视广告；<英>差使；启示，教训；（先知的）预言；v. （尤指以电子形式）传送（信息）；通报,I'll send you a text message.　我会给你发一条短信。
150,after,起点,开始前自测,,ˈæftɚ,prep. 在……之后；紧接着；一次接着一次，持续不断地；跟随，在……身后；（按顺序、重要性）在……后面，仅次于；与……对照，对比；鉴于，由于；尽管；寻找，追捕；关于；模仿，依照；以……命名；（表示时间）（…点）过（…分）；conj. 在……以后；adv. 后来，以后,We'll leave after lunch.　我们将在午饭后动身。
151,best,起点,开始前自测,,ˈbɛst,adj. 最好的，最出色的；最愉快的，最幸福的；最合适的，最恰当的；adv. 最，最高程度地；最出色地，最高标准地；最适合地，最恰当地；n. 最好的事物（或人）；（人或事物所能达到的）最高标准；最合乎要求的事物；（个人的）最高水平，最高纪录；最好的衣服，盛装；<美>（书信结尾的）良好祝愿,It's my best ever score.　这是我得到过的最好分数。
152,software,起点,开始前自测,,ˈsɔfˌtwɛr,n. 软件,Have you loaded the software?　你装上这种软件了吗？
153,then,起点,开始前自测,,ˈðɛn,adv. （指过去）当时，（指将来）到那时；接下来，然后；因此，既然如此；另外，还有；总之；（表示交谈、陈述等的开始或结束）那么；这么说（用于表示对已知情况的判断或询问）；毕竟，话说回来；adj. 当时（任职等）的,The liquid is then diluted.　然后液体就变稀了。
154,jan,起点,开始前自测,释义待核实，不进入核心练习,ˈdʒæn,释义待核实，不计入核心练习,
155,good,起点,开始前自测,,ˈɡʊd,好的,Have a good day.　祝你度过美好的一天。
156,video,起点,开始前自测,,ˈvɪdioʊ,n. （某个事件或场合的）录像；（指方法）录影；录像带；音乐录影；<英>录像机；视频播放软件；adj. 电视的，视频的；图像的，画面的；v. 录下（电视节目）；（用摄像机）拍摄,Do we have a blank video ?　我们有空白录像带吗？
157,well,起点,开始前自测,,ˈwɛl,adv. 顺利地，令人满意地；熟练地，技术好地；妥善地，恰当地；赞扬地，赞许地；有益地，有利地；容易地；友善地；有充分理由，合理地；很，非常；富裕地，舒适地；完全地，充分地；大大地，远远地；（程度或标准）多少，怎样；adj. 健康的；令人满意的；明智的，可取的；n. 水井，油井，气井；楼梯井，电梯井道；<英>（法庭中的）律师席；韦尔斯（有矿泉的地方）（Wells）；（储液体的）凹槽；（大量）来源，源泉；吧台酒架；廉价酒；（物理）势阱，电位阱,This sweater washes well.　这件套衫很耐洗。
158,d,起点,开始前自测,释义待核实，不进入核心练习,ˈdi,释义待核实，不计入核心练习,
159,where,起点,开始前自测,,ˈwɛr,adv. 在哪里；pron. 哪里；conj. 在……的地方,"Daddy, where are you?　爸爸，您在哪儿？"
160,info,起点,开始前自测,,ˈɪnfoʊ,n. 信息；情报,Check out this Info graphic.　看看这个信息图。
161,rights,起点,开始前自测,释义待核实，不进入核心练习,ˈraɪts,释义待核实，不计入核心练习,
162,public,起点,开始前自测,,ˈpʌblɪk,adj. 公众的，大众的；公共的，公用的；政府的，公众事务的；<英> 大学的，为大学的；（声明、事件等）公开的，公诸于众的；公开场合的，大庭广众的；上市的；众所周知的，广为人知的；n. 公众，大众（the public）；志趣相投（或从事同一类活动、具有共同特征）的群体；<非正式>（对某个艺术家、作家或表演家感兴趣的）读者，观众（one's public）；<英>（酒馆中的）低价吧台（=public bar），酒吧（=public house）；公共场所；【名】 （Public）（英）帕布利克（人名）,She retreated from public life.　她放弃了社会生活。
163,books,起点,开始前自测,释义待核实，不进入核心练习,ˈbʊks,释义待核实，不计入核心练习,
164,high,起点,开始前自测,,ˈhaɪ,adj. 高的；富含……的；重要的；先进的，高级的；崇高的；高音的，声音尖锐的；兴高采烈的；喝醉了的，（吸毒后）极度兴奋的；十分赞同的，非常尊敬的；中间的，全盛的；开始变质的，开始发馊的；（宗教或政治观点）极端的，偏激的；（元音）舌位高的；n. 最高水平，最大数量；兴奋，高兴；高气压区；（毒品引致的）快感；高中，中学；强档；高音，高音符；adv. （成本、价值、音量）高，（数量）大；在高处，向高处,I can't sing that high.　我唱不了那么高的调子。
165,school,起点,开始前自测,,ˈskul,学校,The school is next to the park.　学校在公园旁边。
166,through,起点,开始前自测,,ˈθru,prep. 穿过，从一端到另一端；透过（玻璃、窗户等）；越过（地区或空间），在……之间；断开，洞穿；（在应停处）径直通过；以，凭借；贯穿，遍及；自始至终，从头至尾；<美>直至；彻底地（查看或检查）；经历，度过；胜利完成；（提议、观点）获得通过，得到批准；adv. 从一端到另一端；完全地，彻底地，十足地；接通电话；通过（障碍、阶段或测试）；直达，迳直；从头至尾；到（某个阶段或某种程度）；切断， 凿穿；胜利完成；adj. 完成的，结束的；直达的，直通的，中途不停的；断绝的；（公路）对穿的，双向的；（房间）与楼两对面通透的；（竞赛队，竞技者）进入下一轮（比赛）的,He walked through customs.　他步行通过了海关。
167,m,起点,开始前自测,释义待核实，不进入核心练习,ˈɛm,释义待核实，不计入核心练习,
168,each,起点,开始前自测,,ˈitʃ,det. 每，各，每一；pron. 每个，各个；adj. 每个的，各自的,They cost 20p each.　这些东西每个要20便士。
169,links,起点,开始前自测,释义待核实，不进入核心练习,ˈlɪŋks,释义待核实，不计入核心练习,
170,she,起点,开始前自测,,ˈʃi,pron. 她（主格）；它（用来指雌性动物或国家、船舶、地球、月亮等）；n. 女人；雌性动物；n. （She）人名；（中）佘（普通话·威妥玛）,"She doesn't work here, does she?　她不在此地工作，对吧？"
171,review,起点,开始前自测,,ˌrivˈju,n. 审查，检查；评论，评论文章；（时事、艺术等的）评论期刊；述评，回顾；<美>复习，温习；<美>（一门课程的）材料，练习；阅兵，阅兵式；中止快速倒带（或卷带）重放装置；v. 仔细研究，审视；给（书、戏剧、电影等）写评论；回顾，反思；<美>（为考试而）复习，温习；<美>校阅，审核；<英>复查（病人）；检阅（军队）；<法律>将（判决、案件等）提交上级法院（或权力机构）复审,The case is subject to judicial review.　这个案子必须接受司法审查。
172,years,起点,开始前自测,释义待核实，不进入核心练习,ˈjɪrz,释义待核实，不计入核心练习,
173,order,起点,开始前自测,,ˈɔrdɚ,n. 顺序，次序；条理；秩序，治安；命令，指示；点餐，订购；点的餐，订购的货物；汇票，送货单；（社会的）制度，结构；社会阶级，阶层；种类，水准；（会议的）程序，规程；宗教团体，（尤指）修道会；秘密组织（社团）；圣职，牧师职（orders）；勋位，勋爵士团；（动植物）目；（军）专用装备；勋章；装饰样式；（数）阶；<美>（计算机的）等待队列；v. 命令，指示；订购，订货；点（酒菜等）；排列，整理,She barked out an order.　她厉声宣布命令。
174,very,起点,开始前自测,,ˈvɛri,adv. （用于强调形容词或副词）很，非常；极其，完全地；<非正式>显著的，典型的；显然，确实，真正地；adj. 同一的，恰好的，正是的；（加强名词的语气）仅仅的，唯独的，甚至于；（强调极限的地点或时间）最……的，极端的，十足的；最远端的，末端的；<古>真正的，真实的；最佳的，最合适的；【名】 （Very）（法、爱）维里（人名）,She is very caring and very genuine.　她很有同情心，也非常诚实可靠。
175,privacy,起点,开始前自测,,ˈpraɪvəsi,n. 隐私，秘密；清静，（不受干扰的）独处；<古>隐居处,I value my privacy.　我重视自己的隐私。
176,book,起点,开始前自测,,ˈbʊk,书,This book is interesting.　这本书很有趣。
177,items,起点,开始前自测,释义待核实，不进入核心练习,ˈaɪtəmz,释义待核实，不计入核心练习,
178,company,起点,开始前自测,,ˈkʌmpəˌni,n. 公司；陪伴，同伴；宾客，来宾；在一起的一群人；连队；剧团，歌舞团；女童军大队；v. <古>结交，交往；<古>陪伴；【名】 （Company）（美、瑞）孔帕尼（人名）,The company employs 18 workers.　该公司雇用18位职工。
179,r,起点,开始前自测,释义待核实，不进入核心练习,ˈɑr,释义待核实，不计入核心练习,
180,read,起点,开始前自测,,ˈrɛd,阅读（此处为原形）,I read a little every day.　我每天读一点书。
181,group,起点,开始前自测,,ˈɡrup,n. 集体，团体；组，群；集团；乐团，乐队；空军大队（通常由两个或两个以上的基地组成）；（元素周期表中的）族；（系统语法中的）词组；原子团；v. （使）成组，聚集；将……分类,A group of swans floated by.　一群天鹅缓缓游过。
182,sex,起点,开始前自测,,ˈsɛks,n. 性行为，性交；性，性别；雄性，雌性；性器官（用于小说中避免更粗俗或更露骨的措词）；v. 辨别......的性别，辨识......的雌雄；<非正式> 引起……的性欲,He has sex on the brain.　他脑子里想的全是性。
183,need,起点,开始前自测,,ˈnid,需要,I need some help.　我需要帮助。
184,many,起点,开始前自测,,ˈmɛni,det. 许多；（与单数名词及动词连用）许多，大量；pron. 许多；许多人；adj. 许多的,Many pesticides are irritants.　许多杀虫剂都有刺激性。
185,user,起点,开始前自测,,ˈjuzɚ,n. 用户；使用者；n. （User）（土）乌塞尔（人名）,'User fees' is just a politician's euphemism for taxes.　“用户费”不过是政治家对“税款”的委婉说法。
186,said,起点,开始前自测,释义待核实，不进入核心练习,ˈsɛd,释义待核实，不计入核心练习,
187,de,起点,开始前自测,释义待核实，不进入核心练习,ˈdi,释义待核实，不计入核心练习,
188,does,起点,开始前自测,释义待核实，不进入核心练习,ˈdʌz,释义待核实，不计入核心练习,
189,set,起点,开始前自测,,ˈsɛt,（同类事物的）（一）套，（一）副，（一）组；n. 赛特（埃及神话中的大气之神、空气之神、天空的化身）；（美、俄、印、土、巴、意）谢特（人名）；一组（类似的东西）；一组（配套使用的东西）；一伙（或一帮、一群）人（set）；v. 放；使处于（指定的地方、位置）；使处于特定状态（set）,Set the kitchen timer going.　启动厨房定时器。
190,under,起点,开始前自测,,ˈʌndɚ,prep. 在（或到、通过）……下面；在……表面下，由……覆盖着；少于，小于，低于；由……控制（或管理、经营）； 按照，依据（法律、协议或制度）；在……过程中；在……的影响下；用，以（尤指假名）；属于，列入，在……项之下；在……情况下，在……条件下；在（治疗）中；（计算机）在（某个系统）下；栽有；（尤指看法不正确时）以为……；adv. 在下面；在下面穿过；在水下；少于，小于，较年轻；在昏迷中，陷入昏迷状态；adj. 较低的，下面的,She dived under the water.　她潜入水下。
191,general,起点,开始前自测,,ˈdʒɛnɚəl,adj. 总体的，普遍的；一般的，常规的；大致的，大概的；综合的，广泛的；首席的，总管的；n. 上将，将军；半军事化管理的宗教组织（如耶稣会修士、多明我会修士或救世军）的领袖；<古>大众，公众；【名】 （General）（英）杰纳勒尔（人名）,The General refused to be flustered.　将军没有被搅得慌乱不安。
192,research,起点,开始前自测,,riˈsɝtʃ,n. （尤指大学或科研机构进行的）研究，探讨；研究工作，调查工作；v. 研究，探索；为……收集资料，调查,Embryo research is an emotive issue.　胚胎研究是个让人情绪激动的问题。
193,university,起点,开始前自测,,ˌjunəˈvɝsəti,n. 大学，综合性大学；大学校舍,She goes to Duke University.　她上杜克大学。
194,january,起点,开始前自测,,ˈdʒænjuˌɛri,n. 一月,January is my least favourite month.　一月是我最不喜欢的月份。
195,mail,起点,开始前自测,,ˈmeɪl,n. 邮政，邮递系统；邮件，信件；电子邮件；铠甲，锁子甲；（某些动物的）甲壳，鳞；<旧>邮车，邮政运输工具；<古>邮件包，邮袋；邮报（用于报纸名称）；v. 邮寄；用电子邮件发送；给……披上铠甲；【名】 （Mail）（法）马伊（人名）,We do our business by mail.　我们通过邮递做生意。
196,full,起点,开始前自测,,ˈfʊl,adj. 满的，满是……的；饱的；最大量的；完整的，详尽的；足足的；圆润的，浓郁的；充实的；正式的；宽松的；丰满的；（书面装订材料）用于全书面装订的；（头发）过肩的，披肩的；adv. 充分地，完全地；恰好，直接地；非常，极其；n. <古>盛期，顶点；月亮的满月（期）；<古>全部，整个,The glass was half full.　玻璃杯半满。
197,map,起点,开始前自测,,ˈmæp,n. 地图；分布图；（基因）图谱，染色体图；天体图；映射；<非正式>脸，面孔；v. 绘制……的地图；了解信息；详细安排；映射；与……有关，与……有联系；使（基因）在染色体上定位；【名】 （Map）（美）马普（人名）,He traced the route on the map.　他在地图上勾画出了路线。
198,reviews,起点,开始前自测,释义待核实，不进入核心练习,rivˈjuz,释义待核实，不计入核心练习,
199,program,起点,开始前自测,,ˈproʊˌɡræm,n. （计算机）程序（=programme）；计划，规划；（音乐会、戏剧等演出的）节目单，（体育运动、比赛等的）项目介绍；（电视或广播）节目；<美>课程，大纲；v. （给计算机）编写程序，设计程序；设置，预设；使……有倾向；为……安排节目,The program aired last week.　该节目已于上周播出。
200,life,起点,开始前自测,,ˈlaɪf,生命；生活；n. 生命；人命，性命；生物，活物；寿命，一生；（某事物的）存在期；生活，人生；生活方式；（某种）生活；生气，活力；（绘画的）模特儿，实物；（游戏中的）一次机会，命；传记；无期徒刑，终身监禁；今生，来世；adj. 生命的；一生的，终身的,She lives a frugal life.　她过着俭朴的生活。
201,know,起点,开始前自测,,ˈnoʊ,v. 知道；认识到，懂得；熟悉，了解；确信，确定；把……看作是；将……称为；认出，辨认出；能区分；精通，掌握；经历，体验,I hardly know you.　我几乎不了解你。
202,games,起点,开始前自测,释义待核实，不进入核心练习,ˈɡeɪmz,释义待核实，不计入核心练习,
203,way,起点,开始前自测,,ˈweɪ,n. 方法，手段；习俗，习惯，行为方式；（行事）作风，（某事发生的）方式；道路，路线；行进路线，通路；方向；……路（用于道路的名称）；出入通道，门口；距离，时段；方面；（两种之一的）选择；情况，状态；（某人居住的）地区，地方；（分成的）部分；<苏格兰，正式>职业，行当；（船）航行，动力；船台，滑道（ways）；adv. 大大地，远远地；<美>非常，很；adj. 途中的,He continued on his way.　他继续走他的路。
204,days,起点,开始前自测,释义待核实，不进入核心练习,ˈdeɪz,释义待核实，不计入核心练习,
205,management,起点,开始前自测,,ˈmænədʒmənt,n. 经营，管理，安排；管理人员，管理层；（成功的）处理手段，（有效的）处理能力；治疗，监控；<古>欺骗，欺诈,The report blames bad management.　报告归咎于管理不善。
206,p,起点,开始前自测,释义待核实，不进入核心练习,ˈpi,释义待核实，不计入核心练习,
207,part,起点,开始前自测,,ˈpɑrt,"n. 部分；某物的部分（局部）；（书、戏剧、电视剧等的）部，篇，集；（动植物的）器官，部位；部件，零件；成员，参与人员；（世界、国家或城镇等的）区域，地区；（头发的）分缝；（角色的）台词和动作，角色；（在活动或事件中的）作用；（乐器或声音的）声部，音部；（等）份；<古>能力；v. （使）分开，（使）分离；分别；分手；放弃，移交；给（头发）分缝；adv. 既有……又有……（part sth., part sth.）；不完全地，部分地",Part of the roof has caved in.　部分屋顶已经坍塌了。
208,could,起点,开始前自测,,ˈkʊd,v. （礼貌地请求许可）可以，能；（礼貌地请求别人做事）能，能否；（表示可能）可能，也许；（表示未发生的事情）差点就，本能够；（用于提出建议）可以，能；本该，应该（用于对做过或未做某事表示恼怒）；（强调感觉）真想；好像，仿佛；v. 能（can的过去式）,He could be spiteful.　他可能怀有恶意。
209,great,起点,开始前自测,,ˈɡreɪt,adj. 伟大的，著名的；大型的，巨大的；（数量或程度）极大的，很大的；美妙的；身心健康的，精力充沛的；重要的，重大的；热心的，热衷的；和蔼的，随和的；（外）曾祖（或曾孙）的；<爱尔兰>（二人）亲近的，亲密的；擅长……的；adv. 很好地，很棒地；n. 伟人，伟大的事物；金曲,She's a great beauty.　她是个大美人。
210,united,起点,开始前自测,,juˈnaɪtɪd,"adj. 统一的,联合的,团结一致的,植连生的v.“unite”的过去式和过去分词,团结,（为某事）联合，联手，团结；adj. 团结的，统一的；共同的，一致的；联队（用于某些足球队名）；（国家）统一的，合并的；v. （使）联合，（使）团结（unite 的过去式和过去分词形式）",He signed for United yesterday.　昨天他和联队签了约。
211,hotel,起点,开始前自测,,hoʊˈtɛl,n. 旅馆，酒店，饭店；（无线电通讯中）字母H的代码；【名】 （Hotel）（美）奥泰尔（人名）,They bugged her hotel room.　他们在她的旅馆房间里装了窃听器。
212,real,起点,开始前自测,,ˈril,adj. 实际存在的，非想象的；名副其实的；真正的，真实的；真的，非人工的；真诚的；强烈的；确实重大的；十足的，绝对的（用来加强语气）；（数量、数字）真实的，实际的；（光学）（图像）实的；（书或电影中的场景）逼真的，似真的；（哲学）实在的；adv. 很，非常地；n. 雷阿尔（巴西1994年以来的基本货币单位，等于100分）；雷阿尔（多个西班牙语国家以前的硬币和货币单位）,She's a real looker!　她真是个美人！
213,f,起点,开始前自测,释义待核实，不进入核心练习,ˈɛf,释义待核实，不计入核心练习,
214,item,起点,开始前自测,,ˈaɪtəm,n. 项目，条款；一件商品（或物品）；一则，一条（新闻）；（关系亲密的）一对；adv. （用于介绍清单上逐个项目之前）又，此外还有；v. 逐条列出，记下,This item should be hand washed.　这件物品要用手洗。
215,international,起点,开始前自测,,ˌɪntɚˈnæʃənəl,adj. 国际的，国际上的；n. <英>国际比赛；<英>国际比赛选手；<美>外国人；共产国际（International）；国际组织，跨国公司,His speciality is international law.　他的专业是国际法。
216,center,起点,开始前自测,,ˈsɛntɚ,n. （地理位置）中间，中心点；（机构，组织）活动中心；关注点，焦点；中间派，中间立场；中锋；v. 把……放在中央；（使）以……为中心，（使）注意力集中于；（使）主要发生在，（使）集中于；n. （Center）森特（人名）,Any shopping center is fine.　任何购物中心都可以。
217,ebay,起点,开始前自测,释义待核实，不进入核心练习,ˈiˌbeɪ,释义待核实，不计入核心练习,
218,must,起点,开始前自测,,ˈmʌst,aux. （表示必要或很重要）必须；（用于表示肯定推测）一定，谅必；（提出建议）应该；（用于表示意图）一定要，坚持要；（用于表示同情）必定；（用于问句中表示生气）非要 ；（用于感叹句，表示惊讶或震惊）一定是；n. <非正式>必不可少的事物；（发酵前或发酵中的）葡萄汁；潮气，霉菌；（尤指发情期的公象、雄骆驼等的）狂暴状态（=musth）；【名】 （Must）（美）穆斯特（人名）,Why must she interrupt?　她为什么偏要打断呢？
219,store,起点,开始前自测,,ˈstɔr,n. 商店；仓库，储存处；（事物的）储存，储备；大量，丰富；储存的物品（stores）；军需品，补给品（stores）；<英>（计算机的）存储器；重视，注重；待育肥的小羊（或小公牛、小母牛、小猪）；v. 贮存，储藏；（在头脑或计算机中）储存（事实或信息）；【名】 （Store）（德）施托雷（人名）,They run a small grocery store.　他们经营一家小食品杂货店。
220,travel,起点,开始前自测,,ˈtrævəl,vi. 旅行；步行；行进；[口]交往；vt. 在…旅行；经过；n. 旅行；游历；漫游,We always travel first class.　我们总坐头等舱旅行。
221,comments,起点,开始前自测,释义待核实，不进入核心练习,ˈkɑmɛnts,释义待核实，不计入核心练习,
222,made,起点,开始前自测,释义待核实，不进入核心练习,ˈmeɪd,释义待核实，不计入核心练习,
223,development,起点,开始前自测,,dɪˈvɛləpmənt,n. 发育，成长，发达；发展，进步；动态，进展；开发，研制；研制成果；（土地）开发；新建住宅区，新开发区；开始，出现；显影；出子布局,This land is ripe for development.　这片土地适宜开发。
224,report,起点,开始前自测,,riˈpɔrt,n. 报告，汇报；新闻报道；官方文件，调查报告；传闻，传说；<英>（学生）成绩报告单；<法律>案情报告；下属；<正式>爆炸声，枪声；<旧>谣言，流传；<古>名誉，名声；v. 报道；据说，传闻；述说，报告；公告，公布；举报（罪案）， 报告（事故）；报到；描述（感情、病情等）；<英>（议会委员会主席）正式宣布委员会已讨论（法案）；<美>（议会委员会）将法案交还给议会表决；对（上级或监督者）负责，由......领导；告发，检举；【名】 （Report）（匈）雷波特（人名）,She glanced through the report.　她大致浏览了一下报告。
225,off,起点,开始前自测,,ˈɔf,adv. 离开（某处），（在时间或空间上）距，离；从……移开，从……脱离；不再会发生，被取消；关掉，切断；没有，不再供应；不上课，不工作，休息；削价，减价；入睡；做完，光；获得，拥有；<英>（接在数词后）一次的产量；在剧院舞台的后面（或旁边）；prep. 从……离开，向下；靠近，离……不远；从……去掉，从……移开；低于……水平；远离；不上课，不工作，休息；依靠……（过活）；（表示来源或原因）来自，由于；adj. （食物）不新鲜的；<非正式>令人不快的，不公平的；<英，非正式>不友好的，敌对的；状态不如平常好的；<美>不正确的，不对的；微小的；不连接的，不盖在上面的；萧条的，淡季的；离开家的，不工作的；不运转的，不运作的；<英>（一对之中）右边的，右侧的；（某些体育比赛）越位的；在车辆离人行道边缘最远的一侧的,I'm off duty.　我下班了。
226,member,起点,开始前自测,,ˈmɛmbɚ,n. 成员，一分子；会员；<英>议员；用于表示荣誉的头衔（尤指最低级）勋章获得者；（建筑或桥的）构件；（句子）成分；（方程式）端边；（一组数字）项；（数学集合）元；<旧>身体的一部分（如胳膊或腿）；阴茎,She is a life member of the club.　她是这个俱乐部的终身会员。
227,details,起点,开始前自测,释义待核实，不进入核心练习,dɪˈteɪlz,释义待核实，不计入核心练习,
228,line,起点,开始前自测,,ˈlaɪn,n. 线，线条；（运动场地的）场界，场地线；皱纹，褶子；分界线，边界线；（思想或行为等的）界限；轮廓，外形；排，行，列；队列，队伍；一系列（类似事物），家族；各级人员；字行，诗行；（戏剧或电影的）台词，对白；<英>罚抄写（对学童的处罚）（lines）；妙语，谎话；线，绳，索；电话线（路）；热线（电话），电话服务；（铁道或公交）线路；铁轨，轨道；管线；（行进的）方向，路线；路径，渠道；（尤指公开表明的）态度，看法；方法，方式；行业，行当；种类，类型；运输公司，航运公司；防线，前线，战线；生产线，流水线；一串音符；（准备吸用的）散放成细线的毒品；赤道（the Line）；（印刷，计算机）线条的；字母底部水平线（the line）；（正规）战斗部队（the line）；v. 沿……形成行（或列、排）；给……安衬里，铺，垫；（在某物的内部）形成一层；击出（平直球）；用线条标出，布满线条（lined）；【名】 （Line）（英）莱恩，（俄）利涅（人名）,The ball went over the line.　球越线出界了。
229,terms,起点,开始前自测,,ˈtɝmz,n. 地位，关系；[法]条款；术语；措辞；价钱（term 的复数形式）；v. 把……称为（term 的三单形式）,I'm not doing it on your terms.　我不会按你的条件办的。
230,before,起点,开始前自测,,bɪˈfɔr,prep. （时间上）在……之前，早于；在（某个钟点）之前；（次序）在……之前；当面，在……面前；由……考虑中；面对（法院，法庭或其他官方机构）并受审；比……更重要；（位置）在……前面；（未来将发生的事）等待着，面临着；（宁可……而）不愿……；在……影响下，在……威慑下；conj. 在……以前；到……为止；以免，不然；（先）……才……；（宁可……而）不愿；adv. 以前，过去；在（某时间或某事）以前；在前面,I've been here before.　我以前来过这儿。
231,hotels,起点,开始前自测,释义待核实，不进入核心练习,hoʊˈtɛlz,释义待核实，不计入核心练习,
232,did,起点,开始前自测,释义待核实，不进入核心练习,ˈdɪd,释义待核实，不计入核心练习,
233,send,起点,开始前自测,,ˈsɛnd,v. 邮寄，发送；传达，告知；派遣，打发，安排去；使快速（或猛然）移动；使作出（某种反应），使表现出（某种行为）；排放，排出（烟或化学反应的产生物等）；<非正式> 使着迷，使入迷；n. <古> 波浪的推力，波浪引起的水位上升（=scend）；【名】 （Send）（德）森德,Shall I send you the book?　我把书给你寄去，好不好？
234,right,起点,开始前自测,,ˈraɪt,合适的；恰当的；n. （Right）（美、俄、印、英、加、澳）赖特（人名）；adj. （right）正确的；直接的；右方的,That's absolutely right.　那是完全正确的。
235,type,起点,开始前自测,,ˈtaɪp,n. 类型，种类；具有某种特征的人，典型；（印刷的）文字，字体；（印刷）铅字，活字；象征；（艺术的）典型，榜样；（宗教学）预兆；（植，动）型，模式标本；（奖章或硬币）图案；（语言学）类型，型；v. （用计算机或打字机）打字；测定……的类型，分型；【名】 （Type）（英）泰普（人名）,I love this type of book.　我喜欢这类书籍。
236,because,起点,开始前自测,,bɪˈkɔz,因为,I study English because I enjoy travelling.　我学英语是因为我喜欢旅行。
237,local,起点,开始前自测,,ˈloʊkəl,adj. 当地的，地方的；局部的；（汽车或火车）每站都停的，慢的；（计算机）局域的；（食品或饮料）低热量的；n. 当地人，本地人；<英>住处附近的酒吧；<美>（工会的）地方分会；慢车，市内公交车；<俚>炒股散户；本地新闻；局部,She's on the local council.　她是地方议会的议员。
238,those,起点,开始前自测,释义待核实，不进入核心练习,ˈðoʊz,释义待核实，不计入核心练习,
239,using,起点,开始前自测,释义待核实，不进入核心练习,ˈjuzɪŋ,释义待核实，不计入核心练习,
240,results,起点,开始前自测,释义待核实，不进入核心练习,rɪˈzʌlts,释义待核实，不计入核心练习,
241,office,起点,开始前自测,,ˈɔfɪs,办公室,My office is near my home.　我的办公室离家很近。
242,education,起点,开始前自测,,ˌɛdʒəˈkeɪʃən,n. （尤指学校）教育；培养，训练；教育机构，教育界人士；教育学；有教益的经历,Education is a top priority.　教育是当务之急。
243,national,起点,开始前自测,,ˈnæʃənəl,adj. 国家的，全国的；国家所有的，国立的；国内的，本国的；n. 国民，侨民；全国性比赛；全国性报纸,The area has been declared a national park.　该地区已宣布为国家公园。
244,car,起点,开始前自测,,ˈkɑr,n. 汽车，轿车；<美>（火车的）车厢；（火车上作特殊用途的）车厢（如餐车、卧铺车厢）；（电梯的）梯厢，（索道或气球的）吊舱；<文>战车；【名】 （Car）（土）贾尔，（法、西）卡尔，（塞）察尔（人名）,That car is ours.　那辆车是我们的。
245,design,起点,开始前自测,,dɪˈzaɪn,n. 设计，布局，安排；设计艺术，构思；设计图，图纸；图案，花纹；计划，意图；v. 设计，制图，构思；筹划，制订；预定，指定；【名】 （Design）（俄、巴、印）迪赛（人名）,She's good at art and design.　她擅长美术和设计。
246,take,起点,开始前自测,,ˈteɪk,搭乘；乘坐；固定使用；把（某人）带往；使（某人）到；v. 携带，拿走；带去，引领；使达到，提升；拿，取；移走，拿开；偷走，误拿；取材于，收集；攻占，控制；选中，买下；订阅（报纸等）；吃，服用；减去；记录，摘录；照相，摄影；量取，测定；就（座）；以…...为例；接受，收取；接纳，接待（顾客、患者等）；遭受，经受；忍受，容忍；（以某种方式）对待，处理；理解，考虑；误以为；赢得（比赛、竞赛等）；产生（感情），持有（看法）；采取（措施），采用（方法）；做，拥有；采用（形式），就任（职位）；花费，占用（时间）； 需要，要求；使用；穿（特定尺码的鞋或衣物）；容纳；授课；学习，选修（课程）；参加（考试或测验）；走（路线），乘坐（交通工具）；跨过，跳过；踢，掷；举行投票，进行民意调查；成功，奏效；（语法）需带有（某种结构）；n. （一次拍摄的）镜头，场景；收入量；看法，态度；（印刷）一次排版量,Do they take plastic?　他们收信用卡吗？
247,posted,起点,开始前自测,释义待核实，不进入核心练习,ˈpoʊstɪd,释义待核实，不计入核心练习,
248,internet,起点,开始前自测,,ˈɪntɚˌnɛt,n. 因特网，互联网,I looked it up on the Internet.　我在互联网上查过此事。
249,address,起点,开始前自测,,ˈæˌdrɛs,n. 地址，住址；网址；电子邮箱地址；演讲，演说；（电子表格中某个单元格的）位置；<古>（对他人的）谈吐；<古>谦恭（或脉脉含情）的方式；<旧>机敏，迅速；位置存储编码；v. 演说，演讲；处理，设法解决；在（信封、包裹等）上写姓名和地址，致函；<正式> 向……讲话；称呼；<正式>（向某人）提出（陈述、投诉等）；（高尔夫）就位击（球）,Do you know his address?　你知道他的地址吗？
250,community,起点,开始前自测,,kəmˈjunəti,n. 社区，社会；（由同国籍、同宗教等构成的）群体，界；（多个国家的）共同体；归属感；（动植物的）群落,The sense of community is lost.　团体意识没有了。
251,within,起点,开始前自测,,wɪˈðɪn,prep. 在（某段时间）之内；在……限度内；在（某段距离）内；在（某区域或空间）里；在（群体或组织）内部；在自己内心，在心灵深处；接近，误差不到……；adv. 在里面，在内部；在内心深处，在思想上；在（某段时间）之内；（距离）在……之内；（某个地方）之内；在（群体或组织）内部；在……范围内，在……限度内；误差不到……；n. 里面，内部,Suspicion kindled within her.　她渐渐产生了怀疑。
252,states,起点,开始前自测,释义待核实，不进入核心练习,ˈsteɪts,释义待核实，不计入核心练习,
253,area,起点,开始前自测,,ˈɛriə,n. 地区，区域；场地，地方；领域；面积；部位；罚球区；【名】 （Area）（西）阿雷亚（人名）,The area is rich in wildlife.　这个地区的野生动植物很多。
254,want,起点,开始前自测,,ˈwɑnt,想要,I want a small cup.　我想要一个小杯子。
255,phone,起点,开始前自测,,ˈfoʊn,n. 电话，电话系统；受话器，听筒；（语音）音子，音素；v. 给…...打电话；【名】 （Phone）（老、缅）蓬（人名）,My phone number is 266998.　我的电话号码是266998。
256,dvd,起点,开始前自测,,ˌdiˌviˈdi,abbr. 数字化视频光盘（Digital Video Disk）,The DVD can be rented from your local store.　这DVD可在你们当地的商店租借。
257,shipping,起点,开始前自测,,ˈʃɪpɪŋ,n. （总称）船舶；航运，运输；运费；v. （用船、飞机、卡车）运送，运输；遣送（某人）；推出（计算机商品），（使）上市（ship 的现在分词）；【名】 （Shipping）（英）希平（人名）,The shipping industry promulgated a voluntary code.　航运业对自律守则进行了宣传。
258,reserved,起点,开始前自测,,rɪˈzɝvd,adj. 寡言少语的，内敛的；保留的，预订的；v. 预订，预约；保留，贮备；拥有（某种权利等）（reserve 的过去式和过去分词形式）,I've reserved a room in the name of Jones.　我以琼斯的名字预订了一个房间。
259,subject,起点,开始前自测,,səbˈdʒɛkt,n. 主题，话题；学科，科目，课程；主语；（绘画、摄影等的）主题，题材；实验对象；（批评、学习、调查的）对象；国民；起因；（逻）主词，主项，主概念；（乐）主旋律；（哲）主体，主观；中心实体；v. 使臣服，征服，压服；使经受，使遭受；adj. 隶属的，臣服的；可能受……影响的，易遭受……的；受……支配的，服从于……的；取决于，视……而定,English is my best subject.　英语是我学得最好的一门科目。
260,between,起点,开始前自测,,bɪˈtwin,prep. （空间上）在……中间；（时间上）在……之间；（数量、重量、距离等）介于……之间；分隔着；（表示两方或多方关系）在……之间；合用，共享；通过共同努力，一起；（两人）私下间；往返于；adv. （空间或时间上）介于……之间（in between）,He toggled between the two windows.　他在两个窗口之间来回切换。
261,forum,起点,开始前自测,,ˈfɔrəm,n. 讨论会；（因特网上的）论坛，讨论区；法院，法庭；（古罗马）公共集会场所,The forum is now open to all budding entrepreneurs.　该论坛现在向所有崭露头角的企业家开放。
262,family,起点,开始前自测,,ˈfæməli,家庭；家人,My family lives nearby.　我的家人住在附近。
263,l,起点,开始前自测,释义待核实，不进入核心练习,ˈɛl,释义待核实，不计入核心练习,
264,long,起点,开始前自测,,ˈlɔŋ,adj. 长的；长久的，长期的；漫长的；长篇的；长音的；出界的；（面部表情）不高兴的，愁苦的；记得牢的，记得久的；（可能性，机会）小的，渺茫的；远期（获利）的；（酒与凉饮料）混合的，大量的；（运动中的球）长传的，远距离的；adv. 长久地，长期地；很久（以前或以后）；整个（时间段）；（球扔得）远；整个 (时间段)；v. 渴望,Workers toiled long hours.　工人们长时间辛苦工作。
265,based,起点,开始前自测,,ˈbeɪst,adj. 有根基的;有基地的；adj. （以某事）为基础的，为根据的；在……居住（或工作）的，基地（或总部）在……的；v. 以……为基础；把基地设在……（base 的过去式和过去分词形式）,The story is based on fact.　这个故事是根据真人真事写的。
266,w,起点,开始前自测,释义待核实，不进入核心练习,ˈdʌbəlju,释义待核实，不计入核心练习,
267,code,起点,开始前自测,,ˈkoʊd,n. 密码，暗码；（邮政）编码，（电话）区号；（计算机）编码；道德准则，行为规范；法典，法规；v. 把……编码（或编号）；把……译成密码；（给计算机）编写指令；【名】 （Code）（英、法、西）科德（人名）,It's written in code.　那是用密码写的。
268,show,起点,开始前自测,,ˈʃoʊ,v. 显示，表明；给……看，出示；演示，教；带领，引领；表露出，显示出；（对某人）表现出，对待；容易显出，容易看到；标示，标明；描绘，描述；放映，播出；展示，展出；露面，出现；证明，证实；替（动物）报名参加比赛；<非正式> （妇女）已显出身孕；<美>获得第三名（或前三名）；n. 演出，歌舞表演；（电视或广播）节目；展览，展览会；表现，行为；假象，假装；景象；事情，场面；动物比赛；（分娩或月经时的）见红；<美，澳新，非正式>（做某事的）机会；【名】 （Show）（美、巴西）肖（人名）,The show was just awesome.　演出实在棒极了。
269,o,起点,开始前自测,释义待核实，不进入核心练习,ˈoʊ,释义待核实，不计入核心练习,
270,even,起点,开始前自测,,ˈivɪn,adj. 平坦的，水平的；平静的，平和的；平齐的，挨着的；无变化的，平稳的；势均力敌的，不相上下的；双数的，偶数的；平等的，公平的；不变的，恒定的；（某事发生的概率）对半的，各半的；扯平的，互不相欠的；匀称的，同样大小的；正好的，不多不少的；adv. 甚至，即使；更加，愈加；其实，实际上；v. 使相等，使平均；变平坦；使变平，使平整,She can't even change a nappy.　她连换尿布都不会。
271,black,起点,开始前自测,,ˈblæk,adj. 黑的，黑色的；黑色人种的；不加牛奶的；脏的，布满污垢的；悲伤的，无望的；愤怒的，仇恨的；罪恶的，邪恶的；（幽默）黑色的；（滑雪道）难度最大的；（军事活动）秘密的；黑桃和梅花组牌的；n. 黑，黑色；<冒犯>黑人；黑色衣服；黑色的东西（尤指斯诺克中的黑球）；执黑子的一方；v. 使变黑，弄黑；<英>抵制，拒绝（货品或公司）,Black is out this year.　今年黑色不时兴了。
272,check,起点,开始前自测,,ˈtʃɛk,v. 检查，核对；查看，查询；克制，抑制；存放，寄放；托运；在……上打钩；将（对方的）军；n. 检查，核对；制止（手段），抑制（手段）；结账单；支票（=cheque）；方格图案；衣帽寄存处；寄存凭证；钩号；（国际象棋）将军；【名】 （Check）（英）切克（人名）,Check whether a fuse has blown.　检查一下保险丝是否烧断了。
273,special,起点,开始前自测,,ˈspɛʃəl,adj. 特殊的，特别的；格外看重的，特别要好的；专门的，特设的；特有的，独具特色的；格外的，分外的；（主题）研究深入的；（数）特殊（矩阵）的；n. 特色菜；特别节目；特价商品，折扣商品；特派员，临时警察，特约记者；专车；【名】 （Special）（印、美、俄）史派西娅乐（人名）,Couldn't we call a special meeting?　我们不能召开一次特别会议吗？
274,prices,起点,开始前自测,释义待核实，不进入核心练习,ˈpraɪsəz,释义待核实，不计入核心练习,
275,website,起点,开始前自测,,ˈwɛbˌsaɪt,n. 网站（全球资讯网的主机站）,There's jazz a gogo on our website.　我们的网站上有大量的爵士音乐。
276,index,起点,开始前自测,,ˈɪndɛks,n. 索引；（物价和工资等）指数；指标，量度；幂，根指数；指针；v. 为……编索引，将……编入索引；使指数化，将（工资）等与（物价水平等）挂钩；（机器，部件）转位,There's even a special subject index.　甚至有一个特别的主题索引。
277,being,起点,开始前自测,,ˈbiɪŋ,n. 生物；存在；本质，本性；v. 因为，由于（用于非限定分句）；v. 存在，生存；位于（be 的现在分词形式）,I hate being photographed.　我讨厌被拍照。
278,women,起点,开始前自测,释义待核实，不进入核心练习,ˈwɪmən,释义待核实，不计入核心练习,
279,much,起点,开始前自测,,ˈmʌtʃ,det. 许多；pron. 许多；优秀的事物；adv. 非常；<非正式>用在否定句末表示相反的意思；优秀的事物；经常；很大程度上；长时间地；多达；多达（强调数量大得惊人）,It isn't worth much.　这不值多少钱。
280,sign,起点,开始前自测,,ˈsaɪn,n. 指示牌，标志；迹象，征兆；示意动作，手势；手语动作；符号，记号；踪迹，踪影；（医）征，体征；神迹（主要用于《圣经》和文学作品中）；<美>（野生动物的）足迹，臭迹；（占星）（黄道12宫中的）宫，星座；（数）正负号；暗号，信号；（表示某人状况或经历的）动作，反应；v. 签名，署名；（与机构、公司等）签约；示意，打手势；打手语；用标志杆（或其他记号）表示,The sign read 'No admittance'.　告示牌上写着“禁止入内”。
281,file,起点,开始前自测,,ˈfaɪl,n. 文件夹（或箱、柜等）；（计算机的）文档；档案；纵列；锉刀；（与某政策领域相关的）议题，职责；v. （把文件等）归档，存档；提起（诉讼），提出（申请）；发送（消息或报道）给报社；列队行进；锉平；【名】 （File）（匈、塞）菲莱（人名）,The file was labelled 'Private'.　那档案已标明“保密”。
282,link,起点,开始前自测,,ˈlɪŋk,v. 连接；与……有关联；挽住，钩住；n. （事物间的）联系，关系；（交通上的）联系；（链状物的）环，节；（超文本）链接；<美>一节香肠；令（长度单位，1令等于1测链的百分之一，即7.92英寸）；（行路时照明用）沥青和麻屑火把；【名】 （Link）（英、德、塞、捷、匈、瑞典）林克（人名）,She was my only link with the past.　她是我和过去的惟一联系。
283,open,起点,开始前自测,,ˈoʊpən,adj. 开放的，营业的；开着的，敞开的；（身体部位）张开的；露天的，无遮盖的；开阔的，未围上的；可通行的，畅通的；伸开的，展开的；坦率的；不保密的，公开的；易受影响的，易受攻击的；人人可以参加的；（对特定群体）开放的 ；可得到的，可使用的；思想开明的；尚未决定的；（文件夹、文档等）正在使用中的；（胜利者）赢得公开赛的；（票子）未注明旅行日期的；<英>（支票）未签注的；（数）（集合）开的；（元音）开的；（乐）开放的 ；（电路）开路的，断路的；（纺织品）松散的；v. 开，打开；开封，开启；睁开（眼睛），张开（嘴巴）；翻开，展开；开通，开放；开门，营业 ；开业，开幕；（股市）开盘，开市；着手，开始；启动（计算机程序或文件）；开立账户；通往，通向；展现，出现；使某人更乐意考虑某事；断开（电路）；畅谈；n. 户外，野外；公开，泄露；公开赛（Open）；断开（电路）,The door creaked open.　门嘎吱一声开了。
284,today,起点,开始前自测,,təˈdeɪ,今天,Today I have time to study.　今天我有时间学习。
285,technology,起点,开始前自测,,tɛkˈnɑlədʒi,n. 科技，技术；技术设备，先进机器；技术学，工艺学；术语,Technology is changing fast.　技术日新月异。
286,south,起点,开始前自测,,ˈsaʊθ,南达科他州(美国)；n. 南，（罗盘的）南方；（某个地方、国家、区域的）南部；美国南部各州，英格兰南部（the South）；（南半球的）发展中国家（the South）；（桥牌）坐在南首位置的人（South）；adj. 位于南方的，朝南的；（风）来自南方的；（用于国家、州或地区等的名称中）南部的，南部居民的,I drove south on Motorway 9.　我在9号高速公路上向南行驶。
287,case,起点,开始前自测,,ˈkeɪs,n. 具体情况，实例；病例，病案；诉讼，官司；案件，案子；容器，箱子；事实，论据；（特定处境或品性的）人；（语法的）格；v. 围绕，包盖；（盗抢前）探察，踩点儿；装入保护容器内；【名】 （Case）（英）凯斯，（西）卡塞，（法）卡斯（人名）,He zipped his case shut.　他拉上了箱子的拉锁。
288,project,起点,开始前自测,,ˈprɑdʒɛkt,n. 项目，计划；（学校的）课题，研究项目；<美>廉租房区，公共房屋区；v. 预计，推算；计划，规划；伸出，突出；投掷，喷射；投射，投影；展现，表现；使（声音，尤指嗓音）扩及远处；传播；想像（自己、场景等）在另一地点或时间；（尤指无意地把情感、愿望）投射转移（给别人）；使（某人）迅速成功，让（某人）获得更好的工作；作（曲线）的射影图；把（地球，天空等）投影在平面上,The whole project was badly managed.　整个项目管理得差劲。
289,same,起点,开始前自测,,ˈseɪm,adj. 同一的；一模一样的；没有变化的；独一无二的人（或物）；上述的（this/that same）；pron. 同样的人，同样的事物；（数目、颜色、大小、质量等）相同；（与前述之事）同样的事（the same）；未改变的人（或事物），和从前一样的人（或事物）；adv. 同样,I would do the same again.　我愿再做同样的事。
290,pages,起点,开始前自测,释义待核实，不进入核心练习,ˈpeɪdʒəz,释义待核实，不计入核心练习,
291,uk,起点,开始前自测,释义待核实，不进入核心练习,ˌjuˈkeɪ,释义待核实，不计入核心练习,
292,version,起点,开始前自测,,ˈvɝʒən,n. （同一种物件稍有不同的）样式，型号；（从不同角度的）说法，描述；（电影、剧本、乐曲等的）版本，改编形式；《圣经》译本；胎位倒转术；v. 创制……的新版本，更新……的版本,Could you fax me the latest version?　你可不可以把最新版本传真给我？
293,section,起点,开始前自测,,ˈsɛkʃən,n. 部分；散件，部件；（书、报等的）节，栏；一部分人；（乐队的）组；断面图，剖面图；（手术中的）开刀，切开；（供显微镜下观察的）切片；<美>（柑橘类水果的）一瓣；（法律文件的）款，项；地段，区域；部门，科；<新西> 建房用地；（生物）组（尤指亚属）；<美> 一平方英里的土地；v. <英> 强制（精神病人）入院；将……制成切片；切开，切断；分开，给……分区,That section of the road is still closed.　那段公路依旧封闭。
294,own,起点,开始前自测,,ˈoʊn,v. 有，拥有；<旧> 承认；为（某事）承担全责，承认为（某事）负全责；<美，非正式> 彻底击败，彻底羞辱；adj. 自己的，属于自己的；自己做的，为自己的；具有自己特点的，特有的；pronoun. 自己的，属于自己的；自己做的，自己生产的；具有自己特点的，特有的,She made her own bread.　她自己做了面包。
295,found,起点,开始前自测,,ˈfaʊnd,v. 创办，成立；建造，兴建；根据，以……为基础；熔铸，铸造；adj. 偶然（或意外）发现的；（艺术）原汁原味的；装备好的；<英>（用餐、供暖）不另外收费的；v. 找到，找回；发现，发觉；（经过研究）找出，查明（find 的过去式和过去分词形式）,Look what I've found!　看我发现了什么！
296,sports,起点,开始前自测,释义待核实，不进入核心练习,ˈspɔrts,释义待核实，不计入核心练习,
297,house,起点,开始前自测,,ˈhaʊs,房屋；n. 房子，住宅；一家人，同住一幢房子的人们；（有特定用途的）大楼，大厦；公司，商业机构；观众席，观众；演出场次；餐馆，餐厅；豪斯音乐；王室，皇族（House）；（某些英国学校学生为进行比赛而分的）组；动物的笼舍；议院，议会；（占星）黄道十二宫之一，黄道宫；v. 让……居住，给……提供住房；给……提供场地，收藏存放；包裹，覆盖；住,Our house faces south.　我们的房子面朝南。
298,related,起点,开始前自测,,rɪˈleɪtɪd,adj. 相关的，有联系的；有亲戚关系的；（动植物、语言等）同类的，同族的；讲述的，叙述的；v. 联系，有关联；叙述，讲述；认同，理解（relate 的过去式和过去分词形式）,Are you related to Margaret?　你与玛格丽特是一家人吗？
299,security,起点,开始前自测,,sɪkˈjʊrəti,n. 保护措施，安全工作；保安部门；安检处；保障，保证；安全，安全感；抵押品，保证金；证券，债券,He was upgraded to security guard.　他被提升为保安。
300,both,起点,开始前自测,,ˈboʊθ,pron. 两者都；det. 双方，两者；pron. 两者,They both escaped unharmed.　他们俩都逃脱了，没有受伤。
301,g,起点,开始前自测,释义待核实，不进入核心练习,ˈdʒi,释义待核实，不计入核心练习,
302,county,起点,开始前自测,,ˈkaʊnti,n. （英国、爱尔兰的）郡，（美国的）县；<英>郡运动队，县运动队；adj. <英>有世家地位（或特点）的,Every autumn I go to the county fair.　每个秋季我都去县里的集市。
303,american,起点,开始前自测,释义待核实，不进入核心练习,əˈmɛrəkən,释义待核实，不计入核心练习,
304,photo,起点,开始前自测,,ˈfoʊˌtoʊ,n. 照片；v. 拍照,The photo wasn't very clear.　这张照片不太清晰。
305,game,起点,开始前自测,,ˈɡeɪm,n. 游戏，比赛；一局，一场；运动会；体育课，体育活动；儿戏；诡计，花招；猎物，野味；行当，行业；玩耍，消遣；比赛技巧；adj. 愿意尝试的，有冒险精神的；<旧>（腿）残疾的，瘸的；v. 操纵；玩视频（或电视、电脑）游戏；赌博,He paced his game skilfully.　他巧妙地控制着自己的比赛节奏。
306,members,起点,开始前自测,释义待核实，不进入核心练习,ˈmɛmbɚz,释义待核实，不计入核心练习,
307,power,起点,开始前自测,,ˈpaʊɚ,n. 控制力，操控力；政权，统治；权力，职权；强国，大国；有影响力的人（或组织）；能力，本领；支配力，实力；（某事物或社会集团的）影响力，势力；力量，体能；能量，电力；动力，功率；幂，乘方，指数；放大率；神灵，神力；（基督教）掌权天使（powers）；（旨在提升某群体地位的）权力运动；v. 驱动，推动（机器或车辆）；（使）迅猛移动，快速前进；猛力踢（或推、顶）（尤指球）；adj. 电力的，电动的；强大的；有重要人士参与的；（服装）礼服的，显示权势的,The kingdom's power declined.　王国的势力衰落了。
308,while,起点,开始前自测,,ˈwaɪl,conj. 当……的时候；与……同时；而，然而（表示对比）；尽管，虽然；直到……为止；n. 一段时间；同时；<文>在此期间；v. 消磨时间,Write me while you're away.　你外出期间给我写信。
309,care,起点,开始前自测,,ˈkɛr,n. 照料，护理；小心，谨慎；忧虑，烦恼；收养，监护；v. 照顾，照料；在意，担忧；喜欢，想要；【名】 （Care）（英）凯尔，（塞）察蕾（人名）,I don't care what he thinks.　我才不管他怎么想呢。
310,network,起点,开始前自测,,ˈnɛˌtwɝk,n. 网络，网状系统；人际关系网，联络网；计算机网络，互联网；广播网，电视网；v. 使（计算机）联网；（尤指工作中）建立关系网，建立人脉；对（电视或广播节目）进行联播,The city is dissected by a network of old canals.　古老的运河网将这座城市分割开来。
311,down,起点,开始前自测,,ˈdaʊn,adv. 朝下，向下；（坐）下，（躺）下；倒，垮，塌；（写）下，（记）下；在下方，在低处；在南部，向南方；传下去（的）；在较低水平，下降；减到更小，变得更弱；失利，落后；不能动弹地，不能移动地；到，去，在；完全地，彻底地；初付，首付；在肚子里；已完成，已处理；（纵横填字游戏）由上至下；<英>离开学校（或大学）；<英>离开首都（或重要城市）；（美橄）（球或持球队员）成死球；（航海）顺水（或顺风）；adj. 在低处的，在下方的；向下的；便宜的，低廉的；降低的，低于正常水平的；不活跃的，萧条的；比分落后于对手的；不运转的，出故障的；悲伤的，低落的；已完成的，完结了的；完全掌握的；正式签署（或记录）的；了解的，赞成的 ；（某人数）出局的；（美橄）成死球的；赶时髦的；（火车）从大的始发站出发的；（物理）（夸克）下的；n. 羽绒；绒毛，软毛，汗毛；（美橄）十码进攻；失败，挫折；<非正式>不快乐，沮丧；丘陵；唐斯锚地（the Downs）,"I sat down, stunned.　我坐了下来，大吃一惊。"
312,computer,起点,开始前自测,,kəmˈpjutɚ,n. 电脑；计算机；电子计算机；n. 计算机；电脑；电子计算机,My computer keeps going funny.　我的计算机老出故障。
313,systems,起点,开始前自测,释义待核实，不进入核心练习,ˈsɪstəmz,释义待核实，不计入核心练习,
314,three,起点,开始前自测,,ˈθri,n. 三，三个；num. 三；adj. 三的，三个的,He's got three children.　他有三个孩子。
315,total,起点,开始前自测,,ˈtoʊtəl,adj. 总的，全部的；完全的，绝对的；v. 总数达，总计；把……加起来；<美，非正式>彻底毁坏（汽车）；杀死，严重伤害（某人）；n. 总数，合计,The car was a total wreck.　这辆车完全报废了。
316,place,起点,开始前自测,,ˈpleɪs,n. 地点，场所；城镇（或建筑物等）；有某用途的建筑（或土地）；表面的某处；家，住所；（书本或讲话中的）点；座位，位置；地位，资格；机会，名额；适当的地方；境况；排名；<美>第二名；（数学的）位；广场，短街；乡间住宅；一套餐具；v. 放置；使处于某种境地；以某种态度对待（或看待）；认出，想起；下指示，请求；安置；排名，归类；（赛跑）获前三/四名；定位球得分；证明……在场；【名】 （Place）（罗）普拉切，（法）普拉斯，（英）普莱斯（人名）,This place is heavenly.　这个地方好极了。
317,end,起点,开始前自测,,ˈɛnd,n. 最后部分，末尾；结束，结局；端点；目的；剩余物，残余；过世；部分，方面；半边球场；城区；边锋；v. 结束，终止；【名】 （End）（英、德）恩德（人名）,It's the end of an era.　这是一个时代的终结。
318,following,起点,开始前自测,,ˈfɑloʊɪŋ,adj. 之后的，接下来的；下列的，以下的；顺风的；n. 追随者，拥护者；prep. 在……之后，紧接着,The following is a summary of events.　现将重大事件综述如下。
319,download,起点,开始前自测,,ˈdaʊnˌloʊd,v. 下载；n. 下载，下载的文件或程序,You can download the pictures as JPEGs.　你可以用JPEG格式下载这些图像。
320,h,起点,开始前自测,释义待核实，不进入核心练习,ˈeɪtʃ,释义待核实，不计入核心练习,
321,him,起点,开始前自测,,ˈhɪm,pron. 他（宾格）；n. （Him）人名；（东南亚国家华语）欣；（柬）亨；（中）谦（广东话·威妥玛）,"Go to him, tell him you're sorry.　去找他，告诉他你很抱歉。"
322,without,起点,开始前自测,,wɪˈθaʊt,prep. 没有，缺乏；不使用，不借助；在没有（发生或做某事）的情况下；没有，不带（某种感情）；不和……在一起，无……相伴；在外面，在外部；adv. 没有，缺乏；在外面；conj. <古>（方）不那样的话；除非，如果不,They accepted without demur.　他们接受了，没有提出异议。
323,per,起点,开始前自测,,ˈpɝ,prep. 每，每一；按照，根据；<古>经；（纹章）依……的方向；adv. 每，每个；abbr. 人（person）；时期（period）,The price is $40 per person.　价格为每人40元。
324,access,起点,开始前自测,,ˈækˌsɛs,n. 入口，通道；获得的机会，使用权；（对计算机存储器的）访问，存取；（情感）爆发，发作；探视权；v. 接近，进入；获取，访问（计算机信息）；adj. <美>（电视节目或时间等）对外公开的,There is no vehicular access.　不通车。
325,think,起点,开始前自测,,ˈθɪŋk,v. 认为，以为；明白（用于问句表气愤、吃惊）；觉得；考虑，思考；想出，想象；料想，预料；想要，打算；想起，记得；琢磨，寻思；对……评价（很高）；为……着想；想来，想想看；所指的是；具有某种思维方式；只想，对……着迷；边想边说出声来，自言自语；n. 想，思索，思考；adj. 思想的,I don't think we've met.　我想我们没见过面吧。
326,north,起点,开始前自测,,ˈnɔrθ,n. 北，北方；北部（地区）；北方发达国家（the North）；（桥牌）北家（North）；adj. 北方的，朝北的；（风）北方吹来的；adv. 向北，朝北；大于,A compass needle points north.　罗盘指针指向北方。
327,resources,起点,开始前自测,释义待核实，不进入核心练习,ˈrisɔrsɪz,释义待核实，不计入核心练习,
328,current,起点,开始前自测,,ˈkɝənt,adj. 现行的，当前的；通用的，流行的；最近的；n. 水流，气流；电流；思潮，趋势；【名】 （Current）（英）柯伦特（人名）,We were rowing against the current.　我们划船逆流而上。
329,posts,起点,开始前自测,释义待核实，不进入核心练习,ˈpoʊsts,释义待核实，不计入核心练习,
330,big,起点,开始前自测,,ˈbɪɡ,大的,This room is big.　这个房间很大。
331,media,起点,开始前自测,,ˈmidiə,n. 新闻媒体，传媒（medium的复数形式）；媒体工作者；（尤指血管壁的）中间层（复数mediae）；浊塞音；中脉,The media coverage was shocking.　媒体的报道糟透了。
332,law,起点,开始前自测,,ˈlɔ,法学；n. 法律（体系）；法令，法规；规律，法则，定律；法学，法律学；司法界，律师业；（道德或宗教上的）准则，守则；警方，警察；v. 起诉，控告,He studied law.　他学习法学。
333,control,起点,开始前自测,,kənˈtroʊl,n. （对国家、地区、机构等的）控制权，支配权；控制能力；操纵装置；管理，管制；指挥（或检查、控制）站，指挥（或检查、控制）人员；（键盘上的）控制键；v. 控制，掌管；限制，限定；阻止蔓延（或恶化）；操纵，控制（机器或系统等）；抑制，克制,The situation is under control.　局面得到了控制。
334,water,起点,开始前自测,,ˈwɔtɚ,水,Can I have some water?　能给我一些水吗？
335,history,起点,开始前自测,,ˈhɪstɚi,历史；n. 历史；沿革，发展过程；历史课，历史学；史书，历史记载；个人经历，履历,I'm very interested in history.　我很喜欢历史。
336,pictures,起点,开始前自测,释义待核实，不进入核心练习,ˈpɪktʃɚz,释义待核实，不计入核心练习,
337,size,起点,开始前自测,,ˈsaɪz,n. 大小，尺寸；庞大，巨大；数量，规模；（尤指衣服、鞋子等的）尺寸，尺码；特定尺寸；相应尺码的人（或衣物）；（使纸张、布料坚挺且光亮的）浆料，（贴壁纸用的）涂料；v. 依大小分类（或排列）；按一定大小制作；改变......的大小； 给（衣服、纸张等）上浆，给......涂胶；<非正式> 大致评价，估量；估算（或测量某物）大小；可比拟；adj. 一定大小（或尺码）的,The kitchen is a good size.　这厨房相当大。
338,art,起点,开始前自测,,ˈɑrt,艺术；n. 美术，艺术；艺术品；技术，技巧；人文学科；艺术活动（the arts）；adj. 艺术性的,Can we call television art?　我们能把电视称作艺术吗？
339,personal,起点,开始前自测,,ˈpɝsɪnəl,adj. 个人的，私人的；私密的，隐私的；针对个人的，人身攻击的；人身的，身体的；人际的，私交的；供个人使用的；亲自的；有人性的；（语法）人称的；n. （报纸私人广告栏内的）私人信息发布，私人广告；（报纸或杂志上的）个人启事栏，私人广告栏（the personals）,That's my personal opinion.　这是我的个人意见。
340,since,起点,开始前自测,,ˈsɪns,prep. 自……以后，自……以来；（表示气愤）何曾，什么时候；conj. 在……以后，自……以来；因为，由于，既然；adv. 自……以后，自……以来；此后，后来,We've lived here since 1994.　自1994年以来我们一直住在这里。
341,including,起点,开始前自测,,ˌɪnˈkludɪŋ,prep. 包括，包含；v. 包含；把……列为一部分，把……算入（include 的现在分词形式）,"He was fully dressed, including shoes.　他已穿戴好了，包括鞋子。"
342,guide,起点,开始前自测,,ˈɡaɪd,v. 带领，引导（某人至某地）；任向导；指导，影响；解释，阐明；n. 指南，手册；导游，向导；准则，指针；女童子军，女童子军成员；【名】 （Guide）（法、葡）吉德（人名）,The guide flashed a light into the cave.　导游用手电筒照射洞穴。
343,shop,起点,开始前自测,,ˈʃɑp,商店；购物,The shop opens at nine.　商店九点开门。
344,directory,起点,开始前自测,,dɚˈɛktɚi,n. 名址录，电话号码簿；（计算机的）目录，文件夹；<史>（尤指长老会和罗马天主教会的）礼拜规则书；adj. 指导的，咨询的,This command deletes files from the directory.　这一指令把文档从目录中删除。
345,board,起点,开始前自测,,ˈbɔrd,n. 板，木板；黑板，告示牌；董事会，理事会；膳食，伙食，膳食费用；局；<非正式>舞台；<美>（冰球场周围的）界墙；<旧>（美国大学的）入学考试；v. 登上（火车、轮船或飞机）；让乘客登机（或上船等）；寄宿；（在学校）住校；将（宠物）暂时寄养在他处；用木板覆盖；【名】 （Board）（英、西）博德（人名）,We have six gyros on board.　我们船上有六个陀螺仪。
346,location,起点,开始前自测,,loʊˈkeɪʃən,n. 地点，位置；（电影的）外景拍摄地；定位；（计算机内存里的）地址,What is the exact location of the ship?　那条船的确切位置在哪里？
347,change,起点,开始前自测,,ˈtʃeɪndʒ,v. 改变，变化；更换，替换；换乘；兑换，找零；交换，互换；n. 变化，变革；找回的钱，零钱；换乘；替代物，替换衣物；全新体验；转成新月；钟乐敲打的一种套路,Can we change seats?　咱们可以交换一下座位吗？
348,white,起点,开始前自测,,ˈwaɪt,adj. 白色的；白种人的，白肤色的；苍白的；加牛奶（或奶油）的；（葡萄酒）白的，淡黄色的；（面粉）精白的；<美>空白的；树皮淡色的；（玻璃）透明的，无色的；<非正式>完全公正的，非常诚实的；（魔法）善意的；（血细胞）白的；<史>（政治）反动的；纯洁的；n. 白色，白颜料；白种人，白人；白葡萄酒；眼白；蛋清，蛋白；白色运动服（whites）；要洗涤的白色织物（whites）；白衣服；执白棋者，白方；白色的东西，白球；白粉蝶；v. <古>把……漆成白色，使变白,He drove to the White House.　他开车去白宫。
349,text,起点,开始前自测,,ˈtɛkst,n. （书、杂志等中区别于图片的）正文，文字材料；（演说等的）原文；（学习某课程必读的）课本，教科书；（供讨论或回答问题的）文本，文章；（讨论等的）题目，主题；（尤指科学或学术方面的）文献；（计算机、手机等）文档；短信；（尤指引作布道主题的）圣经经文；（尤指用于手稿的）粗体正楷；v. （用手机）给……发短信,I'll text you the final score.　我会发短信告诉你最终的比分。
350,small,起点,开始前自测,,ˈsmɔl,小的,I would like a small bag.　我想要一个小袋子。
351,rating,起点,开始前自测,,ˈreɪtɪŋ,n. 等级，级别；（电影、视频游戏等的）定级，分级；收视率，收听率（the ratings）；（广播电视节目的）排行榜；<英>水兵，普通海员；（机器、发动机等的）额定功率；（根据尺寸所划定的）赛艇等级；（军队的）军阶；<旧>苛责，怒斥；v. 对......作评估，评价；将……看作；对（影片、视频游戏等）分级（rate 的现在分词形式）；【名】 （Rating）（德）拉廷（人名）,What star rating does this restaurant have?　这家餐馆是几星级的？
352,rate,起点,开始前自测,,ˈreɪt,n. 速度，速率；比率，率；费用，价格；费率；（英国）地方税，房地产税（rates）；<罕>等级；v. 评价，评定；被认为，被列为；<英，非正式> 看好； 对（影片、视频游戏等）分级；划分等级，分等；值得，应得；<英>给（财产）核定应缴地方税款；（机器、发动机等的）额定功率（极限）为；<美，非正式>受器重，受青睐（rate with）；【名】 （Rate）（法、塞）拉特（人名）,The crime rate is rising.　犯罪率正在上升。
353,government,起点,开始前自测,,ˈɡʌvɚmənt,n. 政府，内阁；政体，国家体制；（国家等的）治理，管理；政府掌控经济和社会活动的程度；（语法）支配关系,The government took swift action.　政府立即采取了行动。
354,children,起点,开始前自测,释义待核实，不进入核心练习,ˈtʃɪldrən,释义待核实，不计入核心练习,
355,during,起点,开始前自测,,ˈdʊrɪŋ,prep. 在……期间；在……期间的某个时候；【名】 （During）（英、美、瑞）迪兰（人名）,"During the drive, the baby slept.　在行驶中那个婴儿睡了。"
356,usa,起点,开始前自测,释义待核实，不进入核心练习,ˌjuˌɛˈseɪ,释义待核实，不计入核心练习,
357,return,起点,开始前自测,,rɪˈtɝn,v. 回来，回去；归还，退还；回报，回应；（感觉或情况）重新出现，恢复；重新开始，继续（某项活动）；带来，产生（利润或损失）；回击，击回； 宣告（裁决）；选举，选出；（建筑）（尤指成直角）转延（墙壁）；（高尔夫）打后九穴；（美橄）截获（对方传、踢或漏球）反攻；（桥牌）（尤指同伴所攻出的同花色牌赢墩后）跟着打出，回出；把（空瓶或空罐头盒）送到回收站；n. 回来，返回；归还，退回；重新开始，恢复；回报，收益；<英> 往返票，来回票；返回键，回车键；（选举）结果；（网球等）回击球；（纳税）申报表，申报单；（建筑）转延，转延侧面；回路导线；被退回（或送回）的东西，退票；（可以回收的）空罐头盒，空瓶子（returns）；adj. （票）双程的，往返的；（旅途）返回的，返程的；（比赛）回访的；再度的，再次的,He did not return her love.　他没有回报她的爱。
358,students,起点,开始前自测,释义待核实，不进入核心练习,ˈstudənts,释义待核实，不计入核心练习,
359,v,起点,开始前自测,释义待核实，不进入核心练习,ˈvi,释义待核实，不计入核心练习,
360,shopping,起点,开始前自测,,ˈʃɑpɪŋ,n. 购物；<英>从商店采买的东西；v. 购物；逛商店；<英>（向警察等）告发（shop 的现在分词）,When shall I do the shopping ?　我什么时候去买东西呢？
361,account,起点,开始前自测,,əˈkaʊnt,n. 账户，户头；客户，老主顾；网络账号；描述，报道；账目；账单；赊购账，赊购；理由，解释；重要性；（定期结付的）交易合同；演奏（音乐）；<英>账期交易期；v. 把……视作，认为；解释，说明（account for）；占（一定数量或比例）（account for）；<古>报账,I don't have a bank account.　我没有银行账户。
362,times,起点,开始前自测,释义待核实，不进入核心练习,ˈtaɪmz,释义待核实，不计入核心练习,
363,sites,起点,开始前自测,释义待核实，不进入核心练习,ˈsaɪts,释义待核实，不计入核心练习,
364,level,起点,开始前自测,,ˈlɛvəl,n. 数量，程度；标准，水平；层次，级别；看待（或应对、理解）事物的方式；水平高度，相对高度；楼层；平地；水平仪；adj. 平坦的，水平的；相同价值的，相同地位的；比分相同的；平静的，冷静的；v. 使平整；推倒，夷平；（使）比分相同；（尤指用枪）瞄准；针对……（进行批评等）；稳定下来，达到平衡（level off）；坦诚相见；作水准测量,He's got an O level in Russian.　他通过了俄语普通证书考试。
365,digital,起点,开始前自测,,ˈdɪdʒətəl,adj. 数字的，数码的；数字显示的；指头的，手指的；n. 数字电视，数位电视,How long have you had digital?　你们有数字电视多长时间了？
366,profile,起点,开始前自测,,ˈproʊˌfaɪl,n. （人头部的）侧面（像），侧影；（某物的）外形，轮廓；（人、团体或组织的）简介，概况；（人或组织的）形象，姿态；纵断面，剖面；（地球表面纵断面的）轮廓（如河流走向）；（舞台的）平面布景；（以数量形式记录事物特点的）曲线图，数据图表；（记载个人心理或行为特点、喜好等的）档案；v. 概述，扼要介绍；给……画侧面像，显出……侧面轮廓；显出……的轮廓（be profiled）；（尤指用模板）铣出轮廓，使……成形,This picture shows the girl in profile.　这张照片从侧面显示该女孩。
367,previous,起点,开始前自测,,ˈpriviəs,adj. 以前的，先前的；（时间或顺序上）稍前的；<非正式>过早的，过急的；n. <英，非正式>前科，犯罪记录,Her previous calm gave way to terror.　她先前的泰然自若已变为惊恐。
368,form,起点,开始前自测,,ˈfɔrm,v. （使）出现；（使）（关系、习惯或想法）形成；构成，是……的组成部分；陶冶，培养；组织，建立；n. 表，表格；类别，种类；形状，外形；体形；（存在的）形态，形式；（尤指艺术作品或文章的）结构；体能，良好的健康状态；良好表现；词形；惯常做法，习俗；（英国的）班级，年级；不礼貌的行为；【名】 （Form）（英）福姆，（法、德）福尔姆（人名）,He hates violence in any form.　他憎恶任何形式的暴力。
369,events,起点,开始前自测,释义待核实，不进入核心练习,ɪˈvɛnts,释义待核实，不计入核心练习,
370,love,起点,开始前自测,,ˈlʌv,n. （对家庭成员或挚友的）喜爱，关爱；爱情，恋爱；喜好，喜爱；<英，非正式>（昵称）亲爱的；（用于信尾署名前）爱你的；心爱之人，心爱之物；（网球、软式墙网球和其他运动）零分；<非正式>（用于表示对某人的亲切好感）宝贝（a love）；仁慈的人，乐于助人的人；爱神（Love）；v. 爱恋（某人）；关爱（尤指家庭成员或密友）；喜欢（某物或某事）；热爱（国家、组织等）；很愿意；<非正式>感到好笑；适于（某些特定的条件）；【名】 （Love）（英、菲、瑞、美）洛夫（人名）,I love to bake.　我喜欢烤点心。
371,old,起点,开始前自测,,ˈoʊld,adj. （人）……岁的，（事物）存在……久的；年老的，年纪大的；衰老的；古老的，历史悠久的；陈旧的；过去的，从前的；原来（属于自己的）的；结识久的；<非正式>（表示亲昵）老……；（语言形式）古的，早期的；老派的，守旧的；老一套的，经历多次的；n. 老年人；某个年龄段的人；古时；【名】 （Old）（英）奥尔德（人名）,Old bones break easily.　老骨头容易骨折。
372,john,起点,开始前自测,释义待核实，不进入核心练习,ˈdʒɑn,释义待核实，不计入核心练习,
373,main,起点,开始前自测,,ˈmeɪn,adj. 主要的，最大的；n. 总管道，主线路；（电、气、水的）供应系统（the mains）；<英>电源插座；<古>海洋，公海（the main）；（主桅上的）主帆；（掷骰子游戏中，掷者在投掷前的）叫数（须是5，6，7，8，9中的任何一个数）；斗鸡比赛；【名】 （Main）（美）梅因（人名）,Ghana's main export is cocoa.　加纳的主要出口产品是可可。
374,call,起点,开始前自测,,ˈkɔl,（给⋯⋯）打电话；n. （Call）（美、英、加）考尔（人名）；v. （call）给……命名，称呼；认为……是；大声呼叫；命令，召集；拜访,I'll call you tonight.　我今晚将会打电话给你。
375,hours,起点,开始前自测,释义待核实，不进入核心练习,ˈaʊɚz,释义待核实，不计入核心练习,
376,image,起点,开始前自测,,ˈɪmədʒ,n. 形象，印象；影像，映像，图像；比喻，意象；画像，塑像，雕像；酷似另一个人的人；（人或事物）外形，外表；像点；硬盘备份；（圣经）偶像；v. 作……的像，描绘……的形象；（以探测器或电磁束）扫描出……的直观图；幻想，想像；【名】 （Image）（法）伊马热（人名）,Soccer needs to clean up its image.　足球界的形象需要改善。
377,department,起点,开始前自测,,dɪˈpɑrtmənt,n. （组织或机构中的）部，司，系，处，科；（商场里的）部；<非正式>专长，专责；（法国等国的）省,He moved to the sales department.　他调到了销售部。
378,title,起点,开始前自测,,ˈtaɪtəl,n. （书籍、诗歌、图画、乐曲等的）名称，标题；（书刊的）一种，一本；（人名前表示地位、职业或婚姻状况的）头衔，称谓；职位名称；称号；（竞赛、体育比赛的）冠军；（尤指土地或财产的）所有权；（财产的）所有权凭证；（电影、电视的）字幕；（教会用语）就任圣职需具备的资格；（罗马红衣主教下辖的）教区，教堂；v. （给书籍、乐曲等）加标题，定题目；赋予头衔，把……称为；adj. 与（电影、戏剧等）同名的；冠军的,The title is printed in italics.　标题被印成斜体。
379,description,起点,开始前自测,,dɪˈskrɪpʃən,n. 描述，形容，说明；类型,The description was pretty vague.　这项描述是相当含糊的。
380,non,起点,开始前自测,,ˈnɑn,v. 非，不；n. 投反对票的人，反对票；adv. 非，不,They ordered a non-veg meal.　他们要了一餐荤菜。
381,k,起点,开始前自测,释义待核实，不进入核心练习,ˈkeɪ,释义待核实，不计入核心练习,
382,y,起点,开始前自测,释义待核实，不进入核心练习,ˈwaɪ,释义待核实，不计入核心练习,
383,insurance,起点,开始前自测,,ˌɪnˈʃʊrəns,n. 保险；保险费；保险业；保险赔偿金，保险金；保险单；预防措施，安全保障,He works in insurance.　他在保险业工作。
384,another,起点,开始前自测,,əˈnʌðɚ,det. （同类的）另一，又一；（不同类的）另外一个，其他一个；类似的（人或事物）；pron. 又一个，再一个；另一个，另一种；不确切的事物，某些事物（用于与 one 或 some 构成的短语）；adj. 再加一个的；另一的，不同的；另一类似的,I saw yet another doctor.　我还看了另一位医生。
385,why,起点,开始前自测,,ˈwaɪ,adv. （用于问句）为什么，为何；（反问，表示不必）何必；……的原因；为什么（不）；为什么（表生气或恼火）；n. 理由，原因；int. 哎呀,Why must she interrupt?　她为什么偏要打断呢？
386,shall,起点,开始前自测,,ˈʃæl,aux. 将要，将会（同I和we连用，表示将来）； ……好吗？要不要……？（用于主动提供帮助、建议或询问意见）；必须，一定（表示决心、命令或指示）；可以（与“you”连用，用以告知某人能做某事或拥有想要的东西）；应，必须（用于法律、规则）；应该，就会（表示可能的结果或后果）；（用于 look forward to 和 hope 之类的动词前表示语气的委婉）,Shall we have a beer?　我们来杯啤酒吧？
387,property,起点,开始前自测,,ˈprɑpɚti,n. 所有物，财产；地产，房地产；房地产股票（或投资）（properties）；<法律> 所有权，处置权；特性，性质,The property was owned communally.　这财产属集体所有。
388,class,起点,开始前自测,,ˈklæs,n. 班级；（一节）课，上课时间；（某一科目的）课程；阶级，阶层；等级划分，等级制度；（货物、服务或人的）等级，类别；（飞机、火车等的）舱位等级，车厢等级；品味；同届毕业生；<英>（英国大学的）学位等级；（生物）（植物或动物分类的）纲；（比赛的）组别；v. 把……归类，把……看作；把……编入某一班级；属于……类（或等级），被列为某类（或某级）；adj. <非正式>优秀的，出色的,The food was first-class.　这些食物是一流的。
389,cd,起点,开始前自测,,ˌsiˈdi,abbr. 光盘，激光唱片（compact disc）；呼叫设备（calling device）；中央地区（central district）；商务部（Commerce Department）；冷却时间（cool down time，游戏术语）；创意总监（creative director）；民防（civil defence）；外交团（corps diplomatique）；存单，存款单（certificate of deposit）；坎德拉，新烛光（candela，发光强度单位）,This CD player lists at $200.　这台激光唱片机在价目单上定为200元。
390,still,起点,开始前自测,,ˈstɪl,adv. 还，依旧；仍然，还是（会或可能）；尽管那样，尽管如此；更加，还要（用于表示强调）；还有（更多）；静止地，不动地；adj. 静止的，不动的；宁静的，寂静的；无风的；不含碳酸气的，不起泡的；（照片）静态的，（画面）定格的；n. （电影或录像的）定格画面，剧照；（制酒的）蒸馏器；静止，安静，平静,I'm still very mobile.　我仍然行动很方便。
391,money,起点,开始前自测,,ˈmʌni,钱,I need some money.　我需要一些钱。
392,quality,起点,开始前自测,,ˈkwɑləti,n. 质量，品质；优质，上乘；素质，品德；特征，特质；（语音）音质，音色；<英>（供有品位者阅读的）高质量报纸（=quality newspaper）；（占星）黄道宫运动三大特征之一；adj. 优质的，高质量的；<英>（报纸）内容严肃的，高级的；<英，俚>棒极了,This is high quality stuff.　这是高品质的东西。
393,every,起点,开始前自测,,ˈɛvɚi,det. 每个，每一；每……之中的；每隔，每逢（表频率）；所有可能的，完全可能的；【名】 （Every）（美、荷、瑞典）埃夫里（人名）,Every move was painful.　每动一下都很痛。
394,listing,起点,开始前自测,,ˈlɪstɪŋ,n. 列表，清单；v. 列表（list 的现在分词）；n. （Listing）人名；（德）利斯廷,"Listing 2 shows a sample XML document, bib.xml, which represents a bibliography of books.　清单 2 显示了一个示例 XML 文档 bib.xml ，它表示书籍的书目。"
395,content,起点,开始前自测,,ˈkɑntɛnt,adj. 满足的，满意的，甘愿的；n. 目录；所含物，容纳的东西；（书、文章、演讲、电影等的）内容；含量；满足，满意；投赞成票的贵族院议员；网上信息，电子信息；v. 使满意，使满足,"He seemed more content, less bitter.　他看起来比较满意，不那么失望。"
396,country,起点,开始前自测,,ˈkʌntri,国家；乡村,Which country are you from?　你来自哪个国家？
397,private,起点,开始前自测,,ˈpraɪvət,adj. 私有的，自用的；（服务，行业）私营的，民营的；没有股票上市的；私下的，秘密的；（交易未涉及商业机构的）私下里的；（想法、感觉）私密的；未担任公职的，无官职的；与官职（或工作）无关的；安静的，不受打扰的；（人）内敛的，不喜欢谈论私事的；（尤指两人）单独的；私下辅导的；（教育，医疗）私立的；只有自己人明白的；n. （美、英陆军或美国海军陆战队）二等兵；<非正式> 私处，阴部（privates）,He has a private income.　他有一笔私人收入。
398,little,起点,开始前自测,,ˈlɪtəl,adj. 小的，比较小的；用于强调对某人或某物的意见；年幼的；短暂的，近的；微不足道的；可爱的，可怜的；det. 一点儿，少得几乎没有；少量的，一些；adv. 极少，轻微；几乎不；短时间地，一会儿地,You stupid little bitch!　你这个愚蠢的小悍妇！
399,visit,起点,开始前自测,,ˈvɪzɪt,v. 参观，游览；拜访，作客；浏览（网页）；视察，巡视；找（医生或律师）咨询；<美>闲谈；（多作圣经用语）（上帝）救助（某人），降临（某地）；使某人遭受（有害或不快之事）；n. 参观，游览；拜访，作客；（政治领导人或公务员的）访问，视察；（到网站的）访问；（在宾馆或汽车旅馆等的）住宿，逗留；就诊，咨询（律师等）；<美，非正式>会面，闲聊；【名】 （Visit）（泰）威实（人名）,She will try and visit tomorrow.　她明天将设法去参观。
400,save,起点,开始前自测,,ˈseɪv,【名】 （Save）（法）萨夫，（意、保、西、罗、塞、瑞典）萨薇 （女名），萨韦（人名）；v. 救助，搭救；避免，减少；积攒，储蓄；节省（钱、时间或其他资源）；保存，保留；收集；（为某人）保留；（计算机）保存（数据）；使健康长寿，护佑；（足球等）救球，防止对方进球；（棒球）（替补投手） 保持（其他投手取得的领先地位）；（基督教）拯救（某人），使摆脱罪孽；n. （足球等守门员的）救球；（棒球）（替补投手） 保持（其他投手取得的领先地位）；（计算机）存储数据,We should try to save water.　我们应设法节约用水。
401,tools,起点,开始前自测,释义待核实，不进入核心练习,ˈtulz,释义待核实，不计入核心练习,
402,low,起点,开始前自测,,ˈloʊ,adj. 低的，矮的；在底部的；领口开得低的；（纬度）低的，近赤道的；低于通常（或平均）数量（或水平、价值）的；（声、热或光）低的，暗的；（地位、阶层上）低微的，低等的；消沉的，精神不振的；（质量或标准）低的；（艺术，文化）低俗的；不诚实的，下流的；（观点）贬低的，轻蔑的； （供应品）将耗尽的，短缺的；（元音）舌位低的；adv. 在（或向）低位置；低于通常（或期望）的水平；低声地，小声地；n. 低点；（人生的）低谷；低气压区,I'm feeling really low.　我现在很消沉。
403,reply,起点,开始前自测,,rɪˈplaɪ,v. 回答，答复；（以行动）作出回应，回击；（在体育比赛中）以得分回应，回敬；n. （口头或书面）回答，答复；回应，作出反应；<英>（比赛）一方得分（进球）但对方未得分（进球）；<法律>（原告对被告抗辩的）驳复，答辩,His reply was not repeatable.　他的回答不便重复。
404,customer,起点,开始前自测,,ˈkʌstəmɚ,n. 顾客；（某一类型的）家伙,The customer called to cancel.　顾客打电话来取消了。
405,december,起点,开始前自测,,dɪˈsɛmbɚ,n. 十二月,I keep forgetting it's December.　我总是忘了现在是12月份。
406,compare,起点,开始前自测,,kəmˈpɛr,v. 比较，对比；把……比作；（与……）相比；构成（形容词或副词）的比较级和最高级；n. 比较,The point of the lesson is to compare the two countries.　本课的目的是比较这两个国家。
407,movies,起点,开始前自测,释义待核实，不进入核心练习,ˈmuviz,释义待核实，不计入核心练习,
408,include,起点,开始前自测,,ˌɪnˈklud,v. 包含；把……列为一部分，把……算入,Does the price include tax?　这个价钱是否包括税款？
409,college,起点,开始前自测,,ˈkɑlɪdʒ,n. 大学，专科学校；学院，分院；公学；学会，社团；学院的全体师生,They're prepping for college.　他们正为上大学做准备。
410,value,起点,开始前自测,,ˈvælju,n. 价值；等值，等价，物有所值；重要性，有用性；重要特点，显著特点；价值观（values）；（数学中的）值；（音乐中的）时值（指音符的时间长度）；（词或其他语言单位）确切意义；（色彩）明暗度；v. 尊重，重视；给……估价，给……定价,Let y have the value 33.　假设y的值为33。
411,article,起点,开始前自测,,ˈɑrtəkəl,n. 文章，论文；物品；条款，条文；冠词；见习契约，见习期；v. 见习，签约做实习生；进行控告；使……受协议条款的约束,The article caused (an) uproar.　这篇文章引起了轩然大波。
412,york,起点,开始前自测,释义待核实，不进入核心练习,ˈjɔrk,释义待核实，不计入核心练习,
413,man,起点,开始前自测,,ˈmæn,n. 成年男子，男人；人类；（不论性别的）人；（来自某地、从事某种工作的）人；（喜欢某事的）人 ； （支持某组织或为其工作的）人；士兵，（男性）工人 ；上门服务的人；伙计，哥儿们；（表示不耐烦或生气）你这家伙；丈夫，男友；男子汉，大丈夫；棋子；<非正式>头头，老板，警察（the Man）；v. 负责，操控（某物）；int. <美，非正式>（表示惊奇、气愤等）嘿，天哪,He was an imposing man.　他是个仪表堂堂的男子汉。
414,card,起点,开始前自测,,ˈkɑrd,卡；银行卡,Can I pay by card?　我可以刷卡吗？
415,jobs,起点,开始前自测,释义待核实，不进入核心练习,ˈdʒɑbz,释义待核实，不计入核心练习,
416,provide,起点,开始前自测,,prəˈvaɪd,v. 提供，供给；配备，准备好；（法律或规章）规定；供养，提供生计；为（可能事件）作充分准备；<史>任命（牧师）担任有俸神职,He refused to provide a specimen.　他拒绝提供抽样。
417,j,起点,开始前自测,释义待核实，不进入核心练习,ˈdʒeɪ,释义待核实，不计入核心练习,
418,food,起点,开始前自测,,ˈfud,食物,The food is delicious.　食物很好吃。
419,source,起点,开始前自测,,ˈsɔrs,n. 来源，出处；（问题的）原因，根源；消息人士，信息来源；河流源头，发源地；源（代）码；（电子）源极，电源；（技）源；v. （从某地）获得；找出……的来源；【名】 （Source）（法）苏尔斯（人名）,What is their main source of income?　他们的主要收入来源是什么？
420,author,起点,开始前自测,,ˈɔθɚ,n. 作者，著者；作家；发起者，创始人；作品；v. 撰写，写作；发起，创造,Who is your favourite author?　你最喜欢哪位作家？
421,different,起点,开始前自测,,ˈdɪfɚənt,adj. 不同的；分别的，各别的；与众不同的,The same hue will look different in different light.　同一颜色在不同光线下看起来会不同。
422,press,起点,开始前自测,,ˈprɛs,n. 新闻界；n. （美）普雷斯（人名）；v. （press）压；按；逼迫；紧抱；逼；重压,He gave the bell another press.　他又按了一下铃。
423,u,起点,开始前自测,释义待核实，不进入核心练习,ˈju,释义待核实，不计入核心练习,
424,learn,起点,开始前自测,,ˈlɝn,学习,I learn something new every day.　我每天学一点新东西。
425,sale,起点,开始前自测,,ˈseɪl,n. 出售，销售；销售额（sales）；销售活动，（尤指）拍卖；降价出售，大减价；销售部门（sales）；销售业务，销售工作（sales）；【名】 （Sale）（意、塞、瑞典）萨莱，（英、萨摩）塞尔，（法）萨尔（人名）,Tickets go on sale this week.　票本周开始出售。
426,around,起点,开始前自测,,ɚˈaʊnd,adv. 围绕，环绕；大约；周围，四周；以圆周计算；到处，向各处；转弯，掉头；闲散地，无目的地；循环往复地；出现，可用；活跃；prep. 围绕，环绕；到处，向各处；在那边，到那边；在……周围，在附近；大约，大概；以……为中心；避开，绕过,I wandered around aimlessly.　我漫无目的地徘徊。
427,print,起点,开始前自测,,ˈprɪnt,v. 打印；印刷，出版；（在报纸或杂志上）刊登，刊载；用印刷体书写；冲印（照片）；印花样于（尤指织物或衣服上）；印上（印痕）；（用模子）印；铭记，铭刻；n. 印刷；印刷字体；印刷出的文字；印刷行业，出版界；印刷品，出版物；印迹，痕迹；印章；印花布，印花布服装；印花，印制图案；（冲印出的）照片； 版画，(用照相制版法制作的）绘画复制品；电影拷贝,Click on the icon when you want to print.　你想打印时就点击一下这个图标。
428,course,起点,开始前自测,,ˈkɔrs,n. 课程；过程；道路，航线；进程，进展；方针，总方向；行动方式，处理方法；疗程；一道菜；比赛场地；（砖、石等墙的）层；（常sing.）追踪狩猎（尤指野兔）；横帆；一组同音弦；追踪狩猎（尤指野兔）；v. 奔流，快速流动；（感情、思想）涌动；（用猎犬）追踪（兔子）,Of course I'm not afraid!　当然我不怕！
429,job,起点,开始前自测,,ˈdʒɑb,职业；一份工作,I like my job.　我喜欢我的工作。
430,canada,起点,开始前自测,,ˈkænədə,n. 加拿大（北美洲国家）,My aunt lives in Canada.　我的姑母住在加拿大。
431,process,起点,开始前自测,,ˈprɑˌsɛs,n. 步骤，程序；（自然或偶然的）变化过程；（为达到某目标的）过程，进程；制作方法，加工方法；<法律>传票；（生，剖）端突，突起；adj. （印刷）三原色的，三色版的； 经过特殊加工的；照相板的；v. （用化学物品或机器）处理，加工；审核，受理（正式文件或请求）；（计算机）处理（数据）；冲洗（照片）；加工（食品）；<正式>列队行进；把（头发）弄成直发,The process was needlessly slow.　进程过于缓慢了。
432,teen,起点,开始前自测,释义待核实，不进入核心练习,ˈtin,释义待核实，不计入核心练习,
433,room,起点,开始前自测,,ˈrum,n. 房间，室；客房；<英，旧>（租用的）住所，寓所（rooms）；空间，地方；机会， 余地；房间里所有的人；v. <美>租房，合住； <美>让……同住；【名】 （Room）（英）鲁姆，（俄）罗姆（人名）,The room echoed.　房间发出了回声。
434,stock,起点,开始前自测,,ˈstɑk,n. 现货，存货；储备物，备用物；股本，资本；股份，股票；<英>公债，公债券；家畜，牲畜；种族，家系；高汤，原汤；手足枷（stocks）；柄，枪托；名声，声望；紫罗兰；接穗，砧木；根茎，根状茎；<美>保留剧目轮演剧团；信任，相信；铁路上使用的所有车辆；（胶卷）原片；发剩下的牌；（商品的）原材料；锚杆；主轴台，主轴箱（headstock 的简写）；尾架，尾座（tailstock 的简写）；白色领结，白色领带；（牧师衣领下系的）黑色领带；船台（stocks）；v. 备有，存有；摆满，供应；为（枪等火器）装枪托；出新芽；adj. 老一套的，陈腐的；（商店）库存的，常备的；（有关）电影资料镜头的,Do you stock green tea?　你们的库存有绿茶吗？
435,training,起点,开始前自测,,ˈtreɪnɪŋ,n. 训练，培训；体育训练，锻炼；v. 锻炼，培养（某一素质或能力）；培训，训练；（为准备体育赛事而）操练（train的现在分词形式）,He was weight training like mad.　他在疯了似地进行举重训练。
436,too,起点,开始前自测,,ˈtu,adv. 太，过于，过度；也，亦，还；而且，再者（用于补充进一步的观点）；很，十分，非常（用于否定句）；确实地，无可否认地；（表示感谢，较为正式）极其，非常,He likes his tea neither too hot nor too cold.　他喜欢茶不太烫也不太凉。
437,credit,起点,开始前自测,,ˈkrɛdət,n. 信用，信贷，赊购；赞扬，信誉，声望；存款金额，余额；补助；退税，抵免；学分；带来荣耀的人（或事）；作品（指影片、电视节目、戏剧等）；信任，相信；v. 把（钱）记入总账，把钱存入（账户）；相信，信任；认为是……的功劳，给予承认；认为……有特定品质（或效果）,Does the hotel take credit cards?　这家旅馆接受信用卡付款吗？
438,point,起点,开始前自测,,ˈpɔɪnt,比分；n. 观点，论点；要点，核心问题；目的，意图；具体细节；特点，特征；地点；时刻，阶段；得分；小数点，点；罗盘（方位）点；点（标度）；（电影的）利润百分比；尖端，尖头；岬角；光点，色点；<英>插座；（字号的）磅值；<英>轨尖，道岔（points）；（芭蕾）脚尖（points）；（分电器中的）接点；<非正式>称赞，认可（points）；（板球）防守；尖兵队；<美>排头位置；（动物的）外部位；（猎）直窜（位置）；<史>束衣带；束帆绳；狗指方向；（乐曲的）重要乐句或主题；v. 指，指向；对准，瞄准；朝向，对着；指路；引导，指引；暗示，表明；强调（话语或行动）；（用水泥）勾缝；绷直（脚趾）；削尖；使（光标）指着；插入点号；（狗）示意有（猎物）,This last point is crucial.　刚讲的这一点是关键的。
439,join,起点,开始前自测,,ˈdʒɔɪn,v. 成为……的一员，参加；连接，接合；联合，汇合；上（火车、飞机等）；和……作伴，随同；n. 连接处，接合点,How do these two pieces join?　这两件东西怎样接合呢？
440,science,起点,开始前自测,,ˈsaɪəns,科学；n. 科学，科学知识；专门科学；（大学学习的）学科；理科；技术，技巧；【名】 （Science）（英）赛恩斯（人名）,Economics is an inexact science.　经济学是一门不精确的科学。
441,men,起点,开始前自测,释义待核实，不进入核心练习,ˈmɛn,释义待核实，不计入核心练习,
442,categories,起点,开始前自测,释义待核实，不进入核心练习,ˈkætəˌɡɔriz,释义待核实，不计入核心练习,
443,advanced,起点,开始前自测,,ədˈvænst,adj. 先进的；高级的，高等的；晚期的，状况不佳的；高龄的；新提出（尚未被广泛接受）的；v. 行进；发展，进步；预付（advance 的过去式和过去分词形式）,He was a man of advanced years.　他年事已高。
444,west,起点,开始前自测,,ˈwɛst,西方（尤指西欧和北美）；n. 韦斯特（姓氏）,The West is stingy with aid.　西方在援助上很吝啬。
445,sales,起点,开始前自测,,ˈseɪlz,adj. 销售的，售货的；有关销售的；n. 销售（sale 的复数）；销售额；n. （Sales）人名；（意、西、葡）萨莱斯；（法）萨勒；（英）塞尔斯,Sales have slumped this year.　今年销售量锐减。
446,look,起点,开始前自测,,ˈlʊk,v. 看；寻找；与……外表相似；看似，显得；注意；面向；检查，查看；打算（look to）；预料，期待；浏览；研究，考虑；看待（look at/on）；（用于唤起他人注意）瞧；看上去精神好（look oneself）；四处看看（look round/around）；调查（look into）；n. 看；寻找，搜索；表情，神色；景象，样子；容貌（looks）；风格，样式；察看，考虑；【名】 （Look）（瑞典）洛克，（英）卢克（人名）,Look what I've found!　看我发现了什么！
447,english,起点,开始前自测,,ˈɪŋɡlɪʃ,英语（写作时大写 English）,I want to speak English.　我想说英语。
448,left,起点,开始前自测,,ˈlɛft,adj. 左边的；剩余的；左派的，左翼的；adv. 左边的；n. 左侧，左方（the left）；左边的道路，左侧的通道；（认为应将财产、金钱和权力更平等地分配的）左翼人士，左派组织（the Left）；（尤指拳击中的）左手拳；（在足球或类似运动中面向对手球门的）左半场；（军队的）左翼,She left yesterday.　她昨天离开了。
449,team,起点,开始前自测,,ˈtim,n. （游戏或体育运动的）队，小组；工作队，工作组；（套在一起拉车的）一组牲口（尤指马）；v. 协作，合作；使（颜色、布料、衣服）相配；（套在一起拉车的）一组牲口（尤指马）,The team seemed invincible.　这个队似乎战无不胜。
450,estate,起点,开始前自测,,ɪˈsteɪt,n. 财产，遗产；大片私有土地，庄园；<英>住宅区，工业区；<旧>社会阶层；（生活）状况，条件,My father sold real estate.　我父亲经营过房地产。
451,box,起点,开始前自测,,ˈbɑks,n. 盒，箱，匣；（戏院的）包厢，（法庭的）专席；小亭，岗亭；方框，方格；邮箱；（运动场上的）区，特定区域；<英，非正式>电视（the box）；耳光；黄杨；<英>（运动员的）下体护身；v. 把……装箱；（与……）斗拳，参加拳击比赛；<澳新>（非同群牲畜）混杂，混群（box sheep up）；【名】 （Box）（英、法、西）博克斯（人名）,Can you help me with this box?　你能帮我搬这个箱子吗？
452,conditions,起点,开始前自测,释义待核实，不进入核心练习,kənˈdɪʃənz,释义待核实，不计入核心练习,
453,select,起点,开始前自测,,səˈlɛkt,v. 选择，挑选；（在计算机屏幕上）选定；（进化）决定（特征，生物）是否继续存在；adj. 精选的，优等的；高级的，奢华的；【名】 （Select）（美、印）塞阿克特（人名）,All you have to do is right-click on the desktop and select New Folder.　你惟一需要做的是在桌面上右击鼠标，然后选择“新建文件夹”。
454,windows,起点,开始前自测,释义待核实，不进入核心练习,ˈwɪndoʊz,释义待核实，不计入核心练习,
455,photos,起点,开始前自测,释义待核实，不进入核心练习,ˈfoʊˌtoʊz,释义待核实，不计入核心练习,
456,gay,起点,开始前自测,,ˈɡeɪ,adj. 同性恋的；<旧>艳丽的；<旧>快乐的；<非正式>品质差的，没有意义的；n. 同性恋者（尤指男性）；【名】 （Gay）（英、法、瑞典、毛里塔）盖伊，（西）加伊（人名）,I didn't know he was gay.　我不知道他是同性恋者。
457,thread,起点,开始前自测,,ˈθrɛd,n. 线；细线，线状物；思路，贯穿的主线；（互联网留言板上的）同主题帖子，系列相关帖子；少量，较低水平；螺纹；<英，旧> 衣服；（计算机）线程，调度单位；v. 穿线于，使穿过；将（珠子等）穿起来；装好（胶卷或录音带）；穿行，曲折穿过；使夹杂（线状物）；用手指梳理（尤指头发）；刻螺纹于（孔、螺丝等）,He took a needle and thread and sewed it up.　他取来一根针和线并把它缝起来。
458,week,起点,开始前自测,,ˈwik,一周,There are seven days in a week.　一周有七天。
459,category,起点,开始前自测,,ˈkætəˌɡɔri,n. 种类，范畴,His pictures don't fit into any category.　他的画哪一类也算不上。
460,note,起点,开始前自测,,ˈnoʊt,n. 短笺，便条；笔记，记录；注释，批注；正式文件，票据，证明书；音，音符；语气，气氛；钞票；重要性，值得注意之处（of note）；v. 留意，注意；指出，提及；记录，记下；【名】 （Note）（美、法）诺特（人名）,He didn't play one bum note.　他一个音也没奏错。
461,live,起点,开始前自测,,ˈlaɪv,居住,I live in a small town.　我住在一个小镇。
462,large,起点,开始前自测,,ˈlɑrdʒ,adj. （尺寸、范围、容量）大的；广泛的，重要的；身材高大的；（公司或组织）大规模的；n. 大号，同类中最大者；v. <英，非正式>（尤指跳舞和饮酒）作乐，狂欢,He was smoking a large cigar.　他正抽着一支大雪茄。
463,gallery,起点,开始前自测,,ˈɡælɚi,n. 美术馆，画廊；（大厅的）楼座，楼上旁听席；（剧场中的）顶层楼座；阳台，露台；一群（相似的人或物）；长廊，走廊；（矿井下的）巷道；观众；【名】 （Gallery）（英）加勒里（人名）,We zoomed through the gallery.　我们快速穿过了画廊。
464,table,起点,开始前自测,,ˈteɪbəl,n. 桌子，台子；一桌人；一桌酒席，饭菜；整理餐桌；表，一览表；排名榜，积分表；乘法表；（桥牌）明手，明家；（建筑）檐板；木匾，石碑；（宝石的）切平面；有双切平面的宝石；棋盘；水平模制（尤指檐口）；v. <英> 正式提交讨论；<美> 搁置，暂缓审议；用宽贴边加固（帆）,I'll just wipe the table.　我只擦擦桌子。
465,register,起点,开始前自测,,ˈrɛdʒɪstɚ,n. 登记表，注册簿；注册员；（人或乐器的）声区，音区；（适合特定场合使用的）语体风格，语域；（印刷，摄影）套准，叠合；<美>现金出纳机；（电子设备的）寄存器；<美>（供暖或制冷设备的）调风口，节气门；（设计图案组成的）条，局部；v. 登记，注册；（正式地或公开地）发表意见，提出主张；流露出，表达出；注意到，受到注意；（仪器上）显出，显示；把……挂号邮寄；取得（结果），得（分）；（印刷，摄影）套准，叠合；【名】 （Register）（美）雷吉斯特（人名）,Thousands lined up to register to vote.　数千人排队登记投票。
466,however,起点,开始前自测,,ˌhaʊˈɛvɚ,adv. 然而，可是，不过；无论如何；（用于表示惊讶）究竟怎样；……左右，……上下；conj. 不管怎样，无论如何；然而，可是,"On one issue, however, she was immovable.　然而，就一点而言，她态度是坚决的。"
467,june,起点,开始前自测,,ˈdʒun,adv. 六月；n. 六月；琼（人名，来源于拉丁语，含义是“年轻气盛的六月”）,Ann's expecting a baby in June.　安六月份要生孩子。
468,october,起点,开始前自测,,ɑkˈtoʊbɚ,n. [天] 十月,The film festival takes place in October.　电影节将于十月举行。
469,november,起点,开始前自测,,noʊˈvɛmbɚ,n. 十一月,She left back in November.　她十一月份已经离开了。
470,market,起点,开始前自测,,ˈmɑrkət,n. 集市，市场；交易，交易量；行销地区，购买人群；市场机制；股市；市面，市况；v. 推销，促销；出售；做买卖；adj. 市场的，由市场决定的,A 50% market share is achievable.　百分之五十的市场占有率是可实现的。
471,library,起点,开始前自测,,ˈlaɪbrɛˌri,n. 图书馆，藏书楼；（书、激光唱片等的）私人收藏；书房，书斋；文库，系列丛书（激光唱片集，成套录像等）；软件库,The library is all on one level.　图书馆全部在同一层楼上。
472,really,起点,开始前自测,,ˈrɪli,adv. 真正地，事实上；确实的，的确（用于加强语气）；很，十分；（用于带有隐含的否定回答的疑问句和感叹句）真的，是吗；用于缓和否定语气；int. 真的（用来表示兴趣、惊奇或疑惑）；真是的！（用于表示生气或不赞成）；是啊！（用于表示同意某人的意见）,He was really manic.　他真的很狂热。
473,action,起点,开始前自测,,ˈækʃən,n. 行动；行为；战斗；诉讼；<非正式>令人激动的事；动作；情节；惊险刺激的活动（或事件）；作用；开始（电影导演开拍的指令）；赚钱的机会；性交；运转方式；v. 处理；adj. 动作（片）的，动作片中的,Take whatever action is needed.　采取任何必要的行动。
474,start,起点,开始前自测,,ˈstɑrt,v. 开始，着手；（使）发生；发动，启动；创办，开办；出发，启程；以……起步（或起家）；（由……）起，起始；突然一惊，吓一跳；<非正式>开始抱怨，开始争论；（比赛中）首发上场；（眼睛）突起，鼓出；使松动，使脱落；使（猎物）离巢；n. 开始，开端；启程，启动；（事业的）最初机遇，起步机会；起点（the start）；比赛，上场；突然一惊；领先的时间（距离）；新工作，新企业，新手；先发上场,They start work at dawn.　天一亮他们就开始干活了。
475,series,起点,开始前自测,,ˈsɪriz,n. 连续，一系列（事件）；（电视、广播等的）系列片，系列节目；丛书，系列出版物；（两队之间的）系列比赛；（电路的）串联；（同时发行的）一套邮票（或货币、硬币）；（由某一公司推出的）系列产品，（尤指）汽车系列；（年代地层学用语）统；（元素的）系；级数，序列项的总和；有共同特征的一组语音，系列（音）；音列,Her new series is a smash hit.　她的新系列节目极为成功，引起轰动。
476,model,起点,开始前自测,,ˈmɑdəl,n. 模型；模式；（机器等的）型号；模范，典型；模特儿；样本，范例；（小说中人物或地点的）原型；（著名设计师设计的）款式；v. （为艺术家）当模特儿；模特儿展示（服装）；（用黏土、木头等）做……的模型，塑造；（用计算机）做出（情景、事件）的模型；使仿效，使模仿；adj. 模范的，榜样的；模型的,I got to drive the latest model.　我得以驾驶最新式的车。
477,features,起点,开始前自测,释义待核实，不进入核心练习,ˈfitʃɚz,释义待核实，不计入核心练习,
478,air,起点,开始前自测,,ˈɛr,n. 大气，空气；空中，天空；乘坐飞机，航空；神态，氛围；曲调，旋律；装腔作势，做作；空气媒质；气，风；v. 使公开，宣扬；（使）通风；（使）晾干，（使）烘干；播送，播放；<古>出去透气；<古>炫耀，夸示,His hands clawed the air.　他的双手在空中乱抓。
479,industry,起点,开始前自测,,ˈɪndəstri,n. 工业，生产制造；行业，产业；勤奋，勤劳；范围，领域,The industry is strictly regulated.　这个行业有严格的管理。
480,plan,起点,开始前自测,,ˈplæn,n. （详细）规划；（养老金、储蓄、保险）方案；计划，打算；平面图，详图；分布图，示意图；（卫理公会教堂）巡回传教士名单；（手机流量、话费等）套餐；v. 计划，筹划；打算；设计；期望，预料；【名】 （Plan）（瑞典）普兰，（法）普朗（人名）,"If Plan A fails, go to Plan B.　假如第一方案失败了，就执行第二方案。"
481,human,起点,开始前自测,,ˈhjumən,adj. 人的，人类的；（尤指缺点或弱点）显示人的本性的；有人情味的；n. 人，人类；【名】 （Human）（英）休曼（人名）,Myles is a human dynamo.　迈尔斯是一个精力特别旺盛的人。
482,provided,起点,开始前自测,,prəˈvaɪdɪd,conj. 假如，只要，在……条件下；v. 提供；规定；为（可能事件）作充分准备（provide 的过去式和过去分词形式）,They provided only skimpy details.　他们提供的细节不充分。
483,tv,起点,开始前自测,,ˌtiˈvi,abbr. 电视（television）,The TV works perfectly now.　这台电视机现在效果好极了。
484,yes,起点,开始前自测,,ˈjɛs,adv. 是，是的；n. 是（表示肯定）,"Yes, that's a good point.　是的，那是个有说服力的论据。"
485,required,起点,开始前自测,释义待核实，不进入核心练习,riˈkwaɪɚd,释义待核实，不计入核心练习,
486,second,起点,开始前自测,,ˈsɛkənd,num. 第二（的），第二个（的）；（重要性、规模、质量等）居第二位的；另外的，外加的；n. 秒（时间单位）；片刻，瞬间；秒（角度单位）；次品，二等货；<非正式>第二次上菜，添菜（seconds）；（车辆的）第二挡；（英国大学本科的）二等成绩学位；<英>（学校或大学的）二年级；（棒球的）二垒；正式支持，附议；（体育俱乐部的）预备队（the seconds）；粗面粉，粗粉面包；（尤指拳击比赛或旧时决斗中的）助手；（乐）二度音程；v. 支持，附议；<英>临时调派，短期调任,He hung on to finish second.　他顶住了，得了第二名。
487,hot,起点,开始前自测,,ˈhɑt,adj. 热的，高温的；（使人）感到热的；辣的；活跃的，激烈的；棘手的，危险的；<非正式>热门的；有望成功的；性感的；暴躁的；过激的，过火的；<非正式>（某方面）极好的；重视；（音乐）节奏强的；偷来的，难以销赃的；快找到了，快猜中了；紧跟着的；带电的；明亮的，鲜艳的；v. <西印度>使热，变热（hot up）；变得激烈（hot up）；adv. 热；热切地，紧迫地,The sun was blazing hot.　阳光灼热逼人。
488,accessories,起点,开始前自测,释义待核实，不进入核心练习,ækˈsɛsɚiz,释义待核实，不计入核心练习,
489,cost,起点,开始前自测,,ˈkɑst,n. 价钱，费用；成本，开支；代价，损失；诉讼费用；v. 价钱为，需花费；估算成本，估价；使丧失，使损失；使付出努力，使做不愉快的事；<非正式>使花许多钱；【名】 （Cost）（英、美、罗、巴、法、荷）科斯特（人名）,The cost is immaterial.　费用并不重要。
490,movie,起点,开始前自测,,ˈmuvi,n. <美>电影；<美>电影院（the movies）；<美>电影业（the movies）；<美>电影（总称）（the movies）,The movie is utter dreck.　那电影完全是一堆垃圾。
491,forums,起点,开始前自测,释义待核实，不进入核心练习,ˈfɔrəmz,释义待核实，不计入核心练习,
492,march,起点,开始前自测,,ˈmɑrtʃ,找不到解释；n. 三月,The trial reopened on 6 March.　审判在3月6日再次进行。
493,la,起点,开始前自测,释义待核实，不进入核心练习,ˈlɑ,释义待核实，不计入核心练习,
494,september,起点,开始前自测,,sɛpˈtɛmbɚ,n. 九月,The rains come in September.　雨季九月份开始。
495,better,起点,开始前自测,,ˈbɛtɚ,adj. 较好的，更好的；能力更强的，更熟练的；（健康状况）好转的，康复的；更合适的，更得体的；adv. 较好地，更好地；更，更大程度上；更妥，更恰当；n. 更好的事物，较好者；更好的表现，更好的待遇；<旧>上司，比自己能力强的人；打赌者（=bettor）,"I'm better now, thank you.　我现在好些了，谢谢您。"
496,say,起点,开始前自测,,ˈseɪ,vt. 说，讲；宣称，说明；认为，据说；发音，读；确信，确定（事实）；（对某人）意味着；表达，传达；指明，表明；假设，比如说；让某人做（某事）；复述，诵念；念，背诵；替（某人或某事）说好话（坏话）；n. 发言权，决定权；int. <美，非正式> （吃惊或吸引注意力）哎呀，喂,What did he say?　他说了什么？
497,questions,起点,开始前自测,释义待核实，不进入核心练习,ˈkwɛstʃənz,释义待核实，不计入核心练习,
498,july,起点,开始前自测,,ˌdʒuˈlaɪ,adv. 七月；n. 七月,The car is taxed until July.　这辆汽车的牌照税缴纳到了七月。
499,yahoo,起点,开始前自测,释义待核实，不进入核心练习,ˈjɑˌhu,释义待核实，不计入核心练习,
500,going,起点,开始前自测,释义待核实，不进入核心练习,ˈɡoʊɪŋ,释义待核实，不计入核心练习,
501,medical,起点,开始前自测,,ˈmɛdəkəl,adj. 医学的，医疗的；内科的；n. 体格检查，健康检查,Her medical bills mounted up.　她的医疗账单越来越多。
502,test,起点,开始前自测,,ˈtɛst,n. （书面或口头的）测验，考试；（医疗上的）检查，化验，检验；（对机器或武器等的）试验，检验；（对水、土壤、空气等的）检测，检验；（衡量能力或技能等的）测试，考验；医疗检查设备；化验结果；（常指板球、橄榄球的）国际锦标赛（Test）；准则，标准；（冶）烤钵，灰皿；（一些无脊椎动物和原生动物的）甲壳；v. 试验，测试；测验，考查（熟练程度，知识）；检测，检验（质量或含量）；检查（身体），（用试剂）化验；考验；尝，（触）试,He failed his driving test.　他驾驶执照考试不及格。
503,friend,起点,开始前自测,,ˈfrɛnd,朋友,"This is my friend, Sam.　这是我的朋友 Sam。"
504,come,起点,开始前自测,,ˈkʌm,v. 来；来到，到达；来做，来取；同行，同去；行进（一定距离）来；赶走（某人）；变成，成为；达到，进入（某种状态或境地）；（事件）发生，（时间）到来；<非正式>（提及的时间）到来；（如何）发生，出现；备有，可提供；达到（某一点或水准）；（经过时间的流逝）开始认为；想起，想到；谈论，谈到；位于，处于；（信件或消息）被收到；由……继承，归……所有；（案件）提交……审理；总共，共计；出身于；由……引起；（性质）体现出来；int. （用以鼓励或安慰）好了，得啦；n. <俚>精液，精子,Can I come too?　我也可以来吗？
505,dec,起点,开始前自测,释义待核实，不进入核心练习,ˈdɛk,释义待核实，不计入核心练习,
506,server,起点,开始前自测,释义待核实，不进入核心练习,ˈsɝvɚ,释义待核实，不计入核心练习,
507,pc,起点,开始前自测,释义待核实，不进入核心练习,ˌpiˈsi,释义待核实，不计入核心练习,
508,study,起点,开始前自测,,ˈstʌdi,学习；研究,I study for twenty minutes.　我学习二十分钟。
509,application,起点,开始前自测,,ˌæpləˈkeɪʃən,n. 正式申请，书面申请；申请书，申请表；敷用，涂抹；应用，实施；指称；应用软件；勤奋，努力,Her application was hurried through.　她的申请很快得到了处理。
510,cart,起点,开始前自测,,ˈkɑrt,n. （马拉的）大车，马车；小型机动车；购物车，手推车；v. 用车装运；搬运，移动；挟持，带走；【名】 （Cart）（英、芬）卡特，（法）卡尔（人名）,The cart clattered over the cobbles.　大车哐当哐当地行驶在卵石路上。
511,staff,起点,开始前自测,,ˈstæf,n. 全体员工，全体雇员；<美>（大、中、小学的）管理人员，行政人员；（军队的）全体参谋人员；陆军上士；手杖，拐杖；权杖，笏；旗杆；（测绘）标杆，标尺；<英>（钟表的）小轴杆；<英>（铁路的）路签；五线谱；adj. 职员的；v. 为……配备员工；是……的职员,She overworks her staff.　她让员工过度劳累。
512,articles,起点,开始前自测,释义待核实，不进入核心练习,ˈɑrtəkəlz,释义待核实，不计入核心练习,
513,san,起点,开始前自测,释义待核实，不进入核心练习,ˈsæn,释义待核实，不计入核心练习,
514,feedback,起点,开始前自测,,ˈfidˌbæk,n. 反馈意见；（信号返回电子音响系统所致的）噪声；（返回机器、系统或者程序的）返回信息，返回电流,We didn't know that the feedback meant.　我们不知道那些反馈意见代表着什么。
515,again,起点,开始前自测,,əˈɡɛn,再一次,Please say that again.　请再说一遍。
516,play,起点,开始前自测,,ˈpleɪ,玩；参加运动,We play football together.　我们一起踢足球。
517,looking,起点,开始前自测,释义待核实，不进入核心练习,ˈlʊkɪŋ,释义待核实，不计入核心练习,
518,issues,起点,开始前自测,释义待核实，不进入核心练习,ˈɪʃuz,释义待核实，不计入核心练习,
519,april,起点,开始前自测,,ˈeɪprəl,n. 四月,We went to Japan last April.　去年四月我们去了日本。
520,never,起点,开始前自测,,ˈnɛvɚ,adv. 决不，永不；不会，不可能（表示惊讶或震惊）,You never help me.　你从不帮我。
521,users,起点,开始前自测,释义待核实，不进入核心练习,ˈjuzɚz,释义待核实，不计入核心练习,
522,complete,起点,开始前自测,,kəmˈplit,adj. 完全的，彻底的；全部的，完整的；完成的，结束的；技能全面的，技术娴熟的；向前传球成功的；v. 使完整，使完美；填写（表格）；完成，结束,We were in complete agreement.　我们意见完全一致。
523,street,起点,开始前自测,,ˈstrit,街道,This street is quiet.　这条街很安静。
524,topic,起点,开始前自测,,ˈtɑpɪk,n. 题目，主题；一般规则，总论,He spoke with authority on the topic.　他就这个课题发表权威意见。
525,comment,起点,开始前自测,,ˈkɑmɛnt,n. 评论，意见；批评，指责；说明，写照；<旧>解说，注释；（计算机）注解；v. 评论，发表意见；（计算机）注解，把（部分程序）转成注解；【名】 （Comment）（美、瑞、法）科门特（人名）,I forbore to comment on this.　我不欲评论它
526,financial,起点,开始前自测,,fəˈnænʃəl,adj. 财政的，金融的；<澳新，非正式>有钱的；<澳新>（俱乐部或社团成员）已缴费的；n. （组织或个人的）财务状况；金融公司股票,It's not just a financial matter.　这不只是个财务问题。
527,things,起点,开始前自测,释义待核实，不进入核心练习,ˈθɪŋz,释义待核实，不计入核心练习,
528,working,起点,开始前自测,,ˈwɝkɪŋ,adj. 有工作的；处于就业年龄的；与工作有关的；上班时间的，工作时间的；公事上的（早餐或午餐等）；从事体力劳动的；（机器、系统等）运转的，运作的；初步的，暂定的；尚可应付工作的，基本够用的；（议会票数）足够多数的；（动物）用于农业的，用作打猎的，用于看守的；（农场或企业）经营性的，营利性的；n. （设备、组织或系统的）工作方式，运行方式；矿坑，（矿内）工作区；工作，干活，劳动；班次，线路；（数学题的）计算过程，解答；v. 受雇于，从事……工作；工作，劳动；努力取得，力争（work 的现在分词）,She's working out in Australia.　她远在澳大利亚工作。
529,against,起点,开始前自测,,əˈɡɛnst,prep. 反对；（行为）违背……；（法律或法规）禁止；与……竞争；对……造成伤害（威胁，不利）；碰；倚着；逆向；以……为背景；与……相比；防备，抵御；讨厌某人，不赞同某人；作为（某物的）应付款项；（赌博用语）预计……的失败,He's dead against the idea.　他坚决反对这个想法。
530,standard,起点,开始前自测,,ˈstændɚd,n. （品质的）标准，水平，规范；正常的水平，应达到的标准；行为标准，道德水准（standards）；<英，史>（小学）（考试达到的）级别；法定度量衡标准；旗杆；流行曲调（或歌曲）；茎干挺直的树（或灌木）；（植）（蝶形花的）旗瓣；（植）（鸢尾属植物的）直立花瓣；直立水管（或煤气管）；adj. 普通的，标准的；（大小、尺寸、式样等）常规的，一般性的；权威的，广泛认可的；（语言）合乎规范的，符合标准的；茎干挺直的树（或灌木）；（整成树形并嫁接于挺直茎干上的）灌木,The paper was of non-standard size.　这种纸的大小不标准。
531,tax,起点,开始前自测,,ˈtæks,n. 税款；负担，重负；v. 对……征税；缴纳车辆牌照税；使负重担，使费力气；责备；<法律>审定（诉讼费用）；【名】 （Tax）（美、荷、奥、印、俄、德）塔克斯（人名）,Does the price include tax?　这个价钱是否包括税款？
532,person,起点,开始前自测,,ˈpɝsən,n. 人；自然人，法人；（用于不知其人是谁时）某人，家伙；（语法）人称；（用于复合词）从事……工作（或担任……职务）的人；人品，为人；身体，人身；喜爱（某事物）的人；（戏剧或故事中的）人物，角色；（基督教神学）（圣父、圣子、圣灵三位一体的）位；容貌，外表；【名】 （Person）（法、俄、德、瑞典）佩尔松，（英）珀森（人名）,He's a very tense person.　他是个神经非常紧张的人。
533,below,起点,开始前自测,,bɪˈloʊ,prep. （位置）在……下面； （数、量、水平等）在……以下；（职位、官衔等）低于；adv. 在下面；（数字或级别）在……以下；在下文中；在下层甲板；【名】 （Below）（英、德、芬、瑞、丹、加）贝洛（人名）,It's 15 degrees below freezing.　温度是零下15度。
534,mobile,起点,开始前自测,,ˈmoʊbəl,adj. 活动的，可移动的；行动方便的，行动自如的；流动性强的；（面部表情）易变的，多变的；机动的，车载的；与移动电话（或掌上电脑等技术）有关的；n. 活动的装饰品，悬挂饰物；移动电话,What's your mobile number?　你的手机号码是多少？
535,less,起点,开始前自测,,ˈlɛs,adv. 更少地，程度较低地；det. （与不可数名词连用）较少的，更少的；prep. 减去，扣除,"He ate little, and drank less.　他吃得不多，喝得更少。"
536,got,起点,开始前自测,释义待核实，不进入核心练习,ˈɡɑt,释义待核实，不计入核心练习,
537,blog,起点,开始前自测,释义待核实，不进入核心练习,ˈblɔɡ,释义待核实，不计入核心练习,
538,party,起点,开始前自测,,ˈpɑrti,n. 聚会，派对；政党，党派；<正式>（契约或争论的）当事人，一方；队，组，群；<正式>参加者；<非正式>人；v. <非正式> 尽情欢乐，欢宴；adj. （纹章）分割开的，分成不同颜色部分的,The party soon warmed up.　聚会很快活跃起来。
539,payment,起点,开始前自测,,ˈpeɪmənt,n. 支付款项，支付额；付款，支付；报答，报复,Payment is due on 1 October.　付款期限为10月1日。
540,equipment,起点,开始前自测,,ɪˈkwɪpmənt,n. 设备，用具；（对某人或某物的）装备过程；（做某事应具备的）素质，才能,New equipment is urgently needed.　亟需新设备。
541,login,起点,开始前自测,释义待核实，不进入核心练习,ˈlɔˌɡɪn,释义待核实，不计入核心练习,
542,student,起点,开始前自测,,ˈstudənt,学生,Are you a student?　你是学生吗？
543,let,起点,开始前自测,,ˈlɛt,v. 允许，准许，同意；使通过；任由，随；（用于提出建议或表示赞同）让我们；（提出帮助时说）让，由；（用于引出命令）要；但愿；（用于引出要说的话）让我（们）来；（计算时说）假设，设；（表示犹豫或思考）让我想想；（表示认为某人应该做某事）让；出租（房屋或土地）；（将工程）承包给某一竞标者； <古> 妨碍，阻碍；n. 擦网球，触网重发；<英>出租，租借；待租房，可出租房产；障碍；【名】 （Let）（缅）莱，（俄）莱特（人名）,Let me explain why.　让我来解释为什么。
544,programs,起点,开始前自测,释义待核实，不进入核心练习,ˈproʊˌɡræmz,释义待核实，不计入核心练习,
545,offers,起点,开始前自测,释义待核实，不进入核心练习,ˈɔfɚz,释义待核实，不计入核心练习,
546,legal,起点,开始前自测,,ˈliɡəl,adj. 法律允许的，合法的；与法律有关的，法律的；（与衡平法相对）普通法或成文法确认的；神学律法的，与神学律法有关的；<美>（纸张）标准大小的；【名】 （Legal）（法）勒加尔（人名）,What I did was perfectly legal.　我做的事情完全合法。
547,above,起点,开始前自测,,əˈbʌv,prep. （数量或度量）在……以上，超过；在（或向）……上面；（级别或地位上）高于； （重要性、质量）超过，胜过；（因善良或诚实正直而）不至于，不屑于（做某事）；（声音）比……更响亮，盖过；不受……影响，免于；（重要性、质量）超过，胜过；adv. （级别或地位上）高于；在（或向）上面，在（或向）较高处；高于，超出（特定数量、比率或标准）；上文，前文；adj. 前文述及的，上述的,Inflation is above 6%.　通货膨胀超过6%。
548,recent,起点,开始前自测,,ˈrisənt,adj. 最近的，最新的；（地质）全新世的 （Recent）,He seems unabashed by his recent defeat.　他似乎不为近期的失败感到羞耻。
549,park,起点,开始前自测,,ˈpɑrk,n. 公园；自然保护区；（乡间大宅的）庭园，园林；<英>足球场，橄榄球场；运动场，（尤指）棒球场；专用区，园区；<英>停车场；（汽车）制动；v. 停车，泊车；存放，寄存； （在某处）坐，站立（park yourself）；<非正式>把……搁置，推迟；【名】 （Park）（英、芬、瑞典）帕克（人名）,We took a turn around the park.　我们在公园里转了一圈。
550,stores,起点,开始前自测,释义待核实，不进入核心练习,ˈstɔrz,释义待核实，不计入核心练习,
551,side,起点,开始前自测,,ˈsaɪd,n. 一旁，侧边；（相对中间而言的）边，侧；侧面；方面，情况；立场，意见；一方，一派；边缘；体侧，肋部；身旁，身边；（平面图形的）边；一面；内壁，内面；（立方体的）面；斜面，坡面；一面纸的文字；<英， 非正式>自负，傲慢；运动队，球队；母系，父系，血统；<美>配菜；一扇（肉）；<英>电视频道；<西印度>（一对东西中的）一个，一只；（球的）侧旋；adj. 旁边的，侧面的；次要的，附带的；主菜外附加的；v. 支持，站在……一边；给......铺外墙板；给......装上侧面，形成......的侧面,The ship rolled from side to side.　船左右摇晃。
552,act,起点,开始前自测,,ˈækt,v. 行动；举动，表现；假装；表演，演出；担任；起作用；代理；（心理分析）行为表现；n. 行为，行动；法案；装模作样；（戏剧、歌剧等的）一幕；一段表演；节目；表演者，演出团体；发现某人正在（做某事）；判决书；<旧>会议记录，公报,Can you act as interpreter?　你能担任口译吗？
553,problem,起点,开始前自测,,ˈprɑbləm,n. 问题，难题，困难；疾病；（通过算数或仔细思考而解决的）题；（感觉上）不喜欢，不情愿；（尤指国际象棋等）棋式，排局；adj. 难对付的，成问题的,She's a good problem solver.　她是解决问题的高手。
554,red,起点,开始前自测,,ˈrɛd,adj. 红的，红色的；（毛发）红褐色的；（脸）涨红的；（眼睛）红肿的；革命的，激进的；（人）红种的；（纸牌中）红桃的，红方块的；（葡萄酒）红的；（表示停止）红（灯），红（旗）；被禁止的，危险的；（滑雪道上用红色标志指示）第二高难度的；（物理）表示夸克三种颜色之一的红色；赤色的（尤指冷战期间用于指前苏联）；沾有鲜血的；（古或诗/文）流血的；（科萨人）来自传统部落文化的；n. 红色，红颜料；红衣；红葡萄酒；红色物（或人）；赤字，亏空；激进分子；v. 整理（同 redd）,She was wearing red lipstick.　她涂着红色唇膏。
555,give,起点,开始前自测,,ˈɡɪv,v. 给，交给；赠送，赠与，送给；提供，供给；捐赠；支付，付款；将（时间、精力等）用于；举办，举行；表演，公开进行；允许；使产生（某种感觉）；使拥有（某一特性）；生产，引起；给（某人）打（电话）；告诉，说出，说明；给……评定（等级）；（把药等）注入，服入；看待，承认；做（动作）；传染；使受惩罚，让（某人）做；作出（决定或判决）；预计将持续（时间）；伸长，弯曲，断裂；让步，妥协；表示一种可能的情况或状态；n. 伸展性，弹性；适应（或顺应）能力，灵活性；【名】 （Give）（意）吉韦（人名）,I'll give you a demo.　我来给你作个示范。
556,memory,起点,开始前自测,,ˈmɛmɚi,存储器；存储量；n. 记忆力，记性；记忆，回忆；（计算机存储器的）存储量；（计算机的）存储器；对死者的记忆；记忆所及的时间（或范围）；【名】 （Memory）（英）梅默里（人名）,Memory is selective and fallible.　记忆有选择性而且会出错。
557,performance,起点,开始前自测,,pɚˈfɔrməns,n. 表演，演出；工作情况，表现；（投资的）业绩；执行，履行；麻烦，苦差事（a performance）；艺术上的表现，演技；（汽车的）性能；（语言学）语言表现，言语行为；adj. 性能卓越的，高性能的,Her performance was mesmerizing.　她的表演让人入迷。
558,social,起点,开始前自测,,ˈsoʊʃəl,adj. 社会的；社会地位的，社会阶层的；社交的，交际的；好交际的，合群的；群居的；n. 社交聚会，联欢会；<英>社会保障（the social）,She has a full social life.　她的社交活动非常频繁。
559,q,起点,开始前自测,释义待核实，不进入核心练习,ˈkju,释义待核实，不计入核心练习,
560,august,起点,开始前自测,,ˈɑɡəst,adj. 威严的，庄重的；；adj. 威严的，令人敬畏的；n. 八月（August）,Grouse shooting begins in August.　松鸡狩猎8月份开始。
561,quote,起点,开始前自测,,ˈkwoʊt,v. 引用，引述；举例说明；将......描述为；开价，报价；为（股票、黄金或外汇）报价；为......打出（某投注赔率）； 为（企业的股份）上市，挂牌；n. 引文，引语；报价，开价；（股票）报价，牌价；（建成某物或修理某物的）报价单；引号（quotes）；【名】 （Quote）（美、俄、澳、马、荷）克奥特（人名）,We'll send you a quote without delay.　我们会立即向你方报价。
562,language,起点,开始前自测,,ˈlæŋɡwədʒ,n. 语言，语言文字；言语，说话；（某一领域的）全部词汇，术语；计算机语言；语言风格，措辞；<非正式>粗话，脏话；（使用手势、动作或声音的）表达方式,Her language was not very ladylike.　她的语言不怎么文雅。
563,story,起点,开始前自测,,ˈstɔri,n. 故事；小说；n. （真实或虚构的）故事，叙述；新闻报道；（尤指口头的）叙述，描述；谎言，虚假的借口；（书籍、电影、戏剧等的）情节；纪事，史话；楼层；情况；（公司的）商业前景，商业现状；谣言，传闻；一种测量单位（1 story 等于 3.3 米）,The story goes like this.　故事是这样的。
564,sell,起点,开始前自测,,ˈsɛl,v. 出让，转让；出售，售卖；以……价钱出售；促销，推销；有销路；说服，使接受；<古> 出卖，做交易；<古> 欺骗；用以销售（一定数量）；n. <非正式> 销售，出售；推销品，销售品；<非正式> 让人失望的东西；推销术；【名】 （Sell）（德）泽尔，（英、芬、瑞典）塞尔（人名）,We only sell it by the metre.　我们只按米出售。
565,options,起点,开始前自测,释义待核实，不进入核心练习,ˈɑpʃənz,释义待核实，不计入核心练习,
566,experience,起点,开始前自测,,ɪkˈspɪriəns,n. 经历，往事；经验，阅历；传统；v. 经历，遭遇；体会到，感受到,It was a cathartic experience.　那是一次情感宣泄的体验。
567,rates,起点,开始前自测,释义待核实，不进入核心练习,ˈreɪts,释义待核实，不计入核心练习,
568,create,起点,开始前自测,,kriˈeɪt,v. 创造，创建；设计，创作；造成，引起；授予，册封；<英，非正式>大惊小怪，抱怨,We set business free to create more jobs.　我们让企业自由以创造更多的就业机会。
569,key,起点,开始前自测,,ˈki,n. 钥匙；（电脑、打字机或乐器的）键；关键，要诀；答案；音调，声调；图例，符号说明；低岛，礁；扳手；销子，楔；（文章、形势等）主调，基调；（梣树、枫树或无花果树的）翼果；板条间首层灰泥；（有助于石膏等黏附的）粗糙表面；罚球区；v. 键入；成为（获胜）的关键；<非正式>用钥匙划坏（汽车）；用别针（或楔子、栓）固定；将……的表面处理好；给（广告）加识别编码；adj. 关键的，主要的,The key doesn't fit the lock.　这把钥匙打不开这把锁。
570,body,起点,开始前自测,,ˈbɑdi,n. 身体，躯体；躯干；尸体；（与灵魂或精神相对的）肉体；<旧>（尤指某种类型或性格的）人；（建筑物、文件等的）主体，主要部分；车身，机身；衣身；器身，（球拍的）拍身；团体，机构，群体；大量；物体，天体；水域；（酒的）醇度，醇厚；（头发的）稠密度，浓密；（妇女或婴儿的）紧身衣裤；（制陶用语）坯体；v. 赋予（抽象事物）以形体，使具体化；制造（汽车）的车身；【名】 （Body）（英、法、罗）博迪（人名）,His body was solid and taut.　他身体结实，肌肉发达。
571,young,起点,开始前自测,,ˈjʌŋ,adj. 幼小的，年轻的；存在不久的，新成立的；（显得）年轻的，（显得）岁数不大的；适合年轻人的；由年轻人（或儿童）构成的，青少年的，平均年龄小的；夭折的，早逝的；n. 年轻人（the young）；幼崽，雏鸟；【名】 （Young）（英、葡）扬，（柬）永，（中）杨，（广东话）威妥玛（人名）,Her grandchildren keep her young.　她的孙子孙女让她保持年轻。
572,america,起点,开始前自测,释义待核实，不进入核心练习,əˈmɛrəkə,释义待核实，不计入核心练习,
573,important,起点,开始前自测,,ˌɪmˈpɔrtənt,adj. 重要的，重大的；（人）影响很大的，权威的；大量的，许多的；自负的，自命不凡的,He likes to feel important.　他喜欢感到自己很重要。
574,field,起点,开始前自测,,ˈfild,n. 田地，田野；专业，领域；现场，实地；体育场；全体参赛者；矿场，油田；战场；视野；（物理）场；信息栏，字段；外场员，防守队；盾面，底；v. 组建，派出；担任守方；接（球），守（球）；处理，应付（问题或电话）；adj. 实地的，野外的；（军事装备）轻便机动的，战役用的；（比赛）田赛的,He doubled to left field.　他将球击向左外场而跑上了二垒。
575,few,起点,开始前自测,,ˈfju,det. 一些，几个；很少，不多，几乎没有；pron. 一些人（或物）；很少的人（或物）；adj. 少数的；很少（的），几乎没有（的）,He kept a few dairy cows.　他养了几头奶牛。
576,east,起点,开始前自测,,ˈist,n. 东，东方（the east）；（世界或某个国家、地区或城市的）东部；东方（指亚洲南部和东部，包括印度、中国和日本）（the East）；（旧时）东欧共产主义国家（the East）；（桥牌）坐在东首位置的人（East）；adj. 近东的，面朝东的；（特定的地区、城市、国家或其居民）东部的；东风的；在教堂设有圣坛的一端的（实际上的东端）；adv. 向东，在东方,They live on the east coast.　他们住在东海岸。
577,paper,起点,开始前自测,,ˈpeɪpɚ,n. 纸；报纸；（工作、学习或个人的）资料，文件（papers）；证明，证件（如护照、身份证等）（papers）；政府报告，官方政策文件；<英>考试，答卷；（研究）论文，（学术）讲话；<美>（学校课程的）学期论文；墙纸，壁纸；有价证券；手纸，卫生纸；<俚>（剧院等娱乐场所的）免费入场券；v. 用墙纸裱糊（墙壁）；用墙纸覆盖（洞，污点）（paper sth. over）；掩盖（尴尬问题）（paper sth. over）；<俚>发免费入场券使（剧院）满座；adj. 纸做的，纸质的；书面的，印刷的；纸上的，有名无实的,Have you seen today's paper?　你看到今天的报纸没有？
578,single,起点,开始前自测,,ˈsɪŋɡəl,adj. 单一的，单个的；单身的，未婚的；各自的，分别的；单人的，单人用的；<英>（票）单程的；统一的；由一个部分构成的；（花）单瓣的；唯一的；（酒的）一份；n. 单曲唱片；（板球中的）一分打，（棒球中的）一垒打；单身者，未婚者；<英> 单程票；（旅馆等的）单人房间；单打（比赛）；<美，非正式> 一元纸币；（鸣钟术）不同次序鸣钟法；<美>（影剧院的）一张票，一个座位；一份酒；v. 挑选，选出；（棒球）击出一垒打；对（幼苗，幼树）进行间苗；将（铁轨）变成单线；以一垒打使（跑垒）得分,Are you still single?　你还是单身吗？
579,ii,起点,开始前自测,释义待核实，不进入核心练习,,释义待核实，不计入核心练习,
580,age,起点,开始前自测,,ˈeɪdʒ,n. 年龄，年纪；寿命，（物的）年代；法定年龄；时代，时期；年龄段；<非正式>很长时间；成长，年老，陈年；（地质）代；v. 变老，老化；（使）显老，（使）苍老；（使）变陈，（使）成熟；<英>推算年龄；【名】 （Age）（西、荷）阿赫，（瑞典）阿格，（日）扬（人名）,She's long past retirement age.　她早已超过了退休年龄。
581,activities,起点,开始前自测,释义待核实，不进入核心练习,ækˈtɪvətiz,释义待核实，不计入核心练习,
582,club,起点,开始前自测,,ˈklʌb,n. 俱乐部，社团；活动室，俱乐部大楼；职业运动俱乐部；夜总会；高尔夫球杆；击棍；（纸牌中的）梅花；v. 棒打；<非正式>泡夜总会；组成俱乐部；募集；集资；【名】 （Club）（巴、印、阿）克拉布（人名）,We had lunch at the golf club.　我们在高尔夫球俱乐部吃的午饭。
583,example,起点,开始前自测,,ɪɡˈzæmpəl,n. 例子，例证；榜样，楷模；典型，范例；例句，例题；警戒，受罚（以示警告）者；v. 得到说明，可加以举例说明,Let me give you an example.　让我来举一个例子吧。
584,girls,起点,开始前自测,释义待核实，不进入核心练习,ˈɡɝlz,释义待核实，不计入核心练习,
585,additional,起点,开始前自测,,əˈdɪʃənəl,adj. 附加的，额外的,Additional cream would make it too rich.　额外的奶油会使它过于油腻。
586,password,起点,开始前自测,,ˈpæˌswɝd,n. 密码；口令，暗语,You need a password to log on.　登录需要密码。
587,z,起点,开始前自测,释义待核实，不进入核心练习,ˈzi,释义待核实，不计入核心练习,
588,latest,起点,开始前自测,,ˈleɪtəst,adj. 最近的，最新的；<古>最迟的，最后的；n. 最新事物，最新消息（the latest）；最迟，最晚（at the latest）,The latest trend is gardening.　最新的时尚是园艺。
589,something,起点,开始前自测,,ˈsʌmθɪŋ,pron. 某事，某物；……或诸如此类的东西，……什么的；大致，大约，左右；什么什么（用于表示不记得人名、数字的余下部分或歌词等）；还算幸运的事；重要的人（或事）；（想法或建议）有道理，值得考虑；有点儿，有几分；adv. 稍微，有点；很，非常,Something was niggling her.　她有点烦心的事儿。
590,road,起点,开始前自测,,ˈroʊd,n. 路，公路，马路，街； 途径，方法，路子；（矿）地下巷道；<史>贸易路线；<美>铁路；<英>（列车可通行的）无障碍铁路路轨，特殊情况铁路路轨；近岸锚地，港外锚地；【名】 （Road）（英）罗德（人名）,His land abuts onto a road.　他的土地紧靠公路。
591,gift,起点,开始前自测,,ˈɡɪft,n. 礼物，赠品；恩赐，授予；轻而易举的事，绝对不会错失的机会；才能，天赋；v. 赠送；（无意中）让（对手）获得；【名】 （Gift）（英）吉夫特（人名）,She has a great gift for music.　她极有音乐天赋。
592,question,起点,开始前自测,,ˈkwɛstʃən,n. 问题，疑问；试题，题目；（待讨论或处理的）事情，议题；不确定，怀疑；v. 向……提出问题，盘问；对……提出质疑（异议），怀疑,That's a very hard question.　那是个很难的问题。
593,changes,起点,开始前自测,释义待核实，不进入核心练习,ˈtʃeɪndʒəz,释义待核实，不计入核心练习,
594,night,起点,开始前自测,,ˈnaɪt,夜晚,Good night. See you tomorrow.　晚安，明天见。
595,ca,起点,开始前自测,释义待核实，不进入核心练习,ˈkʌ,释义待核实，不计入核心练习,
596,hard,起点,开始前自测,,ˈhɑrd,adj. 硬的，坚固的；困难的；困苦的，艰苦的；费力的，努力的；坚强的，勇敢的；猛烈的，用力的；冷酷的，严厉的；寒冷的，凛冽的；可证实的，确凿的；刺眼的，（感觉上）难受的；（水）硬的；烈性的，强烈的；（酒）苦涩的；仔细的，认真的；严肃的；强壮的；（政治上）极端的；发硬音的；adv. 努力地，费力地；用力地，猛烈地；仔细地，认真地；沉重地，大量地；变硬；在最大程度上；n. <英>海滩路,She tried extra hard.　她特别努力。
597,texas,起点,开始前自测,释义待核实，不进入核心练习,ˈtɛksəs,释义待核实，不计入核心练习,
598,oct,起点,开始前自测,释义待核实，不进入核心练习,ˈɔkt,释义待核实，不计入核心练习,
599,pay,起点,开始前自测,,ˈpeɪ,v. 支付，付；偿还，缴纳；给予，致以；给……付工资；（投资等）产生……利润，（工作等）有……报酬；划算，有好处；付出代价；盈利；用沥青（或焦油）填塞（甲板或木船接缝）以防止漏水；（政府或机构通过提高价格、税率等使某人）为......买单；储蓄；n. 工资，薪水；付款；回报；adj. （电视节目）付费的，收费的,You'll pay for that remark!　你要为你的话付出代价的！
600,four,起点,开始前自测,,ˈfɔr,num. 四，四个；n. 四个人（或事）的一组；（板球）四分的一击；（衣服等）四号；四点的纸牌；四浆赛艇，四人划船队；adj. 四的；四个的,She bid four hearts.　她叫四红桃。
601,poker,起点,开始前自测,释义待核实，不进入核心练习,ˈpoʊkɚ,释义待核实，不计入核心练习,
602,status,起点,开始前自测,,ˈstætəs,n. 法律地位（或身份）；（尤指在社会中的）地位，身份；高级职位，社会上层地位；重视（或崇尚）程度；状况，情形,The party was denied legal status.　那个党没有获得合法地位。
603,browse,起点,开始前自测,,ˈbraʊz,v. 随意翻阅；（动物）吃草；（在商店里）随便看看；浏览信息；n. 随意的看，浏览；（动物吃的）植物；【名】 （Browse）（英）布劳斯（人名）,"We only model for browse, select, purchase, and pay.　我们只为浏览、选择、购买和支付建模。"
604,issue,起点,开始前自测,,ˈɪʃu,n. 议题，争论点；（报纸、杂志等的）期，号；发放，分配；（新股票或邮票等的）发行；子女，后嗣；流出，发出；<旧>结果，后果；v. 发表，颁布；分发，分配；正式发行；流出，发出；由……产生，由……得出,You're just avoiding the issue.　你只不过是在回避问题。
605,range,起点,开始前自测,,ˈreɪndʒ,n. （变动或浮动的）范围，界限；视觉（或听觉）范围；射程，射击距离；一系列；成套产品，系列商品；山脉；牧场，牧区；靶场，射击场，炸弹试验场；（尤指旧时的）炉灶；一排建筑物；<古>方向，走向；（飞机等交通工具的）续航距离；v. （在一定的范围内）变化，变动；（按一定位置或顺序）排列，排序；徘徊，四处移动；（文章或讲话）涉及，包括 ；（枪、炮、射击后校准）测距，（用雷达或激光）测距；支持，反对；自然生长，分布；与……联合起来，加入……行列；adj. <文>（生活方式）有秩序的，安定的,Our equipment is top of the range.　我们的设备是最昂贵的。
606,building,起点,开始前自测,,ˈbɪldɪŋ,n. 建筑物，房屋，楼房；建筑，建筑业；v. 建造；发展，建立；逐渐增强（build 的现在分词形式）,The building soared above us.　在我们眼前，那座大楼巍然高耸。
607,seller,起点,开始前自测,释义待核实，不进入核心练习,ˈsɛlɚ,释义待核实，不计入核心练习,
608,court,起点,开始前自测,,ˈkɔrt,n. 法院，法庭；球场；王宫，宫廷；朝臣；全体审判人员；庭院，院子；董事（会），理事（会）；（用于大型宅第和公寓街区的名称中）宅第，公寓大楼；v. 奉承，讨好；设法取得，追求；招致，引起（不愉快的事）；谈恋爱，求爱；【名】 （Court）（英）考特，（法）库尔（人名）,The court is now in session.　法庭现在正在开庭。
609,february,起点,开始前自测,,ˈfɛbjəˌwɛri,n. 二月,His exhibition opens on February 5.　他的展览2月5日开幕。
610,always,起点,开始前自测,,ˈɔlˌweɪz,adv. 总是，每次都是；一直，长久以来；永远；老是，一再；总还有（表示有另一种可能）,She always looks immaculate.　她总是打扮得干净利落。
611,result,起点,开始前自测,,rɪˈzʌlt,n. 结果，后果；（比赛或选举的）结果；（通过调查、研究、计算而获得的）结果；<英> 考试成绩；成效，成果（results）；经营业绩（results）；<英，非正式>（体育比赛中）胜局，获胜；v. 发生，产生；导致，造成（注明的结局或结果）；int. <非正式> 成功了！（Result!）,They were elated at the result.　他们对这一结果感到欢欣鼓舞。
612,audio,起点,开始前自测,,ˈɑdiˌoʊ,adj. 声音的，音频的；n. 声音，音频,This digital audio player supports multiple formats.　这台数字音频播放器支持多种格式。
613,light,起点,开始前自测,,ˈlaɪt,电灯；n. 光，光线；光源（如电灯）；某种光亮；交通信号灯；车灯；打火机，点火器； 角度，（事物呈现的）状态；眼光，处世标准（lights）；（对问题的）了解，启迪；眼神；亮色，浅色；窗，天窗，采光口；直棂窗窗玻璃上的竖框；杰出的人，有声望的人；<英>（字谜游戏中的）待填空格；adj. 浅色的，淡色的；采光好的，光线足的；天亮的，白天的；轻的，不重的；分量不足的；轻型的，轻便的；少量的，程度低的；不严厉的；（风）轻柔的；轻声的；（碰触）轻轻的；不累的，轻松的；不严肃的，愉快的；单薄的，不保暖的；（睡眠）不深的，易醒的；（饭食）简单的；酒精含量低的，低度酒的；（食物）清淡的，易消化的；（食物）松软的；（土地）轻质的；（字体）细体的,This pastry is so light.　这种酥皮糕点可真松软啊。
614,write,起点,开始前自测,,ˈraɪt,v. 写作，编写；写道；写信；书写，写字；谱写（音乐作品）；编写（计算机程序）；将（计算机中的）数据写入（磁盘或其他储存媒体）；填写（表格、支票等），拟定；（笔）能写字；拼写；<加，南非>参加（笔试）；书写，手写（与铅印相对）；以写作为生；承保（保险单）,He can't read or write.　他不会读，不会写。
615,war,起点,开始前自测,,ˈwɔr,n. 战争，战争状态；竞争，斗争，对抗；（为消灭有害事物的）长期斗争，顽强抵御；舌战，论战；军事，战术；v. 进行战争，斗争,The country is now at war.　这个国家正在打仗。
616,nov,起点,开始前自测,释义待核实，不进入核心练习,ˈnoʊv,释义待核实，不计入核心练习,
617,offer,起点,开始前自测,,ˈɔfɚ,v. 提供，给予；提议，表示愿意（做某事）；出（价），开（价）；提出，作出；表示（爱、友谊等）；（向上帝或神）奉献（祈祷、赞美），祭献（牺牲）； 试图（使用暴力，进行抵抗）；<古>发动，挑起（战争）；把……摆好（或放到位）（以便检测或评估其外观或状况）；<旧>（机会）出现；求婚；n. 主动提议，提供； 出价，报价； （商品的）特价，特惠；求婚,His offer was well meant.　他的提议是出于好心。
618,blue,起点,开始前自测,,ˈblu,adj. 蓝色的；忧郁的，沮丧的；<英，非正式> 保守的，守旧的；（笑话、故事等）黄色的，色情的；（由于冷或呼吸困难）发青的，青紫的；n. 天蓝色，蓝色；天空，大海；<英>（剑桥或牛津大学的）校队运动员，蓝色荣誉者；<澳新>红头发者；<澳新>错误，纰漏；<澳新>争论，殴打；近生的牛排；v. （使）变成蓝色；<史>用蓝色漂白剂洗（白色衣服）；<英，非正式>挥霍，乱花（钱财）,His eyes were piercingly blue.　他有一双敏锐的蓝眼睛。
619,groups,起点,开始前自测,释义待核实，不进入核心练习,ˈɡrups,释义待核实，不计入核心练习,
620,al,起点,开始前自测,释义待核实，不进入核心练习,ˈæl,释义待核实，不计入核心练习,
621,easy,起点,开始前自测,,ˈizi,adj. 容易的，不费力的；舒适的，自如的；随和的；轻浮的；平缓的；adv. 小心；容易地，悠闲地,He had a very easy manner.　他很容易相与。
622,given,起点,开始前自测,,ˈɡɪvən,adj. 规定的，指定的；倾向于；<古>（文件）（已在某日期由某人）签署的；赠送的；假定的，假设的；prep. 考虑到；如果，倘若；n. 假定事实,You've given me your cold.　你把感冒传染给我了。
623,files,起点,开始前自测,释义待核实，不进入核心练习,ˈfaɪlz,释义待核实，不计入核心练习,
624,event,起点,开始前自测,,ɪˈvɛnt,n. 事件，大事；社交场合，既定活动；赛事，比赛项目；<古>结果,The event is open to all comers.　所有人均可参加这项比赛。
625,release,起点,开始前自测,,riˈlis,v. 释放，放走；放开，松开；公布，发布；发行，上映；发泄，宣泄；排放（物质）；免除，解雇；放弃，让予；放松，使松弛；n. 释放，获释；排放，泄漏；释放装置；表达，宣泄；解脱，轻松感；新发行的东西；发表，发布；（责任等的）免除；<法律> 放弃，让予；<美> 传球；（设备的）松开,He refused to release her arm.　他不肯放开她的胳膊。
626,analysis,起点,开始前自测,,əˈnæləsəs,n. 分析；化验分析；心理分析，精神分析；分析报告,I agree with her analysis of the situation.　我赞成她对形势的分析。
627,request,起点,开始前自测,,rɪˈkwɛst,n. 要求，请求；要求的事，点播的歌曲；（要求计算机提供信息或执行另一任务的）指令；v. <正式>请求，要求；要求（某人）做……，请求（某人）做……；点播（乐曲）,Your request will be actioned.　你的要求会处理的。
628,fax,起点,开始前自测,,ˈfæks,n. 传真机；传真信件；传真；v. 传真（文档、信件等）；用传真与（某人）联系；【名】 （Fax）（美、瑞、巴、德）法克斯（人名）,What is your fax number?　你的传真号码是多少？
629,china,起点,开始前自测,释义待核实，不进入核心练习,ˈtʃaɪnə,释义待核实，不计入核心练习,
630,making,起点,开始前自测,,ˈmeɪkɪŋ,n. 制作，生产；素质，潜在能力；<美>材料，原料；使……成功的因素；<美，非正式>（自己动手卷烟用）纸和烟叶；v. 使得；进行；布置，准备，整理；制造（make 的现在分词形式）,I'm not making any promises.　我不是在作任何承诺。
631,picture,起点,开始前自测,,ˈpɪktʃɚ,n. 图片，绘画；照片；肖像；（电视或电影的）图像；情况，局面；脑海中的情景，形象；电影院（the pictures）；影片；描述；酷似的人（或物）；典范；v. 想象；绘画，拍摄；描绘；（在报纸、杂志等上）登载……的照片（或图片）,The picture hung aslant.　照片挂歪了。
632,needs,起点,开始前自测,释义待核实，不进入核心练习,ˈnidz,释义待核实，不计入核心练习,
633,possible,起点,开始前自测,,ˈpɑsəbəl,adj. 可能的，可能做到的；可能发生的，可能存在的；合乎事实的，合理的；尽可能……的；（用于形容词后表示强调）最好的（或最差的等）；可能的（但可能性很小）；（数字或分数）最高的；如果可能的话；n. 可能适合的人（事物）；可能性，能完成的事（the possible）；（尤指射击比赛的）最高分,We try to help whenever possible.　只要有可能我们都尽量帮忙。
634,might,起点,开始前自测,,ˈmaɪt,v. 可能，可以（may 的过去式）；（表示可能性）可能，也许；（用于礼貌地建议）可以，也许；（对某人未做某事表示不满）应该；也许，可能（表示某情况属实，另一情况也属实）；可以，能（用于说明目的）；究竟，到底；可以，能够（预料）；我可以这么说（表示强调接下来的陈述）；好像，似乎；也许不会/也许永远不会做某事；用于礼貌地谈论某人或某事物；n. 强大力量，威力；n. (Might) （美）迈特（人名）,Might I make a suggestion?　我可以提个建议么？
635,professional,起点,开始前自测,,prəˈfɛʃənəl,adj. 职业的，专业的；非常内行的，极为称职的；（人）职业性的，非业余的；由职业人员参加的；<非正式，贬>（人）坚持某种活动特征（或特点）的；n. 专业人员，专业人士；内行，专家；职业选手；（受雇于高尔夫或网球协会的）职业教练,He decided to turn professional.　他决定转为职业人员。
636,yet,起点,开始前自测,,ˈjɛt,adv. 仍然，还；现在，此刻；迄今为止，到目前为止；还需，还差；终归，迟早；又，甚至（强调增加或重复）；然而，尽管；conj. 然而，但是；【名】 （Yet）（东南亚国家华语）一（人名）,Billy can't count yet.　比利还不会数数。
637,month,起点,开始前自测,,ˈmʌnθ,n. 月，月份；一个月的时间；数月，很长时间（months）,Every month I have a sauna.　我每个月洗一次桑拿。
638,major,起点,开始前自测,,ˈmeɪdʒɚ,adj. 重大的，主要的；严重的；大调的，大音阶的； <旧>（公立学校中置于学生姓氏后，表示两兄弟中）大的，年长的；主修的；大（项）的；n. 主修科目，专业；陆军少校，（美国）空军少校；（某专业的）主修学生；<美，非正式>职业棒球大联盟；大型公司，重要企业；成年人，已达到法定年龄者；（军乐队中主管某一乐器部的）乐器长；大调，大音程； 大项，大前提；主要世界性组织（或公司、比赛）；v. （在美国大学）主修，专攻,She's an education major.　她主修教育学。
639,star,起点,开始前自测,,ˈstɑr,n. 星，恒星；演艺界明星，体坛名将；（电影、戏剧中的）主角，主演；重要人物，优秀人士；星状，星形物；星号；（饭店、宾馆等的）星级标志；（占星术的）星相，星座（stars）；一定会发生；<非正式>好心的人，乐于助人者；星章；Y形三相电绕组；星状网；用于海星或类似的棘皮动物的名字中；v. 主演，使主演；给……加上星号；表现杰出；用星形物装饰（或覆盖）；adj. 最好的，最出色的,She's a US soap star.　她是美国肥皂剧明星。
640,areas,起点,开始前自测,释义待核实，不进入核心练习,ˈɛriəz,释义待核实，不计入核心练习,
641,future,起点,开始前自测,,ˈfjutʃɚ,n. 未来，将来；前途，前景；期货；（动词的）将来时态；adj. 将来的，未来的；（动词）将来时态的,Our future looks uncertain.　我们似乎前途渺茫。
642,space,起点,开始前自测,,ˈspeɪs,n. 空间，空地；（尤指有特定用途的）空位，处所；（公共汽车等的）空座；开阔地，空旷处；开阔，空旷；太空，外层空间；宇宙空间；一段时间；属于自己的空间；空格，空行；版面，篇幅；广告专页，广告插播时间；（乐）（谱表的）线间空白；（电信）空号；v. 把（某物）隔开；在（词语等）之间加空格；变得昏昏沉沉，瞪着眼发呆,He needed space to be himself.　他需要自己的独立的空间。
643,committee,起点,开始前自测,,kəˈmɪti,n. 委员会；<英>受托人，监护人；<美>精神病者监护人,The committee meets on Fridays.　委员会每周五开会。
644,hand,起点,开始前自测,,ˈhænd,n. 手；（钟表的）指针；一局牌，一手牌；帮助，援手；工人；船员，水手；支配，掌管；作用，影响；鼓掌，拍手喝彩；<文>字迹；一手之宽（用来测量马匹的高度）；<旧>（女方的）允婚；表演艺人，制作工匠；comb. 用……手的；手工；v. 交，递；支持，搀扶；卷（帆）,His hand met hers.　他的手碰到她的手。
645,sun,起点,开始前自测,,ˈsʌn,n. 太阳（the sun）；日光，阳光；恒星；<文>成功，荣耀；<文>一天，一年；<文>被视为荣誉（或灵感、理解）源泉的人（或物）；v. 晒太阳，（尤指）日光浴；【名】 （Sun）（中）孙（普通话·威妥玛），（柬）孙，（缅）素，（土）松（人名）,"The sun came out, briefly.　太阳出来了，时间很短。"
646,cards,起点,开始前自测,释义待核实，不进入核心练习,ˈkɑrdz,释义待核实，不计入核心练习,
647,problems,起点,开始前自测,释义待核实，不进入核心练习,ˈprɑbləmz,释义待核实，不计入核心练习,
648,london,起点,开始前自测,释义待核实，不进入核心练习,ˈlʌndən,释义待核实，不计入核心练习,
649,washington,起点,开始前自测,释义待核实，不进入核心练习,ˈwɑʃɪŋtən,释义待核实，不计入核心练习,
650,meeting,起点,开始前自测,,ˈmitɪŋ,n. 会议，集会；偶遇，会面；与会者（the meeting）；<英>运动会，赛马会；宗教聚会；交锋，比赛；交汇处；v. 会面；会合（meet 的现在分词形式）,The meeting went off well.　会议进行得很好。
651,rss,起点,开始前自测,释义待核实，不进入核心练习,,释义待核实，不计入核心练习,
652,become,起点,开始前自测,,bɪˈkʌm,v. 变得，变成，成为；适合，使显得漂亮,Look how lazy we've become.　瞧我们变得有多懒。
653,interest,起点,开始前自测,,ˈɪntrəst,n. 兴趣，关注；吸引力，趣味；爱好；利息；利益，好处；权益，股权；利害关系，重要影响；利益集团，利益相关者；v. 使感兴趣，引起……的关注；劝说（某人）做（或参与）,Cross's interest heightened.　克罗斯的兴趣增强了。
654,id,起点,开始前自测,释义待核实，不进入核心练习,ˈɪd,释义待核实，不计入核心练习,
655,child,起点,开始前自测,,ˈtʃaɪld,孩子,The child is reading.　这个孩子正在读书。
656,keep,起点,开始前自测,,ˈkip,v. （使）保持，（使）留在；继续，重复；耽搁，延误；保有，留下；存放，储存；经营，管理；保鲜；保守（秘密）；遵守；记录，记载；饲养；供养；保护；（按规定）纪念，庆祝；守门；尊重（法律或习俗）；n. 生活必需品，生活费用；城堡主楼；【名】 （Keep）（英）基普（人名）,Let's keep in touch.　咱们保持联系。
657,enter,起点,开始前自测,,ˈɛntɚ,v. 进入；开始从事，开始做；参加，报名；登记，输入；正式提出；登场；n. 回车键；【名】 （Enter）（英）恩特（人名）,Knock before you enter.　进来前先敲门。
658,california,起点,开始前自测,释义待核实，不进入核心练习,ˌkæləˈfɔrnjə,释义待核实，不计入核心练习,
659,share,起点,开始前自测,,ˈʃɛr,v. 共享，合用；分享；分配；分担（责任），分摊（费用）；共同拥有（看法、特质或经历）；倾诉，吐露；n. 股份，股票；（共有财产的）部分所有权；责任，贡献；份额；（某物的）一个合理（或正常）的量；【名】 （Share）（美）沙雷（人名）,Share prices moved ahead today.　今天的股票价格上升了。
660,similar,起点,开始前自测,,ˈsɪməlɚ,adj. 相像的，类似的；（几何图形）相似的；n. <古>相似之人（或物）；顺势药物（指疗效与某些疾病症状相似的药物，为顺势疗法的基础）,The brothers look very similar.　弟兄几个长得很像。
661,garden,起点,开始前自测,,ˈɡɑrdən,n. 花园，菜园，果园；庭园；公园；（用于街名）街，广场；v. 做园艺工作，种植花木；【名】 (Garden）（英、意、巴基）加登（人名）,I've been digging the garden.　我一直在花园松土。
662,schools,起点,开始前自测,释义待核实，不进入核心练习,ˈskulz,释义待核实，不计入核心练习,
663,million,起点,开始前自测,,ˈmɪljən,num. 一百万，一百万个；n. 百万，百万个（人或物）；许多，无数；百万英镑（或美元）；adj. 许多的，无数的,Unfilled positions number several million countrywide.　全国的空缺职位数达到数百万。
664,added,起点,开始前自测,,ˈædəd,adj. 更多的；额外的；v. 增加（add 的过去式和过去分词）,"'And don't be late,' she added.　“还有别迟到。”她补充说道。"
665,reference,起点,开始前自测,,ˈrɛfɚəns,n. 提及，谈到；参考，查阅；（引自书或诗歌的）引言，引文；引文的作者，参考书目；（帮助或意见的）征求，征询； (为方便查询所用的）标记，编号；推荐信，介绍信；介绍人，推荐人；adj. 参考的，用于查阅的；文献索引的，参照的；v. 列出……的参考书目；提及，提到；引用，参照（某书或某作者）,The map reference is Y4.　地图编号为Y4。
666,companies,起点,开始前自测,释义待核实，不进入核心练习,ˈkʌmpəˌniz,释义待核实，不计入核心练习,
667,listed,起点,开始前自测,释义待核实，不进入核心练习,ˈlɪstəd,释义待核实，不计入核心练习,
668,baby,起点,开始前自测,,ˈbeɪbi,n. 婴儿；n. 婴儿，婴孩；动物幼崽；（家庭或团体中）最小的成员；幼稚的人，软弱的人；差事，责任；宝贝，亲爱的；喜欢的东西，宝贝东西；v. 把……当婴儿般对待，对……娇生惯养；小心翼翼地操作，小心对待,The baby loves bath time.　这婴儿喜欢洗澡的时候。
669,learning,起点,开始前自测,,ˈlɝnɪŋ,n. 学习；知识，学问；v. 学习，学会；得知，获悉；背熟，熟记；认识到，（从……）吸取教训 （learn 的现在分词）,I'm learning how to budget.　我正在学习怎样编制预算。
670,energy,起点,开始前自测,,ˈɛnɚdʒi,n. 能力，力气；精力，活力；能源；能，能量,She's always full of energy.　她总是充满活力。
671,run,起点,开始前自测,,ˈrʌn,跑步,I run on Sunday.　我周日跑步。
672,delivery,起点,开始前自测,,dɪˈlɪvɚi,n. 递送，投递；递送物；演讲风格，演说方式；分娩，生产；投球方式；adj. 运送的,Delivery is free of charge.　免费送货。
673,net,起点,开始前自测,,ˈnɛt,n. 网，网状物；因特网；球网，球门网；广播网，通讯网；安全网；捕鱼总量；净赚，纯利；（板球）练球场；（板球）一次练球；网眼织物；陷阱；候选人的选择面；adj. 净得的；净重的；最后的，最终的；v. 净赚，净得；设法获得，巧妙地做；（用网）捕捉；（篮球或足球）得分，进（球）；用网覆盖；（计算时）扣除……（以得出净额）,The ball rolled into the net.　球滚进了网。
674,popular,起点,开始前自测,,ˈpɑpjəlɚ,adj. 受大众喜爱的，受欢迎的；（想法、情绪或态度）普遍的；通俗的，大众化的；民众的，百姓的,The restaurant is deservedly popular.　这餐馆为大众喜爱是理所当然的。
675,term,起点,开始前自测,,ˈtɝm,n. 词语，术语；措辞（terms）；学期，开庭期；期限，任期；到期，期满；方面，角度（terms）；条件，条款（terms）；（人们之间的）关系（terms）；（数列、方程等的）项；（三段论中的）项；（建筑）界标；v. 把……称为,It's nearly the end of term.　学期快要结束了。
676,film,起点,开始前自测,,ˈfɪlm,n. 电影，影片；电影艺术，电影业；胶卷，底片；薄膜，薄层；纪实镜头，记录画面；<古>细丝；v. 录制，拍摄电影；（似）被覆盖上一薄层东西，变得朦胧；在……上覆以薄膜,Jenny's writing a film script.　珍妮在写一个电影脚本。
677,stories,起点,开始前自测,释义待核实，不进入核心练习,ˈstɔriz,释义待核实，不计入核心练习,
678,put,起点,开始前自测,,ˈpʊt,v. 放，放置；猛推，用力插入；将……送往，安置；使与……连接，安装；写下；使处于（某状态或情况）；使受到……的影响，把……施加给；给予（重视、信任、价值等）；把……视为（或列为）；表述，提出；使工作，使用；投掷（铁饼），推（铅球）；（船）（沿某个方向）行驶；谱曲；n. （铅球或铁饼的）投掷，推；（股票）put option 的简称；adj. 固定不动的,She's put her hair up.　她把头发挽在头上。
679,computers,起点,开始前自测,释义待核实，不进入核心练习,kəmˈpjutɚz,释义待核实，不计入核心练习,
680,journal,起点,开始前自测,,ˈdʒɝnəl,n. 杂志，期刊，报纸；日记，日志；（会计）日记账,Sara confided to her journal.　萨拉在日记中倾吐心事。
681,reports,起点,开始前自测,释义待核实，不进入核心练习,rɪˈpɔrts,释义待核实，不计入核心练习,
682,co,起点,开始前自测,释义待核实，不进入核心练习,ˈkoʊ,释义待核实，不计入核心练习,
683,try,起点,开始前自测,,ˈtraɪ,尝试,Let me try again.　让我再试一次。
684,welcome,起点,开始前自测,,ˈwɛlkəm,v. 欢迎，迎接；迎新；乐意接纳，欣然接受；乐于接受（已发生的事）；庆祝；adj. （某人）受欢迎的；令人愉快的；（表示乐于让某人做某事）可随意；尽管……好了（指非常乐意让别人拥有自己不想要的东西）；n. 欢迎，迎接；（对观念的）接受,We were given a royal welcome.　我们受到了盛大的欢迎。
685,central,起点,开始前自测,,ˈsɛntrəl,adj. 中央的，中心的；起支配作用的，有控制力的；最重要的，主要的；n. <美，非正式>活动中心,The house has gas-fired central heating.　这所房子有燃气中央供暖系统。
686,images,起点,开始前自测,释义待核实，不进入核心练习,ˈɪmədʒəz,释义待核实，不计入核心练习,
687,president,起点,开始前自测,,ˈprɛzəˌdɛnt,n. 总统，国家主席；（机构、俱乐部、学院等的）负责人，会长，院长，主席；（公司）董事长，（银行）行长，总裁；（基督教）圣餐主持教士,His aim was to become president.　他的目的是当总统。
688,notice,起点,开始前自测,,ˈnoʊtəs,n. 注意，察觉；通告，布告；公告牌，警示牌；通知；事先声明，警告；预先通知期；剧评，书评；辞职信，搬迁通知；（报纸、杂志上的）小型广告，简短通告；警告书，说明书；v. 意识，注意；留意；正式通知；简评；客气对待；<古>提到，谈到,He pretended not to notice.　他假装没注意。
689,god,起点,开始前自测,,ˈɡɑd,n. 神，神像，上帝，偶像，vt.像对神一样崇拜；n．上帝：宗教信仰中的至高无上的神灵，被认为是宇宙的创造者和主宰者。,He believes in God.　他信奉上帝。
690,original,起点,开始前自测,,ɚˈɪdʒənəl,adj. 起初的，原先的；原作的，真迹的；新创作的，未发表的；独创的，新颖的；有独到见解的，有独创性的；n. （艺术作品或文件的）原件，原稿；（文学作品中人物或地点的）原型；原版书，原版唱片；（根据服装展特制图样定做的）真品原板服装；<非正式>（举止、服装等）怪异滑稽的人，独特有趣的人,The original station opened in 1954.　原来的车站是1954年启用的。
691,head,起点,开始前自测,,ˈhɛd,n. 头；头脑，智力；顶部；排头；领导人，负责人；<英>校长，院长；人数，（动物的）头数；（植物的）叶球，头状花序；一头长，一头高；钉头，锤头；啤酒沫；（河流）源头；脓头；硬币正面（有人头像）；磁头；（短语的）中心词，主导词；水压，蒸汽压力；紧要关头；桌子的上首座位，床头；<非正式>头痛；蓄水高度，水头；v. 朝（某方向）行进；领导，主管；居……之首；加标题；用头顶（球）；形成……的头或顶部；砍（植物或树木的）枝；（莴苣，卷心菜）结球，长成球状；发源；adj. 领头的，负责的；头的；在顶端的；从前方来的,He shook his head tiredly.　他厌倦地摇了摇头。
692,radio,起点,开始前自测,,ˈreɪdiˌoʊ,n. 收音机；无线电收发设备；无线电通讯；无线电广播节目；无线电广播事业；广播电台（或频道）；v. 用无线电通讯（或发送信息）；【名】 （Radio）（西）拉迪奥（人名）,We heard it over the radio.　我们从广播中听到的。
693,until,起点,开始前自测,,ənˈtɪl,conj. 到……时，直到……为止；prep. 到……时，直到……为止；直到（某处）,She lay sleepless until dawn.　她躺在那儿，直到天亮才睡着。
694,cell,起点,开始前自测,,ˈsɛl,n. 细胞；小牢房；电解槽，电池；电芯；（政治组织的）小组，基层组织；（修道院中的）单人小室；（巢穴中单个的）巢室；（计算机屏幕上的）单元格；【名】 （Cell）（英）塞尔（人名）,Each cell of our bodies contains 46 chromosomes.　我们体内的每个细胞都有46条染色体。
695,color,起点,开始前自测,释义待核实，不进入核心练习,ˈkʌlɚ,释义待核实，不计入核心练习,
696,self,起点,开始前自测,,ˈsɛlf,n. 自己，自我；（指一个人）自己，本人；私心，私利；本人（用于商业函件、支票等）；（自己的）通常的行为方式，本来面目；adj. （装饰品，封面）与其他部分同质同色的；v. （主植）使自花授粉，使自体受精；（遗传）（动物、植物）同系繁衍，同系受精；自花受精,He has no self-confidence.　他毫无自信。
697,council,起点,开始前自测,,ˈkaʊnsəl,n. 委员会，理事会；政务委员会，地方议会；会议；（教会的）集会；adj. 地方政府廉租的；【名】 （Council）（英）康斯尔（人名）,The members left the council chamber.　议员离开了会议厅。
698,away,起点,开始前自测,,əˈweɪ,adv. 距离……有多远，距离……有多久；朝另一个方向；不在，离开；（放）在安全的地方；逐渐消失；一直，继续不断地；移走；（比赛）在客场；adj. （球队比赛）客场的；n. 客场比赛，客场获胜,The car purred away.　汽车咕隆着开走了。
699,includes,起点,开始前自测,释义待核实，不进入核心练习,ˌɪnˈkludz,释义待核实，不计入核心练习,
700,track,起点,开始前自测,,ˈtræk,n. 小道，小径；踪迹，足迹，车辙；（铁路的）轨道；（窗帘、推拉门等的）滑竿，滑轨；<美>（火车站的）站台；赛道，跑道；（移动的）路径，方向；（唱片或光盘等上的）歌曲，曲子；音轨，声道；（推土机等的）履带；径赛运动，田径运动；<美>（同龄学生依智力编排的）班，组；思路，行为方式；<美>（分轨制教育的）课程；（机动车辆轮胎的横向）轮距；v. 追查，追踪；（尤指用特殊电子设备）跟踪；记录……的进展；跟踪摄影，移动摄影；（录制设备的移动部件）运转正常；<美>把（学生）按能力分班（或组）；<美>留下（脏）足迹；（以某方式或沿某方向）移动；跟随（利率，股价等）；（电子）统调；从岸上拉（独木舟）前进,She sang on the backing track.　她是唱和声的。
701,australia,起点,开始前自测,,ɔˈstreɪljə,n. 澳大利亚，澳洲,She's working out in Australia.　她远在澳大利亚工作。
702,discussion,起点,开始前自测,,dɪˈskʌʃən,n. 讨论；论述，详述；谈话，辩论,The time for discussion is past.　讨论的时间已过。
703,archive,起点,开始前自测,,ˈɑrˌkaɪv,n. 存档材料，档案；档案室；v. 把……存档，把……归档,The system will archive the information so agencies can review it in detail.　该系统会将该信息存档，以便各代理机构能对其详细审阅。
704,once,起点,开始前自测,,ˈwʌns,adv. 一次， 一回；曾经，一度；任何一次，从来；乘以一；conj. 一.....就， 一旦；n. 一次,I've only been there once.　我只去过那里一次。
705,others,起点,开始前自测,释义待核实，不进入核心练习,ˈʌðɚz,释义待核实，不计入核心练习,
706,entertainment,起点,开始前自测,,ˌɛntɚˈteɪnmənt,n. 娱乐，娱乐表演；招待，款待,It was typical family entertainment.　这是典型的家庭娱乐活动。
707,agreement,起点,开始前自测,,əˈɡrimənt,n. 协议，协定，契约；共识；应允，同意；（在数、性或人称方面的）一致,Her head nodded in agreement.　她点头表示同意。
708,format,起点,开始前自测,,ˈfɔrˌmæt,n. 总体安排，计划，设计；（书或杂志的）开本，版式；（录像、激光唱片、磁带等的）格式；v. 为……编排格式；格式化,The leaflet is in PDF format.　这个传单用的是可移植文档格式。
709,least,起点,开始前自测,,ˈlist,adj. 一点儿；最少的（little 的最高级）；最微不足道的（little 的最高级形式）；用于极小动植物的名称，如least shrew（little 的最高级形式）；adv. 最低程度地；最少，至少；n. 最不重要的事物，最微小的事物；至少，起码,At least they died happy.　至少他们死时很幸福。
710,society,起点,开始前自测,,səˈsaɪəti,n. 社会（以群体形式生活在一起的人的总称）；社群（某国家、地区、时期等的群体组织）；社团，协会；上层社会；交往，相伴；阶层，界；植物的群落，动物的群体,Ours is a secular society.　我们的社会是个世俗社会。
711,months,起点,开始前自测,释义待核实，不进入核心练习,ˈmʌnθs,释义待核实，不计入核心练习,
712,log,起点,开始前自测,,ˈlɔɡ,n. 原木，圆材；正式记录，航海日志；对数；（定期或系统的）观察记录；船舶测速仪；v. 正式记录；行驶，行进（若干距离或时间）；伐木，砍伐；<美>成功获得，取得（成就）,You need a password to log on.　登录需要密码。
713,safety,起点,开始前自测,,ˈseɪfti,n. 安全；安全性；安全场所，安全的地方；安全方法，安全措施； <美>（枪炮的）保险栓，保险机（=safety catch ）；<美>安全分（持球进攻队员在己方端线后被拦截，防守方得两分）；<美>（位置远离争球线的）安全卫；<美，非正式> 安全套；（棒球）安打；安全设备；adj. （特征、措施）保障安全的,I managed to swim to safety.　我设法游到安全处。
714,friends,起点,开始前自测,释义待核实，不进入核心练习,ˈfrɛndz,释义待核实，不计入核心练习,
715,sure,起点,开始前自测,,ˈʃʊr,adj. 确信的，有把握的；肯定的，一定的；可靠的，准确的；一定会（发生或出现某种结果）的；紧紧的，坚定的；沉着自信的，胸有成竹的；adv. （表示同意）当然；确实，的确，诚然（用于肯定前半部分）；（回答他人的感谢）不用客气，应该的；真的，肯定，无疑（用于强调）；【名】 （Sure）（法、印、美、德）休尔（人名）,He sure looked unhappy.　他的确显得不高兴。
716,faq,起点,开始前自测,释义待核实，不进入核心练习,,释义待核实，不计入核心练习,
717,trade,起点,开始前自测,,ˈtreɪd,n. 贸易，买卖；行业；同行业者，同仁（the trade）；营业额，交易量；（尤指需要特殊技术和手工劳动的）职业，行当；交换，交易；<美> （体育界）转会，交换运动员；<英> 执照酒商；信风，贸易风（trades）；股票交易；v. 做买卖，做生意；营运，营业；（在证券交易所）交易，买卖；用……进行交换，互相交换；（某物）替代（某物）；对打，对骂；<美> 将（运动员）转会（或转队）；交换，对换（位置或处境）,America's trade gap widened.　美国的贸易差额加大了。
718,edition,起点,开始前自测,,əˈdɪʃən,n. 版本，版次；一集，一期,The first edition was published in 2002.　第一版于2002年发行。
719,cars,起点,开始前自测,释义待核实，不进入核心练习,ˈkɑrz,释义待核实，不计入核心练习,
720,messages,起点,开始前自测,释义待核实，不进入核心练习,ˈmɛsədʒəz,释义待核实，不计入核心练习,
721,marketing,起点,开始前自测,,ˈmɑrkətɪŋ,n. 促销，营销；v. 推销，促销；出售；做买卖（market 的现在分词形式）,She works in sales and marketing.　她在市场营销部工作。
722,tell,起点,开始前自测,,ˈtɛl,v. 告诉，告知；说，讲述；吐露，显示；看出，确切地判断；辨别，区别；命令，吩咐；告诉自己，暗自叮嘱；表明，说明；（不快的或令人疲倦的经历）产生效果，产生影响；泄密；数，计算；（通常指小孩）告状；警告，告诫；（某种因素）影响，起作用；n. （尤作纸牌用语）（泄露试图作弊的）不经意动作；（中东）台形（土墩）遗址（由远古人村落遗迹堆积而成的）；【名】 （Tell）泰尔（人名）,Maybe you should tell her.　也许你应该告诉她。
723,further,起点,开始前自测,,ˈfɝðɚ,adv. 更远地，再往前地；进一步；此外，而且；adj. 更多的，进一步的；（距离上）更远的，较远的；v. 促进，推进,Let's consider this point further.　让我们更深入地考虑这一点。
724,updated,起点,开始前自测,释义待核实，不进入核心练习,əpˈdeɪtɪd,释义待核实，不计入核心练习,
725,association,起点,开始前自测,,əˌsoʊsiˈeɪʃən,n. 协会，社团，联盟；交往，联合；联系，因果关系；联想,The association holds an annual reunion.　这个协会每年举行一次重聚会。
726,able,起点,开始前自测,,ˈeɪbəl,adj. 能够，有能力的；聪明能干的，精通（某事）的；【名】 （Able）（英）埃布尔，（伊朗）阿布勒（人名）,She was barely able to stand.　她勉强能站立。
727,having,起点,开始前自测,释义待核实，不进入核心练习,ˈhævɪŋ,释义待核实，不计入核心练习,
728,provides,起点,开始前自测,释义待核实，不进入核心练习,prəˈvaɪdz,释义待核实，不计入核心练习,
729,david,起点,开始前自测,释义待核实，不进入核心练习,ˈdeɪvɪd,释义待核实，不计入核心练习,
730,fun,起点,开始前自测,,ˈfʌn,n. 乐趣，享受；嬉戏，玩笑；adj. 有趣的，令人愉快的；v. <美，非正式> 开玩笑，取笑,Liz was fun to be with.　莉兹是与之相处有趣的人。
731,already,起点,开始前自测,,ɔlˈrɛdi,adv. 已经，早已；<美，非正式>马上，够了（用于表达不耐烦或气恼）,We've already been introduced.　我们已经介绍认识了。
732,green,起点,开始前自测,,ˈɡrin,adj. 绿色的；青春的；n. 绿色；青春；vt. 使……变绿色,She works for Bond & Green.　她在邦德—格林公司工作。
733,studies,起点,开始前自测,释义待核实，不进入核心练习,ˈstʌdiz,释义待核实，不计入核心练习,
734,close,起点,开始前自测,,ˈkloʊs,v. （使）关闭；合上，合拢；（使）暂时性关闭；（永久）停业，停止活动；（使）结束，（使）停止；关闭（计算机程序）；（股票等）收盘；拉近（距离），缩小（差距）；抱住，抓住，握住；（使）（伤口）愈合；封锁（公路、公园等）；完成，做成（交易等）；接通（电路）；adj. 接近的；酷似的，几乎相等的；快要……的；（坏事）险些发生的；近亲的；亲近的，亲密的；（关联）密切的；仔细的，全面的；势均力敌的；闷热的，不通风的；密集的，空间很小的；（头发或胡子）齐根的；守口如瓶的，掩饰感情的；吝啬的，小气的；严加保护（守卫）的；闭塞音的；adv. （空间或时间上）接近地,Our friends live close by.　我们的朋友住得不远。
735,common,起点,开始前自测,,ˈkɑmən,adj. 共同的，共享的；常见的，普遍的，一般的；普通的，平凡的；出于礼貌的，起码的；粗俗的，庸俗的；n. 公共用地，公地；校园公共食堂；<英，非正式>常识；（基督教教会适用于各种场合的）普通礼拜；平民,It's not a word in common usage.　这不是一个常用词。
736,drive,起点,开始前自测,,ˈdraɪv,v. 驾车送（人）；迫使，驱使；驱赶；敲，击；猛踢，猛击（球）；驱动；吹，刮；凿，挖掘；开车，驾驶；n. 驱车出行；强烈欲望，本能需求；私人车道；有组织的努力，运动；干劲，驱动力；驱动器；猛踢，猛击；驱赶，围歼；（用于路名）路，大道；<英>（有组织的）惠斯特牌戏等的比赛；（有自动传动装置的汽车的）自动挡；（从球座上）发球,Can't you drive any faster?　你难道不能开快点儿？
737,specific,起点,开始前自测,,spəˈsɪfɪk,adj. 明确的，具体的；特定的；特有的，独特的；有特殊功能的，有特效的；（生物）种的；（关税，税）按数量（根据固定税率）征取而非按货价征取的；（物理）（与参照物同一性质成）比率的；n. 细节，详情；特效药,I gave you specific instructions.　我给过你明确的指示。
738,several,起点,开始前自测,,ˈsɛvrəl,adj. 不同的，各自的；<法律>单独，各个；pron. 几个，数个；det. 几个，数个,I copied out several poems.　我抄录了几首诗歌。
739,gold,起点,开始前自测,,ˈɡoʊld,n. 金；金币，黄金制品；金色，金黄色；金牌；宝贵的东西，难能可贵的人；（箭术中的）靶心；adj. 金色的；金制的；【名】 （Gold）（英、法、德、西、罗、捷、瑞典）戈尔德（人名）,Gold rings adorned his fingers.　他的手指上戴着几枚金戒指。
740,feb,起点,开始前自测,释义待核实，不进入核心练习,ˈfɛbjəˌwɛri,释义待核实，不计入核心练习,
741,living,起点,开始前自测,,ˈlɪvɪŋ,adj. 活着的，活的；在使用的，在实施的；居住的，起居的；<文>（水）流淌不息的；活跃的；逼真的；n. 生计，收入；生活方式；活着的人（the living）；教区牧师的圣职（圣俸）；v. 居住；生活；生长；继续存在（live 的现在分词形式）,Where are you living now?　你现在住在哪里？
742,sep,起点,开始前自测,释义待核实，不进入核心练习,ˈsɛp,释义待核实，不计入核心练习,
743,collection,起点,开始前自测,,kəˈlɛkʃən,n. 收藏品，收集物；募捐；一堆（东西），一群（人）；系列时装；专辑，作品集；领取，收取；收集，采集；收账，收债；<英>（尤指牛津大学的）学院期初（或期末）考试,The art collection was his life's work.　收集艺术品是他一生的工作。
744,called,起点,开始前自测,,ˈkɔld,adj. 叫做，称作；v. 给……取名；称呼，把……唤作；把……看作，把……算作（ call 的过去式和过去分词）,'See you later!' she called.　“再见！”她叫道。
745,short,起点,开始前自测,,ˈʃɔrt,adj. 短暂的，短期的；（长度或距离）短的；个子矮的；简短的，短篇的；短缺的，稀少的；不够（长、高或远）的；缩写的；呼吸困难的；唐突的，无礼的；短音的；短球的；（板球）靠近击球手位置的；概率大的；（糕点）松脆的；（黏土）黏性差的；简直，无异于；n. <英>少量烈酒；电影短片；短裤（shorts）；<美>男用短内裤（shorts）；短音；细麸粉（shorts）；短路；卖空的人；短期证券（shorts）；adv. 达不到标准（或预期）地；突然，短暂；使变短地；短距离地,Short skirts are back.　短裙又流行起来了。
746,arts,起点,开始前自测,,ˈɑrts,n. 人文科学，文科；n. 技艺（art 的复数）；人文科学，文科,In his old age he became a benefactor of the arts.　他晚年成了一位艺术赞助人。
747,lot,起点,开始前自测,,ˈlɑt,"n. (常sing.) 一群，一批；小块土地；电影摄制场；（汽车经销处的）停车场；拍卖品；<英>全体成员；（尤指不太好的）命运, 处境；签，阄；一群，一批；v. （拍卖前）将（商品）分成批组；pron. 大量，许多；所有，全部",She earns a lot of money.　她挣很多钱。
748,ask,起点,开始前自测,,ˈæsk,v. 询问，打听；要求，请求；邀请，约请 ；指望，期待；【名】 （Ask）（芬、瑞典）阿斯克（人名）,Did you ask the price?　你问了价钱没有？
749,display,起点,开始前自测,,dɪsˈpleɪ,v. 展示，陈列；显露，表现；（计算机）显示；（为求偶）作炫耀行为；n. 展览，陈列；表演；（计算机屏幕上的）显示，显示器；流露，表现；炫耀行为,These statistics display a definite trend.　这些统计数据表现出一种明显的趋势。
750,limited,起点,开始前自测,,ˈlɪmətəd,adj. 有限的；受限的；受宪法限制的；（公司）有限责任的 (=Ltd)；n. 高级快车；v. 限制（limit 的过去式和过去分词形式）,"Unfortunately, my time is limited.　遗憾的是，我的时间有限。"
751,powered,起点,开始前自测,释义待核实，不进入核心练习,ˈpaʊɚd,释义待核实，不计入核心练习,
752,solutions,起点,开始前自测,释义待核实，不进入核心练习,səˈluʃənz,释义待核实，不计入核心练习,
753,means,起点,开始前自测,,ˈminz,n. 手段，方法；金钱；v. 意味着；表示……的意思，作……的解释；打算，意欲（mean 的第三人称单数）,He got rich by devious means.　他不择手段大发横财。
754,director,起点,开始前自测,,dɚˈɛktɚ,n. 导演；管理者，负责人；董事，理事；【名】 （Director）（英）迪雷克托（人名）,The director has the most to lose.　主任可能会损失最大。
755,daily,起点,开始前自测,,ˈdeɪli,adj. 每日的，日常的；一天的，按天计算的；adv. 每日，每天；日常地；n. 日报；<英>日工，女佣；（每天拍摄的）电影样片,They held daily press briefings.　他们召开了每日例行的新闻发布会。
756,beach,起点,开始前自测,,ˈbitʃ,n. 海滩，海滨；v. 把（船）拖上岸；搁浅；（垂钓者）钓（鱼）上岸；让（某人）受损；【名】 （Beach）（英）比奇（人名）,We cantered along the beach.　我们骑着马沿海滩慢跑。
757,past,起点,开始前自测,,ˈpæst,adj. 过去的，昔日的；刚过去的，刚结束的；完成的，结束的；（语法）过去时的；n. 过去，昔日（the past）；往事，经历；（语法）过去时，（动词的）过去式（the past）；prep. 晚于，在…...之后；在…...的更远处；经过，越过；超出，超过,The minutes dragged past.　时间一分一分地过去了。
758,natural,起点,开始前自测,,ˈnætʃɚəl,adj. 天然的，非人为的；合理的，意料之中的；天生的，本能的；不做作的，真实的；亲生的；<旧>私生的；符合是非判断的；自然科学的；本位音的；（织物）原色的，本白色的；（铜管乐器）无键（或孔）的；（与）泛音列音符和间隔（有关）的；（桥牌）（叫牌）实叫的；（基督教神学）物质世界的，非精神的；n. 有天赋的人；适合人选；本位音；白键；（纸牌、掷骰子中）最好的组合；天然鱼饵；白痴；【名】 （Natural）（西）纳图拉尔（人名）,He was not a natural leader.　他并非天生的领袖。
759,whether,起点,开始前自测,,ˈwɛðɚ,conj. 是否（表选择或可能性）；不管，无论；pron. <古>两个中的哪一个,Check whether a fuse has blown.　检查一下保险丝是否烧断了。
760,due,起点,开始前自测,,ˈdu,adj. 到期的，预期的；应有的，应得的；应付的，应给的；适当的；adv. 正对着；n. 应得，所得；会费,I'm still due 15 day's leave.　我还应有15天的休假。
761,et,起点,开始前自测,释义待核实，不进入核心练习,ˈɛt,释义待核实，不计入核心练习,
762,electronics,起点,开始前自测,,ˌɪˌlɛkˈtrɑnɪks,电子学；n. 电子学；电子设备，电子器件,I'm into electronics myself.　我自己对电子学很感兴趣。
763,five,起点,开始前自测,,ˈfaɪv,n. 五，五个；五美元钞票；num. 五，五个；adj. 五的；五个的,Britain won five gold medals.　英国夺取了五块金牌。
764,upon,起点,开始前自测,,əˈpɑn,adv. 在上面地；此后；prep. 在……上；用在一些动词后，与 on 同义；一……即……，一……就……；（用于两个相同的名词之间，强调数量之多）（一个）接（一个），……又……；将要发生，马上来临,The wedding season is upon us.　婚礼旺季即将来临。
765,period,起点,开始前自测,,ˈpɪriəd,n. 一段时间，时期；（人生或国家历史的）阶段，时代；（地质年代划分的）纪；课时，节；（练习、训练或学习的）时段；（妇女的）月经，经期；（体育比赛的）局；<美>句号，句点；（物理）（振动或循环的）周期；（天文）自转（或公转）周期；（数学）（周期函数的）周期；（化学）周期元素；（修辞）完整句；（乐）乐段，乐节；adj. 具有某个时代特征的；adv. <美>到此为止，不再说了,When did you last have a period ?　你上一次月经是什么时候？
766,planning,起点,开始前自测,,ˈplænɪŋ,n. 计划；规划；v. 计划，筹划；打算；设计；期望，预料（plan 的现在分词）,The trip needs careful planning.　这次旅行需要认真计划。
767,database,起点,开始前自测,,ˈdeɪtəˌbeɪs,n. （计算机）数据库，资料库,The system came with a database software package.　本系统配有数据库软件包。
768,says,起点,开始前自测,释义待核实，不进入核心练习,ˈsɛz,释义待核实，不计入核心练习,
769,official,起点,开始前自测,,əˈfɪʃəl,adj. 正式的，官方的，官方授权的；公务的，公职的；据官方的，公开宣称的（但可能并非事实）；官方场合的，（常指）正式公开的；被正式选用的；n. 官员，高级职员；（体育比赛中的）执法人，裁判员；<英>（大主教法庭，主教法庭或会吏总法庭的）主持法官,The news is not yet official.　这消息尚未经官方证实。
770,weather,起点,开始前自测,,ˈwɛðɚ,n. 天气，气象；恶劣天气（指寒冷、潮湿等），自然力；气象预报；处境；气候；v. （受风吹雨打而）（使）褪色，（使）风化；平安度过（困境）；（船）航行到（海角）的上风，安全绕过（海角）；使（板，瓦片）交搭向下倾斜以挡雨；让（鹰）在露天栖息一段时间；adj. 露天的；迎风的,What blooming awful weather!　多糟糕的天气！
771,mar,起点,开始前自测,释义待核实，不进入核心练习,ˈmɑr,释义待核实，不计入核心练习,
772,land,起点,开始前自测,,ˈlænd,n. 陆地，地面；土地（尤指耕地或建筑用地）；地产，地皮；农耕，农村生活；国度，国土；想象（或虚构）的地方；（枪炮）阳膛线；v. 着陆，降落；使（飞机）平稳着陆；登陆，上岸；（从船或飞机上）卸下（货物）；落下，跌落；<非正式>使陷入（困境）；<非正式>（令人不快的事）突然出现；<非正式>（尤指轻而易举或意外地）获得；打中（一拳）；【名】 （Land）（英、德、葡、瑞典）兰德（人名）,His land abuts onto a road.　他的土地紧靠公路。
773,average,起点,开始前自测,,ˈævɚɪdʒ,n. 平均水平，一般标准；平均数，平均值；（海损的）平均分担；（按保单规定应付赔偿额的）降减，均减；adj. 普通的，平常的；不好不坏的；平均（数）的；中等的，适中的；v. 平均为，平均达到；计算平均值；将……平均分配；（行情下跌时）买进更多的证券（或商品）以降低平均进价,Import duties still average 30%.　进口关税平均仍为30%。
774,done,起点,开始前自测,释义待核实，不进入核心练习,ˈdʌn,释义待核实，不计入核心练习,
775,technical,起点,开始前自测,,ˈtɛknɪkəl,adj. 工艺的，技术的；专业的，专门的；严格按照法律意义的，严格按字面解释的；（尤指体育或艺术等活动）技巧（上）的；与机器（或系统）运行相关的，技术性的；n. <美>（车后架设有机枪的）小卡车,We offer free technical support.　我们免费提供技术支持。
776,window,起点,开始前自测,,ˈwɪndoʊ,n. 窗，窗玻璃；（计算机屏幕的）视窗；（信封上的）透明纸窗；（商店的）陈列窗，橱窗；一丝的机会，短暂的时机；观察（或学习）的渠道；（办理业务的）窗口；（物理）大气窗；（干扰雷达用的）金属箔片,I climbed through the window.　我从窗口爬了出来。
777,france,起点,开始前自测,,ˈfræns,n. 法国；法郎士（姓氏）,England and France drew 3–3.　英格兰队与法国队打成三平。
778,pro,起点,开始前自测,释义待核实，不进入核心练习,ˈproʊ,释义待核实，不计入核心练习,
779,region,起点,开始前自测,,ˈridʒən,n. 地区，区域；行政区；<英>（首都以外的）地方（the regions）；身体部位；领域，界,Much of the region is lowland.　这地区大部分是低洼地。
780,island,起点,开始前自测,,ˈaɪlənd,n. 岛，岛屿；岛状物，孤立体；脑岛，胰岛；v. 使成岛（状），使孤立；【名】 （Island）（英）艾兰（人名）,We rowed around the island.　我们绕着岛划船。
781,record,起点,开始前自测,,rəˈkɔrd,n. 记录，记载；（某人或某物过去的）记录，经历；（尤指体育运动中的）最佳纪录，最好成绩；唱片；前科，犯罪记录；唱片乐曲；（计算机）记录（指作为一个单位处理的一批相关信息）；v. 记录，记载；录制；（仪器）显示，标示；（尤指体育上）获得（好成绩）；发表正式（或法律方面的）声明，申明；演奏音乐供录制；adj. 创纪录的,Profits were at record levels.　利润水平是创纪录的。
782,direct,起点,开始前自测,,dɚˈɛkt,v. 把……对准；管理，指导；给……指路；指引，引导；导演；指示，命令；交予，寄至；adj. 径直的，笔直的；坦率的；直射的；直接的，亲身的；正好的；直系的；adv. 径直地，直达地；亲自，直接,We flew direct to Hong Kong.　我们直飞香港。
783,microsoft,起点,开始前自测,释义待核实，不进入核心练习,ˌmaɪˌkroʊˈsɔft,释义待核实，不计入核心练习,
784,conference,起点,开始前自测,,ˈkɑnfɚəns,n. （大型、正式的）会议，研讨会；（小型正式的）商讨，讨论；体育协会（或联合会）,It was a good-humoured conference.　会议的气氛很愉快。
785,environment,起点,开始前自测,,ɪnˈvaɪrənmənt,n. 自然环境，生态环境；周围状况，条件；工作平台，软件包,Children need a caring environment.　儿童需要一个充满关怀的环境。
786,records,起点,开始前自测,释义待核实，不进入核心练习,rəˈkɔrdz,释义待核实，不计入核心练习,
787,st,起点,开始前自测,释义待核实，不进入核心练习,ˈstrit,释义待核实，不计入核心练习,
788,district,起点,开始前自测,,ˈdɪstrɪkt,n. 地区，区域；行政区，辖区；<英>（郡或区以下的）选区；v. <美>把……划分成区,I drove around the business district.　我绕着商业区行驶。
789,calendar,起点,开始前自测,,ˈkæləndɚ,n. 日历；日程表；记事录，大事记；历法；v. 把……排进日程表（或时间表），把……记入记事录,This is one of the biggest weeks in the racing calendar.　这是全年赛马日程表中最重要的几个星期之一。
790,costs,起点,开始前自测,释义待核实，不进入核心练习,ˈkɑsts,释义待核实，不计入核心练习,
791,style,起点,开始前自测,,ˈstaɪl,n. 方式，作风；款式，样式；（尤指服装上的）风尚，流行式样；风格，体；轻松优雅的方式；生活方式；发型；气派，优雅格调；文风，文体；称号，称谓；（植）（花的）花柱；（无脊椎动物的）尾片，尾须；v. 设计，给……造型；称呼，命名；使合潮流；用刻刀作装饰画；【名】 （Style）（英）斯泰尔（人名）,"He had a dense, ponderous style.　他的风格是词藻堆砌、冗长沉闷。"
792,url,起点,开始前自测,释义待核实，不进入核心练习,ˌjuˌɑˈrɛl,释义待核实，不计入核心练习,
793,front,起点,开始前自测,,ˈfrʌnt,n. 前面，正面；前线，前方；方面，领域；掩护；锋；海滨，湖畔；封面，头版；建筑物的面；（装出的）样子；（政治组织名称）阵线；胆大，自信；胸部；<古>（人的）脸，前额；adj. 前面的，正面的；（足球等）踢前锋的；（元音）舌前位的；起掩护作用的；（18穴高尔夫球场的）前9穴的；v. 领导（机构、乐队）；主持（电视节目）；面向；用……覆盖正面；提供资金；<古，澳新>面临，对抗；<澳新>露面，到达；以舌前位发（元音）；（语言学）将（句子成分）前置；为……作掩护,They nail shut the front door.　他们将前门钉死。
794,statement,起点,开始前自测,,ˈsteɪtmənt,n. 声明，报告；说明，说法，表态；结算单，报表；（某观点的） 表达；（嫌犯或证人向警方提供的） 陈述，证词；（文字）陈述，表述；评估报告（英国地方教育主管部门针对儿童的特殊需要而提出意见）；（乐）（作品主题或旋律的）呈现；（计算机程序中的）语句；vt. 对儿童进行特殊教育评估认定,We've got her statement on tape.　我们已经把她的陈述录在磁带上了。
795,update,起点,开始前自测,,əpˈdeɪt,v. 为……增加最新信息，更新；使现代化；向……提供最新信息；n. 最新报道，最新消息；（计算机软件的）更新；新型，新版,You'll need to update your card details directly on our website.　您需要直接在我们的网站上更新您的银行卡信息。
796,parts,起点,开始前自测,释义待核实，不进入核心练习,ˈpɑrts,释义待核实，不计入核心练习,
797,aug,起点,开始前自测,释义待核实，不进入核心练习,ˈɔɡəst,释义待核实，不计入核心练习,
798,ever,起点,开始前自测,,ˈɛvɚ,adv. 曾经，从来，在任何时候；一直，始终；越来越，愈发；究竟，到底；非常，确实；【名】 （Ever）（英）埃弗，（俄）叶韦尔，（西、法）埃韦尔（人名）,It's my best ever score.　这是我得到过的最好分数。
799,downloads,起点,开始前自测,释义待核实，不进入核心练习,ˈdaʊnˌloʊdz,释义待核实，不计入核心练习,
800,early,起点,开始前自测,,ˈɝli,早的；提早,I get up early.　我早起。
801,miles,起点,开始前自测,释义待核实，不进入核心练习,ˈmaɪlz,释义待核实，不计入核心练习,
802,sound,起点,开始前自测,,ˈsaʊnd,n. 声音，声响；听力范围，听距；乐音；（音乐演出、电影等的）音响录制和播出，音响制作；无线电广播；声音，音响；（个人或乐队的）音乐特色，音乐风格；<非正式>流行音乐（sounds）；海峡，海湾；厄勒海峡（the Sound）；印象，感觉；（检查体腔的）医用探子；v. （使）发声，（使）作响；发出（警告等），（以……语调）发表；测量（水体）的深度；试探，探询；听起来像；（从嗓音中）听起来；（用于谈论印象或观点）听起来，似乎；发音；听诊（肺或其他体腔）；（医）用探子检查（人的膀胱或其他内腔）；（尤指鲸鱼）向深海潜入；adj. 无损伤的，健康的，坚实的；合理的，明智的，可靠的；全面的，透彻的；酣睡的，沉睡的；（惩罚）严厉的；不错的，实实在在的；资金充实的,You don't sound very sure.　听你这口气，你自己也不大肯定。
803,resource,起点,开始前自测,,ˈrisɔrs,n. 自然资源；资源（指钱、物、人等）；有助于实现目标的东西，资料；（对付困境所需的）个人素质（resources）；（逆境中的）出路，应付办法；<正式> 谋略，智谋；v. 向……提供资金（或设备）,A country's principal resource is its brainpower.　一个国家最重要的资源是其人才库。
804,present,起点,开始前自测,,ˈprɛzənt,adj. （人）在场的，出席的；（事物）存在的；现在的，目前的；考虑中的，正在讨论的；（语法）现在时（态）的；历历在目的；n. 现在，目前；礼物，赠品；（语法）现在时；（举枪的）瞄准（姿势）；v. 颁发，赠送；出示（护照等供检查）；正式提交（支票，账单）；<正式> 正式引见，介绍；正式出席，到场；引起，造成；<正式>表达（歉意等）；提出，陈述；上映，播出；展示，表现；<英> 主持（广播或电视节目）；把……对准；<医>（病人）呈现症状,Her letters conflate past and present.　她的信把过去与现在结合在一起。
805,applications,起点,开始前自测,释义待核实，不进入核心练习,ˌæpləˈkeɪʃənz,释义待核实，不计入核心练习,
806,either,起点,开始前自测,,ˈiðɚ,conj. 或者，要么；两者都（不），既（不）；pron. （两者之中）任意一个；两者都（不）；adv. 也（不），亦（不）；而且，还,Pete can't go and I can't either.　皮特不能去，我也不能。
807,ago,起点,开始前自测,,əˈɡoʊ,adv. 以前，从前；adj. 以前的；【名】 （Ago）（美）阿戈（人名）,They kicked off an hour ago.　他们是1小时前开球的。
808,document,起点,开始前自测,,ˈdɑkjəmɛnt,n. 文件，公文，文献；证件，单据；（计算机）文件，文档；v. 记录，记载（详情）,The document bore her signature.　文件上有她的签字。
809,word,起点,开始前自测,,ˈwɝd,n. 字，词，单词；（某人说的）话，言语（words）；简短的交谈，谈话；命令，指示；消息，信息；诺言，承诺；口角，吵架（words）；（警告、建议、赞扬的）话，话语；歌词（words）；一个字（所说或所写的最小量）（a word）；（不同于行动的）言，言语；字（尤指16或32个字节的计算机数据基本单位）；《圣经》，福音（the Word）；v. 措辞，用词；int. <美> （表示接受或同意别人刚说的话）就是，说得对,We never doubted her word.　我们从不怀疑她的许诺。
810,works,起点,开始前自测,释义待核实，不进入核心练习,ˈwɝks,释义待核实，不计入核心练习,
811,material,起点,开始前自测,,məˈtɪriəl,n. 衣料，布料；材料，原料；素材；节目，剧目；（有指明特征的）人才；（某一活动所需的）材料；adj. 物质的，非精神上的；重要的，需予以考虑的；和推理内容有关的；【名】 （Material）（美、意）妈特力娅丽（人名）,This material is 45% nylon.　这种材料含45%的尼龙。
812,bill,起点,开始前自测,,ˈbɪl,n. [法] 法案；广告；账单；[金融] 票据；钞票；清单；vt. 宣布；开账单；用海报宣传；n. 比尔（男名）,Bill put the uneaten food away.　比尔把没吃的食物收了起来。
813,apr,起点,开始前自测,释义待核实，不进入核心练习,,释义待核实，不计入核心练习,
814,written,起点,开始前自测,,ˈrɪtən,adj. 书面的，（协议、规定、法律等）成文的，（测验、工作等）书面的；v. 书写；写作；写信（write 的过去分词形式）,Her written English is impeccable.　她写的英语无可挑剔。
815,talk,起点,开始前自测,,ˈtɔk,v. 说话，交谈，谈话；谈判，商讨；（就某一主题）演讲，作报告；讲（某种语言）；说服；<非正式>有说服力；招认，泄露秘密；议论，说闲话；<非正式>正在讨论；批评（某人）；（用信号、数字等）交流，传递信息；一直说到……为止；（书面）论述；n. 交谈，讨论；（政府、机构等之间的）正式会谈，谈判；（专题）报告，演讲；空谈；谣言；话题，说话方式；闲谈,They talk about it endlessly.　他们无休止地谈论这件事情。
816,federal,起点,开始前自测,,ˈfɛdɚəl,adj. 联邦（制）的；（与）联邦政府（有关的）的；中央集权式的；（美国内战时期）北部联邦政府的；n. 联邦探员，联邦政府官员；（美国南北战争时期）北部联邦政府支持者；【名】 （Federal）（英）费德勒尔（人名）,"Today is Presidents' Day, a federal holiday.　今天是总统纪念日，一个联邦假日。"
817,hosting,起点,开始前自测,释义待核实，不进入核心练习,ˈhoʊstɪŋ,释义待核实，不计入核心练习,
818,rules,起点,开始前自测,释义待核实，不进入核心练习,ˈrulz,释义待核实，不计入核心练习,
819,final,起点,开始前自测,,ˈfaɪnəl,adj. 最终的，结束的；(出现次序)最后的，末尾的；决定性的，不可变更的；无比的，极度的；n. 决赛；期末考试，课程终结考试；主调音；当日报纸的末版；（飞机进入着陆跑道的）最终边，第五边,The judges' decision is final.　裁判的决定为最终决定。
820,adult,起点,开始前自测,,əˈdʌlt,n. 成年人或动物；adj. 成年的，发育成熟的；成人的，理智的；（电影、杂志等）仅限于成人的；v. <非正式>像成年人一样表现；<非正式>变成熟,Each ticket admits one adult.　每张票只准许一位成人入场。
821,tickets,起点,开始前自测,释义待核实，不进入核心练习,ˈtɪkəts,释义待核实，不计入核心练习,
822,thing,起点,开始前自测,,ˈθɪŋ,n. 东西，物；（无生命的）物体，物件；个人物品，衣物（things）；器具，用品（things）；情形，事件；行为，活动；想法，观点；情况，形势（things）；……之类的东西，特定的事物；需要的东西，适当的东西；事实本身；（生活的）方面；目标，目的；生物，有生命的东西；家伙，东西（指人或动物，常带感情色彩）；（用于强调）任何东西；（某人喜欢或擅长的）事情；<非正式>（对某事物或某人的）喜欢，憎恶；烂东西，破烂玩意儿,The whole thing staggers me.　整件事让我震惊。
823,centre,起点,开始前自测,,ˈsɛntɚ,n. （地理位置）中间，中心点；（机构，组织）活动中心；关注点，焦点；中间派，中间立场；中锋；v. 把……放在中央；（使）以……为中心，（使）注意力集中于；（使）主要发生在，（使）集中于；【名】 （Centre）（澳、印、肯尼亚）森特尔（人名）,Tokyo is a major financial centre.　东京是主要的金融中心。
824,requirements,起点,开始前自测,释义待核实，不进入核心练习,rɪˈkwaɪrmənts,释义待核实，不计入核心练习,
825,via,起点,开始前自测,,ˈvaɪə,prep. 经由，经过（某一地方）；通过，借助于（某种手段或人）,We flew home via Dubai.　我们乘飞机经迪拜回国。
826,cheap,起点,开始前自测,,ˈtʃip,adj. 便宜的，廉价的；价低质劣的；小气的，吝啬的；卑劣的，可耻的；无足轻重的；简单的，容易获取的；adv. 低价地，便宜地,The meal was amazingly cheap.　这餐饭便宜得出奇。
827,kids,起点,开始前自测,释义待核实，不进入核心练习,ˈkɪdz,释义待核实，不计入核心练习,
828,finance,起点,开始前自测,,fəˈnæns,n. 财政，财政学；金融；vt. 负担经费，供给…经费；vi. 筹措资金,There remains the problem of finance.　财政问题仍然存在。
829,true,起点,开始前自测,,ˈtru,"Describes something that is accurate, genuine, or authentic.；adj. 真实的；正确的；adv. 真实地；准确地",This is not strictly true.　这不完全正确。
830,minutes,起点,开始前自测,释义待核实，不进入核心练习,ˈmɪnəts,释义待核实，不计入核心练习,
831,else,起点,开始前自测,,ˈɛls,adv. 此外，其他；否则，要不然；adj. 其他的，另外的；【名】 （Else）（英）埃尔斯，（德）埃尔泽，（芬、丹）埃尔塞（人名）,Everyone else was there.　其他所有人都在那儿。
832,mark,起点,开始前自测,,ˈmɑrk,"马克（男名）；n. 痕迹，污点；标识，记号；印记，特征；（品质或情感的）标志，迹象；分数；水平，标准点；（后接数词）型号；<英>燃气挡，温度刻度；（代替签名的）画押；目标，靶子；（比赛的）起点；<美>容易受骗的人；（赛马）附加重量级；（业余英橄）截球后喊 ""Mark""射门；马克（德国货币单位，合100芬尼）；马克（旧时西欧使用的金银重量单位）；波黑马克（波斯尼亚和黑塞哥维纳基本货币单位）；（尤指体育比赛的）最好成绩，纪录；v. 做记号，做标记；留下痕迹，弄污；标明方位，标示；分隔，标出（区域）；纪念，庆贺；表明，是……的迹象；成为……的特征；打分，评成绩；注意，留心；盯人防守，盯住（对手）；挑选，指定（mark sb. out for）；认定……为（某一类人）（mark sb. down as）；划掉，勾销；（澳橄）接球；（对人或物）造成永久性伤害",Mark Spitz was a great athlete.　马克·斯皮茨是一名伟大的运动员。
833,third,起点,开始前自测,,ˈθɝd,num. 第三；三分之一；（机动车变速器的）第三档；（音乐）三度音；n. 三分之一；三等学位（英国大学中低于平均水平的学位）；adj. 第三的；三分之一的,The favourite came third.　那个可望夺魁者得了第三名。
834,rock,起点,开始前自测,,ˈrɑk,n. 岩石；礁石；（尤指凸出地面的）岩块，大石块；碎石，石子；<非正式>钻石，宝石；摇滚乐；可信赖的人，靠山；<英>棒棒糖；<非正式>石毒，强效可卡因块；<俚>睾丸（rocks）；轻轻摇动，轻轻摇摆；v. （使）轻轻摇晃，缓缓摆动；（使）剧烈摇摆，猛烈晃动；使震惊，使害怕；<非正式>（尤指自信或惹人注目地）穿（衣）；<非正式>跳摇滚舞，奏摇滚乐；<俚>很好，棒极了；【名】 （Rock）（英、德、匈、意、瑞典）罗克（人名）,The keel hit the rock first.　船龙骨先撞到岩石。
835,gifts,起点,开始前自测,释义待核实，不进入核心练习,ˈɡɪfts,释义待核实，不计入核心练习,
836,europe,起点,开始前自测,释义待核实，不进入核心练习,ˈjʊrəp,释义待核实，不计入核心练习,
837,reading,起点,开始前自测,,ˈridɪŋ,n. 阅读，宣读；读物，阅读材料；文学知识；理解，解读；朗诵会，朗诵的作品；（宗教仪式上诵读的）《圣经》章节；（测量仪器的）读数；议案宣读（立法机关审议法案的程序）；v. 阅读，读懂；朗读；理解（read 的现在分词形式）；【名】 （Reading）雷丁（人名），雷丁（英，美）（地名）,I enjoy reading very much.　我非常喜欢阅读。
838,topics,起点,开始前自测,释义待核实，不进入核心练习,ˈtɑpɪks,释义待核实，不计入核心练习,
839,bad,起点,开始前自测,,ˈbæd,adj. 坏的，不好的，令人不悦的；难以接受的，令人遗憾的；粗鲁的，下流的；抱歉的，难过的；质量差的，不合格的；邪恶的，不道德的；顽皮的，不乖的；有病的，疼痛的；腐烂的，变质的；严重的，剧烈的；不明智的，不合适的；不利的，不幸的；拙于，不擅；无价值的，伪造的；<美，非正式> 非常好的（比较级badder，最高级baddest）；n. 坏人，坏事；adv. <美，非正式>很，非常；<美，非正式>厉害地,The play was embarrassingly bad.　这出戏很糟，令人难堪。
840,individual,起点,开始前自测,,ˌɪndəˈvɪdʒəwəl,adj. 单独的，个别的；个人的；独特的，与众不同的；n. 个人，个体；与众不同的人，有个性的人；某种类型的人,Some individual investors exulted at the record.　一些个人投资者为这一记录欢欣鼓舞。
841,tips,起点,开始前自测,释义待核实，不进入核心练习,ˈtɪps,释义待核实，不计入核心练习,
842,plus,起点,开始前自测,,ˈplʌs,prep. 加；外加，而且；（温度）零上；adj. （在数字后）多，余；略高于标准的；零上的，正的；有利的；正电的；n. 加号，正号；（数字的）加法；好处,Two plus five is seven.　二加五等于七。
843,auto,起点,开始前自测,,ˈɔtoʊ,adj. 汽车的；n. 汽车；comb. 与汽车相关的；自动的；自身的；自发的,The Auto Pact yoked Ontario into the United States economy.　《汽车协定》强行将安大略纳入了美国经济体。
844,cover,起点,开始前自测,,ˈkʌvɚ,v. 覆盖，遮盖；包括，涉及；报道；占（一片面积）；行走（一段路程）；足够支付；给……保险；顶替，代替；找借口，包庇；采取行动（保护自己）；掩护；守住，封锁；翻唱；（桥牌）盖打；n. 覆盖物，遮盖物；封面，封底；被子，床单；遮盖，覆盖；保险；掩护；掩饰，幌子；掩蔽处；代替；转录，翻唱；（板球）外场防守；（生态）盖度；【名】 （Cover）（英）科弗，（意）科韦尔（人名）,Cover me while I move forward.　掩护我前进。
845,usually,起点,开始前自测,,ˈjuʒəwəli,adv. 通常地，经常地,She usually wears long skirts.　她通常穿长裙。
846,edit,起点,开始前自测,,ˈɛdət,v. 编辑，校订；编选；剪辑；主编；n. 编辑，校订，剪辑；【名】 （Edit）（罗、匈）埃迪特（人名）,He undertook to edit the text himself.　他承诺亲自编辑正文。
847,together,起点,开始前自测,,təˈɡɛðɚ,adv. 在一起，共同；以使接触（或相结合），到一起；（位置）在一起，紧挨地；关系密切，有婚姻关系；同时，一齐；（团结）在一起，合作地；合计地，总和地；不间断地，接连地；靠着，贴着；adj. <非正式>自信而有条理的，沉稳的；（两人）结婚的，有性关系（或恋爱关系）的,We went everywhere together.　我们到哪里都一起去。
848,videos,起点,开始前自测,释义待核实，不进入核心练习,ˈvɪdioʊz,释义待核实，不计入核心练习,
849,percent,起点,开始前自测,,pɚˈsɛnt,n. 百分之……；部分；adj. 百分之……的；adv. 以百分之……地，每一百中有……地,Crime has gone down 70 percent.　犯罪率已下降了70%。
850,fast,起点,开始前自测,,ˈfæst,adj. 快的，迅速的；系牢的，紧缚的；寻欢作乐的；不褪色的；忠实的，可靠的；adv. 快速地；坚定地，牢固地；v. 斋戒，禁食,Night was fast approaching.　黑夜迅速降临。
851,function,起点,开始前自测,,ˈfʌŋkʃən,n. 功能，职责；宴会，典礼；函数，应变量；由其他事情造成的结果；子例行程序，子例程；官能团，功能团；v. 工作，运转；行使职责，发挥功能,Breathing is an automatic function of the body.　呼吸是一种无意识的身体功能。
852,fact,起点,开始前自测,,ˈfækt,n. 事实，真相；现实,Her argument was grounded in fact.　她的论述以事实为根据。
853,unit,起点,开始前自测,,ˈjunət,n. 单位；一件（商品）；（公寓楼的）单元；部件，元件；（家具的）组合件，配件；科，室，部门；班组，小队；（课本）单元；（计量）单位；个位数；<美>警车；学习量；<英>股份单位,The unit plugs into any TV set.　该部件可接入任何电视机。
854,getting,起点,开始前自测,释义待核实，不进入核心练习,ˈɡɛtɪŋ,释义待核实，不计入核心练习,
855,global,起点,开始前自测,,ˈɡloʊbəl,adj. 全球的，全世界的；全面的，整体的；（计算机）全局的；球形的,Global warming is a real problem.　全球变暖是个确实存在的问题。
856,tech,起点,开始前自测,释义待核实，不进入核心练习,ˈtɛk,释义待核实，不计入核心练习,
857,meet,起点,开始前自测,,ˈmit,v. 结识，被引见；（与某人）会面；偶遇，遇见；开会，会晤；迎接；交手，交战；交汇，相交；接触，连接；满足；经历，遭遇；支付；对付，应付；对视；被感知到；等同于，与……相符； 实现（计划），履行（诺言）；实现（计划），履行（诺言）；n. 运动会，赛事；<非正式>（尤指为不正当的目的）约会，碰头；猎狐活动；adj. <古>合适的，恰当的,Achcha! We'll meet at eight.　好吧！我们八点钟见。
858,far,起点,开始前自测,,ˈfɑr,adv. 远，遥远地；久远地；非常，很大程度上；发展，进展（到）；过分地；adj. 遥远的，久远的；另一边的，较远的；偏远的，极端的；【名】 （Far）（德、西、塞）法尔（人名）,We didn't go far.　我们没有走远。
859,economic,起点,开始前自测,,ˌɛkəˈnɑmɪk,adj. 经济的，经济学的；有利可图的；节约的,Economic recovery is here.　经济复苏现在开始了。
860,en,起点,开始前自测,释义待核实，不进入核心练习,ˈɛn,释义待核实，不计入核心练习,
861,player,起点,开始前自测,,ˈpleɪɚ,n. 运动员，选手；（乐器的）演奏者；<旧>演员，表演者；参与者，角色；（录音或录像的）播放器；<非正式>风流浪子；（用于剧团的名称中）剧团,She's an instinctive player.　她是个天生的运动员。
862,projects,起点,开始前自测,释义待核实，不进入核心练习,ˈprɑdʒɛkts,释义待核实，不计入核心练习,
863,lyrics,起点,开始前自测,释义待核实，不进入核心练习,ˈlɪrɪks,释义待核实，不计入核心练习,
864,often,起点,开始前自测,,ˈɔfən,adv. 常常，时常；在许多情况下,Old houses are often damp.　老房子大多都潮湿。
865,subscribe,起点,开始前自测,,səbˈskraɪb,v. 订阅，订购；定期缴纳会员费; 定期捐款赞助；认购（股票）；赞成，同意；〈正式〉签署（遗嘱、合同或其他文件）；申请，注册，报名；购买（一系列演出的）联票,Which journals does the library subscribe to?　图书馆订有哪些报刊？
866,submit,起点,开始前自测,,səbˈmɪt,v. 呈递，提交；屈服，不得已接受；建议，主张；使经受，使受到,Job applicants have to submit a specimen of handwriting.　求职者必须提交一份笔迹样本。
867,germany,起点,开始前自测,,ˈdʒɝməni,n. 德国,He had to go to Germany.　他不得不去德国。
868,amount,起点,开始前自测,,əˈmaʊnt,n. 数量，量；金额，钱数；（感情、质量的）程度；v. 达到，总计（amount to）；等于，意味着（amount to）；发展成，变成（amount to）,Only a minute amount is needed.　只需很少的一点。
869,watch,起点,开始前自测,,ˈwɑtʃ,观看,I watch a short video.　我看一个短视频。
870,included,起点,开始前自测,释义待核实，不进入核心练习,ˌɪnˈkludəd,释义待核实，不计入核心练习,
871,feel,起点,开始前自测,,ˈfil,v. 感受到，体会到；觉得，相信；使人感觉……；察觉到，意识到；触摸；受到；摸索；有知觉，能感知……；n. 感觉，气氛；触觉，手感；触摸；感知，理解；熟练使用；特性，特质,I feel ready to drop.　我感到快累垮了。
872,though,起点,开始前自测,,ˈðoʊ,conj. 虽然，尽管；可是，不过；adv. 不过，可是，然而,"He did reply, though not immediately.　他确实回复了，不过不是立马回复。"
873,bank,起点,开始前自测,,ˈbæŋk,n. 银行；储蓄罐；库存，库；河岸；斜坡；云团，雾团；一排，一组；庄家的赌本；（泥）滩，沙洲；v. 把（钱）存入银行，把……储存入库；与银行有业务往来；（飞机）倾斜飞行；使反弹；（把某物）堆积起来，聚集起来；（用煤等）封炉火；【名】 （Bank）（英、德、俄）班克，（法、匈）邦克（人名）,Where's the nearest bank?　最近的银行在哪儿？
874,risk,起点,开始前自测,,ˈrɪsk,n. 危险，风险；危险的人（或事物），隐患；（按风险大小评估的）被保险对象，受贷者；（保险业承保的）险；金融风险；v. 使遭受（失去、毁坏或伤害的）危险；冒......的危险，担......的风险；冒险做，（明知结果而）大胆做；【名】 （Risk）（英、阿拉伯）里斯克（人名）,You must be mad to risk it.　你去冒这种风险，简直是疯了。
875,thanks,起点,开始前自测,,ˈθæŋks,谢谢,Thanks for your help.　谢谢你的帮助。
876,everything,起点,开始前自测,,ˈɛvriˌθɪŋ,pron. 每件事物，（有关的）一切，万事；形势，情况；最重要的东西；n. （Everything）（印、美、澳）艾维辛（人名）,Everything is just ducky.　一切顺利。
877,deals,起点,开始前自测,释义待核实，不进入核心练习,ˈdilz,释义待核实，不计入核心练习,
878,various,起点,开始前自测,,ˈvɛriəs,adj. 各种各样的；迥异的，千差万别的；det. 不止一个的，各别的；pron. 不止一个的，各别的,He directed various TV shows.　他导演过各种电视节目。
879,words,起点,开始前自测,释义待核实，不进入核心练习,ˈwɝdz,释义待核实，不计入核心练习,
880,linux,起点,开始前自测,释义待核实，不进入核心练习,ˈlɪnəks,释义待核实，不计入核心练习,
881,jul,起点,开始前自测,释义待核实，不进入核心练习,,释义待核实，不计入核心练习,
882,production,起点,开始前自测,,prəˈdʌkʃən,n. （以销售为目的的）生产，制造；（对自然物的）加工，采集，生产；产量；（自然的）产生；（交通工具的）大量生产；（戏剧、电影、电视节目、唱片等的）制作；（戏剧、电影等的）上映，上演；（尤指从制作与公演等特点来看）影片，戏剧；音响效果，制作方式；<正式>出示，提供；<非正式>非常费力的事，非常复杂的事,Demand is outpacing production.　需求正在超过生产。
883,commercial,起点,开始前自测,,kəˈmɝʃəl,adj. 商业的，商务的；商业化的，以获利为目的的；由广告商支付的；（化学制品）大量供应且纯度不高的；n. 电视广告，电台广告,We hope it will be a commercial success.　我们希望它会是一次商业成功。
884,james,起点,开始前自测,释义待核实，不进入核心练习,ˈdʒeɪmz,释义待核实，不计入核心练习,
885,weight,起点,开始前自测,,ˈweɪt,n. 重量，分量，体重；重；杠铃，哑铃；砝码，秤砣；重体，重物；重量单位，衡制；重担，负担；影响力，重要性；大量的某物；投掷器械（包括铁饼、铅球、链球等）；（布料）表面密度；重心；（引力场作用于物体上的）重力；（统计）权重，权数；v. 加重量于，使变重；（经改动）使倾向于……；重视，加权重于；加重压于（马）上；对（织物）作加重处理；【名】 （Weight）（英）韦特，（捷）魏格特（人名）,I've gained weight recently.　最近我的体重增加了。
886,town,起点,开始前自测,,ˈtaʊn,城镇,My town has a park.　我的小镇有个公园。
887,heart,起点,开始前自测,,ˈhɑrt,n. 心，心脏；内心，感情；胸前；重点，核心；中心，中央；信心，勇气；（表示爱的）心形物；红桃牌，红心牌；菜心；同情，怜悯；爱情，情爱；（土地的）肥力；v. <非正式>喜爱，深爱；【名】 （Heart）（英）哈特（人名）,Her heart beat faster.　她的心跳加快。
888,advertising,起点,开始前自测,,ˈædvɚˌtaɪzɪŋ,n. 广告活动，广告业；（总称）广告；v. 登广告；公布，征聘；宣扬（advertise 的现在分词形式）,I work in advertising.　我在广告业工作。
889,received,起点,开始前自测,释义待核实，不进入核心练习,rəˈsivd,释义待核实，不计入核心练习,
890,choose,起点,开始前自测,,ˈtʃuz,v. 选择，挑选；情愿，决定,Choose whichever brand you prefer.　挑选你喜欢的那个品牌。
891,treatment,起点,开始前自测,,ˈtritmənt,n. 对待，待遇；处理，讨论；治疗，医治；（净化或防治）处理，加工；护理，护理品；<非正式>极致； 对待，待遇,The treatment is painless.　这种治疗无疼痛。
892,newsletter,起点,开始前自测,,ˈnuzˌlɛtɚ,n. （机构定期寄发给成员的）通讯，简报,We issue a monthly newsletter.　我们出版一份通讯月刊。
893,archives,起点,开始前自测,释义待核实，不进入核心练习,ˈɑrˌkaɪvz,释义待核实，不计入核心练习,
894,points,起点,开始前自测,释义待核实，不进入核心练习,ˈpɔɪnts,释义待核实，不计入核心练习,
895,knowledge,起点,开始前自测,,ˈnɑlədʒ,n. 知识，学问；知道，了解；计算机系统存储的信息；（与见解相对的）认知；【名】 （Knowledge）（南非）诺利奇（人名）,His knowledge of music is extensive.　他音乐知识很广博。
896,magazine,起点,开始前自测,,ˈmæɡəˌzin,n. 杂志，期刊；（电视、广播）专题节目；弹匣，弹仓；胶卷盒，底片盒；弹药库，军火库,She used to edit a women's magazine.　她曾主编过妇女杂志。
897,error,起点,开始前自测,,ˈɛrɚ,n. 错误，差错；（棒球、网球等运动中的）失误,It was an error on my part.　那是我的过失。
898,camera,起点,开始前自测,,ˈkæmɚə,n. 照相机；摄影机；n. （Camera）人名；（英、意、西）卡梅拉,The camera whirred and clicked.　相机发出嗡嗡声和喀嚓声。
899,jun,起点,开始前自测,释义待核实，不进入核心练习,ˈdʒʌn,释义待核实，不计入核心练习,
900,girl,起点,开始前自测,,ˈɡɝl,n. 女孩；姑娘，未婚女子；女职员，女演员；（男人的）女朋友；n. (Girl)（捷）吉尔（人名）,She's a really weird girl.　她真是个古怪的女孩。
901,currently,起点,开始前自测,,ˈkɝəntli,adv. 现时，当前,"Currently, the show is in Boston.　目前，这场展览会正在波士顿举行。"
902,construction,起点,开始前自测,,kənˈstrʌkʃən,n. 建造，建筑；创立，构建；构造，结构；建筑物；语法结构；解释，理解,The railway is still under construction.　这条铁路仍在建设之中。
903,toys,起点,开始前自测,释义待核实，不进入核心练习,ˈtɔɪz,释义待核实，不计入核心练习,
904,registered,起点,开始前自测,释义待核实，不进入核心练习,ˈrɛdʒɪstɚd,释义待核实，不计入核心练习,
905,clear,起点,开始前自测,,ˈklɪr,adj. 易懂的，明白的；明显的，明确的；完全了解的，清楚的；透明的，清澈的；易看清的，听得清的；（颜色）明亮的，鲜明的；（皮肤）光洁的；没有问题的，健康的；晴朗的；畅通的，无阻碍的；（时间）空闲的；完整的；问心无愧的，清白的；头脑清醒的，思维敏锐的；（比分）领先的；未碰触的，悬离的；摆脱掉（不愉快事物）的；（钱款）净得的，纯收入的；发音清晰的；v. 清除，清理；恢复畅通，不再受阻；证明……无罪；批准，许可；准许……入境（出境）；（使）不再困惑，（使）变清醒；获利，净赚；清偿（债务）；兑现（支票）；（天气）变晴朗；（液体）变清澈；（视力）变清晰；（烟雾等）开始消失；（皮肤）变光滑，变健康；（表情）放松，舒展；使离开，清场；穿过，越过；解决，成功地处理；做完（所有工作）；踢出解围球；adv. <美>一直；离开，不靠近；清除了地，理清了地；全地，整地，满地，足地；清楚地，清晰地,The photo wasn't very clear.　这张照片不太清晰。
906,golf,起点,开始前自测,,ˈɡɑlf,n. 高尔夫球运动；（无线通讯中的）字母G的代码；v. 打高尔夫球；【名】 （Golf）（西、挪）戈尔夫（人名）,His favourite pastime is golf.　他最喜欢的消遣是打高尔夫。
907,receive,起点,开始前自测,,rəˈsiv,v. 得到，收到；遭受，经受（特定待遇）；对……作出反应；接待，招待；接收（某人为成员）；接收，收听（信号）；（通过无线电）听到；购买，窝藏（赃物）；接（球）；领受（圣餐面包或葡萄酒）；接受（治疗）；形成（看法，印象）；容纳，承接,"He will receive $6,000 in back pay.　他将收到$6000的欠薪。"
908,domain,起点,开始前自测,,doʊˈmeɪn,n. 领域，范围；领土，势力范围；（因特网上的）域；（函数的）定义域；地产；【名】 （Domain）（英、法）多曼（人名）,Physics used to be very much a male domain.　物理学曾在很大程度上是男人的领域。
909,methods,起点,开始前自测,释义待核实，不进入核心练习,ˈmɛθədz,释义待核实，不计入核心练习,
910,chapter,起点,开始前自测,,ˈtʃæptɚ,n. 章，回，篇；阶段，时期；分会，分部；议会法案；一系列，一连串（a chapter of）；全体教士；宗教团体理事会；v. 把……分成章节,I've just finished Chapter 3.　我刚完成第3章。
911,makes,起点,开始前自测,释义待核实，不进入核心练习,ˈmeɪks,释义待核实，不计入核心练习,
912,protection,起点,开始前自测,,prəˈtɛkʃən,n. 保护，防护；保护物，护身符；保险；避孕（措施）；保护费；贸易保护，关税保护制；保护条例，保护措施；（登山）安全保护器材数量与质量,He asked to be put under police protection.　他请求警方保护。
913,policies,起点,开始前自测,释义待核实，不进入核心练习,ˈpɑləsiz,释义待核实，不计入核心练习,
914,loan,起点,开始前自测,,ˈloʊn,n. 贷款，借款；借用，借出；<苏格兰>（尤指通向开阔地的）小径；（未开垦的开阔的）挤奶牧场；v. 借出，借给,Should I take out a loan?　我该去贷款吗？
915,wide,起点,开始前自测,,ˈwaɪd,adj. 广泛的；宽的，广阔的；张大的；远离目标的；adv. 广泛地；广阔地；充分地；n. 大千世界,How wide is that stream?　那条小溪有多宽？
916,beauty,起点,开始前自测,,ˈbjuti,n. 美丽，漂亮；美好的事物，上品；美人，美女；魅力，吸引人之处；优点，妙处；美容品，化妆品；adj. （产品、工作或活动）美容的,Her beauty overpowered him.　她的美貌令他倾倒。
917,manager,起点,开始前自测,,ˈmænədʒɚ,n. （公司、部门等的）经理；（艺人或运动员的）经纪人；（运动队的）管理人，主教练；管理某物的人；（计算机）管理程序,The manager was fat and jolly.　经理胖乎乎乐呵呵的。
918,india,起点,开始前自测,释义待核实，不进入核心练习,ˈɪndiə,释义待核实，不计入核心练习,
919,position,起点,开始前自测,,pəˈzɪʃən,n. 位置，方位；姿势，安置方式；处境，状况；观点，立场；地位，身份；职务，职位；名次；（队员的）职责，角色；恰当位置；阵地；持有状态；（逻辑）命题，主张；v. 安置，使处于；为（产品）定位,What position does he play?　他打哪个位置？
920,taken,起点,开始前自测,释义待核实，不进入核心练习,ˈteɪkən,释义待核实，不计入核心练习,
921,sort,起点,开始前自测,,ˈsɔrt,n. 种类，品种；某一种（或某一类）人；（计算机对信息的）分类，排序；<古>程度，方式；v. 整理，把……分类，拣选；妥善处理，安排妥当；交往；协调,Let's try to sort out the mess.　我们来收拾一下残局吧。
922,listings,起点,开始前自测,释义待核实，不进入核心练习,ˈlɪstɪŋz,释义待核实，不计入核心练习,
923,models,起点,开始前自测,释义待核实，不进入核心练习,ˈmɑdəlz,释义待核实，不计入核心练习,
924,michael,起点,开始前自测,释义待核实，不进入核心练习,ˈmaɪkəl,释义待核实，不计入核心练习,
925,known,起点,开始前自测,,ˈnoʊn,adj. 已知的，已发现的；知名的，出了名的；v. 知道（know 的过去分词形式）,His books are not well known.　他写的书不太有名。
926,half,起点,开始前自测,,ˈhæf,n. 一半，二分之一；半场，半局；（足球、橄榄球等的）中场队员；<英，非正式>半品脱；<英，非正式>儿童半票；<英>半学年，一学期；（高尔夫）一穴击球得分与对手相等；pron. 一半；（时间）……点半（=half past）；大量，许多；det. 一半,His eyes were half closed.　他的双眼半闭着。
927,cases,起点,开始前自测,释义待核实，不进入核心练习,ˈkeɪsəz,释义待核实，不计入核心练习,
928,step,起点,开始前自测,,ˈstɛp,n. 迈步，脚步；台阶，梯级；措施，手段；阶段，进程；一步（的距离）；舞步；步态，步姿；<英>折梯，梯子；踏板操；健身踏板；<美>音级，度；脚步声；等级，级别；桅座；（量值，尤指电压的）突然改变落差；（在倾斜的冰上凿出的）踏脚处；v. 跨步，迈步；踏，踩；做，采取行动；（短距离）移动；竖立（桅杆）于桅座上,She took a step nearer.　她走近一步。
929,engineering,起点,开始前自测,,ˌɛndʒəˈnɪrɪŋ,工程学；n. 工程，工程学；控制，引导，管理；筹划，出谋划策；v. 设计，建造；策划，精心安排（engineer 的现在分词形式）,She works for an engineering company.　她在一家工程公司工作。
930,florida,起点,开始前自测,释义待核实，不进入核心练习,ˈflɔrədə,释义待核实，不计入核心练习,
931,simple,起点,开始前自测,,ˈsɪmpəl,adj. 简单的，简明的；简朴的，朴素的；纯粹的，完全的；结构单一的，简易的；普通的，平凡的；愚笨的，迟钝的；（动词时态）简单的；（数）简单的；（叶、茎）没有分杈的；（镜头、显微镜等）单镜头的；（利息）单利的；（句子）无从句的；n. <史> 草药，药草；出身低微者；笨蛋；【名】 （Simple）（法）桑普勒（人名）,The poem uses simple language.　这首诗用语简单。
932,quick,起点,开始前自测,,ˈkwɪk,adj. 迅速的，快的；持续时间很短的，短暂的；敏捷的，脑子反应快的；马上的，即刻的；性情急躁的，容易发怒的；adv. <非正式> 以很快的速度；<非正式>迅速发生地，很快发生地；n. （指甲下的）活肉（the quick）；<文>要害，核心（the quick）；<古>活着的人们（the quick）；<非正式>（板球）快投手,He kept giving quick blinks.　他不停地快速眨眼。
933,none,起点,开始前自测,,ˈnʌn,pron. 全无；adv. 毫无，绝不（none the）；（与 too 加形容词或副词连用）绝不；n. 申初经（天主教七段祈祷时间中的一部分，通常在一天中的第九个小时 下午3点）,None of them could sing in tune.　他们中没有一个人能唱得合调。
934,wireless,起点,开始前自测,,ˈwaɪrlɪs,adj. 无线的，使用无线电信号的；n. 无线电发射和接收系统；<旧>无线电收音机；v. 用无线电报与…联系，打无线电话,This should be a wireless process.　这应该是一个无线的过程。
935,license,起点,开始前自测,,ˈlaɪsəns,n. 执照，许可证；特许（同 licence）；vt. 许可；特许；发许可证给,Your license is no longer valid.　你的执照失效了。
936,paul,起点,开始前自测,释义待核实，不进入核心练习,ˈpɔl,释义待核实，不计入核心练习,
937,friday,起点,开始前自测,,ˈfraɪdi,n. 星期五,I work Monday to Friday.　我星期一到星期五上班。
938,lake,起点,开始前自测,,ˈleɪk,n. 湖，湖泊；大量的液体；（液体）一滩；沉淀色料；胭脂红；v. （使）血球溶解；【名】 （Lake）（德、塞、瑞典）拉克，（英）莱克（人名）,The lake had been pumped dry.　湖水已被抽干。
939,whole,起点,开始前自测,,ˈhoʊl,adj. 全部的，整个的；完整的，完好无损的；(强调大小或重要性）整个的，全部的；要点，主旨；健全的，健康的；n. 整体，全部；adv. 完全地；整个,Four quarters make a whole.　四个四分之一构成一个整体。
940,annual,起点,开始前自测,,ˈænjuəl,adj. 一年一度的；年度的；（植物）一年生的；n. 一年生植物；年刊，年鉴,"Annual boarding fees are $10,350.　每年的住校费是10,350美元。"
941,published,起点,开始前自测,释义待核实，不进入核心练习,ˈpʌblɪʃt,释义待核实，不计入核心练习,
942,later,起点,开始前自测,,ˈleɪtɚ,adv. 后来，随后；<美，非正式>再见，回头见；adj. 较晚的，以后的；较新式的，较现代的；晚期的，末期的；【名】 （Later）（德）拉特（人名）,She later became a doctor.　她后来当了医生。
943,basic,起点,开始前自测,,ˈbeɪsɪk,adj. 最重要的，基本的；最简单的，初级的；（产品和服务）必需的；（化）碱性的；含碱的；n. 基本要素，基本原则,Drums are basic to African music.　鼓是非洲音乐的基本乐器。
944,sony,起点,开始前自测,释义待核实，不进入核心练习,ˈsoʊni,释义待核实，不计入核心练习,
945,shows,起点,开始前自测,释义待核实，不进入核心练习,ˈʃoʊz,释义待核实，不计入核心练习,
946,corporate,起点,开始前自测,,ˈkɔrpɚət,adj. 公司的；法人的；共同的，全体的；n. 公司，集团,The BBC is a corporate body.　英国广播公司为法人团体。
947,google,起点,开始前自测,释义待核实，不进入核心练习,ˈɡuɡəl,释义待核实，不计入核心练习,
948,church,起点,开始前自测,,ˈtʃɝtʃ,n. 教堂；礼拜仪式；教派，教会；v. <古>把（产妇等）带到教堂做感恩礼拜；<美>对……进行教会裁决；adj. 教会的；礼拜的,The family had gone to church.　这家人都去教堂了。
949,method,起点,开始前自测,,ˈmɛθəd,n. 方法，办法；条理；体验派表演方法,There is just one method that might work.　只有一个方法可能起作用。
950,purchase,起点,开始前自测,,ˈpɝtʃəs,n. <正式>购买，采购；<正式>购买的东西；<法律>（非继承性的）财产置得；<正式>紧握，牢牢抓住；（移动重物的）滑轮（或类似装置）；v. <正式> 购买，采购；<古>（努力或艰难地）获得，得到；（航海）（用滑轮或杠杆）升起，举起（绳，索，锚）,"When her deal is done, the client emerges with her purchase.　交易完成后，顾客拿着购买的东西出来了。"
951,customers,起点,开始前自测,释义待核实，不进入核心练习,ˈkʌstəmɚz,释义待核实，不计入核心练习,
952,active,起点,开始前自测,,ˈæktɪv,adj. 好动的；积极主动的；定期进行的，起作用的；（思想等）活跃的；切实的；（火山）活的；主动语态的；活性的；（疾病）恶化的；服役的；参战的；（动词）表动作的；（电路系统）在运转中的；n. 主动语态,They were both politically active.　他们两人在政治上都很积极。
953,response,起点,开始前自测,,rɪˈspɑns,n. 反应，响应；（口头或书面的）回复，答复；（考试题的）答案；（教堂中人们对牧师所说的话作出的）唱和，应答,His response was negative.　他的回答是否定的。
954,practice,起点,开始前自测,,ˈpræktəs,n. 实践，实际操作；通常的做法，惯例；练习；练习课，固定的训练时间；（医生、律师或其他专业人士的）业务，事务所；诉讼手续，诉讼程序；v. 练习；经常做，养成……的习惯；信奉（宗教）；（医生、律师等）执业，从业,Skill comes with practice.　熟能生巧。
955,hardware,起点,开始前自测,,ˈhɑrˌdwɛr,n. （计算机）硬件；五金制品；装备，设备,The components are readily available in hardware stores.　这些零件在五金商店容易买到。
956,figure,起点,开始前自测,,ˈfɪɡjɚ,n. 数字，数目，数值；数字符号，位数；身材，体型；（远处的）人影；（重要的）人物；（绘画或模型中）人像；（书中的）图、表；（数学）图形；价格，金额；v. （以重要地位）出现；<美，非正式>认为，估计；理解，弄懂；计算；用图画（或图形等）描绘，想象,She's always had a good figure.　她一向体态秀美。
957,materials,起点,开始前自测,释义待核实，不进入核心练习,məˈtɪriəlz,释义待核实，不计入核心练习,
958,fire,起点,开始前自测,,ˈfaɪɚ,n. 失火，火灾；火焰；炉火，灶火；<英>取暖器；射击，火力；怒火，激情；严厉批评，猛烈批判；v. 射击，开火；射（箭）；扔，抛；点火，启动；连珠炮似的提出（问题）；解雇，开除；激发；烧制（陶器）,The fire flared into life.　火旺了起来。
959,holiday,起点,开始前自测,,ˈhɑləˌdeɪ,n. 假日；度假期；法定节假日，节日；（分期付款、税费等的）暂缓缴付期；v. 度假；【名】 【名】（Fit）（捷、罗）菲特（人名）,Today is a holiday in Wales.　在威尔士今天是假日。
960,chat,起点,开始前自测,,ˈtʃæt,v. 闲聊，聊天；n. 闲聊，聊天；鸣禽；【名】 （Chat）（英、美、泰）沙（人名）,I had a long chat with her.　我和她闲聊了很久。
961,enough,起点,开始前自测,,ɪˈnʌf,adj. 充足的，足够的；pron. 足够，充分；adv. 充分地，足够地；相当，很；说来奇怪，说起来有趣（strangely/interestingly enough）,"That's it, I've had enough!　够了，我受够了！"
962,designed,起点,开始前自测,释义待核实，不进入核心练习,dɪˈzaɪnd,释义待核实，不计入核心练习,
963,along,起点,开始前自测,,əˈlɔŋ,prep. 沿着，顺着；靠着……边；在某处；adv. 向前；一起，一道；进行，进展；（前）来，到某处；到相当的程度；传播,I'm glad you came along.　有你跟我一起来，我很高兴。
964,among,起点,开始前自测,,əˈmʌŋ,prep. 在……当中，周围是；与……在一起；……之一；在……群体中；为……所共有；彼此间；以及,He was among the last to leave.　他是最后离开者之一。
965,death,起点,开始前自测,,ˈdɛθ,n. 死，死亡；破灭，终止；死神,Doctors become inured to death.　医生们对死亡变得习以为常。
966,writing,起点,开始前自测,,ˈraɪtɪŋ,n. 写作，著书；作品，著作；写，书写；字迹；（书写或印刷的）文字；(某作家或专题的)着作，作品（writings）；v. 写字；写作；写信（write的现在分词）,His writing lacks imagination.　他的作品缺乏想象。
967,speed,起点,开始前自测,,ˈspid,n. （运动）速度；（某事发生或进行的）速度；快，迅速；排挡，变速器；快门速度；感光度；照片曝光的时间；<非正式>安非他明；<古>成功，繁荣；v. 快速移动；快速运送；超速驾驶；（使）加速，促进；<古>使兴旺发达，帮助成功；<非正式>用（脱氧麻黄碱之类的）兴奋剂成瘾；【名】 （Speed）斯皮德（人名）,Speed is key at this point.　在这个时候速度是关键。
968,html,起点,开始前自测,释义待核实，不进入核心练习,ˌeɪtʃˌtiˌɛˈmɛl,释义待核实，不计入核心练习,
969,countries,起点,开始前自测,释义待核实，不进入核心练习,ˈkʌntriz,释义待核实，不计入核心练习,
970,loss,起点,开始前自测,,ˈlɔs,n. 失去，丧失；亏损；死亡，去世；失落，伤感；（因某人的离去或某物的挪移而造成的）损失；（比赛等的）失败，失利；战斗中死亡（受伤或被俘）的士兵；减少，降低；（进攻推进不成却被逼）后退的距离；损耗；【名】 （Loss）（匈）洛什，（法、德、意）洛斯（人名）,Her death is an irreparable loss.　她的死是一种无法挽回的损失。
971,face,起点,开始前自测,,ˈfeɪs,n. 脸，面部；面部表情，脸色；人；初看，初听；尊严，威信；面貌；（物体的）正面，表面；斜坡，山坡；钟面，表盘；采掘面，工作面；（球拍的）拍面；（尤指足球的）球门；v. 面临，遭遇；正视，面对；与……交往，与……交谈；面向，面朝；迎战，对阵；抹盖，覆盖；接受，容忍；【名】 （Face）（法）法斯，（意）法切（人名）,Toby's face puckered.　托比的脸皱了起来。
972,brand,起点,开始前自测,,ˈbrænd,n. 品牌，商标；（独特的）一种，一类；（动物身上标明所属的）烙印，火印；独特的个性，自成一格的形象；燃烧的木头，烧焦的木头；<古>（打印用的）烙铁；火炬，剑；v. 打烙印于（牲畜，以标明所属）；给……冠以恶名，谴责；给……设计品牌，加商标于；铭刻，铭记；【名】 （Brand）（英、美、德、瑞）布兰德（人名）,She bought her car brand new.　她买的汽车是全新的。
973,discount,起点,开始前自测,,dɪˈskaʊnt,n. 减价，折扣；（汇票或期票到期前转手的）贴现率；adj. 打折的，减价出售的；v. 打折，减价；不重视，忽视；贴现；（持票人或受票人）把（票据）贴现,Do you give any discount?　你们打折吗？
974,higher,起点,开始前自测,释义待核实，不进入核心练习,ˈhaɪɚ,释义待核实，不计入核心练习,
975,effects,起点,开始前自测,释义待核实，不进入核心练习,ɪˈfɛkts,释义待核实，不计入核心练习,
976,created,起点,开始前自测,释义待核实，不进入核心练习,kriˈeɪtəd,释义待核实，不计入核心练习,
977,remember,起点,开始前自测,,rɪˈmɛmbɚ,v. 回想起，记得；记起，忆起（某事物）；记牢，不忘记；纪念，缅怀；（祈祷时）为......祝福；送钱，送礼（给某人）；代（某人）问候（某人）；（失态后）检点，补救,I'll sure remember this trip!　我绝不会忘记这次旅行！
978,standards,起点,开始前自测,释义待核实，不进入核心练习,ˈstændɚdz,释义待核实，不计入核心练习,
979,oil,起点,开始前自测,,ˈɔɪl,- n. 油；- 石油；- 油画；油画颜料,The tanker was gushing oil.　油箱在大量喷油。
980,bit,起点,开始前自测,,ˈbɪt,n. 小片，小块；小部分，片段；（一组东西中的）一个；<美>喜剧小品，小笑话；比特；辅币，12.5美分；马嚼子；钻头；<非正式>（与某活动、过程有关的）所有事情；<非正式>女孩，姑娘；<英，非正式>（人的）生殖器；adj. 很小的；v. 制约，限制；给（马）上嚼子,I'm a bit dry.　我有点渴。
981,yellow,起点,开始前自测,,ˈjɛloʊ,adj. 黄的，黄色的；黄色人种的，黄皮肤的；<非正式>胆怯的；（新闻报道）夸张失实的，耸人听闻的；黄色危险警报的；嫉妒的，猜疑的；n. 黄色，黄颜料；黄色衣服，黄色衣料；（运动或比赛中的）黄色球，黄色物（尤指斯诺克的黄球）；黄蛾（或黄蝴蝶）；（植物的）黄化病；v. （使）变黄,The walls were painted yellow.　墙壁漆成了黄色。
982,political,起点,开始前自测,,pəˈlɪtəkəl,adj. 政治（上）的，政府的；政党的，党派的；对政治感兴趣的，参与政治的；反政府的；（组织内部人际间）牵涉权力关系的，争权夺利的,She enjoyed political life.　她喜爱政治生活。
983,increase,起点,开始前自测,,ˌɪnˈkris,v. 增长，增强，增大；n. 增长；增长量；【名】 （Increase）（英、美、印、尼日尼亚）英克里斯（人名）,Prices will increase pro rata.　价格将相应提高。
984,advertise,起点,开始前自测,,ˈædvɚˌtaɪz,v. 为……做广告，登广告；公布，征聘；宣扬；使变得显眼；<古>提醒……注意,"In that world they advertise, it's always on.　在他们做广告的那个世界里，它一直运转着。"
985,kingdom,起点,开始前自测,,ˈkɪŋdəm,n. 天国；n. 王国；自然三界之一；（神统治的）天国；管辖范围，领域；界（生物的五大类别之一）；【名】 （Kingdom）（英）金德姆（人名）,Rome annexed the Nabatean kingdom in AD 106.　罗马帝国于公元106年并吞了纳巴泰王国。
986,base,起点,开始前自测,,ˈbeɪs,n. 根基，底部；基础；基地；基础成分；（数字进位制中的）基数；（棒球）垒；碱，盐基；（晶体管的）基极；词根；v. 以……为基础；把基地设在……；adj. 卑鄙的，下流的；低劣的,He acted from base motives.　他的行为动机卑鄙。
987,near,起点,开始前自测,,ˈnɪr,在……附近,I live near a park.　我住在公园附近。
988,environmental,起点,开始前自测,,ɪnˌvaɪrənˈmɛntəl,adj. 自然环境的，生态环境的；环保的，生态环境保护的；与周围环境有关的，由生存环境引起的,She cares deeply about environmental issues.　她对环境问题深感担忧。
989,thought,起点,开始前自测,,ˈθɔt,n. 想法，看法，主意；考虑，深思；关心，顾虑；意图，希望，念头；思想，思潮；思考，思维；心思，思想（thoughts）；v. 认为，觉得；思考，考虑；想做，打算做（think 的过去式和过去分词形式）,I thought I'd die laughing.　我以为我要笑死了。
990,stuff,起点,开始前自测,,ˈstʌf,n. 东西，物品；基本特征，特质，根本；<非正式>（某人从事的）活动，事情；<非正式>原材料；投球能力；<非正式>作品，乐曲，艺术；胡说八道，废话，荒谬的想法；<非正式>饮料，毒品；<英，旧>毛料，呢绒；v. 塞进，填进；填满，装满；填作料，填馅；制作（动物）标本；<非正式>（使）吃撑，吃足；不稀罕，不在乎；<非正式>把同样的印刷品装进（信封）；<美>把伪造选票投入（票箱）；<英，俚>性交（一个男人和一个女人性交）,Where's all my stuff?　我那些东西都哪儿去了？
991,french,起点,开始前自测,释义待核实，不进入核心练习,ˈfrɛntʃ,释义待核实，不计入核心练习,
992,storage,起点,开始前自测,,ˈstɔrədʒ,n. 储存，贮藏；（信息的）存储，存储空间；（家具等的）存放，保管；储存空间，储藏场所；仓库费，仓租；adj. 储存的,We need more storage now.　现在我们需要更多的贮存场所。
993,oh,起点,开始前自测,,ˈoʊ,int. 哦；哎呀（表示惊讶或恐惧等）,"Oh, Amy, I love you.　啊，埃米，我爱你。"
994,japan,起点,开始前自测,释义待核实，不进入核心练习,dʒəˈpæn,释义待核实，不计入核心练习,
995,doing,起点,开始前自测,释义待核实，不进入核心练习,ˈduɪŋ,释义待核实，不计入核心练习,
996,loans,起点,开始前自测,释义待核实，不进入核心练习,ˈloʊnz,释义待核实，不计入核心练习,
997,shoes,起点,开始前自测,释义待核实，不进入核心练习,ˈʃuz,释义待核实，不计入核心练习,
998,entry,起点,开始前自测,,ˈɛntri,n. 进入，加入；出场，莅临；门，入口；进入权，进入许可；参赛；参赛作品，竞赛答题；参赛人数，报名人数；登记，录入；条目，账目，记录,Entry to the museum is free.　这座博物馆免费参观。
999,stay,P1,W1–W10,,ˈsteɪ,v. 停留，逗留；保持原状，维持；坚持；（到访或作客时）留宿，暂住；不去，远离某地；避开，不参与（麻烦或不利局面）；停止，延期，延缓；<文>控制，中止，抑制；<苏格兰>定居；暂时解除（饥饿）；用支索支撑（桅杆），用牵索固定；<文>支持，支撑；n. 暂住，逗留；<法律>（审判的）推迟，延缓；（船桅的）支索，（杆子等的）牵索，撑条；（衬衫衣领的）撑条；<文>控制，中止，抑制；<史>胸衣，紧身褡，紧身背心；支撑物，稳固物；（飞机的）拉杆，拉索,Would you like to stay?　你想留下来吗？
1000,nature,P1,W1–W10,,ˈneɪtʃɚ,n. 大自然，自然界；性格，秉性；本质，特点；类型，种类；<古>具有某种特性的人；【名】 （Nature）（法）纳蒂尔（人名）,Violence is not in his nature.　粗暴不在他的本性中。
1001,orders,P1,W1–W10,,ˈɔrdɚz,n. 订单；命令（order 的复数）；v. 点餐，订购,The shop receives new orders every day.　商店每天收到新订单。
1002,availability,P1,W1–W10,,əˌveɪləˈbɪləti,n. 可用性，可得性；空闲，闲暇；未婚，单身,This offer is subject to availability.　优惠至此产品售完为止。
1003,africa,P1,W1–W10,释义待核实，不进入核心练习,ˈæfrəkɑ,释义待核实，不计入核心练习,
1004,summary,P1,W1–W10,,ˈsʌmɚi,n. 总结，概要；adj. 总结性的，概括的；（司法程序）即决的，简易的,The following is a summary of events.　现将重大事件综述如下。
1005,turn,P1,W1–W10,,ˈtɝn,v. 旋转，转动；转身，扭转（身体部位）；翻转；旋动，拧动；翻动（书页）；转向，拐（弯）；（路或河流）转弯；对准；（潮）涨落；（使）松开，释放；表演，做；（使）扭转局势；（使）变成，成为；转移（思考、处理、观察等的对象）；求助于，求教于；达到（一定年龄或时间）；（使）反胃，（使）恶心；车削；获得（利益）；扭伤（脚踝）；造（句），组（词）；（印刷）倒排，倒空；包抄（敌军）；n. 转动，旋转；转向；（道路的）转弯处；轮到的机会；（情况的）变化，转变；交替时刻；短小节目；短小节目表演者；散步，转一圈；（疾病的）一阵发作，不适；（影响他人的）举止，行为；<非正式>吓唬，惊吓；（股票等的）买卖差价；（板球）（球）弹地转向；（一卷绳子等的）一圈；涨潮或落潮；（乐）回音；【名】 （Turn）（德、匈）图恩（人名）,Police attempted to turn back.　警察试图往回走。
1006,mean,P1,W1–W10,,ˈmin,v. 意味着；表示……的意思，作……的解释；打算，意欲；使专门用于；导致，结果是；十分熟识；当真，说到做到；对某人重要；adj. 吝啬的，小气的；不善良的，刻薄的；要发怒的；熟练的，出色的；平均的；简陋的，破旧的；微薄的；<旧>出身卑贱的，社会地位低下的；中庸的，中等的；<美>凶狠的，好斗的；n. 中庸，折衷；平均数，中数；中间点,Whatever can you mean?　你究竟是什么意思？
1007,growth,P1,W1–W10,,ˈɡroʊθ,n. 成长，生长；增长，发展；肿瘤，赘生物；生长物，产物；种植，栽培；adj. 发展的，增长的,Economic growth has slowed a little.　经济增长稍有减缓。
1008,notes,P1,W1–W10,,ˈnoʊts,n. 笔记；便条（note 的复数）；v. 注意到，记录（note 的第三人称单数）,I take notes when I study.　我学习时做笔记。
1009,agency,P1,W1–W10,,ˈeɪdʒənsi,n. 代理行，经销处；政府专门机构，政府内的局，部，处；（尤指产生某效果的）作用；起作用的事物（或人）;社会行为者独立选择的能力,I was headhunted by a marketing agency.　我被一家销售代理公司物色上了。
1010,king,P1,W1–W10,,ˈkɪŋ,n. 君主，国王；某物之王，首屈一指者；（国际象棋中的）王；极具影响；（纸牌中的）老K；（英国）男性国王在位时使用的国歌；v. <古>立……为王；【名】 （King）（德、英、葡、捷、西）金，（中）金（普通话·威妥玛），（泰）京，（东南亚国家华语）京（人名）,The king and queen had fled.　国王和王后已经逃跑。
1011,monday,P1,W1–W10,,ˈmʌndi,n. 星期一,I work Monday to Friday.　我星期一到星期五上班。
1012,european,P1,W1–W10,,ˌjʊrəˈpiən,adj. 欧洲的，欧洲人的；（与）欧盟（有关）的；n. 欧洲人；欧盟成员国国民；欧盟的拥护者,Most European spiders don't bite.　大多数欧洲蜘蛛不咬人。
1013,activity,P1,W1–W10,,ækˈtɪvəti,n. 活跃状况，热闹；活动；（Activity）热力活性，活度,It was a period of intense activity.　那是活动激烈的时期。
1014,copy,P1,W1–W10,,ˈkɑpi,v. 抄写，誊写；模仿，效法；作弊，抄袭；听见（或明白）无线电收发报机中讲话人的话；复制，拷贝；n. 一本，一册，一份；复印件，副本；原稿，素材；广告文字,Can you copy me in on your report?　你的报告给我抄送一份好吗？
1015,although,P1,W1–W10,,ˌɔlˈðoʊ,conj. 虽然，尽管；但是，然而,"Although it is tasty, crab is very filling.　螃蟹虽然好吃，但很容易让人饱。"
1016,drug,P1,W1–W10,,ˈdrʌɡ,n. 毒品；药物；运动禁药；成瘾之事；v. 使服麻醉药；（在食物或饮料中）投放麻醉药；<非正式>吸毒；【名】 （Drug）（罗）德鲁格（人名）,The new drug was ineffective.　新药不起作用。
1017,pics,P1,W1–W10,释义待核实，不进入核心练习,,释义待核实，不计入核心练习,
1018,western,P1,W1–W10,,ˈwɛstɚn,西方的；n. 西方人；韦斯顿（姓氏）,Most Western societies are liberal in outlook.　西方社会大多思想观念开放。
1019,income,P1,W1–W10,,ˈɪnˌkʌm,n. 收入，收益,All income must be declared.　所有收益必须申报。
1020,force,P1,W1–W10,,ˈfɔrs,n. 暴力，武力；力，力量；自然力；（有某目的）一群人；有影响力的人（或事）；影响力；武装部队；警察部门；风力；v. 强迫；用力推；使发生；勉强做出；【名】 （Force）（英、法）福斯，（意）福尔切（人名）,She managed to force a smile.　她勉强笑笑。
1021,cash,P1,W1–W10,,ˈkæʃ,现金,I will pay in cash.　我会付现金。
1022,employment,P1,W1–W10,,ɛmˈplɔɪmənt,n. 雇用；使用，利用；工作，就业；就业人数,Employment is a very sensitive issue.　就业是一个非常敏感的问题。
1023,overall,P1,W1–W10,,ˈoʊvɚˌɔl,adj. 总的，全面的；所有的，包括一切的；adv. 全部，总共； 总的说来，大体上；n. <英>（工作时穿的）罩衣；<英>（上下连身的）工作服，防护服（overalls）；<美>背带工装裤（overalls）；<英>骑马裤，紧身制服裤（overalls）,Overall I was disappointed.　总的来说，我感到失望。
1024,bay,P1,W1–W10,,ˈbeɪ,湾；n. （海或湖的）湾；山脉的低凹处，山间平地；（装窗的）房间突出部分；间隔区，限定区域；月桂树；枣红马，栗色马；（尤指教堂中殿墙壁的）柱间距；（船或飞机上的）货舱；v. （犬）连续吠，（狼）连续嚎叫；（尤指要求惩罚某人时）大声叫嚷,They dredge the bay for gravel.　他们在挖掘海湾沙砾。
1025,river,P1,W1–W10,,ˈrɪvɚ,n. 河，江；n. （River）人名；（英）里弗,His car careered into a river.　他的车猛地冲进了河里。
1026,commission,P1,W1–W10,,kəˈmɪʃən,n. 考察团，委员会；佣金，回扣；犯罪；委托，命令；（军队中的）官职，军衔；（尤指艺术品）委托制作；<古>所授之权，代办权；v. 委托撰写，委托制作；委任，任命……为军官；（使军舰）正式使用，服现役,She gets 10% commission on each sale.　每笔生意她得10%的佣金。
1027,ad,P1,W1–W10,,ˈæd,n. 公元；广告（ad）；n. 广告；促销活动；<非正式>预告片（同 advertisement）；abbr. 优势（advantage）,She delivered her lines ad lib.　她的台词是即兴的。
1028,package,P1,W1–W10,,ˈpækədʒ,n. 包裹；<美>（包装食物等的）盒，包；（建议或提供的想法或服务的）一套，一揽子；包价（旅游）；成套出售的东西，套餐；软件包；v. 把……打包，把……装箱（以便出售）；包装（产品或想法等）；配套销售（商品）；承揽图书（尤指插图多的图书）的约稿和印制并整体打包出售给出版商,I tore open the package.　我撕开了那个包裹。
1029,contents,P1,W1–W10,释义待核实，不进入核心练习,ˈkɑntɛnts,释义待核实，不计入核心练习,
1030,seen,P1,W1–W10,释义待核实，不进入核心练习,ˈsin,释义待核实，不计入核心练习,
1031,players,P1,W1–W10,释义待核实，不进入核心练习,ˈpleɪɚz,释义待核实，不计入核心练习,
1032,engine,P1,W1–W10,,ˈɛndʒən,n. 发动机，引擎；机车，火车头；专用装备，器械；工具，手段；驱动力，推动力,Why has the engine stopped?　发动机怎么停了？
1033,port,P1,W1–W10,,ˈpɔrt,n. 港口，避风港；口岸，港口城市；（计算机）端口，接口；波尔图葡萄酒（产自葡萄牙）（=port wine）；（船、飞机等的）舷门，舷窗；射击孔，枪眼（=gun port）；通道，排气口；<苏格兰>城门，城门洞；（计算机）移植（软件）；<文>姿势，姿态；（军）斜持枪位置；<澳大利亚，非正式>旅行箱，旅行包；v. 转移，移植（软件）；使（船，舵）向左转；（军）斜持枪；【名】 （Port）（英）波特，（法）波尔，（德、俄、匈、捷）波尔特（人名）,The ship steered into port.　船驶进港口。
1034,album,P1,W1–W10,,ˈælbəm,n. 唱片，专辑；相册，影集，集邮册,Their new album is dynamite.　他们的新唱片引起轰动。
1035,regional,P1,W1–W10,,ˈridʒənəl,adj. 地区的，区域的；（与）首都以外各地（有关）的；n. （邮票、报纸等）地方版；<美>地区性体育竞赛,The Garden's menu is based on Hawaiian regional cuisine.　花园饭店的菜肴以夏威夷地区的烹饪风格为基础。
1036,stop,P1,W1–W10,,ˈstɑp,v. （使）停止，结束；（使）中断；（机器等）停止运转；（汽车或火车）停靠；暂时中断（以便做某事）；防止，阻拦；堵塞；短暂停留；停付，扣除；处于，表现；n. 停止，终止；车站；<美>停车路口；（旅行中的）逗留，停留；塞音；（风琴的）音栓；（管风琴的）音管；（让银行）止付；救球；句号；光圈,Can't you just stop?　你就不能停一停吗？
1037,supplies,P1,W1–W10,释义待核实，不进入核心练习,səˈplaɪz,释义待核实，不计入核心练习,
1038,started,P1,W1–W10,释义待核实，不进入核心练习,ˈstɑrtɪd,释义待核实，不计入核心练习,
1039,administration,P1,W1–W10,,ædˌmɪnɪˈstreɪʃən,n. 管理，行政；管理部门，行政部门；（某一任期的）政府；执行，监管；（药的）服用，配给；遗产管理，（债务人、其他个人或破产公司的）资产管理,Too much time is spent on administration.　太多的时间花在了管理工作上。
1040,bar,P1,W1–W10,,ˈbɑr,n. 酒吧；吧台；小吃店；块，棒；（金属）条，栏杆；球门横梁；障碍；小节；条纹，带；功能条；律师职业；（法庭中的）围栏，被告席；电热棒；沙洲，暗礁；军阶杠；巴（气压单位）；v. 封，堵；阻挡，拦住；阻止，禁止；做条纹标记；prep. 除……外,She was sitting at the bar.　她坐在酒吧的柜台那里。
1041,institute,P1,W1–W10,,ˈɪnstəˌtut,n. 研究所，学院，协会；（尤指与法律相关的）注释，论述；v. 制定（制度、规则等）；提出（诉讼）；任命，授予……职位（尤指圣职）,Mr. Lin is associate director of the Institute.　林先生是该研究所的副主任。
1042,views,P1,W1–W10,释义待核实，不进入核心练习,ˈvjuz,释义待核实，不计入核心练习,
1043,plans,P1,W1–W10,释义待核实，不进入核心练习,ˈplænz,释义待核实，不计入核心练习,
1044,double,P1,W1–W10,,ˈdʌbəl,adj. 两倍的，双的；供两人用的；双重的；（花）重瓣的；（多米诺骨牌）两边点数相同的；低八度的；adv. 两倍地；v. 加倍；对折；击出二垒安打；兼任；握紧；兼奏，重复（一个音符）,His income is double hers.　他的收入是她的两倍。
1045,dog,P1,W1–W10,,ˈdɔɡ,n. 狗，犬；公狗，公狐，公狼；质量极差的东西；卑鄙小人，无赖；<美，非正式>朋友；v. 困扰，纠缠；跟踪，尾随,The dog has worms.　这条狗体内有寄生虫。
1046,build,P1,W1–W10,,ˈbɪld,v. 建造，修建；发展，建立；逐渐增强；n. 体形，体格；（尤指车辆的）造型，构造；构件,There are no plans to build new offices.　现在没有建新办公楼的计划。
1047,screen,P1,W1–W10,,ˈskrin,n. 屏幕，荧光屏；银幕；电影（总称）；屏风，隔板；掩蔽物，屏障；纱窗，纱门；（医疗）化验，检查；（机动车的）挡风玻璃；（篮球、冰球等运动的）掩护；掩护部队，护航舰队；大筛子，滤网；（纱门或纱窗的）金属丝，塑料线；（印刷）网屏，网版；屏蔽器；v. 隐藏，遮蔽；庇护，包庇；检查，筛查；审查，甄别；筛选，检查排除；防止（或免受）电磁干扰；放映（影片），播放（电视节目）；分析，评估；加网印刷；【名】 （Screen）斯克林（人名）,Suddenly the screen went blank.　屏幕突然变成一片空白。
1048,exchange,P1,W1–W10,,ɪksˈtʃeɪndʒ,n. 交换，互换；短暂的交谈，争吵；交战，交火；兑换，汇兑；交流，互访；交易所；（商品的）调换；电话局，电话交换台；换子，兑子；v. 调换，更换；交流，交谈；交换，互换；兑换，交易,Shares soared on the New York stock exchange.　纽约证券交易所股票暴涨。
1049,types,P1,W1–W10,释义待核实，不进入核心练习,ˈtaɪps,释义待核实，不计入核心练习,
1050,soon,P1,W1–W10,,ˈsun,adv. 很快，马上，不久；早，快；宁可，宁愿,I soon realized the mistake.　我很快意识到犯了错误。
1051,sponsored,P1,W1–W10,释义待核实，不进入核心练习,ˈspɑnsɚd,释义待核实，不计入核心练习,
1052,lines,P1,W1–W10,释义待核实，不进入核心练习,ˈlaɪnz,释义待核实，不计入核心练习,
1053,electronic,P1,W1–W10,,ˌɪˌlɛkˈtrɑnɪk,adj. 电子的，电子学的,His desk is covered with electronic gadgetry.　他的书桌上摆满了各种电子装置。
1054,continue,P1,W1–W10,,kənˈtɪnju,v. （使）继续，（使）延续；继续说，接着说；移动，延伸；留任，维持原状,They'll continue to fight injustice.　他们将继续与不公正的现象抗争。
1055,across,P1,W1–W10,,əˈkrɔs,adv. 从一边到另一边；在……对面；朝，向；宽；横向字谜答案；prep. 从一边到另一边；横过，穿过；在……对面；遍及；在……上；跨越（政治、宗教、社会隔阂等）,They fled across the border.　他们越过边界逃走了。
1056,benefits,P1,W1–W10,释义待核实，不进入核心练习,ˈbɛnəfɪts,释义待核实，不计入核心练习,
1057,needed,P1,W1–W10,释义待核实，不进入核心练习,ˈnidəd,释义待核实，不计入核心练习,
1058,season,P1,W1–W10,,ˈsizən,n. 季节；（某种特殊气候的）季；（某种活动或事件发生的）时期；体育赛季；（水果、蔬菜等的）当令期，上市期；度假旺季，法定假期；（一年中时装、发型等的）流行期；（一系列新的电视剧、戏剧等的）播出期，上映期；发情期；（英国上流社会的）社交活动时节（the season）；<古>适当的时机；<古>某时，一段时间；v. 加调料，给……调味；给……增添趣味；使（木材）风干，晒干（木材）；变干燥,Autumn is my favourite season.　秋季是我最喜欢的季节。
1059,apply,P1,W1–W10,,əˈplaɪ,v. 申请；涂，敷；施加，实施；应用，运用；踩（刹车）；适用，适合；指称,I am continuing to apply for jobs.　我在继续申请工作。
1060,someone,P1,W1–W10,,ˈsʌmˌwʌn,pron. 有人，某人；重要人物,Someone tapped at the door.　有人轻轻叩门。
1061,held,P1,W1–W10,释义待核实，不进入核心练习,ˈhɛld,释义待核实，不计入核心练习,
1062,ny,P1,W1–W10,释义待核实，不进入核心练习,,释义待核实，不计入核心练习,
1063,anything,P1,W1–W10,,ˈɛniˌθɪŋ,pron. 任何事物 （用于含有否定意义的陈述句中）；某事物（用于疑问句和条件分句中）；任一事物（强调）；任何……的事物（接后置修饰语）；任何（接近、像……的）事物；（某范围的）任何事物；重要东西，重要事物；某一限定范围之内的任何一个数量,Is anything troubling you?　有什么事使你烦恼吗？
1064,printer,P1,W1–W10,,ˈprɪntɚ,n. 打印机；印刷商，印刷工人，印刷公司,Is the printer plugged in?　打印机接上电源没有？
1065,condition,P1,W1–W10,,kənˈdɪʃən,n. 状况，状态；条件，环境；疾病；条款；<旧>社会地位；v. 训练，使习惯于；控制，制约；护理，保养；影响；加条件于；使（人，动物）健康；（发酵后，在酵母仍存在时）使（啤酒，黑啤酒）酿熟,The car was in A1 condition.　汽车状况好极了。
1066,effective,P1,W1–W10,,ɪˈfɛktɪv,adj. 产生预期结果的，有效的；实际的，事实上的；（法律、规则等）生效的，起作用的；给人深刻印象的；n. 实际可作战的士兵,All these techniques are equally effective.　所有这些方法都同等有效。
1067,believe,P1,W1–W10,,bɪˈliv,v. 相信；认为，猜想；信教,I don't believe in ghosts.　我不相信有鬼。
1068,organization,P1,W1–W10,,ˌɔrɡənəˈzeɪʃən,n. 组织，机构；组织工作，筹备工作；编排，配置，结构；条理，逻辑性；机化（医学术语）,The organization is heavily overspent.　这个机构严重超支。
1069,effect,P1,W1–W10,,ɪˈfɛkt,n. 作用，影响；（刻意制造的）效果，印象；所有物，财产；生效，实行；v. 实现，引起,His voice had an almost hypnotic effect.　他的声音有一种近乎催眠的作用。
1070,asked,P1,W1–W10,释义待核实，不进入核心练习,ˈæskt,释义待核实，不计入核心练习,
1071,eur,P1,W1–W10,释义待核实，不进入核心练习,,释义待核实，不计入核心练习,
1072,mind,P1,W1–W10,,ˈmaɪnd,n. 头脑，大脑；智慧，思维方式；聪明人，富有才智的人；注意力，心思；记忆力；意愿，意向；v. 苦恼，反对；（请求允许或客气地请人做事）介意；不在意，不考虑；愿意做，乐意做；关心，照看；<英>当心，注意；<美>听从,He has a closed mind.　他思想僵化守旧。
1073,sunday,P1,W1–W10,,ˈsʌnˌdeɪ,adv. 星期日；n. 星期日；礼拜日,We work every day except Sunday.　我们除星期天外每天都工作。
1074,selection,P1,W1–W10,,səˈlɛkʃən,n. 选择，挑选；被挑选的人（或物），精选品；可供选择的事物；（比赛中值得赌的）看好的马；所选数据；（英国的）学校入学选拔；<澳/新，史>（以优越条件）选购土地,Selection is based solely on merit.　选拔唯贤。
1075,casino,P1,W1–W10,,kəˈsinoʊ,n. 赌场；【名】 （Casino）（西、法）卡西诺（人名）,Evening dress is de rigueur at the casino.　按照习俗在赌场要穿晚礼服。
1076,pdf,P1,W1–W10,释义待核实，不进入核心练习,ˌpiˌdiˈɛf,释义待核实，不计入核心练习,
1077,lost,P1,W1–W10,,ˈlɔst,adj. 迷路的，迷失的；失去的，丢失的；不复存在的，不再拥有的；不知所措，一筹莫展；糊涂的，困惑的；全神贯注的；（时间或机会）浪费的，错过的；输了的；遭难的，阵亡的；彻底毁坏的；v. 遗失，丢失；失去；输掉（比赛、战斗、争论等）（lose 的过去式和过去分词形式）,I've lost my keys.　我把钥匙丢了。
1078,tour,P1,W1–W10,,ˈtʊr,n. 旅行，旅游；游览，参观，观光；巡回比赛（或演出等），巡视；任职期，服役期；（政治家或领导人的）访问；锦标赛（the tour）；v. 旅游，观光，参观；（在……）进行巡回演出；【名】 （Tour）（瑞典、英）托尔，图尔（人名）,The band is on tour in France.　这支乐队正在法国巡回演出。
1079,menu,P1,W1–W10,,ˈmɛnju,n. 菜单；饭菜，菜肴；（电脑屏幕上的）菜单，功能选择单,The menu was on a blackboard.　菜单在黑板上。
1080,volume,P1,W1–W10,,ˈvɑljum,n. 体积，容积；总数，总量；音量，响度；（控制音量的）旋钮，控制杆；（成套图书中的）卷，册；（期刊）合订本；书籍；<史>（写在羊皮纸或纸草纸上的）书卷；（尤指头发的）厚，多；adj. 大量的；v. 以卷的形式发出；成团卷起,She turned the volume up.　她把音量调大了。
1081,cross,P1,W1–W10,,ˈkrɔs,v. 反对；杂交；在（支票）上划线（表示只能转入银行帐户）；超过，超出（极限或范围）；（表情）掠过，闪过；（基督教徒）画十字；横传；（两封来往的信）相互错过，相互交错；做斗鸡眼；穿越，横渡；交叉；n. 十字标记，十字形（或叉形）物；杂交，混合物；十字架；苦难；横传；（拳击中的）钩拳迎击；adj. 恼怒的；脾气坏的，易怒的；（街道）交叉的，十字的,I'm terribly cross with him.　我对他非常生气。
1082,anyone,P1,W1–W10,,ˈɛniˌwʌn,pron. 任何人；某个人；任何……的人；重要人物；（没有）一个人（用于否定句）；任何一个人,Is anyone getting hungry?　有人觉得饿吗？
1083,mortgage,P1,W1–W10,,ˈmɔrɡədʒ,n. 按揭，抵押贷款；抵押贷款额；v. 抵押；（为眼前好处）使承受（未来）风险,We paid off our mortgage after fifteen years.　我们历经十五年的时间还清了抵押借款。
1084,hope,P1,W1–W10,,ˈhoʊp,v. 希望；n. 希望；期盼的东西，盼望的事；（发生好事的）可能性；被寄予希望的人（或物）；<古>信赖感；【名】 （Hope）（美）奥普（人名）,I hope (that) you're okay.　我希望你平安无事。
1085,silver,P1,W1–W10,,ˈsɪlvɚ,n. 银；银器（尤指餐具）；银币；银（白）色；银牌（silver medal 的简写）；adj. 银（白）色的；银制的，含银的，（有关）银的；二十五周年纪念的，银婚纪念的；<美>口才流利的；v. 镀（或包）银于；<文>使具有银色光泽，使变成银色；使（头发）变成银灰色（或银白色）,He's an Olympic silver medallist.　他是奥运会银牌得主。
1086,corporation,P1,W1–W10,,ˌkɔrpɚˈeɪʃən,n. 社团，公司，法人（团体）；市政当局,He was a stockholder in a hotel corporation.　他是一家酒店公司的股东。
1087,wish,P1,W1–W10,,ˈwɪʃ,v. 希望（做某事），想要（某事发生）；祝，祝愿（某人好运、幸福等）；愿望，心愿；希望（不可能或可能性很小的事变成事实）；真希望（用于表示对做过某事或未做某事感到后悔或失望）；（用来表示对某人行为的厌烦）我希望……；（用于要说的话可能使人不快或担心等时）不想，无意；这是再好不过的，没有比这更好的了；希望……发生在……身上；n. 希望，愿望；（靠魔术实现的）愿望，心愿；（书信或贺卡等中的）祝愿，祝福（wishes）；想要的东西，希望的事；请求，要求；【名】 （Wish）（美）威什（人名）,"Pa, I wish you wouldn't shout.　爸，我但愿你不要嚷嚷了。"
1088,inside,P1,W1–W10,,ˌɪnˈsaɪd,n. 内部，内侧；<非正式>内脏，（尤指）胃；里道，内圈；（靠近路边的）慢车道；adv. 在（或向）里面；在监牢里；prep. 在（或向）……内，在（或向）……里；在……时间之内；（足球、英式橄榄球等体育运动）（比另一队员）更靠近球场中心,Could I just peep inside?　我能不能看一眼里边？
1089,solution,P1,W1–W10,,səˈluʃən,n. （问题、困难等的）解决办法；（练习或竞赛的）解答，答案；溶液；溶解过程，溶解状态；（满足特定需要的）产品（或服务）（solutions）,A solution proffered itself.　一个解答自然出现了。
1090,mature,P1,W1–W10,,məˈtʃʊr,adj. 成熟的，理智的；成年的，发育完全的；发酵成熟的，酿成的；中老年的；技艺精湛的，技巧娴熟的；审慎考虑的，深思熟虑的；到期（应该支付）的；（某些食品或饮料）可立即食用的；（经济，行业，市场）成熟的，发展余地不大的；v. （使）成熟，（使）长成；变理智，（举止）变成熟；酿成，制成；到期,Jane is very mature for her age.　简年龄不大，却很成熟。
1091,role,P1,W1–W10,,ˈroʊl,n. （演员的）角色；作用，职责；【名】 （Role）（意、塞、赤几）罗莱（人名）,He's a natural for the role.　他是这个角色的最佳人选。
1092,rather,P1,W1–W10,,ˈræðɚ,adv. 颇，相当；宁愿，最好（would rather）；而不是；更确切地说；（用以使表达的语气婉转）有几分，有点儿；恰恰相反，而是；int. <英，旧>当然，的确（表同意）；【名】 （Rather）（英）拉瑟（人名）,Alice looked rather offended.　艾丽斯显得愤愤不已。
1093,weeks,P1,W1–W10,释义待核实，不进入核心练习,ˈwiks,释义待核实，不计入核心练习,
1094,addition,P1,W1–W10,,əˈdɪʃən,n. 增加物，新增人员；增加；加法；（建筑物的）扩建部分,"There is, in addition, one further point to make.　此外，还有一点要说。"
1095,came,P1,W1–W10,释义待核实，不进入核心练习,ˈkeɪm,释义待核实，不计入核心练习,
1096,supply,P1,W1–W10,,səˈplaɪ,n. 供给量，储备；（商品、服务的）供应量；供应，补给；生活必需品，日用品（supplies）；供应（的）；临时替代者（尤指代课教师）；<英>议会拨给政府作开支的款项（supplies）；v. 供应，提供，供给；补充，填充；满足要求（或需要）；提供援助；替代,Demand is outstripping supply.　需求快超过供给了。
1097,nothing,P1,W1–W10,,ˈnʌθɪŋ,pron. 没有什么，没有一件东西；无关紧要的事，无足轻重的人；不值钱，不花钱；没有什么；（表示强调）没有别的东西；（计算机数量上的）零；adv. 并不，毫不；<美，非正式> 用于强烈地表示相反看法根本不是（这样）；n. 无关紧要的事，无足轻重的人；空地，虚空；零；无,Nothing beats home cooking.　什么也比不上家里做的好吃。
1098,certain,P1,W1–W10,,ˈsɝtən,adj. 必然的，必定的；确定的，无疑的；某个，特定的；某位，一位叫……的；一定程度上的，有点儿；pron. 某些，某几个；n. （Certain）（美、法）塞尔坦（人名）,"That's true, to a certain extent.　在一定程度上的确如此。"
1099,usr,P1,W1–W10,释义待核实，不进入核心练习,,释义待核实，不计入核心练习,
1100,executive,P1,W1–W10,,ɪɡˈzɛkjətɪv,adj. 行政的，有执行权的；高档的，豪华的；供主管人员使用的；（有关）经营管理的，领导的；n. 主管，经理；行政部门，执行委员会,The heroine is a senior TV executive.　女主人公是一位电视台高级主管。
1101,running,P1,W1–W10,,ˈrʌnɪŋ,n. 跑步，赛跑；管理，运作；走私，私运（毒品、枪支等）；adj. 运转着的；（水）流动的，（从水管和水龙头）流出的；（疮或身体部位）流出液体的，流脓的；连续的，反复不断的；现场的，实况的；在跑动中完成的，助跑的；持球跑动进攻的；adv. 连续地,Stan had the chainsaw running.　斯坦开动了链锯。
1102,lower,P1,W1–W10,,ˈloʊɚ,adj. （尤指在同类中处于）较下的，下方的；在底部的，近底部的；次重要的，较低级的；（数字或数量）较小的；向南的；早期的；v. 减少，降低；把……放低，使……降下；降低，贬低（身份）；变昏暗，变阴沉；露愠色；adv. 处于较低位置地，向低处下降地,She bit her lower lip.　她咬着下唇。
1103,necessary,P1,W1–W10,,ˈnɛsəˌsɛri,adj. 必要的，必需的；必然的，不可避免的；迫不得已的，非自愿的；n. （生活）必需品；<英，非正式>必要的事（the necessary）；<英，非正式>足够的钱（the necessary）；【名】 （Necessary）（英）内塞瑟里（人名）,If necessary I can come at once.　如果有必要，我可以马上来。
1104,union,P1,W1–W10,,ˈjunjən,n. 工会；联邦，联盟；协会，俱乐部；联合，合并；结婚，婚姻；美利坚合众国（the Union）；（数）并，并集；联管节，接头；（印度次大陆）村落联合体；<英，史>教区联合济贫组织；旗帜上象征国家统一的部分；混纺织物,
1105,jewelry,P1,W1–W10,释义待核实，不进入核心练习,ˈdʒuəlri,释义待核实，不计入核心练习,
1106,according,P1,W1–W10,,əˈkɔrdɪŋ,adj. 依照；adj. 相符的；相应的；一致的；v. 给予；符合，一致；正式协议（accord的现在分词）,Everything went according to plan.　一切均按照计划进行。
1107,dc,P1,W1–W10,释义待核实，不进入核心练习,ˌdiˈsi,释义待核实，不计入核心练习,
1108,clothing,P1,W1–W10,,ˈkloʊðɪŋ,n. 衣服，（尤指某种）服装；v. 给……穿衣，为……提供衣服，赋予（某人某品质）（clothe 的现在分词）,His clothing was stained with mud.　他的衣服沾了泥。
1109,mon,P1,W1–W10,释义待核实，不进入核心练习,ˈmoʊn,释义待核实，不计入核心练习,
1110,com,P1,W1–W10,释义待核实，不进入核心练习,ˈkɑm,释义待核实，不计入核心练习,
1111,particular,P1,W1–W10,,pɚˈtɪkjəlɚ,adj. 特定的，某一的；格外的，特别的；讲究的，挑剔的；特殊的，独特的；详细的，详尽的；n. 一点，一个细节； 详细资料，详情（particulars）；（哲学）（与普遍性相对的）特殊性,He loves science fiction in particular.　他特别喜爱科幻小说。
1112,fine,P1,W1–W10,,ˈfaɪn,好的；身体好的,"I am fine, thanks.　我很好，谢谢。"
1113,names,P1,W1–W10,释义待核实，不进入核心练习,ˈneɪmz,释义待核实，不计入核心练习,
1114,robert,P1,W1–W10,释义待核实，不进入核心练习,ˈrɑbɚt,释义待核实，不计入核心练习,
1115,homepage,P1,W1–W10,释义待核实，不进入核心练习,ˈhoʊmˌpeɪdʒ,释义待核实，不计入核心练习,
1116,hour,P1,W1–W10,,ˈaʊɚ,小时,I study for half an hour.　我学习半小时。
1117,gas,P1,W1–W10,,ˈɡæs,n. 气体；气体燃料；（手术）麻醉气；毒气，瓦斯；汽油；有趣的人（或事）；胀气，胃气；v. 用毒气杀死；闲聊，空谈；【名】 （Gas）（法、德、西）加斯（人名）,Gas is cheaper than coal.　煤气比煤便宜。
1118,skills,P1,W1–W10,释义待核实，不进入核心练习,ˈskɪlz,释义待核实，不计入核心练习,
1119,six,P1,W1–W10,,ˈsɪks,num. 数字6；六个；六个人（或物）一组；六岁；六点钟；n. （Six）（美、德）西克斯（人名）,She's six months pregnant.　她怀孕六个月了。
1120,bush,P1,W1–W10,,ˈbʊʃ,n. 灌木，灌木丛；荒野，丛林地带；衬套；绝缘套管；浓密的头发；v. 蓬松；伸展，丛生；以灌木装饰；adj. 如灌木般长得低矮的；<非正式>粗野的；<美>低劣的，便宜的,He snapped a twig off a bush.　他啪地从灌木上折下一小枝。
1121,islands,P1,W1–W10,释义待核实，不进入核心练习,ˈaɪləndz,释义待核实，不计入核心练习,
1122,advice,P1,W1–W10,,ædˈvaɪs,n. 忠告，劝告，建议；（金融交易）正式通知；消息,Her advice fell on deaf ears.　她的忠告没有受到重视。
1123,career,P1,W1–W10,,kɚˈɪr,n. 职业，事业；职业生涯；<古>速度，行程；adj. 就业的，职业的；终身从事的；v. 猛冲,He is on a career downswing.　他在事业上正走下坡路。
1124,military,P1,W1–W10,,ˈmɪləˌtɛri,adj. 军事的，军队的；陆军的；军人般的，军人作风的；n. 军人，军方,He was recalled to military duty.　他被召回执行军事任务。
1125,rental,P1,W1–W10,,ˈrɛntəl,n. 租费，租金；出租，租赁；<美>租用物（尤指房屋或车辆）；adj. （与）租借（有关）的，可供租用的,Your bill includes line rental.　你的账单包括电话线路的租用费。
1126,decision,P1,W1–W10,,dɪˈsɪʒən,n. 决定，抉择；判决，裁定；果断，决断力；作决定，决策,You made the right decision.　你的决定是正确的。
1127,leave,P1,W1–W10,,ˈliv,v. 离开（某人或某处）；离开居住地点（或群体、工作单位等）；与……脱离关系， 离开（某人）；不立刻做，不马上处理；使保留，让……处于（某种状态、某地等）；给……留下（不愉快的东西）；留下（信息或答复）；遗留，遗忘；剩下（食物或饮料）；遗下（家人）；（去世时）遗赠，遗留；把……留交，交托；递送，递交；留（空隙或空白）；留给（指有限的机会）；不再谈论；（数学）剩余，余下；n. 假期，休假；准许，许可；（斯努克、槌球等）收盘球势，（球被击后）停留的位置,We didn't leave early enough.　我们离开得不够早。
1128,british,P1,W1–W10,释义待核实，不进入核心练习,ˈbrɪtɪʃ,释义待核实，不计入核心练习,
1129,teens,P1,W1–W10,,ˈtinz,十几岁（13至19岁的年龄）；n. 十多岁，十几岁；青少年,She began writing poetry in her teens.　她从十几岁开始写诗。
1130,pre,P1,W1–W10,释义待核实，不进入核心练习,ˈpri,释义待核实，不计入核心练习,
1131,huge,P1,W1–W10,,ˈhjudʒ,adj. 庞大的，极大的；<非正式>很受欢迎的，著名的；【名】 （Huge）（英）休奇（人名）,"The huge, iron gate was locked.　那扇巨大的铁门被锁上了。"
1132,sat,P1,W1–W10,释义待核实，不进入核心练习,ˈsæt,释义待核实，不计入核心练习,
1133,woman,P1,W1–W10,,ˈwʊmən,n. 成年女子，妇女；（泛指）女性；来自……（或做……、喜欢……等）的女子；女工，女仆；妻子，情人；（盛气凌人的称呼）女人；v. 让某人与女性交往；配备女性员工；<古>使女性化,She is an emancipated woman.　她是一位不受束缚的女性。
1134,facilities,P1,W1–W10,释义待核实，不进入核心练习,fəˈsɪlətiz,释义待核实，不计入核心练习,
1135,zip,P1,W1–W10,,ˈzɪp,n. <英>拉链，拉锁；<非正式>速度，活力；<美，非正式>零，没有；邮政编码；移动速度；v. 用拉链扣上，拉开拉链；（使）迅速移动；压缩（电脑文件）；伴随嘶嘶声移动；给……以力量或速度；增添活力或兴趣；adj. （袋，包等）用拉链扣住的,He said zip all evening.　整个晚上他一声不吭。
1136,bid,P1,W1–W10,,ˈbɪd,v. 出价；投标，竞标；努力争取；（纸牌戏中的）叫牌；命令，吩咐；打招呼，示意；邀请；n. 出价，喊价；投标；努力，尝试；（纸牌戏中的）叫牌；【名】 （Bid）（美）比德（人名）,The bank announced its intention to bid.　银行宣布了其投标意向。
1137,kind,P1,W1–W10,,ˈkaɪnd,n. 种类；同类的人；特征，性质；圣餐的圣体（指面包或葡萄酒）；adj. 宽容的，体贴的，亲切友好的；温和的，无害的；关爱的，好心的（尤用于答谢语中）；【名】 （Kind）（德、法、俄、捷）金德，（瑞典）欣德（人名）,He's in some kind of trouble.　他遇到了什么麻烦。
1138,sellers,P1,W1–W10,释义待核实，不进入核心练习,ˈsɛlɚz,释义待核实，不计入核心练习,
1139,middle,P1,W1–W10,,ˈmɪdəl,adj. 中间的，中等的；折中的，中庸之道的；（语言）中古的，介于现代与古代之间的；语法中动态的，中间反身态的；（英语及物动词）无被动态的；n. 中间，中部，中等；腰部；语法中动态，中间反身态；v. （板球、网球等中）用球棒（或拍）中部击（球）,His middle name is Justin.　他的中间名叫朱斯丁。
1140,move,P1,W1–W10,,ˈmuv,v. （使）改变位置，（使）移动；搬家，搬迁；（使）变换，调动；（使）改变观点（或做法）；前进，进展；采取行动；使感动，打动；促使，驱使；更改（时间或日期）；改变话题；走棋，移动棋子；（在会议或法庭上）提议；<非正式>快速行进；（商品）被销售，销售（商品）；进行社交活动，交往；<非正式>离去；使（肠）排空；n. 措施，行动；移动，活动；转变，改变；一步棋，走棋；搬家，迁移,I can't move my fingers.　我的手指动不了了。
1141,cable,P1,W1–W10,,ˈkeɪbəl,n. 电缆；钢缆，缆绳；电报；有线电视；v. 给……安装有线电视；给……发电报,Rats had gnawed through the cable.　老鼠把电缆咬断了。
1142,opportunities,P1,W1–W10,释义待核实，不进入核心练习,ˌɑpɚˈtunətiz,释义待核实，不计入核心练习,
1143,taking,P1,W1–W10,释义待核实，不进入核心练习,ˈteɪkɪŋ,释义待核实，不计入核心练习,
1144,values,P1,W1–W10,释义待核实，不进入核心练习,ˈvæljuz,释义待核实，不计入核心练习,
1145,division,P1,W1–W10,,dɪˈvɪʒən,n. 分开，分配；除法；部门；分歧，不和；分界线；（军队编制中的）师；（英国议会的）分组表决；（足球等体育运动中联赛的）级,He joined the 40th Division as an army chaplain.　他加入了第40师当军队牧师。
1146,coming,P1,W1–W10,释义待核实，不进入核心练习,ˈkʌmɪŋ,释义待核实，不计入核心练习,
1147,tuesday,P1,W1–W10,,ˈtuzdi,n. 星期二,Tuesday is her half day.　星期二她只工作半天。
1148,object,P1,W1–W10,,ˈɑbdʒɛkt,n. 物体，实物；目的，目标；宾语；（引发某种情感或行为的）对象；客体；（计算机）对象；v. 反对；反对说，反对的理由是,A rock is an inanimate object.　岩石是无生命的物体。
1149,lesbian,P1,W1–W10,,ˈlɛzbiən,adj. 女同性恋的；n. 女同性恋者,"I said, 'I am a lesbian.　我说，我是拉拉。"
1150,appropriate,P1,W1–W10,,əˈproʊpriət,adj. 合适的，相称的；v. 拨出（款项）；私占，挪用,The appropriate word eluded him.　他想不起来那个合适的词。
1151,machine,P1,W1–W10,,məˈʃin,n. 机器，机械（装置）；计算机，电脑；（组织的）核心机构，领导核心；车辆（常指摩托车）；效率高的人（或动物）；机械般工作的人；（投币式）自动售货机；v. 用机器制造（加工）；机器缝制，用缝纫机缝；【名】 （Machine）（意）马基内（人名）,Now the machine is lying idle.　现在这台机器正处于闲置状态。
1152,logo,P1,W1–W10,,ˈloʊɡoʊ,n. （公司或组织的）标识，徽标；n. （Logo）（美）洛戈（人名）,The team's logo was emblazoned on the baseball caps.　球队标识醒目地印在棒球帽上。
1153,length,P1,W1–W10,,ˈlɛŋkθ,n. 长，长度；（持续）时间的长短；（书或文件等的）篇幅，（电影的）片长；（游泳池的）池长；（马或船的）自身长度；（行动的）程度；细长的一段（根，条）；（头发、衣服等）到身体某部位的长度；手中牌长（多指五张以上某同花牌）；（板球）球距；（元音或音节的）节奏音长,It is about a metre in length.　它大约有一米长。
1154,actually,P1,W1–W10,,ˈækˌtʃuəli,adv. 实际上，事实上；（用于开始新话题）其实；竟然，居然,"They're not married, actually.　他们实际上没有结婚。"
1155,nice,P1,W1–W10,,ˈnaɪs,adj. 美好的，令人愉快的；好心的，友好的；（天气）温暖的，宜人的；（观点、区别等）细致的，微妙的；（用于打招呼）很高兴见到你；干得好的，出色的；坏的，令人不愉快的；正派的，有教养的；<古>挑剔的，谨慎的；n. 尼斯（法国城市，Nice）；【名】 （Nice）尼斯（人名）,You look very nice.　你很好看。
1156,score,P1,W1–W10,,ˈskɔr,n. （游戏或比赛中的）得分，比分；（测验的）评分，分数；<非正式>实情，真相（the score）；<非正式>毒品到手；<非正式>犯罪所得；<正式>二十，约二十个（复数 score）；<正式>很多，大量（scores）；（一首乐曲的）总谱；（电影或戏剧的）配乐；刻痕，划痕；宿怨；<史>（尤指酒馆中有对应顾客名字刻痕的）往来账户；v. （在运动、比赛或考试中）得（分）；评分，打分数；（在游戏或比赛中）记分；（棒球）使（队友）得分；<非正式>（使）成功，赢得；<英，非正式> （尤指在辩论等活动中机灵地）驳倒，挫败（score off）；<非正式>购买，弄到（毒品）；<美，非正式>得到（某事物）；<非正式>（通常指与新认识的人）发生性关系；为……写总谱，为……配乐；（在表面上）刻痕，画线；画掉，删去（score sth. out/through）；检测（实验细胞、菌落等），并记录有某种特征的数量；【名】 （Score）（英）斯科尔（人名）,I'll keep (the) score.　我来记分。
1157,statistics,P1,W1–W10,,stəˈtɪstɪks,统计学；n. 统计学；统计数字（statistic 的复数形式）,These statistics are misleading.　这些统计资料会引起误解。
1158,client,P1,W1–W10,,ˈklaɪənt,n. 客户，委托人；客户机，用户端；（古罗马）贵族庇护下的平民；<古>受赡养者，食客,Do you have a client named Peters?　你们有一位名叫彼得斯的客户吗？
1159,ok,P1,W1–W10,,ˌoʊˈkeɪ,"Acceptable, adequate or satisfactory, or expressing agreement or approval.；adj. 好的；不错的；adv. 行；很好","Cameras ready? OK, shoot!　摄影机准备好了吗？好，开拍！"
1160,returns,P1,W1–W10,释义待核实，不进入核心练习,rɪˈtɝnz,释义待核实，不计入核心练习,
1161,capital,P1,W1–W10,,ˈkæpətəl,n. 资本，资金；资本家，资方；首都，首府，省会；活动（或生产）中心；大写字母；柱顶，柱头；adj. 可处死刑的；大写的；首府的，省会的；<旧>顶好的，极好的；【名】 （Capital）（法）卡皮塔尔（人名）,Cairo is the capital of Egypt.　开罗是埃及的首都。
1162,follow,P1,W1–W10,,ˈfɑloʊ,v. 跟着，跟随；跟踪；（时间或顺序）在……后；循着，沿着（道路等）；沿着……伸延；遵循，听从；仿效，追随；理解，明白；可以推断；注视，密切关注；信奉，信仰；（电影、书等）呈现，描述；从事（行业、职业）；n. 跟随，追随,"If you lead, I'll follow.　你领头，我跟着。"
1163,sample,P1,W1–W10,,ˈsæmpəl,n. 样本，样品；试用产品，试样；（供科学或医学检测用的）抽样样本；（抽查的）样本，抽选人员；（用于新乐曲中的）选录的歌曲片段；v. 品尝，尝试（食品、饮料）；体验（活动）；对……作抽样调查；节录，选录（歌曲等，用于其他录音）；确定（模拟信号）瞬时值；adj. 样品的，实例的,A routine DNA sample was taken.　采集了一份常规的脱氧核糖核酸样本。
1164,investment,P1,W1–W10,,ˌɪnˈvɛstmənt,n. 投资；值得买的东西；（时间、精力的）投入；<旧>包围，封锁,Training is an investment not a cost.　培训是一种投资而不是一种花费。
1165,sent,P1,W1–W10,释义待核实，不进入核心练习,ˈsɛnt,释义待核实，不计入核心练习,
1166,shown,P1,W1–W10,释义待核实，不进入核心练习,ˈʃoʊn,释义待核实，不计入核心练习,
1167,saturday,P1,W1–W10,,ˈsætɚdi,adv. 星期六；n. 星期六,Let's go out on Saturday night.　我们星期六晚上出去吧。
1168,christmas,P1,W1–W10,释义待核实，不进入核心练习,ˈkrɪsməs,释义待核实，不计入核心练习,
1169,england,P1,W1–W10,释义待核实，不进入核心练习,ˈɪŋɡlənd,释义待核实，不计入核心练习,
1170,culture,P1,W1–W10,,ˈkʌltʃɚ,n. 文化，文明；（团体或组织中共同的）态度，习俗；文化群落，（处于历史上特定时期的）社会；艺术活动；修养；（细胞、细菌等的）培养，培养物；栽培，养殖；v. 培育，养殖,We are living in a consumer culture.　我们生活在一种消费文化之中。
1171,band,P1,W1–W10,,ˈbænd,n. 乐队；一伙，一群；范围，段；带，箍；带状物，条纹；波段，频带；戒指；v. 给……分级，把……分段；用带绑扎；加彩条,The singer re-formed his band.　这名歌手对他的乐队进行了重组。
1172,flash,P1,W1–W10,,ˈflæʃ,v. 闪光，闪亮；（快速）出示，显示；飞驰，掠过；闪现；迅速播出，传送（信息）；突然显露（强烈情感）；<非正式>当众暴露（性器官）；<非正式>（为引人注目而）展示，炫耀；（尤指用无线电或光波）通信，联络；n. 闪光；闪光灯；闪现；（军装上的）肩章；网站动画程序；花哨，噱头；突然理解，顿悟；（感情的）突发；<非正式>炫耀财富，夸富；（产品包装上用来吸引顾客眼光的）色带，突显区域；（模塑过程中的）溢料，溢边；（尤指为帮助行船而从堰闸里放出的）水流；飞快的一瞥；（模塑过程中的）溢料，溢边；adj. 阔气的，爱显摆的；突然而短暂的；<美，非正式>非常有才能的，杰出的,I'll need flash for this shot.　拍这个镜头我需要闪光灯。
1173,ms,P1,W1–W10,,ˈmɪz,n. (缩)女士；abbr. 毫秒（millisecond）；手稿（manuscript）；女士（Ms.）；蒙塞拉特岛（Montserrat）；微软公司（Microsoft）；军标（Military Standard）,Ms Green has asked me to deputize for her at the meeting.　格林女士请我代表她出席会议。
1174,lead,P1,W1–W10,,ˈlɛd,v. 引领，带路；通向，通往；（与……）相连，相通；领导，指挥；导致，造成；促使，使得；过（某种生活）；领先，居于首位；开牌；对（证人）进行诱询；用水砣测深；n. 领先地位；超前量，领先的距离；范例，榜样；线索；主角，扮演主角的演员；铅；铅笔芯；狗绳，牵狗带；（报纸或电台的）要闻，头条；子弹；电线，导线；导语；（投球前跑垒员的）离垒；螺距，牙距；水渠，水道；行间距；【名】 （Lead）（英）利德（人名）,He has gone into the lead.　他已处于领先地位。
1175,george,P1,W1–W10,释义待核实，不进入核心练习,ˈdʒɔrdʒ,释义待核实，不计入核心练习,
1176,choice,P1,W1–W10,,ˈtʃɔɪs,n. 选择，抉择；选择的机会，选择权；选择范围，选择余地；入选者，被选中的东西；精选品；adj. 上等的，优质的；尖刻的，刻薄的；精选的,His choice was unsurprising.　他的选择并不出人意料。
1177,went,P1,W1–W10,释义待核实，不进入核心练习,ˈwɛnt,释义待核实，不计入核心练习,
1178,starting,P1,W1–W10,释义待核实，不进入核心练习,ˈstɑrtɪŋ,释义待核实，不计入核心练习,
1179,registration,P1,W1–W10,,ˌrɛdʒɪˈstreɪʃən,n. 登记，注册，挂号；登记证，注册证；<英>（汽车）牌照号码（=registration number）；<英> （教师对上课学生的）点名；（管风琴）音栓配合（法）,Entry is only allowed on payment of the full registration fee.　缴付全数登记费用方可进入。
1180,fri,P1,W1–W10,释义待核实，不进入核心练习,,释义待核实，不计入核心练习,
1181,thursday,P1,W1–W10,,ˈθɝzˌdeɪ,n. 星期四,Thursday is market day.　星期四是赶集日。
1182,courses,P1,W1–W10,释义待核实，不进入核心练习,ˈkɔrsəz,释义待核实，不计入核心练习,
1183,consumer,P1,W1–W10,,kənˈsumɚ,n. 消费者，顾客，用户；食用者，使用者，消耗者,We are living in a consumer culture.　我们生活在一种消费文化之中。
1184,hi,P1,W1–W10,,ˈhaɪ,嗨；你好,"Hi, how are you?　嗨，你好吗？"
1185,airport,P1,W1–W10,,ˈɛrˌpɔrt,n. 机场，航空站 （港）；空旅通俗读物,He was fogbound at JFK airport.　他因浓雾而被困在肯尼迪机场。
1186,foreign,P1,W1–W10,,ˈfɔrən,adj. 外国的，来自国外的；外交的，涉外的；陌生的，不熟悉的；外来的，异质的；外地的，不属于本地区的,Foreign News is on page 16.　国外新闻在第16版。
1187,artist,P1,W1–W10,,ˈɑrtəst,n. 艺术家，美术家；表演艺术家；大师，行家,They got taken by a scam artist.　他们被一个假冒的艺术家骗了。
1188,outside,P1,W1–W10,,ˌaʊtˈsaɪd,n. 外表，外部（the outside）；（建筑物、车辆等的）周围，外围（the outside）；（人行道的）外侧；（弯曲路面或轨道的）外道，边缘；一令纸的上下两张（outsides）；局外（人士），外界（人士）；prep. 在……的外面，在户外；超出……的范围（或界限）；（团体或组织）以外的；<美>除了，除……之外（outside of）；adv. 在外面；在户外，在四周；在外侧，表面上,I heard footsteps outside.　我听到外面的脚步声。
1189,furniture,P1,W1–W10,,ˈfɝnɪtʃɚ,n. 家具；装置；惯常的见解；贮藏物，内容；步枪底托；（排版用的）大空铅，填空材料,The room was empty of furniture.　房间里什么家具都没有。
1190,levels,P1,W1–W10,释义待核实，不进入核心练习,ˈlɛvəlz,释义待核实，不计入核心练习,
1191,channel,P1,W1–W10,,ˈtʃænəl,n. 频道，电视频道；管道，通道，航道；渠道，手段；沟渠，沟槽；河床；海峡；信道；电子沟道；输液道；v. 引导，把……用于；输送，传送；通灵；努力赶上，受启发；形成凹槽；【名】 （Channel）（美）沙内乐（人名）,The programme's on Channel 4.　这个节目在4频道。
1192,letter,P1,W1–W10,,ˈlɛtɚ,n. 信，信函；字母；<美>（缝制在运动服上的）校运动队首字母标志；<英，非正式>（代表学位或职位等资格的）首字母缩略词（letters）；文学；法律文书，正式文书（letters）；字面确切含义；（印刷）一种铅字字体；<古> 学识，渊博的学问；v. 用字母标注；把字母印刷（或缝制等）于；<美>赢得学校运动队的字母标志；【名】 （Letter）（美、英、巴西）莱特（人名）,The letter was intercepted.　信被截查了。
1193,mode,P1,W1–W10,,ˈmoʊd,n. 方式，做法；（机器、设备的）运行方式，状态；（衣着、艺术等的）形式，风格；<非正式>（思想、情感或行为的）状态，状况；（音乐的）调式；众数（一组数字中出现次数最多的数）；（逻）（模态命题的）式，形式；（物理）模（式），波型；（模态命题的）式，形式；【名】 （Mode）（英、德、法、乍、瑞典）莫德（人名）,The operation should be done only once for each mode.　此操作对于每个模式来说只进行一次。
1194,phones,P1,W1–W10,释义待核实，不进入核心练习,ˈfoʊnz,释义待核实，不计入核心练习,
1195,ideas,P1,W1–W10,释义待核实，不进入核心练习,aɪˈdiəz,释义待核实，不计入核心练习,
1196,wednesday,P1,W1–W10,,ˈwɛnzdi,n. 星期三,Let's move the meeting to Wednesday.　我们把开会时间改到星期三吧。
1197,structure,P1,W1–W10,,ˈstrʌktʃɚ,n. 结构，构造；结构体，（尤指）大型建筑物；周密安排，精心组织；机构，组织，体系；v. 计划，组织，安排,This structure must be stable.　这种结构一定很稳固。
1198,fund,P1,W1–W10,,ˈfʌnd,n. 基金，专款；资金，钱款；基金会；储备量；v. 资助，为……提供资金；【名】 （Fund)）（德）丰德（人名）,The fund is voluntarily administered.　这个基金是无偿管理的。
1199,summer,P1,W1–W10,,ˈsʌmɚ,n. 夏天，夏季；<文>年，岁；（建筑）大梁；（天文）从夏至到秋分这段时期；全盛期；v. （在某地）避暑，过夏；夏天放牧（牛）；【名】 （Summer）（德）祖默，（英）萨默（人名）,It's very hot here in summer.　这里夏天很热。
1200,allow,P1,W1–W10,,əˈlaʊ,v. 允许，准许；使有可能；任凭；<正式>接受，认可；促使；（特地）酌留；承认，同意；让对方得分,We must allow for human error.　我们必须考虑到人为的失误。
1201,degree,P1,W1–W10,,dɪˈɡri,n. 度，度数（温度单位）；（角的）度，度数；学位课程，学位；程度；音级；次，次数；（形容词或副词的）级；共济会职务；<旧>社会地位，官衔,She's reading for a law degree.　她在攻读法学学位。
1202,contract,P1,W1–W10,,ˈkɑnˌtrækt,n. 合同，契约；<非正式>暗杀协议；（桥牌）定约墩数；婚约，订婚；v. （使）收缩，缩小；签合同，订立契约；患上，感染；订立婚约（或盟约）；欠负（债）,He mailed me the contract.　他把合同寄给了我。
1203,button,P1,W1–W10,,ˈbʌtən,n. 纽扣，扣子；按钮；<美>徽章；v. 用纽扣扣住；【名】 （Button）（英）巴顿（人名）,This button is for adjusting the volume.　这个按钮是调节音量的。
1204,releases,P1,W1–W10,释义待核实，不进入核心练习,rɪˈlisɪz,释义待核实，不计入核心练习,
1205,wed,P1,W1–W10,释义待核实，不进入核心练习,ˈwɛd,释义待核实，不计入核心练习,
1206,homes,P1,W1–W10,释义待核实，不进入核心练习,ˈhoʊmz,释义待核实，不计入核心练习,
1207,super,P1,W1–W10,,ˈsupɚ,adj. <非正式>极好的，极优秀的；超级的；adv. 极其，非常；n. <非正式>（英国的）警官，（美国的）警长；<美>（大楼的）管理人；<非正式>主管，上司；过磷酸盐，过磷酸钙；特级品，特优产品；<美，俚>跑龙套的角色，临时演员,That's a super idea.　那是个超好的想法。
1208,male,P1,W1–W10,,ˈmeɪl,adj. 男性的；（动物）公的，雄性的；只有雄蕊的；全由男性组成的；（工具部件等）凸形的，阳的；男性特有的；n. 男子，男孩；雄性动物；雄性植物；【名】 （Male）（英）梅尔，（柬）马尔，（意、西、塞）马莱（人名）,I'm not a male chauvinist.　我不是大男子主义者。
1209,matter,P1,W1–W10,,ˈmætɚ,n. 事情，问题；事态，情况；困境，麻烦（the matter）；物质；材料，物品，东西；书面材料，印刷品；（身体感染部位排出的）脓，黄水；命题内容；（表示数量或时间之少）大约，左右；（法庭审问或证明的）事项，案件；v. 要紧，有关系；（伤口）化脓，流脓；【名】 （Matter）（英、法）马特，（西）马特尔（人名）,This matter is their concern.　这件事由他们负责。
1210,custom,P1,W1–W10,,ˈkʌstəm,n. 风俗，习俗；习惯；光顾，惠顾；<法律>惯例，习惯法；（经常性的）顾客；adj. 定做的，量身设计的,It was her custom to rise early.　早起是她的习惯。
1211,virginia,P1,W1–W10,释义待核实，不进入核心练习,vɚˈdʒɪnjə,释义待核实，不计入核心练习,
1212,almost,P1,W1–W10,,ˈɔlˌmoʊst,adv. 几乎，差不多,They'll eat almost anything.　他们几乎什么都吃。
1213,took,P1,W1–W10,释义待核实，不进入核心练习,ˈtʊk,释义待核实，不计入核心练习,
1214,located,P1,W1–W10,,ˈloʊˌkeɪtəd,adj. 处于，位于；坐落的；adj. 位于，坐落在；v. 确定……的位置，探明；设立，建立；迁居，开办公司（locate 的过去式和过去分词）,The hotel is centrally located for all major attractions.　这家旅馆位于中心地带，去往所有主要景点都很方便。
1215,multiple,P1,W1–W10,,ˈmʌltəpəl,adj. 多个的，多种的；多人共有的；影响身体许多部位的；n. 倍数；<英>连锁商店；（电信）复联，复接,He died of multiple injuries.　他死于多处受伤。
1216,asian,P1,W1–W10,释义待核实，不进入核心练习,ˈeɪʒən,释义待核实，不计入核心练习,
1217,distribution,P1,W1–W10,,ˌdɪstrəbˈjuʃən,n. 分发；分销，配送；（电影在各院线的）发行，上映；分配，分布,They studied the geographical distribution of the disease.　他们研究了这种疾病的地域分布情况。
1218,editor,P1,W1–W10,,ˈɛdətɚ,n. 编辑；记者；剪辑师；编辑程序,We're losing a first-rate editor in Jen.　我们即将失去珍这位一流的编辑。
1219,inn,P1,W1–W10,,ˈɪn,n. （尤指乡村的）小旅馆，小酒馆；（用于旅馆的名字中）酒店，饭店；【名】 （Inn）（柬）因（人名）,I always feel at home at Ye Olde Starre Inn.　在昨日星辰客栈，我总是觉得非常舒适安逸。
1220,industrial,P1,W1–W10,,ˌɪnˈdʌstriəl,adj. 工业的，产业的；有很多产业的，工业发达的；工业用的，用于工业的；（与）工业摇滚（有关）的；因勤劳而得到的；n. 从事工业的公司；工业股票；工业工人,Industrial production is stagnating.　工业生产停滞不前。
1221,cause,P1,W1–W10,,ˈkɑz,n. 原因；事业；理由；v. 引起,He died for a noble cause.　他为了高尚的事业而牺牲。
1222,potential,P1,W1–W10,,pəˈtɛnʃəl,adj. 潜在的，可能的；n. （事物的）潜力，可能性；（人的）潜能，潜力；电势，电位，电压,The boy has great potential.　这个男孩有很大的潜力。
1223,song,P1,W1–W10,,ˈsɔŋ,n. 歌，歌曲；歌唱，声乐；（鸟的）鸣啭，啼啭；押韵的诗歌；【名】 （Song）（英）桑，（汉语）宋（人名）,I wrote this sappy love song.　我写了这首愚蠢的爱情歌曲。
1224,cnet,P1,W1–W10,释义待核实，不进入核心练习,ˈsiˌnɛt,释义待核实，不计入核心练习,
1225,ltd,P1,W1–W10,释义待核实，不进入核心练习,ˈlɪmɪtɪd,释义待核实，不计入核心练习,
1226,los,P1,W1–W10,释义待核实，不进入核心练习,ˈloʊs,释义待核实，不计入核心练习,
1227,hp,P1,W1–W10,释义待核实，不进入核心练习,ˌeɪtʃˈpi,释义待核实，不计入核心练习,
1228,focus,P1,W1–W10,,ˈfoʊkəs,n. 重点，中心点；关注，注意；震源；目的，意图；焦距；病灶；调焦装置；目的明确，专注；（椭圆、抛物线等曲线的）焦点；v. 集中，关注；聚焦，调焦；<语言学>以（句子的一部分）为焦点（或重心）；【名】 （Focus）（瑞典）福库斯 (人名),He prefers to focus on the positive.　他更愿意关注积极面。
1229,late,P1,W1–W10,,ˈleɪt,晚的；迟到的,"Sorry, I am late.　抱歉，我迟到了。"
1230,fall,P1,W1–W10,,ˈfɔl,v. 降落，落下；跌倒，倒塌；（水平、数量、价格等）下跌，减少；属于；下垂，低垂；照射（到），（阴影）落在；降临，发生；倒台，失势；被打败，沦陷；阵亡，被击毙；打中，击中；（嗓音或声音）变轻，变小；进入（某状态），开始变成（某事物）；n. 落下，跌倒；（数量、水平、价格等的）下降，降低；秋天，秋季；失败，垮台 ；瀑布；（摔跤或柔道项目中的）摔倒，压倒；（雨、雪等的）降落；堕落；【名】 （Fall）（西）法勒（人名）,Output will fall by 6%.　产量将下降6%。
1231,featured,P1,W1–W10,释义待核实，不进入核心练习,ˈfitʃɚd,释义待核实，不计入核心练习,
1232,idea,P1,W1–W10,,aɪˈdiə,n. 想法，主意；观点，看法；原则，信念；理解，了解；猜想；目标，意图；（柏拉图哲学）理念,That's a darned good idea!　这真是绝妙的好主意！
1233,rooms,P1,W1–W10,释义待核实，不进入核心练习,ˈrumz,释义待核实，不计入核心练习,
1234,female,P1,W1–W10,,ˈfiˌmeɪl,adj. 女性的，妇女的；女性特有的；由女性组成的；内孔的；雌性的，母的；雌蕊的；n. 雌性动物，雌性植物；女子,Oestrogen is a female sex hormone.　雌激素是一种雌性荷尔蒙。
1235,responsible,P1,W1–W10,,riˈspɑnsəbəl,adj. （对某人、某事）负责的；（对事故、错误、罪行等）负有责任的，应承担责任的；（工作或职位）重要的，责任重大的；可靠的，负责任的；作为缘由的，应受归咎的；向......负责的，向......汇报的,He's directly responsible to the boss.　他直接对老板负责。
1236,inc,P1,W1–W10,释义待核实，不进入核心练习,ˈɪŋk,释义待核实，不计入核心练习,
1237,communications,P1,W1–W10,释义待核实，不进入核心练习,kəmˌjunəˈkeɪʃənz,释义待核实，不计入核心练习,
1238,win,P1,W1–W10,,ˈwɪn,v. （在战斗、比赛、游戏等中）赢，获胜；赢得（奖品等）；通过努力得到（某物）；为……赢得，使……获得；采（矿）；晾（干草）；n. （在比赛、竞赛等中的）胜利；【名】 （Win）（德、荷、缅）温，（英）温（女子教名 Winifred 的昵称）（人名）,They didn't deserve to win.　他们不该赢。
1239,associated,P1,W1–W10,,əˈsoʊsiˌeɪtɪd,adj. 有关联的，相关的；联合的，联营的；v. 联想，联系；支持；交往（associate 的过去式和过去分词形式）,Low oestrogen levels are associated with stress.　雌激素分泌水平低与精神压力有关。
1240,thomas,P1,W1–W10,释义待核实，不进入核心练习,ˈtɑməs,释义待核实，不计入核心练习,
1241,primary,P1,W1–W10,,ˈpraɪˌmɛri,adj. 主要的，首要的；<英>小学教育的，初级教育的；初级的，原发性的；最基本的，最根本的；第一手的，直接的；（有机化合物）连上一个碳原子的；（多指胺）（氨基酸顺序）一级的；n. （选举过程中的党内）初选（=primary election）；原色；初级飞羽；主星；初级线圈，原线圈,We turn now to our primary question.　我们现在转到我们的主要问题上。
1242,cancer,P1,W1–W10,,ˈkænsɚ,n. 癌症；痼疾，社会恶习；巨蟹宫，巨蟹座（Cancer）；出生于巨蟹宫时段（即6月22日至7月22日）的人（Cancer）,He has terminal lung cancer.　他患有晚期肺癌。
1243,numbers,P1,W1–W10,释义待核实，不进入核心练习,ˈnʌmbɚz,释义待核实，不计入核心练习,
1244,reason,P1,W1–W10,,ˈrizən,n. 原因，理由；充分理由，正当理由；道理，情理；判断力，理智；v. 推理，逻辑思考；推论出，推断出（reason sth. out）；对（某人）以理相劝，劝告（reason with）；【名】 （Reason）（英）里森（人名）,The reason is blindingly obvious.　原因十分明显。
1245,tool,P1,W1–W10,,ˈtul,n. （尤指手用）工具；（完成工作或达到目标的）工具，手段；受人利用的人，工具；<忌，俚>阴茎；容易被利用（或欺骗）的人，蠢人；（计算机）工具；（书籍装订时的）压印图案；v. 驱车兜风，驾车到处跑；（用工具）制作，在（皮革，尤指书籍的皮革封面）上压印图案；（为生产而）配置设备；凿刻（石头）；<英，非正式>（尤指为犯罪活动而）武装,What is this tool for?　这个工具是干什么用的？
1246,browser,P1,W1–W10,,ˈbraʊzɚ,n. 浏览器；逛商店的人，浏览书报者；吃高处草木的动物,You need an up-to-date Web browser.　你需要一个最新的网络浏览器。
1247,spring,P1,W1–W10,,ˈsprɪŋ,n. 春天，春季；泉，泉水；源泉，根源；弹簧，发条；弹性，弹力；跳，跃；活力，朝气；<罕>一群水鸭；朔望潮，大潮（spring tide 的简称）；（船甲板）翘曲，弯曲；（厚木板、圆材的）裂开，裂缝；（航海）倒缆，斜系船缆；adj. 春天的；v. 跳，跃；突然弹开，突然移动；突然出现，涌现；突然启动，突然运转；突然向某人提供（或提出）；<非正式>帮助……逃跑（或越狱），营救；发源于，来自；<美，非正式>付账（尤指请客）；<古>花钱；<澳，非正式>突然发现，撞见（不正当活动或违法者）；惊起（猎鸟），使（猎鸟）从躲藏处飞出；使爆炸；（尤指木料）翘曲，裂开；（船的桅杆或其他部分）翘曲，裂开,Spring came late this year.　今年春天来得晚。
1248,foundation,P1,W1–W10,,faʊnˈdeɪʃən,n. 地基，基础；基本原理，根据；基金会；建立，创办；（化妆打底用的）粉底霜,The allegations were without foundation.　这些指控没有根据。
1249,answer,P1,W1–W10,,ˈænsɚ,v. 回答，答复；回复；接电话；应门；答（题）；回应，反击；满足，适合；与……相符，相配；解决（问题）；n. 回答，答复；答案；解决办法；回信，回函；接听，应门；相当的人，对应物,Your answer is exactly right.　你的回答完全正确。
1250,voice,P1,W1–W10,,ˈvɔɪs,n. 嗓音，说话声，歌唱声；发言权，表达意愿的权利；愿望，意见，呼声；（突然闪现的）想法，感觉；代言人，喉舌；（语法）语态；（语音）浊音；（文学作品或作者的）独特风格；（乐曲）声部；单音，单声；v. 表达，吐露（感情或意见）；（语音）发浊音；（乐）给（管风琴）调音,Her voice sounds horrible.　她的嗓音难听死了。
1251,eg,P1,W1–W10,释义待核实，不进入核心练习,,释义待核实，不计入核心练习,
1252,friendly,P1,W1–W10,,ˈfrɛndli,adj. 亲切的，友善的；朋友（般）的，要好的；为友谊的，非对抗性的；（国家或政府）友好的，无敌意的；（部队，装备）我军的，友军的；好用的，无害的；支持的，提供帮助的；令人愉快的；（公司的兼并）自愿的；cn. 友谊赛；【名】 （Friendly）（英）弗兰德利（人名）,The locals are very friendly.　当地人很友好。
1253,schedule,P1,W1–W10,,ˈskɛdʒʊl,n. 计划（表），进度表；<美>（公共汽车、火车等的）时间表；（价目、费用等的）清单，一览表；（电视或电台的）节目表；<美>（学校的）课程表；<法律> 附件（尤指表格、单据等）；（英国所得税制的）报税单；v. 安排，预定；列入，收进（正式目录、清单等中）；<英> 把（建筑物）列为文物保护单位,We have a very crowded schedule.　我们的日程排得满满的。
1254,documents,P1,W1–W10,释义待核实，不进入核心练习,ˈdɑkjəmənts,释义待核实，不计入核心练习,
1255,communication,P1,W1–W10,,kəmˌjunəˈkeɪʃən,n. 表达，交流，交际；信息，书信，电话；通讯，交通联系；传播学,Good communication is key to our success.　良好的沟通是我们成功的关键。
1256,purpose,P1,W1–W10,,ˈpɝpəs,n. 目的，意图；目标，计划；（达到生活中目标的）决心，毅力；（情势等的）需要，用意（purposes）；重要意义，有价值的意义；v. 有意，打算,The purpose of industry is to create wealth.　勤劳的目的是致富。
1257,feature,P1,W1–W10,,ˈfitʃɚ,n. 特点，特征；五官，面貌（特征）；地貌；特写，专题节目；正片； 特点，特征；v. 以……为特色，以……为主要组成；起重要作用，占重要地位；放映，上演；担任主演,His eyes are his most notable feature.　他的双眼是他最明显的特征。
1258,bed,P1,W1–W10,,ˈbɛd,n. 床，床铺，床位；底部，基座；花坛，苗圃；海底，河床；岩层；（车辆的）拖斗；v. 把……固定，嵌入；与（某人）上床,The bed springs twanged.　这床的弹簧嘣嘣响。
1259,comes,P1,W1–W10,释义待核实，不进入核心练习,ˈkʌmz,释义待核实，不计入核心练习,
1260,police,P1,W1–W10,,pəˈlis,n. 警察部门；警察；v. 巡查，维护治安；监督，管制；执行（法律，协议，条约）,Police attempted to turn back.　警察试图往回走。
1261,everyone,P1,W1–W10,,ˈɛvriˌwʌn,pron. 每个人；人人,The news astonished everyone.　这消息使大家十分惊讶。
1262,independent,P1,W1–W10,,ˌɪndɪˈpɛndənt,adj. 自治的，独立的；自立的，自力更生的；公正的，不受他人影响的；分离的，单独的；私营的；无党派的；有主见的，有独立见解的；n. 独立自主者，独立团体；无党派政治家；公理会教友,Mozambique became independent in 1975.　莫桑比克于1975年获得独立。
1263,ip,P1,W1–W10,释义待核实，不进入核心练习,ˌaɪˈpi,释义待核实，不计入核心练习,
1264,approach,P1,W1–W10,,əˈproʊtʃ,v. 靠近，临近；接洽，交谈；对付，处理；近似，接近于；n. 方法，态度；靠近，接近；接洽，要求；通道，路径；进场着陆；近似物,They've taken a very cautious approach.　他们采取了十分谨慎的态度。
1265,cameras,P1,W1–W10,释义待核实，不进入核心练习,ˈkæmɚəz,释义待核实，不计入核心练习,
1266,brown,P1,W1–W10,,ˈbraʊn,adj. 褐色的，棕色的；肤色深的，晒黑的；未去壳的，糙的；n. 褐色，棕色；褐色的东西；眼蝶，褐蝶；v. （使）变成棕色，成褐色,She had slanted brown eyes.　她有一双棕色的丹凤眼。
1267,physical,P1,W1–W10,,ˈfɪzɪkəl,adj. 身体的，肉体的；物质的，有形的；外形的，外在的；物理的，物理学的；根据自然规律的，符合自然法则的；粗暴的，粗野的；性欲的，肉欲的；（人）喜欢动手动脚的；肢体活动的；n. 体格检查；（股票）（与期货相对的）现货股票,Bob failed his physical.　鲍勃没有通过体格检查。
1268,operating,P1,W1–W10,释义待核实，不进入核心练习,ˈɑpɚˌeɪtɪŋ,释义待核实，不计入核心练习,
1269,hill,P1,W1–W10,,ˈhɪl,n. 山丘，小山；（道路的）斜坡；土堆，小堆；<美，非正式>国会山；v. 使成堆；【名】 （Hill）（英、德、匈、捷、罗、芬、瑞典）希尔，（法、西）伊尔（人名）,A hawk hovered over the hill.　一只鹰在小山的上空翱翔。
1270,maps,P1,W1–W10,释义待核实，不进入核心练习,ˈmæps,释义待核实，不计入核心练习,
1271,medicine,P1,W1–W10,,ˈmɛdəsən,n. 药物，药剂；医疗，医学；内科；（北美印第安人等民族所信奉的具有治疗或保护效力的）咒语，魔法；v. 用药物治疗，给……用药,Did you take your medicine?　你吃过药了吗？
1272,deal,P1,W1–W10,,ˈdil,交易；n. （美、法、英）迪尔（人名）；v. （deal）发牌；发放，分配；处理；对待；做生意,It's your deal.　该你发牌了。
1273,hold,P1,W1–W10,,ˈhoʊld,v. 抓住，托住；按住，捂住；拥抱；使保持（在某位置）；支撑……的重量；容纳，包含；监禁，拘留；守卫，控制；（好形势）保持不变；吸引某人的注意/兴趣；（使）保持（价值或水平）；保存，存贮；拥有；担任，任职；获得，赢得；持有，怀有（观点、信念等）；认为，相信；举行，进行；（车辆）抓（地）；（船或飞机）保持航线；持续（一种音符）；别挂断；停下，推迟；有效，适用；（使）具有；大量喝（酒）而不醉；<美>不包括，排除在外；（使）坚持；<美，非正式>携有违禁毒品；n. 握，抓；擒拿法；影响，控制；支撑点；底舱，货舱；预定；坚持，继续拥有；理解；【名】 （Hold）（英、德、捷）霍尔德（人名）,They hold differing views.　他们持有不同的观点。
1274,ratings,P1,W1–W10,释义待核实，不进入核心练习,ˈreɪtɪŋz,释义待核实，不计入核心练习,
1275,chicago,P1,W1–W10,释义待核实，不进入核心练习,ʃəˈkɑˌɡoʊ,释义待核实，不计入核心练习,
1276,forms,P1,W1–W10,释义待核实，不进入核心练习,ˈfɔrmz,释义待核实，不计入核心练习,
1277,glass,P1,W1–W10,,ˈɡlæs,n. 玻璃；玻璃杯；一杯之量；玻璃器皿，玻璃制品；玻璃保护面；眼镜，透镜；<英>镜子；（计时）沙漏；气压表，晴雨表；v. 用玻璃覆盖，给……装玻璃；（尤指在打猎时）用望远镜观察（周围环境）；<英，非正式>用啤酒杯打（某人的脸）；反映；成玻璃状；【名】 （Glass） （英、法、德、意）格拉斯（人名）,Glass contracts as it cools.　玻璃遇冷收缩。
1278,happy,P1,W1–W10,,ˈhæpi,adj. 快乐的；幸福的，使人高兴的；满意的；乐意的；幸运的；合适的；comb. <非正式>滥用……的；【名】 （Happy）（英、瑞典、喀）哈皮（人名）,"""Happy Easter,"" he yelled.　“复活节快乐，”他喊道。"
1279,tue,P1,W1–W10,释义待核实，不进入核心练习,ˈtu,释义待核实，不计入核心练习,
1280,smith,P1,W1–W10,释义待核实，不进入核心练习,ˈsmɪθ,释义待核实，不计入核心练习,
1281,wanted,P1,W1–W10,释义待核实，不进入核心练习,ˈwɔntɪd,释义待核实，不计入核心练习,
1282,developed,P1,W1–W10,释义待核实，不进入核心练习,dɪˈvɛləpt,释义待核实，不计入核心练习,
1283,thank,P1,W1–W10,,ˈθæŋk,v. 感谢，向……表示谢意；（讽）要……负责，责怪；n. 感谢；int. 谢谢（thanks）,"I'm better now, thank you.　我现在好些了，谢谢您。"
1284,safe,P1,W1–W10,,ˈseɪf,adj. 安全的，平安的；不损害（或危害）健康的；谨慎的；（地点或局势）安全的；不会丢失，不会被拿走；<非正式> 不错的；不致引起争议的，有把握的；（棒球）成功上垒的；（选举中席位）十拿九稳的；无风险的，稳妥的；n. 保险箱；<美，非正式> 阴茎套，安全套；纱橱；int. <英，非正式> 嗨，喂（年轻人打招呼时说）,The children are quite safe here.　孩子们在这里十分安全。
1285,unique,P1,W1–W10,,juˈnik,adj. 独一无二的，独特的；非常特别的，极不寻常的；（某人、地或事物）独具的，特有的；n. <古>独一无二的人（或事）；【名】 （Unique）尤妮克（人名）,Each person's signature is unique.　每个人的签名是独一无二的。
1286,survey,P1,W1–W10,,sɚˈveɪ,调查；n. 民意调查，民意测验；考察，调查；（对课题或情况的）全面考察，概述；测量，勘测；测绘图，勘测记录；测量部门；<英> （尤指为欲购房者所做的）房屋鉴定；查勘报告；v. 做民意测验，做民意调查；（尤指认真地）审视，检查；测量，勘测；<英> （尤指为可能的买家）查勘，检视（建筑物的状况）；全面评述，概述,This very thorough survey goes back to 1784.　这项非常彻底的调查可追溯到1784年。
1287,prior,P1,W1–W10,,ˈpraɪɚ,adj. 先前的，事先的；<正式>优先的，更重要的；<正式>在前面的（prior to）；n. <美，非正式>犯罪前科；小修道院院长；大修道院副院长；托钵会会长；【名】 （Prior）（美）普廖尔（人名）,Visits are by prior arrangement.　参观需要事先安排。
1288,telephone,P1,W1–W10,,ˈtɛləˌfoʊn,n. 电话通讯系统；电话；（电话机的）话筒，受话器；v. （给……）打电话,I must telephone my parents.　我一定要给父母打个电话。
1289,sport,P1,W1–W10,,ˈspɔrt,n. （某项）体育运动；体育运动；运动会（sports）；野外运动（尤指打猎或钓鱼）；（狩猎、钓鱼等活动带来的）成就感；乐趣；<非正式>开朗大度的人；<澳>（用作友好称呼，尤指对男子）朋友，老兄，哥们儿；（生）突变，芽变；v. （引人注目地）穿戴，展示；嬉戏，玩耍；adj. 运动的,What's your favourite sport?　你最喜欢哪一项体育运动？
1290,ready,P1,W1–W10,,ˈrɛdi,adj. （某人）准备好（做某事）的；预先备好的，可供使用的；乐意的；方便使用的，现成的；迅速的，敏捷的；即将……的；需要的，想要的；n. <英，非正式>现款（the ready/readies）；预备好的状态；adv. 已做完，已完成,They're ready for the off.　他们准备起跑了。
1291,feed,P1,W1–W10,,ˈfid,v. 饲养，喂养，为……提供食物；以……为食物，吃食；提供（意见或信息等），灌输；施肥；添加燃料；把……放进机器，将……塞进机器；加深，强化；使（缓慢平稳地）移动，使穿过（有限的空间）；<非正式>维持，满足（习惯）；传球；流入，进入；n. 哺乳，喂养；动物的饲料，植物的肥料；（机器的）进料装置；（机器、设备的）原料供给；（卫星或网络）转播，（信号）传输；（计算机）订阅源；（给舞台演员的）提词，提白；<非正式>丰盛的一餐,"Can you feed the cat, please?　请你喂一下猫好吗？"
1292,animal,P1,W1–W10,,ˈænəməl,n. 动物；兽类；<非正式>衣冠禽兽，畜牲；某一类人或物；adj. 动物的；肉体的，肉欲的；取自动物的；（胚胎）动物极的,The animal is hunted for its fur.　狩猎这种动物是为了获取其毛皮。
1293,sources,P1,W1–W10,释义待核实，不进入核心练习,ˈsɔrsəz,释义待核实，不计入核心练习,
1294,mexico,P1,W1–W10,释义待核实，不进入核心练习,ˈmɛksəˌkoʊ,释义待核实，不计入核心练习,
1295,population,P1,W1–W10,,ˌpɑpjəˈleɪʃən,n. （地区、国家等的）人口，人口数量；（某领域的）生物，族群，人口；（统计）总体，母体；（天文）星族；（物理）布居数,The population continues to increase.　人口持续增长。
1296,pa,P1,W1–W10,释义待核实，不进入核心练习,ˈpɑ,释义待核实，不计入核心练习,
1297,regular,P1,W1–W10,,ˈrɛɡjəlɚ,adj. 定期的，规律的；经常的，频繁的；惯常的，通常的；持久的，固定的；标准尺寸的，中号的；普通的，平凡的；常备军的，正规军的；（动词）规则的；（人）正常通便的，月经正常的；完全的，彻底的；均匀的，端正的；正规的，正当的；（冲浪等）左腿在前的；n. 常客，老主顾；主演，主力队员；正规军人，职业军人；普通产品，普通装；（区别于世俗教士的）修道者，教士；【名】 （Regular）（以）雷古拉尔（人名）,Do you take regular exercise?　你经常锻炼吗？
1298,secure,P1,W1–W10,,sɪkˈjʊr,adj. 稳固的，可靠的；严密把守的，牢固的；安全的，稳妥的；（对自己和自己的能力）有自信的；感到有保障的，没有顾虑的；固定住的，系牢的；秘密的；v. （尤指经过努力而）获得，得到；使安全，保护；缚牢，将（某物）固定；确保，保证；为（债务或贷款）作抵押，作保；（外科）压迫（血管）止血；停止工作；船抛锚,Double-check that the ladder is secure.　再检查一下梯子是否安全。
1299,navigation,P1,W1–W10,,ˌnævəˈɡeɪʃən,n. 导航；航行，航海；航运，水上运输；浏览，访问；领航术，航海术；内河水道（尤指运河）,They will be helped by the very latest in navigation aids.　他们将得到最新的导航设备的帮助。
1300,operations,P1,W1–W10,释义待核实，不进入核心练习,ˌɑpɚˈeɪʃənz,释义待核实，不计入核心练习,
1301,therefore,P1,W1–W10,,ˈðɛrˌfɔr,adv. 因此，所以,He's only 17 and therefore not eligible to vote.　他只有17岁，因此没有投票选举的资格。
1302,ass,P1,W1–W10,释义待核实，不进入核心练习,ˈæs,释义待核实，不计入核心练习,
1303,simply,P1,W1–W10,,ˈsɪmpli,adv. 仅仅，只，不过；简直，的确； 简单地，简明地；朴素地，简朴地,I simply adore his music!　我简直太喜爱他的音乐了！
1304,evidence,P1,W1–W10,,ˈɛvədəns,n. 根据，证明；（呈上法庭的）证据，证词；迹象，痕迹；v. 证实，证明,I had no concrete evidence.　我当时没有明确而具体的证据。
1305,station,P1,W1–W10,,ˈsteɪʃən,n. （公共汽车、火车等的）车站；电视台，广播电台；站，所，局；<旧>社会地位，身份；须坚守的位置，岗位；驻地，基地；（电台或电视的）频率，频道；（澳大利亚或新西兰的）大牧场；vt. 驻扎，派驻；派往，安置在,Mama met me at the station.　妈妈在车站接了我。
1306,christian,P1,W1–W10,,ˈkrɪstʃən,- n. 基督教徒；- adj. 信基督教的; 基督教的; 基督教徒的；形容词:,He was a devout Christian.　他曾是一个虔诚的基督教徒。
1307,round,P1,W1–W10,,ˈraʊnd,围绕地；adj. 圆形的，球形的；弧形的；微胖的，丰满的；<喻>（声音）圆润的；整数的；<古>（钱）大量的；耿直的；adv. 旋转，环绕；周长；在周围，围绕；到处，四处；朝反方向，转过来；绕弯，向另一侧；逐一，挨个；到某地，在某地；大约；闲着；从头至尾,She bought drinks all round.　她给每个人都买了饮料。
1308,paypal,P1,W1–W10,释义待核实，不进入核心练习,ˈpeɪˌpʌl,释义待核实，不计入核心练习,
1309,favorite,P1,W1–W10,释义待核实，不进入核心练习,ˈfeɪvɚɪt,释义待核实，不计入核心练习,
1310,understand,P1,W1–W10,,ˌʌndɚˈstænd,理解；明白,I understand this sentence.　我理解这个句子。
1311,option,P1,W1–W10,,ˈɑpʃən,n. 可选择的事物；选择，选择权；（将来的）买卖选择权利，期权；（计算机程序中的）选项；<英>选修课；（购买新设备，尤其是汽车时提供的）附件，配件；v. 买卖（某物的）期权,A luggage rack is a sensible option.　行李架是个明智的选择。
1312,master,P1,W1–W10,,ˈmæstɚ,硕士；n. （美、俄、印、英、巴、加）马斯特（人名）；v. （master）控制；精通；征服,He is a master of disguise.　他是伪装高手。
1313,valley,P1,W1–W10,,ˈvæli,n. 山谷；流域；溪谷；n. （Valley）人名；（英）瓦利；（法）瓦莱,Mist ascended from the valley.　薄雾从山谷升起。
1314,recently,P1,W1–W10,,ˈrisəntli,adv. 最近，不久前,I've gained weight recently.　最近我的体重增加了。
1315,probably,P1,W1–W10,,ˈprɑbəˌbli,adv. 大概，或许,You're probably right.　你很可能是对的。
1316,thu,P1,W1–W10,释义待核实，不进入核心练习,,释义待核实，不计入核心练习,
1317,rentals,P1,W1–W10,释义待核实，不进入核心练习,ˈrɛntəlz,释义待核实，不计入核心练习,
1318,sea,P1,W1–W10,,ˈsi,n. 海洋；内海；海（指月球或火星表面的一片广阔平原）；海面情况，海浪状况；大量，茫茫一片；（用于海名）海（Sea）；巨浪（seas）,The clear blue sea beckoned.　清澈蔚蓝的大海令人向往。
1319,built,P1,W1–W10,释义待核实，不进入核心练习,ˈbɪlt,释义待核实，不计入核心练习,
1320,publications,P1,W1–W10,释义待核实，不进入核心练习,ˌpʌblɪˈkeɪʃənz,释义待核实，不计入核心练习,
1321,blood,P1,W1–W10,,ˈblʌd,n. 血，血液；出身，血统；成员，人员；杀戮，流血；气质，脾气；<旧>纨绔子弟，花花公子；血样，血检；v. 使取得初次经验；用猎物的血涂（新手的）脸；让（猎狗）第一次尝血；【名】 （Blood）（英、西）布拉德（人名）,The wound was oozing blood.　伤口流着血。
1322,cut,P1,W1–W10,,ˈkʌt,v. 切，割，剪；削减，缩减；删节，删减；停止，切断；抄近路，穿过；切（牌），倒（牌）；灌制（唱片），录制（讲话）；划伤，割伤；剪裁；开始长（新牙）；<美>逃学，逃课；停止做不好的事情；切下；切开，把……切碎；凿，挖，刻；剪短，修剪；（割断束缚物）使脱身，使松开；可用于切割；能被切割；剪切（计算机文档）； 剪辑，剪接；停止拍片（或录音、录像）；切换画面；（从感情上）伤害；（与另一条线）相交；冲淡，稀释；划分（区域）；砍（植物）；开除，除名；快速行进；突然转向；插队；（直截了当地）处理；去除（污垢、油污等）；削（球）；<美，非正式>符合要求（cut it）；n. 切下的肉块；份额，一份利润；（开出的）通道；伤口，划口；开口，破口；（数量或尺寸上的）削减；理发，发型；款式，式样；删剪，删节；剪辑；（录制的）乐曲；精简，淘汰（如参赛人员）；切，割，削；不理睬，伤人的话（或举动）；adj. 缩减的；割下的；雕过的；阉割过的,Their throats had been cut.　他们的咽喉被割断了。
1323,worldwide,P1,W1–W10,,ˌwɝlˈdwaɪd,adj. 世界范围的，全世界的；adv. 在全世界，在世界各地,We have 2 000 members worldwide.　我们在全世界有2 000名成员。
1324,improve,P1,W1–W10,,ˌɪmˈpruv,v. 康复，健康好转；超过，胜过；提高……的价值；改善，变得更好,I need to improve my French.　我得提高我的法语水平。
1325,connection,P1,W1–W10,,kəˈnɛkʃən,n. 关系，联系；连接，接通；连接物，接头；联运，转车，转机；交通线；人际关系，人脉；亲戚，旁系亲属；<美，非正式>毒品贩子,I felt a strong connection between us.　我感觉到了我们之间的强烈关系。
1326,publisher,P1,W1–W10,,ˈpʌblɪʃɚ,n. 出版者，出版商；发行人,He wrote to me in care of my publisher.　他写信给我，经由我的出版商转交。
1327,hall,P1,W1–W10,,ˈhɔl,n. 礼堂，大厅；门厅；走廊，过道；（大学的）学生宿舍；府邸，庄园；【名】 （Hall）（英）霍尔，（法）阿尔，（土）哈勒，（德、波、丹、芬、瑞典）哈尔（人名）,This door gives onto the hall.　这道门通往大厅。
1328,larger,P1,W1–W10,释义待核实，不进入核心练习,ˈlɑrdʒɚ,释义待核实，不计入核心练习,
1329,anti,P1,W1–W10,释义待核实，不进入核心练习,ˈænˌti,释义待核实，不计入核心练习,
1330,networks,P1,W1–W10,释义待核实，不进入核心练习,ˈnɛˌtwɝks,释义待核实，不计入核心练习,
1331,earth,P1,W1–W10,,ˈɝθ,n. 地球，世界；陆地，地面；泥土，土壤；地线，电线；&lt;英，非正式&gt;一大笔钱；尘世；兽穴 v. 把（电线）接地；用土掩盖；追赶入洞穴；n. 地球，世界；陆地，地面；泥土，土壤；地线，电线；<英，非正式>一大笔钱；尘世；兽穴；v. 把（电线）接地；用土掩盖；追赶入洞穴,The earth moves round the sun.　地球围绕太阳旋转。
1332,parents,P1,W1–W10,,ˈpɛrənts,父母,I call my parents every week.　我每周给父母打电话。
1333,nokia,P1,W1–W10,释义待核实，不进入核心练习,ˈnoʊkiə,释义待核实，不计入核心练习,
1334,impact,P1,W1–W10,,ˌɪmˈpækt,n. 撞击，冲击力；巨大影响，强大作用；v. 冲击，撞击；挤入，压紧；（对……）产生影响,A violent impact hurtled her forward.　一股剧烈的冲击力将她猛地向前抛了出去。
1335,transfer,P1,W1–W10,,trænsˈfɝ,v. （使）转移，搬迁；转移（感情），传染（疾病），转让（权力等）；（使）调动，转职；转会，使转会（尤指职业足球队）；（将所得学分）转到（另一所学校）；转接（电话）；将（钱）转到（另一个账户上）；转让（财产，权利），移交（责任）；转用；转存，转录（资料、音乐等），改编；（旅途中）转乘，换乘；转印（图画，图案）；（通过延伸、隐喻）转变（词义，短语义）；n. 转移，转让，调动；（运动员）转会；转换，过渡；已调动的人，已转移的东西；（旅行中）转乘，转搭；<美>转车票，换乘票；纸上可转印的图画或图案；迁移（将已习得的行为在新的情况下应用）,The novel does not transfer well to the movies.　这部小说不太适宜改编成电影。
1336,introduction,P1,W1–W10,,ˌɪntrəˈdʌkʃən,n. 初次投入使用，采用；介绍，引见；初次经历，首次体验；序言，引言；导读，入门指导；前奏；介绍信；外来品，新引进的东西,The notes are intended as an introduction to the course.　这些笔记的目的是作为对这门课程的介绍。
1337,kitchen,P1,W1–W10,,ˈkɪtʃən,n. 厨房；一套厨具；<非正式>管弦乐队中的打击乐器组；（语言）不标准的，俚俗的；【名】 （Kitchen）（英）基钦（人名）,Set the kitchen timer going.　启动厨房定时器。
1338,strong,P1,W1–W10,,ˈstrɔŋ,adj. 强壮的，健壮的；坚固的，结实的；坚强的，有主见的；坚定的，强烈的；有影响的，深刻的；（关系）稳固的，持久的；强有力的，有说服力的；实力强的，厉害的；有望成功的，可能性大的；精通的，擅长的；健康的；味重的；浓的；强效的；明显的，显著的；（货币）坚挺的，（行业）景气的；强劲的，高速移动的；大量的，众多的；多达……的，计有……的；强硬的，冒犯的；（语法）（动词）强变化的，强变格的；（语音学）强读式的，重读的；（物理）强；adv. 强劲地，猛烈地；n. 强势群体（the strong）,He's the strong silent type.　他是那种强悍而沉默寡言的人。
1339,tel,P1,W1–W10,释义待核实，不进入核心练习,ˈtɛl,释义待核实，不计入核心练习,
1340,carolina,P1,W1–W10,释义待核实，不进入核心练习,ˌkɛrəˈlaɪnə,释义待核实，不计入核心练习,
1341,wedding,P1,W1–W10,,ˈwɛdɪŋ,n. 婚礼，结婚庆典；婚礼的；<英>结婚纪念，结婚纪念日；结合；v. 结婚，娶，嫁；（使）结合；坚持，专心于（活动、信仰或制度）（wed 的现在分词）；【名】 （Wedding）（德）韦丁（人名）,The wedding season is upon us.　婚礼旺季即将来临。
1342,properties,P1,W1–W10,释义待核实，不进入核心练习,ˈprɑpɚtiz,释义待核实，不计入核心练习,
1343,hospital,P1,W1–W10,,ˈhɑˌspɪtəl,n. 医院；青年教育慈善机构；<史>（尤指僧侣骑士团所办的）慈善招待所；【名】 （Hospital）（英）霍斯皮特尔（人名）,I had to go to hospital.　我得去医院看病。
1344,ground,P1,W1–W10,,ˈɡraʊnd,n. 地，地面；土地，土壤；（某种用途的）场地；充分的理由，根据；话题，知识领域；观点，立场；优势，有利条件；地线；庭院，花园；渣滓；（绘画或印刷的）背景，底子；v. 以……为根据；（在某学科上）给……以扎实的基础教育；使停飞；禁足；（使）搁浅；落地，着陆；把……放在地上，以……触地；把（电器）接地；（击球员）击出内场地滚球被杀出局；adj. 切碎的，磨碎的；（航空用语）地面的，地勤的；打磨成的，磨光的；生活于地面、地下或水底的,The ground was frozen solid.　地面冻得硬邦邦的。
1345,overview,P1,W1–W10,,ˈoʊvɚvˌju,n. 概述，综述；v. 概述，综述,The central section of the book is a historical overview of drug use.　本书的中心部分是对药物使用的一个历史概述。
1346,ship,P1,W1–W10,,ˈʃɪp,n. （大）船，舰；三（或多）桅帆船；<非正式> 艇（尤指赛艇）；宇宙飞船；<美> 飞机；v. （用船、飞机、卡车）运送，运输；遣送（某人）；推出（计算机商品），（使）上市；（水手）在船上工作，在船上服役；舷侧进水；把（桨架中的桨）放在船内；给船安装（舵、桅杆等）；<旧> 上船，乘船；乘船旅行；提供船只；【名】 (Ship) （美、俄、英）摄（人名）,He brought the ship about.　他掉转船头。
1347,accommodation,P1,W1–W10,,əˌkɑməˈdeɪʃən,n. <美>住宿，膳宿；<英>住处，办公处，停留处；（楼房或交通工具内的）空间，座位；和解，调和；（通过改变眼球晶状体形状）自动调焦,She left out an 'm' in 'accommodation'.　她在accommodation一词中漏掉了一个字母m。
1348,owners,P1,W1–W10,释义待核实，不进入核心练习,ˈoʊnɚz,释义待核实，不计入核心练习,
1349,disease,P1,W1–W10,,dɪˈziz,n. 疾病，病害；弊病，恶习；v. 传染，使……有病,The disease spreads easily.　这种疾病容易传播。
1350,tx,P1,W1–W10,释义待核实，不进入核心练习,,释义待核实，不计入核心练习,
1351,excellent,P1,W1–W10,,ˈɛksələnt,adj. 极好的，卓越的；int. 太好了,She speaks excellent French.　她法语说得好极了。
1352,paid,P1,W1–W10,释义待核实，不进入核心练习,ˈpeɪd,释义待核实，不计入核心练习,
1353,italy,P1,W1–W10,释义待核实，不进入核心练习,ˈɪtəli,释义待核实，不计入核心练习,
1354,perfect,P1,W1–W10,,pɚˈfɛkt,adj. 无瑕的，完好的；完全正确的，极其准确的；完美的，理想的；最佳的，绝配的；十足的，完全的；通常的，大体的；（语法）完成时的，完成式的；（数字）完全的；（花）有雌雄蕊的；（昆虫）性成熟的；（真菌）有性孢子形成阶段的，有性的；完成时的，完成式的；v. 完善，使完美；双面印完（一页纸）；<法律>使（礼物、头衔等）合法转移；n. （语法）完成时，完成体,The weather was perfect.　天气好极了。
1355,hair,P1,W1–W10,,ˈhɛr,n. 毛发，（尤指）头发；些微；（植物叶茎上的）茸毛；comb. 有……毛发（或头发）的 (-haired),His hair curls naturally.　他的头发天生鬈曲。
1356,opportunity,P1,W1–W10,,ˌɑpɚˈtunəti,n. 时机，机会,Here is your opportunity.　你的机会来了。
1357,kit,P1,W1–W10,,ˈkɪt,n. 成套工具，成套设备；配套元件；<英>全套衣服及装备；成套资料，成套材料；<英>（尤指盛鱼的）大篮子，箱子；（尤指职业舞蹈教师用的）小型小提琴；（海狸、白鼬、貂等动物的）幼崽；v. 装备；预备；【名】 （英）基特，姬特（女名）（教名 Christopher、Katherine 的昵称），（俄）基特，（东南亚国家华语）吉（人名）,My boyhood hero was Kit Carson.　我孩提时的偶像是基特·卡森。
1358,classic,P1,W1–W10,,ˈklæsɪk,adj. 典型的，有代表性的；一流的，经典的；古朴的，典雅的；<非正式>糟糕的，讨厌的；n. 经典作品，杰作；杰出的事物，典范；传统活动，传统项目,The novel may become a modern classic.　这部小说可能会成为现代名著。
1359,basis,P1,W1–W10,,ˈbeɪsəs,n. 基础，要素；基准，方式；理由，根据；主要成分（或部分）,The basis of a good marriage is trust.　美满婚姻的基础是信赖。
1360,command,P1,W1–W10,,kəˈmænd,v. 命令，下令；统率，指挥；博得，赢得；控制，掌管；居高临下，俯瞰；值（高价）；n. 命令，指示；（计算机的）指令；控制，管辖；指挥权，控制权；兵团，军区；指挥部，司令部；掌握，精通；【名】 （Command）（美）科芒（人名）,Begin when I give the command.　我发出命令时开始。
1361,cities,P1,W1–W10,释义待核实，不进入核心练习,ˈsɪtiz,释义待核实，不计入核心练习,
1362,william,P1,W1–W10,释义待核实，不进入核心练习,ˈwɪljəm,释义待核实，不计入核心练习,
1363,express,P1,W1–W10,,ɪkˈsprɛs,v. 表达，表露；表现，体现；（用数学方法）表示；压榨，挤压出（空气或液体）；特快发运；n. 快车；快递；初速大的猎枪；专使；捷运公司；adj. 快递的，特快的；明确的；特意的,Words cannot express my sorrow.　语言不能表达我的悲伤。
1364,award,P1,W1–W10,,əˈwɔrd,n. 奖，奖品；（收入的）增加；（赔偿）裁定额；（毕业证书等的）授予；奖学金；v. 授予，颁发；判给，裁定；【名】 （Award）（美）艾华尔德（人名）,He got an award for bravery.　他因英勇受奖。
1365,distance,P1,W1–W10,,ˈdɪstəns,n. 远处；疏远，隔阂；（人或物之间的）差别，差距；进展；距离；v. 疏远，远离；adj. 远距离的,Mountains rose in the distance.　远处山峦叠起。
1366,tree,P1,W1–W10,,ˈtri,n. 树；木料；树状物；vt. 把……赶上树；vi. 爬上树；逃上树,The tree is in bud already.　树已发芽。
1367,peter,P1,W1–W10,释义待核实，不进入核心练习,ˈpitɚ,释义待核实，不计入核心练习,
1368,assessment,P1,W1–W10,,əˈsɛsmənt,n. 评估，评价；估价，估计,He wrote a very generous assessment of my work.　他给我写的工作评价多有赞誉之词。
1369,ensure,P1,W1–W10,,ɛnˈʃʊr,v. 确保，保证；保护，使安全,We tried to ensure that everyone got a fair deal.　我们曾尽力保证每个人都受到公平待遇。
1370,thus,P1,W1–W10,,ˈðʌs,adv. <正式>因此；<正式>这样，以此种方式；<正式>到如此程度,Many scholars have argued thus.　许多学者都这样论证过。
1371,wall,P1,W1–W10,,ˈwɔl,n. 城墙，围墙；墙，壁，墙壁；屏障，壁垒；（感情或行为的）障碍，隔阂；人墙，隔离墙；（身体器官或动植物细胞等的）外壁；（盒子或管道等空心物的）内壁；堆得像墙一样的大量东西；柏林墙（the Wall）；防波堤，防洪堤；（尤指宏大的）峭立面；围住矿脉（或矿层）的岩石；梅戈拉毛眼蝶（同 wall brown）；v. 用墙围住（一区域）；砌墙封闭，砌墙堵住（wall sth. up）；把……关起来，禁闭（wall sb./sth. in/up）；adj. 墙壁的,I pinned him against the wall.　我把他按在墙上。
1372,ie,P1,W1–W10,释义待核实，不进入核心练习,,释义待核实，不计入核心练习,
1373,involved,P1,W1–W10,,ˌɪnˈvɑlvd,adj. 复杂的；与……关系密切的；专心于……的，忙于……的；卷入的，参与的；v. 牵涉，包含（involve 的过去式和过去分词形式）,I was itching to get involved.　我渴望参与。
1374,el,P1,W1–W10,释义待核实，不进入核心练习,ˈɛl,释义待核实，不计入核心练习,
1375,extra,P1,W1–W10,,ˈɛkstrə,adj. 额外的；另外收费的；n. 另收费的事物；临时演员；（非击球所得的）附加分；<旧>（报纸的）号外；adv. 额外；特别，格外,She tried extra hard.　她特别努力。
1376,especially,P1,W1–W10,,əˈspɛʃli,adv. 尤其，特别；专门，特地；在很大程度上，非常,I especially like sweet things.　我特别喜欢吃甜食。
1377,interface,P1,W1–W10,,ˈɪntɚˌfeɪs,n. （人机）界面（尤指屏幕布局和菜单）；（计算机设备之间的）连接，接口；（物理）界面；（学科或系统间相互影响或衔接的）边缘区域，接合部位；v. （通过界面或接口）连接；相互联系，相互交流（interface with）,The system uses an impressive graphical interface.　这一系统采用了特别好的图形界面。
1378,partners,P1,W1–W10,释义待核实，不进入核心练习,ˈpɑrtnɚz,释义待核实，不计入核心练习,
1379,budget,P1,W1–W10,,ˈbʌdʒɪt,- n. 预算；政府预算案；- 预算额，经费；- vt. & vi. 编制预算，安排开支等,I'm learning how to budget.　我正在学习怎样编制预算。
1380,rated,P1,W1–W10,释义待核实，不进入核心练习,ˈreɪtɪd,释义待核实，不计入核心练习,
1381,guides,P1,W1–W10,释义待核实，不进入核心练习,ˈɡaɪdz,释义待核实，不计入核心练习,
1382,success,P1,W1–W10,,səkˈsɛs,n. 成功，胜利；发财，成名；成功的人（或事物）,She's jealous of my success.　她忌妒我的成功。
1383,maximum,P1,W1–W10,,ˈmæksəməm,adj. 最大限度的；（数量）极大的，极多的；n. 最大量，最大限度；adv. 最多，充其量,We need an extra 6 grams a day maximum.　我们一天最多还需要6克。
1384,ma,P1,W1–W10,释义待核实，不进入核心练习,ˈmɑ,释义待核实，不计入核心练习,
1385,operation,P1,W1–W10,,ˌɑpɚˈeɪʃən,n. 运作，实施；运转，操作；手术；（有组织的）活动，行动；军事行动；企业，公司；业务，经营 ；（数学）运算,The operation saved her life.　手术挽救了她的生命。
1386,existing,P1,W1–W10,,ɪɡˈzɪstɪŋ,adj. 现存的，现行的；v. 存在，实有；生活，生活方式（exist 的现在分词形式）,Existing timbers are replaced or renewed.　现有的木材在被替换或更新。
1387,quite,P1,W1–W10,,ˈkwaɪt,adv. 相当，很；非常，十分；完全地，彻底地；（用于否定词后面表示某事不完全正确或清楚）不大确切地，差不多；<英>（表示赞同或理解）对，正是；（用于名词词组前，表示强调）出众的，了不起的；<西印度>自始至终，一路上,He plays quite well.　他表现得相当好。
1388,selected,P1,W1–W10,释义待核实，不进入核心练习,səˈlɛktɪd,释义待核实，不计入核心练习,
1389,boy,P1,W1–W10,,ˈbɔɪ,n. 男孩；儿子；男青年，小伙子；男性朋友们，一群男伙伴（the boys）；一群从事同一职业的男子（boys）；（从事某一职业的）男子；小家伙（用于称呼雄性的狗或马）；伙计（尤用于亲切谈论某人时）；（尤指在战场上作战的）士兵，战友；指称某地等的人；运动队队员（the boys）；小子（对黑人男性的冒犯语）；int. （尤用于表示羡慕或兴奋）好家伙，好样的；【名】 （Boy）（美、印、法、荷）布瓦（人名）,Have you been a bad boy?　你调皮了吗？
1390,amazon,P1,W1–W10,释义待核实，不进入核心练习,ˈæməˌzɑn,释义待核实，不计入核心练习,
1391,patients,P1,W1–W10,释义待核实，不进入核心练习,ˈpeɪʃənts,释义待核实，不计入核心练习,
1392,restaurants,P1,W1–W10,释义待核实，不进入核心练习,ˈrɛstɚˌɑnts,释义待核实，不计入核心练习,
1393,beautiful,P1,W1–W10,,ˈbjutəfəl,adj. 美丽的，漂亮的；令人愉悦的，美妙的；（完成得）出色的，极好的；<美>仁慈的,New England is beautiful.　新英格兰很迷人。
1394,warning,P1,W1–W10,,ˈwɔrnɪŋ,n. 警示，提醒，告诫；（对不良行为的）警告；预告，预兆；adj. 表示警告的，告诫的；v. 提醒注意（可能发生的事），使警惕；劝告（使有所防备），告诫；警告（warn 的现在分词）,Her warning went unheeded.　她的警告没有引起重视。
1395,wine,P1,W1–W10,,ˈwaɪn,n. 葡萄酒，果蔬酒；深紫红色；v. 喝酒；设酒宴款待（某人）；<西印度>跳摆臀舞；【名】 （Wine）（英）瓦恩（人名）,I refilled our wine glasses.　我重新斟满了我们的酒杯。
1396,locations,P1,W1–W10,释义待核实，不进入核心练习,loʊˈkeɪʃənz,释义待核实，不计入核心练习,
1397,horse,P1,W1–W10,,ˈhɔrs,n. 马；<非正式>赛马；跳马，鞍马；锯木架；<非正式>马力；<美，非正式>主力队员；<非正式>海洛因；夹块，夹石；骑兵；v. 给（人或车辆）提供马；使骑马,The horse plunged and reared.　马猛然跃起，用后腿直立。
1398,vote,P1,W1–W10,,ˈvoʊt,v. 投票选举，投票表决；投票评选；（通过投票）决定给予（资助），同意提供（款项）；表明，公认（某事好或坏）；投票同意；建议，主张；n. 选票，票；投票，表决；（选举中的）选票总数（the vote）；选举权，表决权；投票结果，表决结果；投票者，选民（the vote）；特定投票群体，特定选民；【名】 （Vote）（英、法）沃特（人名）,Last night's vote was tied.　昨晚的表决得票相同。
1399,forward,P1,W1–W10,,ˈfɔrwɚd,adv. 向前；在船头，朝飞机头部；按顺序地；有进展地，前进地；向将来，往后；提前；（钟表）往前（拨）；从……起，自……以来；adj. 向前的，前进的；在前部的，位于前面的；（电子）正向的；未来的，将来的；期货的，预先的；早的，早熟的；鲁莽的，冒失的；热心的，动辄就……的；n. （足球、篮球等运动的）前锋；（尤指金融市场）远期协议，远期交易,He took two steps forward.　他向前走了两步。
1400,flowers,P1,W1–W10,释义待核实，不进入核心练习,ˈflaʊɚz,释义待核实，不计入核心练习,
1401,stars,P1,W1–W10,释义待核实，不进入核心练习,ˈstɑrz,释义待核实，不计入核心练习,
1402,significant,P1,W1–W10,,səɡˈnɪfɪkənt,adj. 显著的，相当数量的；重要的，意义重大的； 别有含义的，意味深长的；n. <古>象征，有意义的事物,There remained one significant problem.　还有一个非常重要的问题。
1403,lists,P1,W1–W10,释义待核实，不进入核心练习,ˈlɪsts,释义待核实，不计入核心练习,
1404,technologies,P1,W1–W10,释义待核实，不进入核心练习,tɛkˈnɑlədʒiz,释义待核实，不计入核心练习,
1405,owner,P1,W1–W10,,ˈoʊnɚ,n. 所有人，物主,The dog looked mournfully after its owner.　狗悲伤地目送主人离去。
1406,retail,P1,W1–W10,,ˈriˌteɪl,n. 零售；v. 零售；以……价格销售；详说，述说（尤指别人的事情）；adv. 以零售方式,The retail division is BT's cash cow.　零售部是英国电信公司的摇钱树。
1407,animals,P1,W1–W10,释义待核实，不进入核心练习,ˈænəməlz,释义待核实，不计入核心练习,
1408,useful,P1,W1–W10,,ˈjusfəl,adj. 有用的，有益的；<英，非正式>好的，熟练的,He offered some useful advice.　他提出了一些有益的建议。
1409,directly,P1,W1–W10,,dɚˈɛktli,adv. 直接地，径直地；坦率地；恰好，正好；立即，很快地；conj. 一……就……,She left directly after the show.　演出一结束，她马上就走了。
1410,manufacturer,P1,W1–W10,,ˌmænjəˈfæktʃɚɚ,n. 生产商，制造商,There were several possibilities open to each manufacturer.　每个制造商都有几种可能的选择。
1411,ways,P1,W1–W10,释义待核实，不进入核心练习,ˈweɪz,释义待核实，不计入核心练习,
1412,est,P1,W1–W10,释义待核实，不进入核心练习,ˈɛst,释义待核实，不计入核心练习,
1413,son,P1,W1–W10,,ˈsʌn,n. 儿子；孩子（长者对男孩或年轻男子的称呼）；（某国或地区出生并能作其代表的）男性，子；圣子（耶稣基督）（the Son）；（动物的）雄性后代；男性后裔；（某个人、某种影响或某种环境）熏陶出的人；（司铎对男子或男孩的称呼）孩子（my son）；【名】 （Son）（土、老、柬）松，（法、罗）索恩，（日）存（人名）,Danny is their adopted son.　丹尼是他们的养子。
1414,providing,P1,W1–W10,,prəˈvaɪdɪŋ,conj. 假如，倘若（=providing that/provided）；v. 提供，给予；为（可能事件）做充分准备；抚养，赡养（provide 的现在分词）,More and more restaurants are providing nonsmoking areas.　越来越多的餐馆正在提供无烟区。
1415,rule,P1,W1–W10,,ˈrul,n. 规章，条例；（语言、科学等的）规则，法则；行事准则，指导方针；常规，惯常做法；统治，管辖；尺，直尺；铅线印出的线，破折号；<澳> 澳大利亚式橄榄球规则（两队各18人参赛）；v. 统治，管辖；支配，控制；占首要地位；（尤指对法律问题）判定，裁定；（用尺等）划（线）；<非正式> 好极了，非常棒；（行星）对（黄道十二宫图的宫，房子，生活等）有影响；（价格或贸易商品的价格）普遍处于某一水平（或坚挺趋势）；【名】 （Rule）（西）鲁莱（人名）,That's a good rule to go by.　那是要遵守的好规则。
1416,mac,P1,W1–W10,释义待核实，不进入核心练习,ˈmæk,释义待核实，不计入核心练习,
1417,housing,P1,W1–W10,,ˈhaʊzɪŋ,n. 房屋，住宅；住房供给，住房建设；（机器的）外壳，外罩；（木块上的）槽，榫眼；遮盖物，遮蔽物；v. 覆盖；给……房子住；把……储藏在房内（house 的现在分词形式）,The housing market needs a kick-start.　房产市场需要重振。
1418,takes,P1,W1–W10,释义待核实，不进入核心练习,ˈteɪks,释义待核实，不计入核心练习,
1419,iii,P1,W1–W10,释义待核实，不进入核心练习,,释义待核实，不计入核心练习,
1420,gmt,P1,W1–W10,释义待核实，不进入核心练习,,释义待核实，不计入核心练习,
1421,bring,P1,W1–W10,,ˈbrɪŋ,v. 拿来，带来； 使……转入（新的话题）；移动；使处于某种状况；导致，引起；起诉；提供；强迫（自己）做；标价，售价为；【名】 （Bring）（英、瑞典）布林（人名）,All you need bring are sheets.　你需要带的就是床单。
1422,catalog,P1,W1–W10,,ˈkætəlɔɡ,n. [图情][计]目录；登记；vt. 登记；为……编目录；vi. 编目录；按确定价格收入目录（等于 catalogue）,Let me look it up in the catalog.　让我查一下目录。
1423,searches,P1,W1–W10,释义待核实，不进入核心练习,ˈsɝtʃɪz,释义待核实，不计入核心练习,
1424,max,P1,W1–W10,释义待核实，不进入核心练习,ˈmæks,释义待核实，不计入核心练习,
1425,trying,P1,W1–W10,释义待核实，不进入核心练习,ˈtraɪɪŋ,释义待核实，不计入核心练习,
1426,mother,P1,W1–W10,,ˈmʌðɚ,母亲,My mother likes music.　我妈妈喜欢音乐。
1427,authority,P1,W1–W10,,əˈθɔrəti,n. 专家，权威人士；行政管理机构；权利，权限；权威，威信；许可，授权；当局，官方,She had an aura of authority.　她有一种权威气质。
1428,considered,P1,W1–W10,释义待核实，不进入核心练习,kənˈsɪdɚd,释义待核实，不计入核心练习,
1429,told,P1,W1–W10,释义待核实，不进入核心练习,ˈtoʊld,释义待核实，不计入核心练习,
1430,xml,P1,W1–W10,释义待核实，不进入核心练习,ˌɛkˌsɛˈmɛl,释义待核实，不计入核心练习,
1431,traffic,P1,W1–W10,,ˈtræfɪk,n. 路上行驶的车辆，交通；（沿固定路线的）航行，行驶，飞行；运输量；非法交易；信息流量，通信（量）；v. （非法）进行……交易，做……买卖；在……通行,The traffic was diabolical.　交通状况糟糕透了。
1432,programme,P1,W1–W10,,ˈproʊˌɡræm,n. 计划，方案；（电视或广播的）节目；（戏剧或音乐会等演出的）说明书，节目单；（活动的）计划表，程序单；课程；（计算机等的）程序，程序设计；v. （给计算机）编写程序，设计程序；调好，设置（机器使之按某种方式运作）；使……有倾向，使按某种方式行事；计划，安排,The programme starts at 9 a.m.　这个节目上午9点开始。
1433,joined,P1,W1–W10,释义待核实，不进入核心练习,ˈdʒɔɪnd,释义待核实，不计入核心练习,
1434,input,P1,W1–W10,,ˈɪnˌpʊt,n. 投入，输进；输入的信息；（为帮助某人做出决定而提供的）建议，意见；讯息输入端；（输入机器供其使用的）电力；输入框；v. 输入（信息）,I'd appreciate your input on this.　我将感激你在这方面的投入。
1435,strategy,P1,W1–W10,,ˈstrætədʒi,n. （尤指为获得某物制定长期的）策略，行动计划；战略，战略学,The strategy worked brilliantly.　这项策略非常成功。
1436,feet,P1,W1–W10,释义待核实，不进入核心练习,ˈfit,释义待核实，不计入核心练习,
1437,agent,P1,W1–W10,,ˈeɪdʒənt,n. 代理人，代理商；（艺术界的）经纪人；间谍，特工；原动力，动因；剂；（语法）施动者；（美国某些政府部门的）官员；【名】 （Agent）（罗）阿真特（人名）,Beeswax acts as an emulsifying agent.　蜂蜡可以用作乳化剂。
1438,valid,P1,W1–W10,,ˈvælɪd,adj. （文件或票证）有效的；正当的，合理的；合法有效的；计算机系统接受的，被计算机系统认为有效的,All tickets are valid for two months.　所有的票在两个月内有效。
1439,bin,P1,W1–W10,,ˈbɪn,n. 垃圾桶；储物箱；瓶酒搁架；统计堆栈；v. 把……扔进垃圾箱；摒弃，拒绝；把……放（或贮藏）在箱（或仓）中；把（酒等）放进搁架；把（数据）归入统计堆；【名】 （Bin）（美、意）本（人名）,I kicked a rubbish bin very hard and broke my toe.　我狠狠踢一个垃圾桶，踢破了脚趾头。
1440,modern,P1,W1–W10,,ˈmɑdɚn,adj. 近代的，现代的；当代风格的，现代派的；现代化的，新式的；摩登的，时髦的；n. 现代人；现代派艺术家；主张现代风格的人，宣扬现代价值观的人,He collects modern sculpture.　他收藏现代雕塑。
1441,senior,P1,W1–W10,,ˈsinjɚ,adj. 年龄大些的；（用在家庭内姓名相同的人名后表示）老，年长的；老年人的；（地位、水平或级别）较高的，高级的；（比赛）成人的，高水平的；<英>大于一定年龄（通常为11岁）的学童的；<美>（高中或大学）毕业年级的；n. 较年长的人；老年人，长者；地位（或级别）较高者，上司；<美>（中学或大学的）毕业班学生；资深成人运动员，高水平运动员；【名】 （Senior）（英）西尼尔（人名）,He was the senior serving naval officer.　他曾是高级现役海军军官。
1442,ireland,P1,W1–W10,释义待核实，不进入核心练习,ˈaɪɚlənd,释义待核实，不计入核心练习,
1443,sexy,P1,W1–W10,,ˈsɛksi,adj. 性感的，引起性欲的；性兴奋的，性冲动的；<非正式>让人兴奋的，吸引人的,Jo wore a long wig that made her look very sexy.　乔带着一头长长的假发，使她看起来很性感。
1444,teaching,P1,W1–W10,,ˈtitʃɪŋ,n. 教学工作，授课；教义，学说；adj. 教学的，与教学有关的；v. 教学；教训；教导（teach 的现在分词形式）,He's not cut out for teaching.　他不适于做教学工作。
1445,door,P1,W1–W10,,ˈdɔr,n. 门；门口，门道；建筑，门户 ；（尤与 open 或 unlock 连用）机会，可能性；v. 车门撞击（骑自行车经过的人）；【名】 （Door）（英）多尔（人名）,The door crashed open.　那门砰的一声给砸开了。
1446,grand,P1,W1–W10,,ˈɡrænd,adj. 壮丽的，堂皇的；宏伟的，宏大的；傲慢的，高高在上的；令人愉快的；<非正式>出色的，极好的；总括的；（常用于大型建筑物的名称前）大的；（对上层社会的人的称呼）大；（罪行）严重的；壮丽的，富丽堂皇的；n. <非正式>一千美元，一千英镑；大钢琴，三角钢琴；【名】 （Grand）（英、瑞典）格兰德，（法）格朗（人名）,It's not a very grand house.　这房子并不是十分富丽堂皇。
1447,testing,P1,W1–W10,,ˈtɛstɪŋ,n. [试验]测试；adj. 试验的；棘手的；v. 测验；考查；受考验（test 的 ing 形式）,Schools use various methods of testing.　学校采用各种各样的测试方法。
1448,trial,P1,W1–W10,,ˈtraɪəl,n. 审判，审理；试验，试用；（对人的忍耐、自制力的）考验，磨练；烦人的事，惹麻烦的人；预赛，选拔赛；（检验车手技能的）摩托车障碍检验赛；（动物的）比赛，表演；v. 测试，试验；（马、狗等动物）参加比赛；adj. 试验性的,The trial reopened on 6 March.　审判在3月6日再次进行。
1449,charge,P1,W1–W10,,ˈtʃɑrdʒ,v. 充电；使……承担责任，赋予……责任；控告，指控；（公开）指责，责备；进攻，冲锋；把……记在账上；要价，收费（金额）；<旧>给（枪炮）装弹；斟满（杯子）；n. 电量，电荷；炸药量；掌管，照管；费用，价钱；控告，指控；（书面或口头的）指责，批评；需要照管的人；命令，指示；（人或动物的）猛攻，冲锋；<美，非正式>快感，刺激；感召力，感染力；负载；【名】 （Charge）（英）查奇，（法）沙尔热（人名）,If I were in charge...　假若由我负责…
1450,units,P1,W1–W10,释义待核实，不进入核心练习,ˈjunəts,释义待核实，不计入核心练习,
1451,instead,P1,W1–W10,,ˌɪnˈstɛd,adv. 代替，顶替，反而,He put a plus instead of a minus.　他填了个加号而不是减号。
1452,canadian,P1,W1–W10,释义待核实，不进入核心练习,kəˈneɪdiən,释义待核实，不计入核心练习,
1453,cool,P1,W1–W10,,ˈkul,adj. 凉的，凉爽的；（衣服布料）使人凉爽的；冷静的，沉着的；时髦的，酷的；没问题，不介意；冷漠的，冷淡的；冷色调的；<非正式>（钱）大笔的，不折不扣的；v. （使）冷却，（使）变凉；（感情）冷静下来，冷淡下来；adv. <非正式>冷静地，镇定地,That's a cool hat.　那是一顶很酷的帽子。
1454,normal,P1,W1–W10,,ˈnɔrməl,adj. 正常的，标准的；（身心）健康的，（人）普通的；（线或线性特征）正交的，垂直的；（盐溶液）与血液的盐浓度相同的；正（断层）的；平常的，通常的；n. 常态，通常标准；<非正式>正常人，循规蹈矩者；法线，正交；【名】 （Normal）（德）诺马尔（人名）,Her temperature is normal.　她的体温正常。
1455,wrote,P1,W1–W10,释义待核实，不进入核心练习,ˈroʊt,释义待核实，不计入核心练习,
1456,enterprise,P1,W1–W10,,ˈɛntɚˌpraɪz,n. 企业，事业单位；事业心，进取心；事业；创业，企业经营,Horse breeding is indeed a risky enterprise.　养马的确是一项有风险的事业。
1457,ships,P1,W1–W10,释义待核实，不进入核心练习,ˈʃɪps,释义待核实，不计入核心练习,
1458,entire,P1,W1–W10,,ɪnˈtaɪɚ,adj. 全部的，整个的；完全的，绝对的；（公马）未经阉割的；（叶子）全缘的，边缘光滑的；n. 未经阉割的公马，种马；【名】 （Entire）（英）恩泰尔（人名）,Double-space the entire list.　隔行写整个清单。
1459,educational,P1,W1–W10,,ˌɛdʒəˈkeɪʃənəl,adj. 教育的；有教育意义的,We carry a range of educational software.　我们出售各种教育软件。
1460,md,P1,W1–W10,释义待核实，不进入核心练习,ˌɛmˈdi,释义待核实，不计入核心练习,
1461,leading,P1,W1–W10,,ˈlidɪŋ,adj. 主要的，最重要的；在（比赛或行列中）首位的，居前的；n. 行距；领导；（用于屋顶的）铅皮，铅板；v. 领导（lead 的现在分词形式）,She was leading at the half-way mark.　赛程到一半时是她领先。
1462,metal,P1,W1–W10,,ˈmɛtəl,n. 重金属音乐；金属色；筑路碎石；玻璃液；（铁路的）钢轨；金属，合金；v. 用金属做，用金属包；<英>用碎石筑路，用碎石修路；adj. 金属制的,If metal gets hot it expands.　金属受热就膨胀。
1463,positive,P1,W1–W10,,ˈpɑzətɪv,adj. 乐观的，有信心的；积极的，建设性的；良好的，有助益的；赞成的，支持的；确信的，肯定的；完全的，绝对的；证据确凿的，明确的；阳性的；正数的，大于零的；正电的，正极的；（摄影）正片的，正像的；（语法）（形容词，副词）原级的；（主哲）实证的，实在的；（占星）（风宫，火宫）积极的；n. 优势，优点；阳性结果；正片；正极，阳极；正数；（语法）原级形容词，原级副词,I adopted a positive outlook on life.　我选择了一种积极的人生观。
1464,fl,P1,W1–W10,释义待核实，不进入核心练习,,释义待核实，不计入核心练习,
1465,fitness,P1,W1–W10,,ˈfɪtnəs,n. 健康；（生物体的）环境适度；适合，胜任,He's too hung up about fitness.　他对健身过于忧心忡忡。
1466,chinese,P1,W1–W10,释义待核实，不进入核心练习,tʃaɪˈniz,释义待核实，不计入核心练习,
1467,opinion,P1,W1–W10,,əˈpɪnjən,n. 意见，看法；（群体的）观点，信仰；专家意见，专业意见；（对某人的）评价，印象；（法官或法院说明判决理由的）判决意见书,That's my personal opinion.　这是我的个人意见。
1468,mb,P1,W1–W10,释义待核实，不进入核心练习,,释义待核实，不计入核心练习,
1469,asia,P1,W1–W10,释义待核实，不进入核心练习,ˈeɪʒə,释义待核实，不计入核心练习,
1470,football,P1,W1–W10,,ˈfʊtˌbɔl,adv. （美式）橄榄球；n. 足球运动；橄榄球运动；足球，橄榄球；屡起争议的课题，被踢来踢去的难题；（尤指别具一格的）足球风格，踢法,Rick is crazy about football.　里克对足球着了迷。
1471,abstract,P1,W1–W10,,æbˈstrækt,adj. 抽象的，纯概念的；（艺术）抽象派的；理论上的，不切实际的；n. 摘要，梗概；抽象画，抽象派艺术作品；抽象的概念；v. 抽象化，从理论上（或孤立地）考虑；提取，使分离；写……的摘要；偷走，窃取；退出,Abstract art is an acquired taste.　要慢慢培养才会欣赏抽象艺术。
1472,uses,P1,W1–W10,释义待核实，不进入核心练习,ˈjusəz,释义待核实，不计入核心练习,
1473,output,P1,W1–W10,,ˈaʊtˌpʊt,n. 产量，作品；产生，生产过程；输出功率；（计算机的）输出信息；输出端；v. 输出,Output will fall by 6%.　产量将下降6%。
1474,funds,P1,W1–W10,释义待核实，不进入核心练习,ˈfʌndz,释义待核实，不计入核心练习,
1475,mr,P1,W1–W10,,ˈmɪstɚ,n. （用于男子的姓或姓名前）先生；（称呼要员）先生,"Good God, it's Mr. Harper!　天哪，是哈珀先生！"
1476,greater,P1,W1–W10,释义待核实，不进入核心练习,ˈɡreɪtɚ,释义待核实，不计入核心练习,
1477,likely,P1,W1–W10,,ˈlaɪkli,adj. 可能发生的；似乎合适的，仿佛恰当的；似乎真实的，可信的；看上去精力充沛（或有能力）的；adv. 大概，很可能,We will likely see him later.　我们很可能晚些时候会见到他。
1478,develop,P1,W1–W10,,dɪˈvɛləp,v. （使）成长，发育，发展；逐渐形成，逐渐养成；开发，研制；出现，产生；修建，开发土地；提高，加强；患病；阐释，展开；冲洗，使底片显影；（修改旋律、和声或节奏以）展开（音乐主题）；（棋）出子,How fast would the disease develop?　这种疾病发展有多快？
1479,employees,P1,W1–W10,释义待核实，不进入核心练习,ɛmˈplɔɪiz,释义待核实，不计入核心练习,
1480,artists,P1,W1–W10,释义待核实，不进入核心练习,ˈɑrtɪsts,释义待核实，不计入核心练习,
1481,alternative,P1,W1–W10,,ɔlˈtɝnətɪv,n. 可供选择的事物，替代物；adj. 可替代的，备选的；非传统的，另类的；（两者）互不相容的，非此即彼的,There is no viable alternative.　没有其他可行的措施。
1482,processing,P1,W1–W10,,ˈprɑsɛsɪŋ,n. 加工；处理；运算；v. 加工；处理；审阅，审核（文件或请求等）；对……起诉；列队进行；冲印（照片）（process 的现在分词）,America sent cotton to England for processing.　美国把棉花运到英格兰加工。
1483,responsibility,P1,W1–W10,,riˌspɑnsəˈbɪləti,n. 责任，负责；（对不良事件所负的）责任；（道义上或法律规定的）责任（responsibility to/towards）；职责，任务；重任，职权,They frankly admitted their responsibility.　他们坦率地承认了责任。
1484,resolution,P1,W1–W10,,ˌrɛzəˈluʃən,n. 决议，正式决定；（冲突、问题等的）解决，解决办法；决心，决定；坚决，果断；（电视、照相机、显微镜等的）清晰度，分辨率；（故事中主要矛盾的）冲突解开；（乐）解决（指和声中不协和音向协和音的进行）；（医）（炎症或其他症状的）消散，消退；（化）分解；（物理）（力或其他矢量的）分解,They refused to comply with the UN resolution.　他们拒绝遵守联合国的决议。
1485,java,P1,W1–W10,释义待核实，不进入核心练习,ˈdʒɑvə,释义待核实，不计入核心练习,
1486,guest,P1,W1–W10,,ˈɡɛst,n. 客人；特邀嘉宾，客串演员；顾客，房客；寄居昆虫；v. 做特邀嘉宾，客串；【名】 （Guest）（英）格斯特（人名）,My guest arrived punctually.　我的客人准时到了。
1487,seems,P1,W1–W10,释义待核实，不进入核心练习,ˈsimz,释义待核实，不计入核心练习,
1488,publication,P1,W1–W10,,ˌpʌblɪˈkeɪʃən,n. 出版，发行；出版物，发行物；（信息的） 刊登，公布,All reports are vetted before publication.　所有报道都要经过仔细检查后才能发表。
1489,pass,P1,W1–W10,,ˈpæs,v. 经过，穿过；传递，传送；传（球）；（所有权）转移，转让；（状态）转变；（数量上）超过，突破；（时间）流逝；度过，消磨；通过（考试、课程等）；批准（法律或议案）；发生，说过；略过（问题）；排泄；使（货币等）流通；结束，停止；拒绝邀请（提议）；宣布，声明；（纸牌等游戏中）不叫，过；n. 出入证，通行证；及格，合格；传球；山道，山口；阶段，步骤；（计算机）一次浏览，一次扫描；越过；变戏法；（击剑中的）戳刺；（不好的）境遇，处境；（桥牌）不叫；【名】 （Pass）（德、英）帕斯（人名）,She timed the pass perfectly.　她传球的时机掌握得恰到好处。
1490,relations,P1,W1–W10,释义待核实，不进入核心练习,riˈleɪʃənz,释义待核实，不计入核心练习,
1491,trust,P1,W1–W10,,ˈtrʌst,n. 信任，信赖；（金钱或财产的）信托，托管；受托基金机构，受托团体；代管的财物，托管的财物；公立医院（由政府资助、独立经营）；<美>托拉斯托拉斯，垄断企业；受托，受委任；<文>被托付的人，被赋予的职责；<文>希望，期待；v. 信任，相信；对……有把握，信得过；坚信，信仰；希望，盼望；托交，托付；<古>赊账；【名】 （Trust）（英）特拉斯特（人名）,You've betrayed their trust.　你辜负了他们的信任。
1492,van,P1,W1–W10,,ˈvæn,n. （厢式）小型货车；<美>面包车；<英>（铁路上运送包裹、邮件等的）车厢；<英>拖车；先锋；v. 用车搬运；【名】 （Van）（老、泰、柬、缅）万（人名）,He inched the van forward.　他驾着厢式货车缓缓前行。
1493,contains,P1,W1–W10,释义待核实，不进入核心练习,kənˈteɪnz,释义待核实，不计入核心练习,
1494,session,P1,W1–W10,,ˈsɛʃən,n. （某项活动的）一段时间，一场；（议会等的）会议，（法庭的）开庭；学年，上课时间；（酒吧中）演奏会（尤指演奏爱尔兰音乐）；（尤指录音师的）灌录音乐时间；<非正式>酗酒期；基督教长老会的管理机构；adj. （音乐家）伴奏的,The court is now in session.　法庭现在正在开庭。
1495,multi,P1,W1–W10,释义待核实，不进入核心练习,ˈmʌlti,释义待核实，不计入核心练习,
1496,photography,P1,W1–W10,,fəˈtɑɡrəfi,n. 摄影，摄影术；摄影影像，摄影图片,Photography is one of her hobbies.　摄影是她的爱好之一。
1497,republic,P1,W1–W10,,riˈpʌblək,- n. 共和国，共和政体；- 成员具有平等权利的)团体，界；Republicn. 共和国；共和政体,"In 1918, Austria became a republic.　1918年奥地利成为共和国。"
1498,fees,P1,W1–W10,释义待核实，不进入核心练习,ˈfiz,释义待核实，不计入核心练习,
1499,components,P1,W1–W10,释义待核实，不进入核心练习,kəmˈpoʊnənts,释义待核实，不计入核心练习,
1500,vacation,P1,W1–W10,,veɪˈkeɪʃən,n. （学校的）假期，（法院的）休庭期；<美>休假，假期；腾出，辞去；v. <美>度假,We're going to the beach for vacation.　我们要去海滨度假。
1501,century,P1,W1–W10,,ˈsɛntʃɚi,n. 世纪；一百年；（板球）一百分,A new century was dawning.　一个新的世纪开始了。
1502,academic,P1,W1–W10,,ˌækəˈdɛmɪk,adj. 学业的，学术的；学校的，学院的；学业（成绩）优秀的，善于学习的；不切实际的，空谈的；n. 大学教师，学者；（学校或学院的）课程；大学生,He is unsuited to academic work.　他不适合做学术工作。
1503,assistance,P1,W1–W10,,əˈsɪstəns,n. 帮助，援助,Can I be of any assistance?　我能有所帮助吗？
1504,completed,P1,W1–W10,释义待核实，不进入核心练习,kəmˈplitəd,释义待核实，不计入核心练习,
1505,skin,P1,W1–W10,,ˈskɪn,n. 皮，皮肤；兽皮，皮毛；（水果或蔬菜的）外皮；香肠衣；（液体表面凝结的）薄皮，薄层；（建筑物、飞机等的）外壳；<非正式>卷烟纸；（软件、网站等的）界面，皮肤；<英，非正式>光头；（盛液体的）皮囊；雪橇外皮，防滑底层（用海豹皮或其他材料做成，系于雪橇下侧以防攀登时向后滑动）；<非正式>（尤作爵士乐用语）鼓，鼓面；<非正式>色情文学作品（或影片）；<美>斯金牌戏（每一位玩牌者有一张牌，各自打赌这张牌不会是第一张与发出的牌配对）；v. 剥皮，削皮；擦破（身体某部位）；（伤口）长出新皮；<古>皮肤愈合；<非正式>（选手）轻松过球；<非正式>彻底击败，轻易击败（对手）；<非正式>骗取（某人的）钱财；<英，非正式>制作大麻香烟（skin up）,
1506,graphics,P1,W1–W10,,ˈɡræfɪks,图形， 图像； 制图法， 制图学；n. （商业设计或插图中的）图形；图样，图案制图学；制图法；图表算法；（计算机程序中）图表,Bring file presentation to life by adding graphics.　添加图表使文件的展示变得生动起来。
1507,indian,P1,W1–W10,,ˈɪndiən,adj. 印度的；印度人的；印度语的；印度文化的；印第安人的；印第安语的；n. 印度人；印度后裔；（美洲）印第安人；（非因纽特人或米提人的）加拿大土著；（非正式）印度餐，印度餐馆；印第安语；印第安星座,She was got up as an Indian princess.　她被打扮成了印度公主。
1508,prev,P1,W1–W10,释义待核实，不进入核心练习,,释义待核实，不计入核心练习,
1509,ads,P1,W1–W10,释义待核实，不进入核心练习,ˈædz,释义待核实，不计入核心练习,
1510,mary,P1,W1–W10,释义待核实，不进入核心练习,ˈmɛri,释义待核实，不计入核心练习,
1511,il,P1,W1–W10,释义待核实，不进入核心练习,ˈɪl,释义待核实，不计入核心练习,
1512,expected,P1,W1–W10,,ɪkˈspɛktəd,adj. 预料的，预期的；v. 期待；预计；要求，指望（expect 的过去式和过去分词）,Progress was slower than expected.　进展比预计的缓慢。
1513,ring,P1,W1–W10,,ˈrɪŋ,n. 戒指，指环；环状物，圈形物；圆圈；圆形表演场（或竞技场）；围成一圈的人（或物）；团伙，帮派；铃声，钟声，按铃，敲钟；（说法、讨论、辩论等的）特性；<英>圆形灶盘，炉头；<俚>肛门；（化）环；（数）环；v. 包围；<英>绕……画圆，把……圈起来；（尤指在动物身上）套环；敲钟，按铃；<英>（给……）打电话；嗡嗡作响；回响；充满；<非正式>非法将（汽车）改头换面；【名】 （Ring） （美、挪、德、爱、英、波、丹）林（人名）,He blew a ring of blue smoke.　他吐出了一圈蓝烟。
1514,grade,P1,W1–W10,,ˈɡreɪd,n. 等级，品级；（工作岗位，官衔等的）级别，职别；成绩，分数；（美国学制）年级；斜坡，坡度；（疾病的）程度，阶段；与纯种杂交改良的牛；v. 按照级别安排或分配，分类；给……评分；设定（路面）坡度；（尤指色彩）从一个等级逐渐进入另一个等级；（家畜）与优良品种杂交；【名】 （Grade）（英）格雷德，（法、德、西、葡、塞、瑞典）格拉德（人名）,Sam is in (the) second grade.　萨姆读二年级。
1515,dating,P1,W1–W10,释义待核实，不进入核心练习,ˈdeɪtɪŋ,释义待核实，不计入核心练习,
1516,pacific,P1,W1–W10,,pəˈsɪfɪk,"adj. 平静的, 和平的, 爱和平的；太平洋的；n. 太平洋（the Pacific）；车轮4-6-2排列的蒸汽机车，“太平洋”号机车；adj. 太平洋的（Pacific）；爱和平的，息事宁人的；平静的，宁静的",Anita drove north up Pacific Highway.　安尼塔开车沿着太平洋公路向北行驶。
1517,mountain,P1,W1–W10,,ˈmaʊntən,n. 山，高山；许多，大量（a mountain/mountains of）；（食物的）过剩，积压；【名】 （Mountain）（英）芒廷（人名）,We rode the mountain trails.　我们骑着马走在山里的小路上。
1518,organizations,P1,W1–W10,释义待核实，不进入核心练习,ˌɔrɡənəˈzeɪʃənz,释义待核实，不计入核心练习,
1519,pop,P1,W1–W10,,ˈpɑp,adj. 流行音乐的；通俗的，大众的；n. 流行音乐；砰的响声；<非正式> 汽水；<非正式> 爸爸；鲜艳的一小块；（一系列事情中的）一次，一项；（棒球）小腾空球；打，敲击；<美> 通俗古典乐，流行古典乐（pops）；<非正式> 尝试，努力；<非正式> 批评；老人家（用作称呼）（pops）；枪击；v. （使）砰地爆开，砰地脱落；迅速去，短暂逗留；突然出现，短暂出现；<非正式> 突然放置，迅速放入；（使）发出砰的响声，（使）啪的一声爆裂；（因飞机起飞、降落或上下陡坡等）耳压变化，耳胀；（因惊讶或兴奋而）瞪大眼睛；<非正式> 过于频繁地服用（药片）；打（某人）；爆（玉米花）；击出小腾空球；射击，开枪；打开瓶子喝（啤酒）；<英，非正式> 典当，抵押,Pop stars are always news.　流行音乐明星总是新闻人物。
1520,filter,P1,W1–W10,,ˈfɪltɚ,n. 过滤器；滤光器，滤声器，滤波器；过滤程序，过滤软件；（指示车辆转弯的）分流指示灯；v. 过滤；渗入，透过；（消息、信息等）慢慢传开，走漏；缓慢进入，陆续步入；（车辆）看到分流指示灯的信号后转弯；（用程序）筛选；【名】 （Filter）（德）菲尔特（人名）,A new filter can save on energy bills.　一个新的过滤器能节省能源开支。
1521,mailing,P1,W1–W10,释义待核实，不进入核心练习,ˈmeɪlɪŋ,释义待核实，不计入核心练习,
1522,vehicle,P1,W1–W10,,ˈvihɪkəl,n. 交通工具，车辆；（实现目的的）工具，媒介；（为展露主演者才华而）度身定制的创作（电影、电视节目、歌曲等）；赋形药，调漆料；（个人，组织从事经营、尤指投资的）公司,Was the vehicle insured?　那辆车上保险了吗？
1523,longer,P1,W1–W10,释义待核实，不进入核心练习,ˈlɔŋɡɚ,释义待核实，不计入核心练习,
1524,consider,P1,W1–W10,,kənˈsɪdɚ,v. 考虑，斟酌；认为，视为；体贴，顾及；细看，端详；探讨，讨论,I'd like some time to consider.　我希望有些时间考虑一下。
1525,int,P1,W1–W10,释义待核实，不进入核心练习,,释义待核实，不计入核心练习,
1526,northern,P1,W1–W10,,ˈnɔrðɚn,北方的；adj. 北方的，北方居民的；向北的；北部的，来自北部的,"He had a pleasant, lilting northern accent.　他带着悦耳的，抑扬顿挫的北方口音."
1527,behind,P1,W1–W10,,bɪˈhaɪnd,prep. 在（或向）……的后面；落后于；是……背后的原因；支持；（……的外表）之下；成为（某人的）过去；低于；在……死后；adv. 在后面；留在原地；落后（于）；拖欠，不按时；n. <非正式>屁股；（澳橄）射门得分,Her scarf streamed behind her.　她的围巾在身后飘动。
1528,panel,P1,W1–W10,,ˈpænəl,n. 专家咨询组，专题讨论小组；（门等的）镶板，嵌板；控制板，仪表盘；（车身的）金属板；（衣服上的）镶条，饰片；画板；<美>陪审团；<英>国民保健制度（原国民健康保险）医师名单；<苏格兰，法律>被告；v. 用（木板、金属板等）覆盖，镶；【名】 （Panel）帕内尔（人名）,He assembled a panel of scholars to advise him.　他集结了一个学者小组为他出谋划策。
1529,floor,P1,W1–W10,,ˈflɔr,n. （房间的）地板，地面；楼层，同楼层所有房间（或地方）；（海、森林、洞穴等的）底部；（工资或物价的）最低额，底价；（建筑物内的）场地，（活动的）场所；（议会的）议员席，全体与会者（the floor）；（辩论中）发言权，发言机会；<非正式>地面；（车厢内的）底板；v. （尤指体育运动中）击倒，打倒；使惊讶得不知所措；给…铺设地板（或地面）；<美，非正式>踩足（汽车的）油门，使全速行驶；（被困难）难倒,The bathroom floor was awash.　浴室地板浸在水中。
1530,german,P1,W1–W10,释义待核实，不进入核心练习,ˈdʒɝmən,释义待核实，不计入核心练习,
1531,buying,P1,W1–W10,释义待核实，不进入核心练习,ˈbaɪɪŋ,释义待核实，不计入核心练习,
1532,match,P1,W1–W10,,ˈmætʃ,n. 比赛，竞赛；火柴；敌手，旗鼓相当的人；相配的人（或物）；非常相似的东西；婚姻，配偶；适合，匹配；v. 比得上，敌得过；使成对，使相配，使相称；与……一致，与……相符；使较量，使竞赛；适应，满足；等额提供,The match flared and went out.　火柴闪亮了一下就熄了。
1533,proposed,P1,W1–W10,,prəˈpoʊzd,adj. 被提议的，建议的；v. 提议；计划（propose 的过去式和过去分词）,She proposed that the book be banned.　她提议查禁这本书。
1534,default,P1,W1–W10,,dɪˈfɔlt,n. 不履行，违约；默认，系统设定值；缺席，弃权；v. 违约，不履行义务；默认，预设；弃权，未到场；adj. 默认的,The company is in default on the loan.　这家公司拖欠借款。
1535,require,P1,W1–W10,,ˌriˈkwaɪɚ,v. 需要；要求做（某事），规定,Does Your Ladyship require anything?　夫人你需要点什么？
1536,iraq,P1,W1–W10,释义待核实，不进入核心练习,ˌɪˈrɑk,释义待核实，不计入核心练习,
1537,boys,P1,W1–W10,释义待核实，不进入核心练习,ˈbɔɪz,释义待核实，不计入核心练习,
1538,outdoor,P1,W1–W10,,ˈaʊtˌdɔr,adj. 户外的，露天的；喜欢户外活动的,They both love outdoor pursuits.　他们俩都喜欢户外活动。
1539,deep,P1,W1–W10,,ˈdip,adj. 深的，厚的；纵深的，宽的；有……深的；成……排的；深呼吸的；（声音）低沉的；深色的；酣睡的；严重的；（感情）深厚的；透彻的，深刻的；深奥的；全神贯注，深陷；（人）深沉的；（目光）锐利的，深邃的；靠近场地边界的；神秘的；<美>大幅下降的；<美>有很多优秀选手的；adv. 深深地，至深处；有……深；成……排地；靠近场地边界地；n. <文>海洋（the deep）；海洋深处（deeps）；<文>中间部分（the deep）；（板球）外围场地（the deep）,She took a deep breath.　她深深地吸了一口气。
1540,morning,P1,W1–W10,,ˈmɔrnɪŋ,早晨,"Good morning, everyone.　大家早上好。"
1541,otherwise,P1,W1–W10,,ˈʌðɚˌwaɪz,adv. 否则，不然；除此以外，在其他方面；不同地，另外地；以其他方式，用别的方法；adj. 不是那样的，另外情况下的,"Shut the window, otherwise it'll get too cold in here.　把窗户关好，不然屋子里就太冷了。"
1542,allows,P1,W1–W10,释义待核实，不进入核心练习,əˈlaʊz,释义待核实，不计入核心练习,
1543,rest,P1,W1–W10,,ˈrɛst,v. 休息，歇息；使（运动员）暂时离队； （问题，事情）被搁置；（被）支撑，（使）倚靠；安息，长眠；在于，存放于；（目光）停留（rest on）；依靠，仰仗（rest on/upon）；寄（希望）于，相信；让（土地）休耕；（原告或被告）完成向法庭提出证据（或辩论）；保持不变；<英>（演员）无戏可演；n. 休息（时间）；剩余部分，余下的人（物）（the rest）；静止，停止；（音乐的）休止，休止符；（演说或诗句的）停顿；撑架，支座；（剖）（器官或组织的）一小碎块；（网球）对打，回合；【名】 （Rest）（美）雷斯特（人名）,The doctor told me to rest.　医生叫我休息。
1544,protein,P1,W1–W10,,ˈproʊˌtin,n. 蛋白质，朊；adj. 蛋白质的,You need more protein to build you up.　你需要更多蛋白质以增强体质。
1545,plant,P1,W1–W10,,ˈplænt,n. 植物；工厂，发电厂；<美>房屋，设施；重型机械，机械设备；栽赃物品；密探，卧底；（斯诺克）击接触球犯规；v. 栽种，种植；灌输（思想）；栽赃；安放（炸弹），（秘密）放置；安插（眼线、密探等）；把……牢牢插进，稳固地放置……；（通常出于不可告人的目的）发布，散布；移栽，移植（室外）；<非正式>埋葬（人）；创建，建立（殖民地，城市，社区）；（在河流或湖泊中）放养（鱼苗、鱼卵、牡蛎等）；【名】 （Plant）（英、西、意）普兰特，（法）普朗（人名）,The plant exudes a sticky fluid.　这种植物分泌出一种黏液。
1546,reported,P1,W1–W10,释义待核实，不进入核心练习,ˌriˈpɔrtɪd,释义待核实，不计入核心练习,
1547,hit,P1,W1–W10,,ˈhɪt,v. 打，击；撞击，碰撞；击中，命中；击（球）；产生不良影响，危害；攻击，袭击；达到（一个特定的水平，阶段，数字）；碰到，遇到（困难、问题等）；使（某人）突然意识到；使（突然）闻到，使看到；按，摁；<非正式>给（人）一剂毒品（或烈酒）；<非正式>（产品）面市并产生影响；<非正式>给（21点纸牌游戏玩家）发另一张纸牌；n. 打击；命中，击中；很受欢迎的人（或事物），成功；（对网站的）访问，点击；<非正式>毒品的一剂；<美，非正式>暴力犯罪，凶杀；很受欢迎的人（或事物）,Most rated it a hit.　大部分人认为那是一次辉煌的成功。
1548,transportation,P1,W1–W10,,ˌtrænspɚˈteɪʃən,n. 运输，运送；交通运输系统；运输工具，交通方式；（犯人的）流放，放逐,I will organize transportation.　我来安排运输。
1549,mm,P1,W1–W10,释义待核实，不进入核心练习,m,释义待核实，不计入核心练习,
1550,pool,P1,W1–W10,,ˈpul,n. 游泳池；池塘，水坑；一小片（液体或光）；（河的）深水处，深潭；后备人员，备用物品；共用的资源（或资金）；（有相同职业或共同从事某项活动的）人群；赌球（或其他体育比赛），赌注；<英>足球普尔（the pools)；落袋台球；垄断性联营；预赛组；v. 集中（资源、钱财等）以备共用；积水成洼；（血液）在静脉中淤积；【名】 （Pool）（英、西）普尔，（芬、德）波尔（人名）,Does the hotel have a pool?　这家旅馆有没有游泳池？
1551,mini,P1,W1–W10,释义待核实，不进入核心练习,ˈmɪni,释义待核实，不计入核心练习,
1552,politics,P1,W1–W10,,ˈpɑləˌtɪks,n. 政治，政治活动（事务）；政治事业；政治学；(某团体、组织等内的）争权活动，权术；政治信仰，政治观点；（尤指跟社会权力和地位有关的领域、理论或活动的）主张，观（念）；政治思想体系，政治局势,Politics doesn't interest me.　我对政治不感兴趣。
1553,partner,P1,W1–W10,,ˈpɑrtnɚ,n. （跳舞、玩游戏等的）搭档，同伴；（合伙企业的）合伙人；（生意、组织或国家的）伙伴；配偶，（同居的）伴侣，情人；v. 成为搭档，合伙；【名】 （Partner）（英、德）帕特纳（人名）,Gerry offered to partner me at tennis.　格里提出和我搭档打网球。
1554,disclaimer,P1,W1–W10,释义待核实，不进入核心练习,dɪsˈkleɪmɚ,释义待核实，不计入核心练习,
1555,authors,P1,W1–W10,释义待核实，不进入核心练习,ˈɔθɚz,释义待核实，不计入核心练习,
1556,boards,P1,W1–W10,释义待核实，不进入核心练习,ˈbɔrdz,释义待核实，不计入核心练习,
1557,faculty,P1,W1–W10,,ˈfækəlti,n. 机能；天赋，才能；（高等院校的）系，院；<美> 全体教员；<旧>（某行业，尤指医学行业的）全体从业人员；（尤指来自教会当权者的）特许证，许可证,The faculty agreed on a change in the requirements.　全体教员同意改变要求。
1558,parties,P1,W1–W10,释义待核实，不进入核心练习,ˈpɑrtiz,释义待核实，不计入核心练习,
1559,fish,P1,W1–W10,,ˈfɪʃ,n. 鱼；鱼肉；双鱼座；接合板；<非正式>鱼雷；<非正式>（在某方面怪异的）怪人；v. 钓鱼，捕鱼；搜寻；在……中捕鱼；打听消息；用接合板修补；【名】 （Fish）（美、爱）菲施（人名）,The lakes abound with fish.　这些湖泊盛产鱼。
1560,membership,P1,W1–W10,,ˈmɛmbɚˌʃɪp,n. 会员身份，会籍；会员数；（全体）会员,Membership almost doubled in two years.　两年内会员数目几乎翻了一番。
1561,mission,P1,W1–W10,,ˈmɪʃən,n. （尤指赴他国的）使命，重要任务；职责，天职；（军用飞机或航天火箭的）飞行任务；军事行动；（一个组织的）目的，宗旨；外交使团，代表团；驻外机构，使馆；（尤指在海外的）传教，布道；传教团，布道团；布道所，传教所；vi. 作艰苦的长途旅行（尤指去许多地方）；派遣；向……传教,The mission was a washout.　这个任务彻底失败了。
1562,eye,P1,W1–W10,,ˈaɪ,n. 眼睛；目光，所看之处；眼力，鉴赏力；眼光，视角；观点，态度；（钩）环，扣眼；（马铃薯上的）芽眼，芽；（飓风等风暴的）风眼；拍摄对象，取景器；（电）眼，（红外）眼，眼状探测装置；针眼，针鼻儿；v. 注视，仔细打量；【名】 （Eye）（英）艾，（德）艾厄（人名）,I have something in my eye.　我的眼睛里进了什么东西。
1563,string,P1,W1–W10,,ˈstrɪŋ,n. 线，细绳，带子；一连串（类似事件）；一系列（类似的事物）；字符串，信息串；一串；弦；弦乐器，弦乐组；（网拍的）羊肠线，网线；小队，候补队员；特定条件（或限制）；（类似细绳的）细长物；（蔬菜、肉等食物的）纤维；（物理）一种假设的亚原子粒子；楼梯侧基板（stringboard 的简称）；v. 用线穿，串起；使排成一排，把……连在一起；悬挂，系，扎；给（乐器或球拍）串弦；去掉（豆荚）的筋；当特约记者；确定击球顺序；拖延……的时间；<美，非正式>欺骗；adj. 由弦乐器组成的，弦乐器的；线织的，线的,He went off to change a guitar string.　他离开了去换一根吉他弦。
1564,sense,P1,W1–W10,,ˈsɛns,n. 感觉官能（即视、听、嗅、味、触五觉）；（对某物的）感觉；道理，合理性；见识，良好的判断；理智，理性；理解力，判断力；意义，含义；（数，物理）指向，方向；v. 感觉到，觉察到；（机器）检测出；adj. （遗传）有意义的,Her dress sense is appalling.　她的着装品位让人汗颜。
1565,modified,P1,W1–W10,释义待核实，不进入核心练习,ˈmɑdəˌfaɪd,释义待核实，不计入核心练习,
1566,pack,P1,W1–W10,,ˈpæk,v. （把……）打包，收拾（行李）；包装，装箱；（用柔软材料）把……裹（包）起来；在（容器中的食物）上覆盖物质（以防止腐烂）；可折叠运输（或存放）；挤进，塞满；聚集；把……盖上，填封；把……大量放进，装满；（把……）压实，（使）堆积；在（委员会或会议）中安插（支持者、利己的人或事物）；<非正式>具有，能产生（强大之物或能量）；<美，非正式>携带（武器）；（橄榄球）形成对阵争球；n. 包，包裹，捆；（尤指士兵或野外徒步者的）背包；（一般为纸质的）小盒，小包；一副纸牌；（一起生活猎食的）兽群（尤指狼群）；（尤指不受人喜欢的）一帮，一伙；（比赛或竞赛中的）集群，集团；（放在伤口上止血或消肿的）裹布，敷料；（美容用的）面膜，贴膜；一队（男或女幼童军）；（军事交通工具，尤指飞机或潜水艇的）一组，一队；（英橄）全体前锋；（极地海洋中的）流冰群，浮冰群；【名】 （Pack）（英、德）帕克（人名）,She decided to pack in her job.　她决定辞职不干了。
1567,released,P1,W1–W10,释义待核实，不进入核心练习,riˈlist,释义待核实，不计入核心练习,
1568,stage,P1,W1–W10,,ˈsteɪdʒ,n. 阶段，时期；旅程（或赛跑中）的一段；舞台；戏剧，戏剧表演；（尤指政治）舞台，活动领域；（火箭的）级；层，楼层，塔层；演员职业；<非正式>马车；（显微镜的）镜台；（电子）（电路的）级；（地质）（年代地质学用语）与某时代对应的一段地层，层；vt. 上演，演出；主办，举行；使发生；成功做成（某事）；（医）把（疾病，病人）诊断（或归类）为疾病的特定期；【名】 （Stage）（英）斯特奇（人名）,He was booed off the stage.　他在一片倒彩声中退下舞台。
1569,internal,P1,W1–W10,,ˌɪnˈtɝnəl,adj. 内部的，体内的；内政的，国内的；本身的，本质的；内心的；<英>（大学生）本校生的；n. 内部部件，内部特征；内脏,The medicine is not for internal use.　这种药不可内服。
1570,goods,P1,W1–W10,,ˈɡʊdz,n. 商品；动产，私人财产；<英>（公路、铁路等运输的）货物；<美，非正式>本领；<美，非正式>正要寻找的人（或物）,Prices are marked on the goods.　价格标在商品上。
1571,recommended,P1,W1–W10,释义待核实，不进入核心练习,ˌrɛkəˈmɛndɪd,释义待核实，不计入核心练习,
1572,born,P1,W1–W10,,ˈbɔrn,adj. 天生的，生来就有的；出生的；产生的，（机构、想法等）问世的；comb. 以……的顺序（或方式、地点等）出生的；v. 忍受；承担；具有（bear 的过去分词形式）,She was born in April.　她是四月出生的。
1573,unless,P1,W1–W10,,ənˈlɛs,conj. 除非，除非在……情况下；若非，如果不；prep. 除……之外；除……之外,"Unless she loses some weight, she's had it.　除非她减掉一些体重，否则她就完蛋了。"
1574,richard,P1,W1–W10,释义待核实，不进入核心练习,ˈrɪtʃɚd,释义待核实，不计入核心练习,
1575,detailed,P1,W1–W10,,dɪˈteɪld,adj. 详尽的，详细的；（装饰）精细的，细致的；v. 详细说明，详述；彻底清洗（汽车）；（尤指军队中）派遣，选派（detail 的过去式和过去分词）,He kept detailed accounts.　他保存了详细的账目。
1576,japanese,P1,W1–W10,释义待核实，不进入核心练习,ˌdʒæpəˈniz,释义待核实，不计入核心练习,
1577,race,P1,W1–W10,,ˈreɪs,n. 赛跑，速度竞赛；竞争，角逐；赛马会（the races）；人种，种族；民族；（动植物）种，属；（具有共同特征的）一群（或一批）人（或物）；急流；沟槽，通道；<古>血统，门第；v. （和……）比赛，参加比赛；使（动物或车辆）参赛参赛；（使）快速移动，快速运转；疾走，全速行进；竞相，赶（时间）；（因害怕、兴奋而）急速跳动，快速转动；（发动机）猛转；【名】 （Race）（英）雷斯，（塞）拉采（人名）,He finished fifth in the race.　他赛跑得了第五名。
1578,approved,P1,W1–W10,释义待核实，不进入核心练习,əˈpruvd,释义待核实，不计入核心练习,
1579,background,P1,W1–W10,,ˈbækˌɡraʊnd,n. 出身背景，学历，经历；（事件或情况的）背景；背景声音；（画等的）后景；底色；adj. 背景的，事先的；v. 作……的背景,Her background militates against her.　她的背景妨碍了她。
1580,target,P1,W1–W10,,ˈtɑrɡət,n. 目标，指标；（攻击的）目标；（批评、嘲笑等的）对象；靶子；目标受众，受影响的人（或群体）；<史> 圆形小盾；（语音）目标；v. 把……作为攻击目标，把……作为批评的对象；面向，把……对准（某群体）；将（钱款或援助）用于,She fired an arrow at the target.　她瞄准靶子射箭。
1581,except,P1,W1–W10,,ɪkˈsɛpt,prep. 除……外，不包括；conj. 除了，只是；要不是；v. 不包括，把……排除在外,They all came except Matt.　除马特外他们都来了。
1582,character,P1,W1–W10,,ˈkɛrɪktɚ,n. 性格，品质；特色，特征；人物，角色；勇气，毅力；某种人，古怪有趣的人；（书写或印刷）符号，文字，字体；名誉，名声；v. <古>刻，写；描述；使具有特征；【名】 （Character）（英）克拉克特（人名）,She's a good judge of character.　她很善于鉴定别人的性格。
1583,usb,P1,W1–W10,释义待核实，不进入核心练习,ˌjuˌɛsˈbi,释义待核实，不计入核心练习,
1584,maintenance,P1,W1–W10,,ˈmeɪntənəns,n. 维护，保养；保持，维持；（依法应负担的）生活费，抚养费；包揽诉讼罪，非法资助诉讼罪,Small gardens can be high maintenance.　小花园也会有很高的维护费。
1585,ability,P1,W1–W10,,əˈbɪləˌti,n. 能力，能够；才能，技能，本领,No one doubted his ability.　没有人怀疑他的能力。
1586,maybe,P1,W1–W10,,ˈmeɪbi,adv. （不确定）大概，或许；（提出建议）或许，也许；（赞同并补充信息）或许，也许；（不置可否）也许，或许；n. 可能性，不确定性,Maybe he intends to leave her.　也许他打算离开她。
1587,functions,P1,W1–W10,释义待核实，不进入核心练习,ˈfʌŋkʃənz,释义待核实，不计入核心练习,
1588,ed,P1,W1–W10,释义待核实，不进入核心练习,ˈɛd,释义待核实，不计入核心练习,
1589,moving,P1,W1–W10,,ˈmuvɪŋ,adj. 动人的，感人的；活动的，移动的；促使某人采取行动的；搬家的，调动的；v. （使）改变位置，（使）移动；搬家，搬迁；（使）变换，调动（move 的现在分词）；【名】 （Moving）（英、印、丹、挪、以、阿、加拿大）穆文英（人名）,We're moving house next month.　我们下个月搬家。
1590,brands,P1,W1–W10,释义待核实，不进入核心练习,ˈbrændz,释义待核实，不计入核心练习,
1591,places,P1,W1–W10,释义待核实，不进入核心练习,ˈpleɪsəz,释义待核实，不计入核心练习,
1592,php,P1,W1–W10,释义待核实，不进入核心练习,ˌpiˌeɪtʃˈpi,释义待核实，不计入核心练习,
1593,pretty,P1,W1–W10,,ˈprɪti,adj. （尤指女孩）漂亮的，标致的；（事物）悦目的，悦耳的；（男子）女子气的，俊俏的；巨大的，令人印象深刻的；好看的，令人愉快的； <非正式>非常糟糕的；adv. 相当，颇；非常，很；n. <非正式>漂亮东西（尤指悦人但不必要的小饰品）；<非正式>（以高人一等的口吻）漂亮的人，漂亮的孩子,The results were pretty good.　结果相当不错。
1594,trademarks,P1,W1–W10,释义待核实，不进入核心练习,ˈtreɪdˌmɑrks,释义待核实，不计入核心练习,
1595,phentermine,P1,W1–W10,释义待核实，不进入核心练习,,释义待核实，不计入核心练习,
1596,spain,P1,W1–W10,释义待核实，不进入核心练习,ˈspeɪn,释义待核实，不计入核心练习,
1597,southern,P1,W1–W10,,ˈsʌðɚn,adj. 在南方的，向南的；南方的；美国南部地区的（Southern）；（风）从南面吹来的；n. 南方人（Southern）；【名】 （Southern）（英）萨瑟恩（人名）,He mimicked her southern accent.　他滑稽地模仿她的南方口音。
1598,yourself,P1,W1–W10,,jɚˈsɛlf,pron. 你自己,Have you hurt yourself?　你伤着自己了吗？
1599,etc,P1,W1–W10,,ˌɛtˈsɛtɚə,abbr. 等等，及其他（et cetera）,"We talked about the contract, pay, etc.　我们讨论了合同、工资等问题。"
1600,winter,P1,W1–W10,,ˈwɪntɚ,n. 冬季，（天文）从冬至点到春分点的期间；<文>年，岁；adj. 冬天的，冬天出现的；用于冬天的；（水果）冬季才成熟的；（麦等）秋季播种来年收获的，越冬的；v. （在某处）过冬，越冬；使度过冬季,It had been a hard winter.　那年冬天特别冷。
1601,battery,P1,W1–W10,,ˈbætɚi,n. 电池，蓄电池；一组，一系列；炮组，排炮；殴打罪；（棒球队的）投手和接球手；adj. 笼养的，层架式养殖的,I have a battery tester in my garage.　我的车库里有台电池测试仪。
1602,youth,P1,W1–W10,,ˈjuθ,n. 青少年时期；早期，初期；小伙子；（总称）青年人；青春，朝气,The poem contrasts youth and age.　这首诗对比了青春与老年。
1603,pressure,P1,W1–W10,,ˈprɛʃɚ,n. 压力，挤压；（气体或液体形成的）压力，压强；心理压力，紧张；催促，要求；气压；v. 对……施加压力，强迫；使……增压,Can you work under pressure?　你能在压力下工作吗？
1604,submitted,P1,W1–W10,释义待核实，不进入核心练习,səbˈmɪtɪd,释义待核实，不计入核心练习,
1605,boston,P1,W1–W10,释义待核实，不进入核心练习,ˈbɑstən,释义待核实，不计入核心练习,
1606,debt,P1,W1–W10,,ˈdɛt,n. 欠款，债务；负债情况；人情债,We are finally clear of debt.　我们终于偿清了债务。
1607,keywords,P1,W1–W10,释义待核实，不进入核心练习,ˈkiˌwɝdz,释义待核实，不计入核心练习,
1608,medium,P1,W1–W10,,ˈmidiəm,n. 媒介，媒体；方法，手段；（艺术创作）材料，素材；灵媒，巫师；培养基；环境；中等，中号；存储（或打印）介质；（颜料）溶剂（如油或水）；（品质、状态）中等，中庸；adj. 中等的，中间的，适中的；五分熟的，半熟的；（程度、强度或数量）平均的；（颜色）不深不浅的，适中的；（投球，投球手）中速的,The bacteria were growing in a sugar medium.　细菌在糖基中生长。
1609,television,P1,W1–W10,,ˈtɛləˌvɪʒən,n. 电视，电视机；电视业,We don't have a television.　我们没有电视机。
1610,interested,P1,W1–W10,,ˈɪntrəstɪd,adj. 感兴趣的，关心的；利益相关的，当事的；有私心的，有偏见的；v. 使感兴趣，引起……的关注；劝说（某人）做（或参与）（interest 的过去式和过去分词形式）,I'm not interested in sport.　我对体育运动不感兴趣。
1611,core,P1,W1–W10,,ˈkɔr,n. 果核；中心部分；核心，要点；骨干，核心成员；地核，天体的核心；核反应堆堆芯；芯体；v. 给……去核；adj. 核心的，最重要的；基础的，必修的,We already have our core team in place.　我们的核心队伍已经就位。
1612,break,P1,W1–W10,,ˈbreɪk,v. 打破，折断；（使）破裂，撕开；弄破，使流血；（使）骨折；破纪录；打断，中断；终止；断绝（联系）；损坏；违反，违背；使……放弃习惯；休息；稍停，暂留；突破，挣脱；（被）摧毁，削弱；使心碎；透露，传开；告诉（坏消息）；驯化，驯服；得分（低于或高于规定总分）；超过；（云）散开；开始，（风暴）发作；拍岸，迸溅；（男孩嗓音）变粗；（因激动）变调；破解，破译；兑开（纸币）；减缓；（网球中）破发球；（球）转向，曲线飞行；（股价）暴跌；猛冲，开始快跑；发生，发展；（热度）降低，退烧；n. 间歇，小憩；课间休息；停顿，暂停；（电台或电视节目）插播广告的间隙；短假；机会，机遇；结束，断绝；逃跑（尤指越狱）；裂缝，缺口；骨折；（因情感作用）嗓音突变；<文>黎明，破晓；天气突变；接发球得分；接连击中；（球的）弧线飞行；（尤指球员或球队）进攻；有帮助的事物；芽，蓓蕾；双轮驱马大车（breaking cart 的原称）；<史>敞篷四轮马车（同 brake）,Old bones break easily.　老骨头容易骨折。
1613,purposes,P1,W1–W10,释义待核实，不进入核心练习,ˈpɝpəsəz,释义待核实，不计入核心练习,
1614,throughout,P1,W1–W10,,θruˈaʊt,prep. 遍及，到处；自始至终，贯穿整个时期；adv. 遍及，到处；自始至终，贯穿整个时期,The match was finely balanced throughout.　比赛自始至终不分上下。
1615,sets,P1,W1–W10,释义待核实，不进入核心练习,ˈsɛts,释义待核实，不计入核心练习,
1616,dance,P1,W1–W10,,ˈdæns,v. 跳舞；跳（某种舞）；跳跃，雀跃；和……共舞；（某物）摆动，摇晃；（某人眼睛）因快乐（或激动）而闪烁；n. 舞蹈，舞步；舞蹈（艺术）；跳舞；舞会；舞曲；【名】 （Dance）人名，（英）丹斯，（法）当斯,He can't dance for toffee!　他根本不会跳舞！
1617,wood,P1,W1–W10,,ˈwʊd,n. 木材，木料，木头；树林，林地；（高尔夫）木头球棒，木棒；木制酒桶；木棒挥击；（滚木球戏中所用重心略偏的）圆球；（保龄球戏的）木瓶；上天保佑（表示希望继续走好运）；adj. 木制的；用来切割或加工木材的；用木材做燃料的；v. 收集木材；植林于；给……添加木柴,The impact splintered the wood.　木头被撞成了碎片。
1618,msn,P1,W1–W10,释义待核实，不进入核心练习,,释义待核实，不计入核心练习,
1619,itself,P1,W1–W10,,ˌɪtˈsɛlf,pron. 它自己；它本身,The cat was washing itself.　猫在清洗自己。
1620,defined,P1,W1–W10,释义待核实，不进入核心练习,dɪˈfaɪnd,释义待核实，不计入核心练习,
1621,papers,P1,W1–W10,释义待核实，不进入核心练习,ˈpeɪpɚz,释义待核实，不计入核心练习,
1622,playing,P1,W1–W10,释义待核实，不进入核心练习,ˈpleɪɪŋ,释义待核实，不计入核心练习,
1623,awards,P1,W1–W10,释义待核实，不进入核心练习,əˈwɔrdz,释义待核实，不计入核心练习,
1624,fee,P1,W1–W10,,ˈfi,n. 费用，酬金；会费，入场费；封地，采邑；v. 付给（某人）费用；【名】 （Fee）（英、柬）菲（人名）,The fee is pitifully low.　酬金低得可怜。
1625,studio,P1,W1–W10,,ˈstudiˌoʊ,n. 录音室，播音室，演播室；（电影）摄影棚，电影公司，电影制片厂；（画家、摄影师、雕塑家等的）工作室；（舞蹈）练习室；单室公寓房；（公司新产品的）设计室，工作室,The studio isn't soundproof.　该录音室不隔音。
1626,reader,P1,W1–W10,,ˈridɚ,n. 读者， 爱读书的人；（初级）读本，简易读物；（英国大学中仅次于教授的）高级讲师（Reader）；（美国大学的）助教；电子阅读器，电子识读机；缩微软片阅读机；（出版社的）审稿人，审阅人；校对人；抄表员；（基督教堂中）领读经文的信徒；【名】 （Reader）（英）里德（人名）,Are you a 'Times' reader?　你是《泰晤士报》的读者吗？
1627,virtual,P1,W1–W10,,ˈvɝtʃuəl,adj. 几乎……的，实质上的；（在计算机或互联网上存在或出现的）虚拟的，模拟的；（光学）虚的，虚拟的；（机械学）虚的；（物理）虚的,The company has a virtual monopoly in this area of trade.　这家公司实质上已经垄断了这种贸易。
1628,device,P1,W1–W10,,dɪˈvaɪs,n. 装置，设备；手段，方法；花招，诡计；炸弹，爆炸装置；图画，设计；<古>（某物的）样式，外表,The device is fixed to a post.　该设备固定在一根柱子上。
1629,established,P1,W1–W10,释义待核实，不进入核心练习,ɪˈstæblɪʃt,释义待核实，不计入核心练习,
1630,answers,P1,W1–W10,释义待核实，不进入核心练习,ˈænsɚz,释义待核实，不计入核心练习,
1631,rent,P1,W1–W10,,ˈrɛnt,n. 租金，租用费；（布等上面的）破洞，裂口；vt. 租用，租借；出租，将……租给； 可租用，租金为；v. 撕裂，扯碎；（声音）响彻，刺破；<文>使心碎（rend 的过去式和过去分词形式）,His landlord doubled the rent.　他的房东把房租提高了一倍。
1632,las,P1,W1–W10,释义待核实，不进入核心练习,ˈlɑs,释义待核实，不计入核心练习,
1633,remote,P1,W1–W10,,rɪˈmoʊt,adj. 边远的，偏僻的；（距离或空间上）遥远的；（时间上）久远的；（机会或可能性）渺茫的；差别很大的，很不相同的；不友好的，冷漠的；远亲关系的；（电子设备）遥控的；（计算机）远程的，远程连接的；n. 遥控装置，遥控器,It works by remote control.　它通过遥控工作。
1634,dark,P1,W1–W10,,ˈdɑrk,adj. 黑暗的，昏暗的；深色的，暗色的；恐怖的，悲惨的；神秘的，隐秘的；忧郁的，悲观的；邪恶的，阴险的；（头发、眼睛或皮肤）褐色的，黑色的；（剧院）关闭的，停业的；（嗓音）低沉圆润的；（语音）暗的；n. 黑暗，暗处；暗色，阴影；黄昏，夜幕；【名】 （Dark）（英）达克（人名）,His dark head bent over her.　他对她低下他那黑发的头。
1635,programming,P1,W1–W10,,ˈproʊˌɡræmɪŋ,n. 设计，规划；编制程序，[计] 程序编制,There are some programming errors that need correction.　有一些程序错误需要改正。
1636,external,P1,W1–W10,,ɪkˈstɝnəl,adj. 外部的，外面的；对外的，与外国有关的；外来的，外聘的；（药品等类似物质）外用的；n. 外表，外部特征,An external auditor will verify the accounts.　外部审计员将核实这些账目。
1637,apple,P1,W1–W10,,ˈæpəl,苹果,I have an apple.　我有一个苹果。
1638,le,P1,W1–W10,释义待核实，不进入核心练习,lə,释义待核实，不计入核心练习,
1639,regarding,P1,W1–W10,,rɪˈɡɑrdɪŋ,prep. 关于，至于；v. 看待，认为；<正式>（尤指以某种方式）注视，凝视；<古>注意，听从（regard 的现在分词形式）,She has said nothing regarding your request.　关于你的要求，她什么也没说。
1640,instructions,P1,W1–W10,,ˌɪnˈstrʌkʃənz,n. 用法说明；指示，吩咐（instruction 的复数）,He rasped out some instructions.　他粗声粗气地发出指令。
1641,min,P1,W1–W10,释义待核实，不进入核心练习,ˈmɪn,释义待核实，不计入核心练习,
1642,offered,P1,W1–W10,释义待核实，不进入核心练习,ˈɔfɚd,释义待核实，不计入核心练习,
1643,theory,P1,W1–W10,,ˈθɪri,n. 学说，理论；（某一学科基于的）理论，原理；观点，见解,The theory remains untested.　该理论仍未经过验证。
1644,enjoy,P1,W1–W10,,ˌɛnˈdʒɔɪ,v. 享受，欣赏，喜爱；过得愉快，玩得开心（enjoy oneself）；享有，拥有；<美，非正式>请尽情享用； <美，非正式>请尽情享用,I enjoy playing basketball.　我喜欢打篮球。
1645,remove,P1,W1–W10,,riˈmuv,vt. 移开，拿开；除去，废除；把……免职，开除；脱下，摘下；<史，南非> 依法迫迁；远离；不同于，迥异于；<旧> 搬家；n. <正式> 距离，间距；<史>（一些英国学校中的）年级,Scuff marks from shoes are difficult to remove.　鞋上的擦痕很难去除。
1646,aid,P1,W1–W10,,ˈeɪd,n. 帮助；援助，救助；辅助物，辅助设施；助手；特别津贴，国库税；v. 帮助，援助；促进，有助于；【名】 （Aid）（英、阿拉伯、印）艾德（人名）,Food aid is urgently needed.　迫切需要食物援助。
1647,surface,P1,W1–W10,,ˈsɝfəs,n. 表面；水面，地面；桌面，台面；（物体的）一个面；外表，表象；表面积；运动场地，运动场地面铺设材料；v. 浮出水面；（信息、情感或问题）显露，暴露，公开；（失踪或隐藏后）出现；<非正式>（尤指长睡后）起床；给（道路等）铺上硬面；adj. 表面上的，外表上的；表面的；（与空中运输相对的）水陆运输的；水面舰船的（与潜水艇相对）；表层的,He staggered on the uneven surface.　他摇摇晃晃地走在高低不平的表面上。
1648,minimum,P1,W1–W10,,ˈmɪnəməm,adj. 最小的，最低限度的；n. 最小值，最低限度；adv. 最低，至少,Costs should be kept to a minimum.　成本应保持在最低限度。
1649,visual,P1,W1–W10,,ˈvɪʒəwəl,adj. 视觉的，视力的；栩栩如生的；n. 视觉资料（指说明性的图片、影片等）,We work on improving visual acuity.　我们致力于提高视觉敏锐度。
1650,host,P1,W1–W10,,ˈhoʊst,n. 主人；主持人；主办者，东道主；寄主，宿主；接受移植组织（或器官）的受体；主机；（某种特别生物的）生存地；许多人（或物）；<古>军队；（圣餐仪式中的）圣饼，圣体；v. 主办，做……的东道主；做节目主持人；作为主人组织（聚会），做东；（通常收费在与互联网连接的计算机上）存储网站,Shall I take my host family a gift?　我要不要给主人家带件礼物呢？
1651,variety,P1,W1–W10,,vɚˈaɪəti,n. 多样化，变化；种类，品种；（人或物的）各式各样；综艺表演，杂耍表演,We all need variety in our diet.　我们都需要饮食多样化。
1652,teachers,P1,W1–W10,释义待核实，不进入核心练习,ˈtitʃɚz,释义待核实，不计入核心练习,
1653,isbn,P1,W1–W10,释义待核实，不进入核心练习,ˌaɪˌɛsˌbiˈɛn,释义待核实，不计入核心练习,
1654,martin,P1,W1–W10,释义待核实，不进入核心练习,ˈmɑrtən,释义待核实，不计入核心练习,
1655,manual,P1,W1–W10,,ˈmænjuəl,adj. 手工的，体力的；手动的，用手操作的；n. 使用手册，说明书；手动换挡的车辆；风琴键盘；（牧师主持圣礼时用）礼仪书,He consulted the manual.　他查阅了使用说明书。
1656,block,P1,W1–W10,,ˈblɑk,n. 大块，一块（木料、石头等）；（四面临街的）街段，街区；大楼，大厦；栋，座，幢；障碍物，阻碍；（短时间的）思维停滞，思维中断；一组，一批，一叠；（连续的）一段时间；阻挡，拦截；积木；（古代斩首用的）垫头木；<美>一大片土地；（物体的）平面，纯色色块；滑轮，滑轮组；区块；v. 阻塞，堵塞（道路、管道等）；遮住（视线）；封锁，挡住（去路）；阻挠，阻止；阻截，拦截（对方的球）；对……进行块操作；用模具使（帽等）成形；【名】 （Block）（英、法、德、西、葡、芬、罗）布洛克（人名）,He walked around the block three times.　他绕着这个街区走了3圈。
1657,subjects,P1,W1–W10,释义待核实，不进入核心练习,ˈsʌbdʒɪkts,释义待核实，不计入核心练习,
1658,agents,P1,W1–W10,释义待核实，不进入核心练习,ˈeɪdʒənts,释义待核实，不计入核心练习,
1659,increased,P1,W1–W10,释义待核实，不进入核心练习,ˌɪnˈkrist,释义待核实，不计入核心练习,
1660,repair,P1,W1–W10,,rɪˈpɛr,v. 修理，修补；补救，挽救（关系或声誉）；<旧，正式>（结伴）去，赴（repair to）；n. 修理，补救；修补过的地方；维修状态，保养情况；<古> 常去；常去的场所,I took my bike in for repair.　我把自行车送去修了。
1661,fair,P1,W1–W10,,ˈfɛr,adj. 公平的；合理的，公正的；相当好的；（数量、大小）相当大的；浅色的，（肤色）白皙的，（头发）金色的；晴朗的；顺风的；普通的；美丽的；界内的；<旧>（手段，方法）温和的，非暴力的；<旧>（言语，谈话，许诺）花言巧语的；adv. 公平地，公正地；非常；正面地，直接地；清楚地；n. 集市，展览会；露天游乐场；庙会；义卖会；牲畜市场；美女；职业介绍会,The punishment was very fair.　这个处罚很公正。
1662,civil,P1,W1–W10,,ˈsɪvəl,adj. 公民的，国民的，国内的；平民的，民用的；文明的，有礼貌的；民法的（非刑法的），民事的；习俗规定的，历法规定的；【名】 （Civil）（土）吉维尔，（法）西维尔（人名）,We cannot take sides in a civil war.　内战中，我们不能支持任何一方。
1663,steel,P1,W1–W10,,ˈstil,n. 钢，钢铁；钢铁工业；（用来磨刀的）钢棒；钢制的，钢（铁）的；钢制器具；钢做的部分；<文>兵器；（钢铁般的）坚强，坚定；v. 使坚强地做（或面对）；钢化；adj. 钢制的；钢铁业的；坚强的,Steel is made from iron.　钢是由铁炼成的。
1664,understanding,P1,W1–W10,,ˌʌndɚˈstændɪŋ,n. （对某学科、过程或情况的）了解，认识；（非正式的）协议，谅解；理解，谅解，体谅；理解，看法，解释，意见；思维能力，理解力；adj. 能谅解的，宽容的；有洞察力的，判断力强的；v. 懂，理解，领会；了解，认识到，明了；了解，谅解，体谅（understand 的现在分词）,She shows a lamentable lack of understanding.　她显得缺乏理解能力，实在令人遗憾。
1665,songs,P1,W1–W10,释义待核实，不进入核心练习,ˈsɔŋz,释义待核实，不计入核心练习,
1666,fixed,P1,W1–W10,,ˈfɪkst,adj. 固定的；（神情）僵硬的；确定的，不变的；顽固的，固执的；（比赛、选举等）被操纵的；<美，非正式>（经济上）处境……的；不易挥发的，形成化合物的；v. 修理（fix 的过去式和过去分词形式）,It is fixed on the wall.　它是固定在墙上的。
1667,wrong,P1,W1–W10,,ˈrɔŋ,adj. 错误的，不合乎事实的；（状况）有问题的，（身体）有毛病的；（决定、选择、行动等）错误的；（言论或想法）错的；不道德的，不能被社会所接受的；不合适的，不适宜的；（机器设备）出毛病的；上下（或前后、里外）颠倒的；adv. 错误地，不符合事实地；（方式或方向）不适当地，不适宜地；出问题；不正当地；n. 坏事，不道德行为， 错误的行为（或情况）；冤枉，不公平的行为,There's nowt wrong with it.　这没什么错。
1668,beginning,P1,W1–W10,,bɪˈɡɪnɪŋ,n. 开始，开端；序曲，开始部分；早期，初期；发端，起源；adj. 初级的，基本的；v. 开始，着手（begin 的现在分词形式）,Her sight is beginning to go.　她的视力开始下降。
1669,hands,P1,W1–W10,释义待核实，不进入核心练习,ˈhændz,释义待核实，不计入核心练习,
1670,associates,P1,W1–W10,释义待核实，不进入核心练习,əˈsoʊsiəts,释义待核实，不计入核心练习,
1671,finally,P1,W1–W10,,ˈfaɪnəli,adv. 终于；总之，最后；决定性地，不可变更地,My patience finally snapped.　我终于忍不住了。
1672,az,P1,W1–W10,释义待核实，不进入核心练习,,释义待核实，不计入核心练习,
1673,updates,P1,W1–W10,释义待核实，不进入核心练习,əpˈdeɪts,释义待核实，不计入核心练习,
1674,desktop,P1,W1–W10,,ˈdɛskˌtɑp,n. 桌面；台式机,Who coined the phrase 'desktop publishing'?　谁创造了desktop publishing（桌面出版）这个词组？
1675,classes,P1,W1–W10,释义待核实，不进入核心练习,ˈklæsəz,释义待核实，不计入核心练习,
1676,paris,P1,W1–W10,释义待核实，不进入核心练习,ˈpɛrɪs,释义待核实，不计入核心练习,
1677,ohio,P1,W1–W10,释义待核实，不进入核心练习,oʊˈhaɪoʊ,释义待核实，不计入核心练习,
1678,gets,P1,W1–W10,释义待核实，不进入核心练习,ˈɡɛts,释义待核实，不计入核心练习,
1679,sector,P1,W1–W10,,ˈsɛktɚ,n. 区域，部分；（尤指商业、贸易等的）部门，行业；小群体；（尤指军队控制的）分区，防区；（磁盘上的）扇区； 扇形，扇形面；函数尺，象限仪；v. 把……分成扇形,The retail sector has been a significant underperformer.　零售部是明显表现不佳的部门。
1680,capacity,P1,W1–W10,,kəˈpæsəti,n. 能力，才能；容积，容纳能力；职位，职责；功率，容积；生产量，生产能力；adj. 无虚席的，满场的,The school is filled to capacity.　这所学校已经满员。
1681,requires,P1,W1–W10,释义待核实，不进入核心练习,riˈkwaɪɚz,释义待核实，不计入核心练习,
1682,jersey,P1,W1–W10,释义待核实，不进入核心练习,ˈdʒɝzi,释义待核实，不计入核心练习,
1683,un,P1,W1–W10,释义待核实，不进入核心练习,ˈʌn,释义待核实，不计入核心练习,
1684,fat,P1,W1–W10,,ˈfæt,adj. 肥的，肥胖的；厚的，宽的；巨额的；<非正式>极少的，没有的；好打的，易中的；n. 脂肪，肥肉；食用油，烹调用油；多余的部分；v. <旧>（使）长肥,Excess food is stored as fat.　多余的食物作为脂肪贮存起来。
1685,fully,P1,W1–W10,,ˈfʊli,adv. 充分地，完全地，彻底地；（强调数量）整整，至少；【名】 （Fully）（法）菲利（人名）,I fully understand your motives.　我完全理解你的动机。
1686,father,P1,W1–W10,,ˈfɑðɚ,父亲,My father cooks dinner.　我爸爸做晚饭。
1687,electric,P1,W1–W10,,ɪˈlɛktrɪk,adj. 电的；令人激动的；电子扩音的；n. 电路系统；电气交通工具,The electric will be off tomorrow.　明天停电。
1688,saw,P1,W1–W10,,ˈsɔ,n. 锯；锯床；格言，谚语；锯齿状部位（或器官）；v. 锯，锯开；乱剪；拉锯似的来回移动；<加拿大>（两人或多人） 通过互让解决，相互妥协；v. 看见；观看（电影、电视节目等）；理解，领会（see 的过去式形式）,I saw Jack the other day.　我前几天看到杰克了。
1689,instruments,P1,W1–W10,释义待核实，不进入核心练习,ˈɪnstrəmənts,释义待核实，不计入核心练习,
1690,quotes,P1,W1–W10,释义待核实，不进入核心练习,ˈkwoʊts,释义待核实，不计入核心练习,
1691,officer,P1,W1–W10,,ˈɔfəsɚ,n. 军官；（政府或大机构的）官员，高级职员；警察，警官；船长；某一荣誉等级中的一分子（如英帝国勋位中四等勋爵士以下的级别）；v. 配备军官；指挥；【名】 （Officer）（英）奥菲瑟（人名）,The officer radioed for advice.　那名军官发电请求指示。
1692,driver,P1,W1–W10,,ˈdraɪvɚ,n. 司机，驾驶员；驱动程序；推动力；驱赶某种动物的人；传动装置，主动轮；（电子）激励器；高尔夫球棒；【名】 （Driver）（英）德赖弗，（德）德里弗（人名）,He yelled at the other driver.　他冲着另一位司机大叫。
1693,businesses,P1,W1–W10,释义待核实，不进入核心练习,ˈbɪznəsəz,释义待核实，不计入核心练习,
1694,dead,P1,W1–W10,,ˈdɛd,adj. 死的，去世的；不再使用的，用尽的；（因无电力）不工作的；无生气的，死气沉沉的；过时的，不再有关的；（身体部位）无知觉的，麻木的；筋疲力尽的；神情冷漠的，漠不关心的；完全的，精确的；无生命的，无生物的；界外的；（时间段）空档的，无事可做的；adv. 恰好，精确地；完全地，全然地；<英，非正式>非常，十分；突然，顿时；n. 死人，死者；死；深夜，隆冬,You're dead right!　你完全正确！
1695,respect,P1,W1–W10,,rɪˈspɛkt,n. 尊敬，敬重；重视，尊重；方面，着眼点；问候，敬意（respects）；v. 尊敬，敬佩；慎重对待，尊重；遵守；避免破坏（或干扰）；int. <非正式> 真了不起（因敬重或赞同而发出的感叹）,I respect him as a doctor.　我尊敬他这个医生。
1696,unknown,P1,W1–W10,,ənˈnoʊn,adj. 未知的，未被确认的；不出名的，无名的；从未发生的，从不存在的；n. 无名者，不出名的人；不明情况，未知因素；不为人知的地方，未知的事物（the unknown）；（数）未知数，未知量,The motive for the killing is unknown.　杀人的动机不明。
1697,specified,P1,W1–W10,释义待核实，不进入核心练习,ˈspɛsəˌfaɪd,释义待核实，不计入核心练习,
1698,restaurant,P1,W1–W10,,ˈrɛstɚˌɑnt,n. 餐馆，饭店,The restaurant was packed.　餐馆里坐满了客人。
1699,mike,P1,W1–W10,释义待核实，不进入核心练习,ˈmaɪk,释义待核实，不计入核心练习,
1700,trip,P1,W1–W10,,ˈtrɪp,n. （尤指短程往返的）旅行，旅游；出门，出行；绊倒；<非正式>（吸毒所致的）幻觉，迷幻感受；<美，非正式>让人开心的奇人，奇妙有趣的经历；强烈的情感体验；（赛跑等比赛的）赛程；自我放纵的态度（或行动）；（机器、电路的）开关；<古>轻捷的脚步；<古>错误；v. 绊，绊倒；脚步轻快地走（或跑、跳舞）；（尤指意外地）触动（开关）；（部分电路）自动断开；<非正式>（服用毒品后）产生幻觉；（字句）轻松自如地吐出；作短程旅行；竖起（帆桁等）；（航海）起（锚）；【名】 （Trip）（美）特里普（人名）,We had a horrific trip.　我们的旅行糟糕透顶。
1701,pst,P1,W1–W10,释义待核实，不进入核心练习,,释义待核实，不计入核心练习,
1702,worth,P1,W1–W10,,ˈwɝθ,adj. 价值……的，值……钱的；值得的，具有……价值的；拥有……财产的；（尤指合同）毫无价值的；n. 价格，价值；重要性，作用；能用（一个星期、一个月等）的东西；prep. 价值……；值得,Was it worth the effort?　这值得花费力气吗？
1703,mi,P1,W1–W10,释义待核实，不进入核心练习,ˈmi,释义待核实，不计入核心练习,
1704,procedures,P1,W1–W10,释义待核实，不进入核心练习,prəˈsidʒɚz,释义待核实，不计入核心练习,
1705,poor,P1,W1–W10,,ˈpur,adj. 贫穷的；可怜的，不幸的；（身体）虚弱的，衰弱的；不擅长的，不熟练的；劣质的，差的，次的；贫乏的；（数量、比率等）不理想的，不合理的；【名】 （Poor）（美）普尔（人名）,Visibility was poor.　能见度差。
1706,teacher,P1,W1–W10,,ˈtitʃɚ,老师,My teacher is patient.　我的老师很有耐心。
1707,eyes,P1,W1–W10,释义待核实，不进入核心练习,ˈaɪz,释义待核实，不计入核心练习,
1708,relationship,P1,W1–W10,,riˈleɪʃənˌʃɪp,n. （人、团体、国家等相互间的）关系；（人或事物之间的）关联，关系；恋人关系，性爱关系；血缘关系，姻亲关系,Their relationship flowered.　他们的关系变得更好了。
1709,workers,P1,W1–W10,释义待核实，不进入核心练习,ˈwɝkɚz,释义待核实，不计入核心练习,
1710,farm,P1,W1–W10,,ˈfɑrm,n. 农场，养殖场；农舍；生产企业；v. 耕种，养殖；（收取一定费用）将（税收）包出；承包，外包,I told you. Get off the farm.　我告诉过你，离开农场。
1711,georgia,P1,W1–W10,释义待核实，不进入核心练习,ˈdʒɔrdʒə,释义待核实，不计入核心练习,
1712,peace,P1,W1–W10,,ˈpis,n. 和平，太平；平静，安宁；（心情）平静，平和；和约；和平时期；治安；和睦，和谐；平安礼（the peace）；和平运动，裁军运动（尤指核裁军运动）；和平运动，裁军运动（尤指核裁军运动）；v. 安静；【名】 （Peace）（英）皮斯（人名）,The people yearned for peace.　人民渴望和平。
1713,traditional,P1,W1–W10,,trəˈdɪʃənəl,adj. 传统的；根据传统而制造（或使用）的；因袭的，守旧的；（活动）惯例的，经常从事的；典型的；（爵士乐）具20世纪早期风格的,Most bosses are traditional.　大多数老板都很传统。
1714,campus,P1,W1–W10,,ˈkæmpəs,n. （大学或学院的）校园；大学生活；大学（学校、医院等机构的）场地；【名】 （Campus）（英）坎帕斯，（意、罗）坎普斯，（法）康皮斯（人名）,"""We're not on the main campus.""—""No.""　“我们不在主校园。”—“是的。”"
1715,tom,P1,W1–W10,释义待核实，不进入核心练习,ˈtɑm,释义待核实，不计入核心练习,
1716,showing,P1,W1–W10,释义待核实，不进入核心练习,ˈʃoʊɪŋ,释义待核实，不计入核心练习,
1717,creative,P1,W1–W10,,kriˈeɪtɪv,adj. 创造（性）的，创作的；有创造力的，有想象力的；n. 创作者；创意，创作素材,You can sense the creative buzz in the city.　在城市里可以感觉到创造的热情。
1718,coast,P1,W1–W10,,ˈkoʊst,n. 海岸，海滨；（车辆的）滑行；v. （人，车辆）滑行；毫不费力地做，（尤指）轻松获胜；不够努力，应付；沿海航行；【名】 （Coast）（英、美）科斯特（人名）,They live on the east coast.　他们住在东海岸。
1719,benefit,P1,W1–W10,,ˈbɛnəfɪt,n. 好处，益处；救济金，补助金；额外奖励，保险金；慈善活动；v. 对（某人）有用，使受益；得益于，得利于,I've had the benefit of a good education.　我得益于受过良好教育。
1720,progress,P1,W1–W10,,ˈprɑˌɡrɛs,n. 进步，进展；前进，行进；（社会的）进步；v. 进步，进展；使（任务，事业）取得持续进展；（时间）推移，流逝；缓慢行进；（占星）计算行星（或星象图各星及坐标）的位置；【名】 （Progress）（赞）普罗格雷斯（人名）,Progress is maddeningly slow.　进展慢得令人心烦。
1721,funding,P1,W1–W10,释义待核实，不进入核心练习,ˈfʌndɪŋ,释义待核实，不计入核心练习,
1722,devices,P1,W1–W10,释义待核实，不进入核心练习,dɪˈvaɪsəz,释义待核实，不计入核心练习,
1723,lord,P1,W1–W10,,ˈlɔrd,n. 主，上帝；（英国）贵族，勋爵；大人，阁下（英国对某些官员的尊称）；（中世纪欧洲的）领主，庄园主；（英国）上议院议员；（某一领域的）巨头，巨擘；v. 对某人举止霸道（或逞威风）；把……封为贵族；int. 天哪，上帝啊（表示对某事的惊讶、恼怒或忧虑）,"We beseech thee, O Lord.　主啊，我们恳求您。"
1724,grant,P1,W1–W10,,ˈɡrænt,n. 格兰特(男子名)；n. （美）格朗（人名）；v. （grant）（正式）准许，授予；（勉强）承认，同意,He has been awarded a research grant.　他得到一笔研究经费。
1725,sub,P1,W1–W10,释义待核实，不进入核心练习,ˈsʌb,释义待核实，不计入核心练习,
1726,agree,P1,W1–W10,,əˈɡri,v. 同意，赞成；答应，接受；达成一致意见；商定，约定；相符，吻合；赞同；（语法）呼应；批准，认可（计划、要求等）；适合（某人）,I entirely agree with you.　我完全同意你的看法。
1727,fiction,P1,W1–W10,,ˈfɪkʃən,n. 小说；虚构的事，谎言；杜撰，编造,The book intermingles fact and fiction.　这本书事实和虚构并存。
1728,hear,P1,W1–W10,,ˈhir,v. 听到，听见；聆听，倾听；听说，得知；审理，听审；脑际响起；听明白,I had to strain to hear.　我不得不努力地听。
1729,sometimes,P1,W1–W10,,səmˈtaɪmz,adv. 有时，间或,Life seems so unfair sometimes.　人生有时似乎非常不公平。
1730,watches,P1,W1–W10,释义待核实，不进入核心练习,ˈwɑtʃəz,释义待核实，不计入核心练习,
1731,careers,P1,W1–W10,释义待核实，不进入核心练习,kɚˈɪrz,释义待核实，不计入核心练习,
1732,beyond,P1,W1–W10,,bɪˈɑnd,prep. 在（或向）……较远的一边；晚于，迟于；涵盖，包括；除……之外；超出（范围）；非（某人）所能理解；adv. 在另一边，在（或向）更远处；（延续）到……之后；n. 来生，再世（the beyond）；远处的事物（the beyond）,Her honesty is beyond question.　她的诚实是毋庸置疑的。
1733,goes,P1,W1–W10,释义待核实，不进入核心练习,ˈɡoʊz,释义待核实，不计入核心练习,
1734,families,P1,W1–W10,释义待核实，不进入核心练习,ˈfæməliz,释义待核实，不计入核心练习,
1735,led,P1,W1–W10,释义待核实，不进入核心练习,ˈlɛd,释义待核实，不计入核心练习,
1736,museum,P1,W1–W10,,mjuˈziəm,n. 博物馆,The museum is open Mon.-Sun.　这个博物馆周一至周日开放。
1737,themselves,P1,W1–W10,,ðɛmˈsɛlvz,pron. 他们自己；他们亲自,They did the cooking by themselves.　他们自己做了饭。
1738,fan,P1,W1–W10,,ˈfæn,n. 风扇，扇子；粉丝，狂热爱好者；扇形；（使风车头迎风的）风叶；（山坡脚下的）地带；v. 扇，为……扇风；煽（火）；煽动，激起；（击球手）三击不中出局；（呼吸，微风）吹拂；驱散，扇走；<美>击球不中；【名】 （Fan）（美、法、俄）法恩（人名）,The fan revolved slowly.　电扇缓慢地转动着。
1739,transport,P1,W1–W10,,trænˈspɔrt,n. 运输，运送；交通工具，运输方式；交通运输系统；（运送部队、给养等的）运输船，运输机；强烈的感情，狂喜；<史>流放犯；v. （用交通工具）运输，运送；（以自然方式）运输，传播；使产生身临其境的感觉；流放，放逐（犯人）；使狂喜，使（某人）充满强烈情感（尤指快乐）,Transport not incl.　不包括运输
1740,interesting,P1,W1–W10,,ˈɪntrəstɪŋ,adj. 有趣的，有吸引力的；怪异的；v. 使感兴趣，引起……的关注；劝说（某人）做（或参与）（interest 的现在分词形式）,Did you go anywhere interesting?　你去过任何有趣的地方吗？
1741,blogs,P1,W1–W10,释义待核实，不进入核心练习,ˈblɔɡz,释义待核实，不计入核心练习,
1742,wife,P1,W1–W10,,ˈwaɪf,妻子,His wife is a doctor.　他的妻子是一名医生。
1743,evaluation,P1,W1–W10,,ɪˌvæljuˈeɪʃən,n. 评价，评估,He got a good evaluation.　他得到了很好的评价。
1744,accepted,P1,W1–W10,释义待核实，不进入核心练习,ækˈsɛptɪd,释义待核实，不计入核心练习,
1745,former,P1,W1–W10,,ˈfɔrmɚ,adj. 旧时的；以前的，前……；（两者中）前者的；n. 模子，模型；形成某事的人（或事）；线圈架，绕线模；（机翼、机身的）翼肋；pron. （两者中的）前者,He had renounced his former associates.　他已经宣布与过去的伙伴拆伙。
1746,implementation,P1,W1–W10,,ˌɪmpləmɛnˈteɪʃən,n. 实施，执行,Have you done your implementation section yet?　你完成了你的实施部分了吗？
1747,ten,P1,W1–W10,,ˈtɛn,num. 十个，十；adj. 十的；det. 十个；十个（东西）,It's ten past twelve.　现在十二点十分。
1748,hits,P1,W1–W10,释义待核实，不进入核心练习,ˈhɪts,释义待核实，不计入核心练习,
1749,zone,P1,W1–W10,,ˈzoʊn,n. （有某特色或作用的）地区，地带；（允许或禁止某种活动的）范围；（尤指有别于周围的）区域，部分；（规划的）区域，分区；（地球的）气候带；时区；（动植物）环带，带；（尤作体育用语）巅峰状态；v. 将……划为某种用途的区域；将……分成区（或划成带）；<古>用带子围绕，环绕；【名】 （Zone）（塞）佐内,The area has been declared a disaster zone.　该地区已被宣布为灾难带。
1750,complex,P1,W1–W10,,ˈkɑmplɛks,adj. 复杂的，难懂的；组合的，合成的；（句子）复合的；复数的，复的；配合的，络合的；n. 综合大楼，建筑群；复合体，综合体；情结；强烈（或过度）的关心（或忧虑）；配合物，络合物,He was an unusually complex man.　他是个异常复杂的人。
1751,th,P1,W1–W10,释义待核实，不进入核心练习,ˌtiˈeɪtʃ,释义待核实，不计入核心练习,
1752,cat,P1,W1–W10,,ˈkæt,n. 猫，猫科动物,The cat loves being stroked.　这猫喜欢别人抚摩。
1753,galleries,P1,W1–W10,释义待核实，不进入核心练习,ˈɡælɚiz,释义待核实，不计入核心练习,
1754,references,P1,W1–W10,释义待核实，不进入核心练习,ˈrɛfɚənsɪz,释义待核实，不计入核心练习,
1755,die,P1,W1–W10,,ˈdaɪ,v. 死亡；消失，灭亡；停止运转；渴望；<古>达到性高潮；n. 骰子；金属模具，压模；【名】 （Die）（法、美、德）迭（人名）,I thought I'd die laughing.　我以为我要笑死了。
1756,presented,P1,W1–W10,释义待核实，不进入核心练习,priˈzɛntɪd,释义待核实，不计入核心练习,
1757,jack,P1,W1–W10,释义待核实，不进入核心练习,ˈdʒæk,释义待核实，不计入核心练习,
1758,flat,P1,W1–W10,,ˈflæt,adj. 平的，水平的；平坦的；（水面）平静的，波澜不兴的；平滑的；平放的，平躺的，平卧的；足弓平坦的；扁平的；（鞋）平跟的，低跟的；断然的，直截了当的；（费率、价格等）统一的，固定的；（市场、价格等）疲软的，萧条的；枯燥的，无趣的，缺乏热情的；（饮品）走了气的；（轮胎）没气的，瘪的；（电池）电力不足的，没电的；平淡的，无变化的；（音符）降半音的；音调偏低的；色彩单调的，无反差的，无景深的；无光泽的；（图表上的线）平的，无变化的；（组织或系统）内部层次不多的；（关于）无障碍平地赛马的；（面包）未发酵的；adv. 水平地；平整地；平贴着；正好；完全地，彻底地；音调偏低地；n. <英>公寓，单元房；（通常指近水的）浅滩，洼地；（某物的）平面部份；（音符的）降半音；降半音符号；<美>浅箱，浅苗床；平底鞋，低跟鞋（flats）；漏气轮胎；平板列车，敞车，平台货车；平面布景，布景屏；无障碍平地赛马季节（the Flat）,The cloth should be laid flat.　布应展开平放。
1759,flow,P1,W1–W10,,ˈfloʊ,v. 流动，流淌；（人，物）涌向，涌进；（车辆）畅通无阻；持续抵达，持续供应；（信息）传播，（资金）流通；飘垂，飘拂；强烈感到；（说话或思想）流畅；引发，来自；充满，满是；畅饮；涨潮；永久性变形；<非正式>来月经；n. 流，流动；持续生产，不断供应；车流，人流；（语言、思路等的）连贯；流速，流率；流动物；流量；涨潮；<苏格兰>湿地，沼泽；形变；<非正式>月经；大量；【名】 （Flow）（美）弗洛（人名）,This valve regulates the flow of water.　这个阀门调节水流。
1760,agencies,P1,W1–W10,释义待核实，不进入核心练习,ˈeɪdʒənsiz,释义待核实，不计入核心练习,
1761,literature,P1,W1–W10,,ˈlɪtɚətʃɚ,文学；n. 文学，文学作品；（某一学科的）文献，著述；印刷品，宣传品,She lectures in Russian literature.　她讲授俄罗斯文学。
1762,respective,P1,W1–W10,,rɪˈspɛktɪv,adj. 分别的，各自的,It is important that we dovetail our respective interests.　我们寻求各自利益共同点是重要的。
1763,parent,P1,W1–W10,,ˈpɛrənt,n. 父亲（或母亲）；（动植物的）亲代，亲本；母公司，总公司；母体，本体；v. 做……的父亲（或母亲）；为人父母；【名】 （Parent）（英、西）帕伦特，（法）帕朗（人名）,A happy parent makes for a happy child.　幸福的家长造就幸福的孩子。
1764,spanish,P1,W1–W10,,ˈspænɪʃ,- adj. 西班牙的；西班牙人的；西班牙语的；- n. 西班牙语；西班牙人,Spanish is on the curriculum.　西班牙语已纳入课程内容。
1765,michigan,P1,W1–W10,释义待核实，不进入核心练习,ˈmɪʃɪɡən,释义待核实，不计入核心练习,
1766,columbia,P1,W1–W10,释义待核实，不进入核心练习,kəˈlʌmbiə,释义待核实，不计入核心练习,
1767,setting,P1,W1–W10,,ˈsɛtɪŋ,n. （某事发生的）环境，场合；（戏剧、小说或电影的）场景，背景；<美>舞台布景；（设备的）档位；（宝石的）镶嵌底座；（为诗、祷文等谱写的）乐曲；（供一人用的）一副餐具；v. （小心地）放置；嵌入（表面）；（电影、戏剧、故事等）以……为背景（set 的现在分词形式）,The sun was just setting.　太阳刚往下落。
1768,dr,P1,W1–W10,释义待核实，不进入核心练习,ˈdraɪv,释义待核实，不计入核心练习,
1769,scale,P1,W1–W10,,ˈskeɪl,n. 规模，范围；等级，级别；刻度，标度；秤；比例，比例尺；音阶；鳞，鳞片；水垢；牙垢；天平盘；天秤（星）座（the Scales）；（加热后金属上形成的）氧化皮；（数）进位制；（摄）影调范围；v. 攀登，翻越；刮鳞；剔除（牙垢）；（按比例）缩小（或放大）；（尤指皮肤）生成鳞屑；（成片状）脱落，剥落；称得重量为；（数量，财产） 按一定比例调节；<美>估算（树木的）产木材量；adj. （模型或复制品）按比例缩小的,How much does it read on the scale?　刻度显示的是多少？
1770,stand,P1,W1–W10,,ˈstænd,v. 站，站立；起立，站起来；使直立，竖放；位于（某处或某位置）；高度为，高达；处于（某种状态）；停，停靠；搁，不流动；很可能会；持有（某种态度或看法）；达特定水平（或数量、高度等）；保持有效，维持不变；忍受，容忍；经得起，经受；请（某人吃饭、喝酒）；竞选，当候选人；屹立，矗立；走，迈（一小步）；具有……地位，排在第……位；（不小心）踩到；承担……职责；担任（板球赛）裁判员；n. 架，座，台；立场，见解；货摊，售货亭；反抗，抵抗；看台；摊位，展台；证人席；坚守时间，总计得分；停车处，站；林分；<南非>地块；舞台，讲台，演奏台；通常站立（或坐）的位置；停止，停住；<罕>一群猎鸟,"'Stand back,' he roared.　“靠后站。”他吼道。"
1771,economy,P1,W1–W10,,ɪˈkɑnəmi,n. 经济；节省，简练；经济舱；adj. 经济实惠的；【名】 （Economy）（英）伊科诺米（人名）,The economy remains sluggish.　经济保持缓慢发展。
1772,highest,P1,W1–W10,释义待核实，不进入核心练习,ˈhaɪəst,释义待核实，不计入核心练习,
1773,helpful,P1,W1–W10,,ˈhɛlpfəl,adj. 有帮助的，有用的；愿意帮忙的,Sorry I can't be more helpful.　对不起，我帮不上更多的忙。
1774,monthly,P1,W1–W10,,ˈmʌnθli,adj. 每月的，每月一次的；按月支付的，按月计算的；（票、通行证等）有效期为一个月的；n. 月刊；adv. 每个月，每月一次,We issue a monthly newsletter.　我们出版一份通讯月刊。
1775,critical,P1,W1–W10,,ˈkrɪtɪkəl,adj. 批判的，爱挑剔的；极其重要的，关键的；严重的，危急的；病重的，重伤的；评论性的，评论家的；临界的,We need to become critical text-readers.　我们需要成为批判性的文本阅读者。
1776,frame,P1,W1–W10,,ˈfreɪm,n. 框架，边框；（家具、建筑物、车辆等的）构架，支架；体格，骨架；眼镜框；（系统、概念或文章的）基本框架；镜头，画面；（连环漫画中的）一幅画；（网页的）一个区域；（斯诺克或保龄球的）一局；（玻璃或塑料的箱式）轻便温床；（纺织、编结或刺绣用的）框；替换框架；（计算机或通信）帧，影格；v. 装框架；勾勒出；围绕；<非正式>陷害，诬陷；制定，拟订；（措词谨慎地）表达；adj. 有木架的,The frame is made of steel.　这个架子是钢制的。
1777,musical,P1,W1–W10,,ˈmjuzɪkəl,adj. 音乐的，配乐的；喜爱音乐的，精通音乐的；悦耳的，动听的；n. 音乐剧，音乐片,I came from a musical family.　我来自一个音乐家庭。
1778,definition,P1,W1–W10,,ˌdɛfəˈnɪʃən,n. 定义，释义；榜样，典范；清晰，清晰度，鲜明度,What's your definition of happiness?　你对幸福的定义是什么？
1779,secretary,P1,W1–W10,,ˈsɛkrəˌtɛri,n. 秘书；书记员，干事；部长，大臣；（英国大使、大臣的）助理,I was a lousy secretary.　我曾是个蹩脚的秘书。
1780,angeles,P1,W1–W10,释义待核实，不进入核心练习,ˈændʒəlɪs,释义待核实，不计入核心练习,
1781,networking,P1,W1–W10,释义待核实，不进入核心练习,ˈnɛˌtwɝkɪŋ,释义待核实，不计入核心练习,
1782,path,P1,W1–W10,,ˈpæθ,n. 小径，小道；（开出的）通道；（事物或人移动的）路线，轨迹；（有助于实现某事的）道路，途径；通勤火车时刻表；（计算机）路径,A path runs under the trees.　一条小路在树下延伸。
1783,australian,P1,W1–W10,释义待核实，不进入核心练习,ɔˈstreɪljən,释义待核实，不计入核心练习,
1784,employee,P1,W1–W10,,ɛmˈplɔɪi,n. 雇员,He is an employee of Fuji Bank.　他是富士银行的一位雇员。
1785,chief,P1,W1–W10,,ˈtʃif,adj. 首要的，主要的；为首的，首席的；n. 领袖，首领；酋长；（纹章）上段（盾徽顶部的宽横带）；adv. 主要地；首要地,Unemployment was the chief cause of poverty.　失业是贫穷的主要原因。
1786,gives,P1,W1–W10,释义待核实，不进入核心练习,ˈɡɪvz,释义待核实，不计入核心练习,
1787,kb,P1,W1–W10,释义待核实，不进入核心练习,,释义待核实，不计入核心练习,
1788,bottom,P1,W1–W10,,ˈbɑtəm,n. 底，底部；尽头，远端；最低水平，底层位置；（套装的）下装；臀部；水底；河边洼地；（一局棒球比赛的）后半局；（汽车变速箱的）最低挡；龙骨，船体；底夸克；<古>（尤指马的）持久力，耐力；<古>船（尤指货船）；adj. 底部的，最后的；最不重要的，最差的；离得最远的；v. （船）到达海底，触到海底；<澳新>钻探……直到矿物层；<古>发现……范围（或本质）；（成绩，局势）到达最低点后趋于平衡,He sat at the bottom of the stairs.　他坐在楼梯底部。
1789,magazines,P1,W1–W10,释义待核实，不进入核心练习,ˈmæɡəˌzinz,释义待核实，不计入核心练习,
1790,packages,P1,W1–W10,释义待核实，不进入核心练习,ˈpækədʒəz,释义待核实，不计入核心练习,
1791,detail,P1,W1–W10,,dɪˈteɪl,n. 细节，细微之处；详情，资料；（军队中的）任务，特遣队；v. 详细说明，详述；彻底清洗（汽车）；（尤指军队中）派遣，选派,The proposals were short on detail.　这些提议缺少细节。
1792,francisco,P1,W1–W10,释义待核实，不进入核心练习,frænˈsɪskoʊ,释义待核实，不计入核心练习,
1793,laws,P2,W11–W20,释义待核实，不进入核心练习,ˈlɔz,释义待核实，不计入核心练习,
1794,changed,P2,W11–W20,释义待核实，不进入核心练习,ˈtʃeɪndʒd,释义待核实，不计入核心练习,
1795,pet,P2,W11–W20,,ˈpɛt,- n. 宠物；受宠爱的人；生气；- vt. 宠爱；- vi. 爱抚；生气,They had had their pet dog stuffed.　他们请人把他们的宠物狗制成了标本。
1796,heard,P2,W11–W20,释义待核实，不进入核心练习,ˈhɝd,释义待核实，不计入核心练习,
1797,begin,P2,W11–W20,,bɪˈɡɪn,v. 开始，着手；开始说；开始发生，开始进行；以……为起点，起始于；首字母为,When does the concert begin?　音乐会什么时间开始？
1798,individuals,P2,W11–W20,释义待核实，不进入核心练习,ˌɪndəˈvɪdʒəwəlz,释义待核实，不计入核心练习,
1799,colorado,P2,W11–W20,释义待核实，不进入核心练习,ˌkɑlɚˈɑdoʊ,释义待核实，不计入核心练习,
1800,royal,P2,W11–W20,,ˈrɔɪəl,adj. 国王的，女王的，王室的；（用于机构或组织名称）皇家的 ；盛大的，隆重的；<非正式>（用于强调某人或某物极度糟糕）极其的，极度的；n. <非正式>王室成员；（鸣钟术）敲奉十口钟的变换响,We were given a royal welcome.　我们受到了盛大的欢迎。
1801,clean,P2,W11–W20,,ˈklin,adj. 洁净的，干净的；讲卫生的，爱干净的；无有害物的，无污染的；清醇的，清新的；无污点的，清白的；公正的，遵守规则的；不私藏违禁品的；没吸毒的，没喝酒的；纯洁的，正派的；文明的，无色情的；平滑的，平整的；迅速彻底的；（行动）干净利落的；空白的，未写过的；（文件）无错误的；（木材）无树节的；v. （使）清洁，清理；变干净；清扫，做清洁工；干洗；（烹饪前）清除（动物）内脏；n. 清洁，清扫，打扫,Scrub the vegetables clean.　把蔬菜刷洗干净。
1802,switch,P2,W11–W20,,ˈswɪtʃ,n. 开关，电闸；骤变，突变；交换机；（计算机）切换；<美> （铁路的）转辙器，道岔；（细软的）枝条，鞭子；假发；（在英国使用借记卡付账的一种）转换系统（Switch）；v. （用开关）打开，关闭；（使）改变，转变；交换，调换；转移（注意力）；（与某人）交换工作，调班；<古> 用枝条击打，轻拂,When did you switch jobs?　你们什么时候调动工作的？
1803,russian,P2,W11–W20,,ˈrʌʃən,adj. 俄国的；俄语的；n. 俄国人；俄语,He's got an O level in Russian.　他通过了俄语普通证书考试。
1804,largest,P2,W11–W20,释义待核实，不进入核心练习,ˈlɑrdʒəst,释义待核实，不计入核心练习,
1805,african,P2,W11–W20,,ˈæfrəkən,adj. （与）非洲（有关）的；非洲人的；n. 非洲人（尤指黑人）；非洲黑人后裔,She loved the African continent.　她热爱非洲大陆。
1806,guy,P2,W11–W20,,ˈɡaɪ,n. <非正式>男人，家伙；<美，非正式>伙计们，兄弟（或姐妹）们；<英>盖伊模拟像；（帐篷或杆柱的）固定拉绳，牵索；v. 嘲笑，戏弄；用支索稳定（加固）；【名】 （Guy）（英）盖伊，（西）吉，（法）居伊（人名）,He's a real meat-and-potatoes guy.　他是个十分崇尚简朴的人。
1807,titles,P2,W11–W20,释义待核实，不进入核心练习,ˈtaɪtəlz,释义待核实，不计入核心练习,
1808,relevant,P2,W11–W20,,ˈrɛləvənt,adj. 有关的，切题的；正确的，适宜的；有价值的，有意义的,Do you have the relevant experience?　你有相关的经历吗？
1809,guidelines,P2,W11–W20,释义待核实，不进入核心练习,ˈɡaɪdˌlaɪnz,释义待核实，不计入核心练习,
1810,justice,P2,W11–W20,,ˈdʒʌstəs,n. 公平，正义；公道，合理；司法，法律制裁；<美>法官；【名】 （Justice）（英）贾斯蒂斯，贾斯蒂丝（人名）,My sense of justice was offended.　我的正义感受到了冒犯。
1811,connect,P2,W11–W20,,kəˈnɛkt,v. （使）连接；（使）相通；使接通（电源、水源等）；与……有关系；把……联系起来；衔接，联运；（使）换乘（飞机或火车）；给……接通电话；产生共鸣，契合；建立良好关系；击中,Click 'Continue' to connect to the Internet.　点击 Continue 连接到互联网。
1812,bible,P2,W11–W20,,ˈbaɪbəl,- n. 圣经；- 有权威的书；n. 圣经,
1813,dev,P2,W11–W20,释义待核实，不进入核心练习,ˈdɛv,释义待核实，不计入核心练习,
1814,cup,P2,W11–W20,,ˈkʌp,n. 杯子；一杯（的量）；杯（烹饪的计量单位），量杯（金属或塑料量器）；优胜杯，奖杯；杯状物；（胸罩的）罩杯；（含酒精的）混合饮料；<美>（高尔夫球的）球洞；<美>（男子运动时穿的）护裆；v. （用手）做成杯状；窝起手掌托住；<旧>为……拔火罐（或做吸杯治疗）,She pushed the cup towards me.　她把杯子推向我这边。
1815,basket,P2,W11–W20,,ˈbæskət,n. 篮子；一篮的量；（篮球运动的）篮；投篮得分,There was a complimentary basket of fruit in our room.　我们房间里有一篮免费赠送的水果。
1816,applied,P2,W11–W20,释义待核实，不进入核心练习,əˈplaɪd,释义待核实，不计入核心练习,
1817,weekly,P2,W11–W20,,ˈwikli,adj. 每周的，一周一次的；持续一周的，按周计算的；周刊的；n. 周报，周刊；adv. 每周，每星期,Employees are paid weekly.　雇员按周领工资。
1818,vol,P2,W11–W20,释义待核实，不进入核心练习,,释义待核实，不计入核心练习,
1819,installation,P2,W11–W20,,ˌɪnstəˈleɪʃən,n. 安装，设置；装置，设备；（工业或军事）设施；就职，就职仪式；现代雕塑装置（除物体外用声、光等元素）,Installation of the new system will take several days.　新系统的安装需要几天时间。
1820,described,P2,W11–W20,释义待核实，不进入核心练习,dɪˈskraɪbd,释义待核实，不计入核心练习,
1821,demand,P2,W11–W20,,dɪˈmænd,v. 强烈要求；需要，需求；n. 坚决的要求；需求，需求量；（困难的）要求；【名】 （Demand）（德）德曼德（人名）,I demand to see the manager.　我坚决要求见经理。
1822,pp,P2,W11–W20,释义待核实，不进入核心练习,,释义待核实，不计入核心练习,
1823,suite,P2,W11–W20,,ˈswit,n. 套房，套间；一套家具；组曲；（程序）组，套；一套产品；（君主或高官的）（一批）随员；（地质）系列矿石（或岩石、化石）,I suggest we fit you up with an office suite.　我建议我们为你配备一间办公套房。
1824,vegas,P2,W11–W20,释义待核实，不进入核心练习,ˈveɪɡəs,释义待核实，不计入核心练习,
1825,na,P2,W11–W20,释义待核实，不进入核心练习,ˈnɑ,释义待核实，不计入核心练习,
1826,square,P2,W11–W20,,ˈskwɛr,adj. 正方形的，四方形的；成直角的；平方的；两清的，互不欠账的；诚实公正的；<非正式>古板守旧的；平行的，水平的；宽阔结实的；打平的，平局的；一致的，可共存的；长宽为…...的；整齐的；（韵律）简单易懂的；n. 正方形，四方形；广场；平方，二次幂；<非正式>古板守旧的人；（棋盘上的）方格；直角尺，丁字尺；<史>（步兵的）方阵；方围巾；<英>托灰板，灰浆板；（板球）内场；（军营中的）操练场；<美>街区；（占星）90度星位；<美，非正式>美餐，饱餐；v. 使成平方，使成二次幂；使（比赛的比分）打平；挺起胸膛；使成正方形，使成方形；<非正式>贿赂，收买；使谐调，符合；就…...征得…...的同意；结账，付清欠款；横（向）传（球）；（占星）处于方照位置,He has a strong square jaw.　他长着一副结实的方下巴。
1827,chris,P2,W11–W20,释义待核实，不进入核心练习,ˈkrɪs,释义待核实，不计入核心练习,
1828,attention,P2,W11–W20,,əˈtɛnʃən,n. 注意；注意力；照料；兴趣；立正；殷勤，关心,My shoes caught his attention.　我的鞋子引起了他的注意。
1829,advance,P2,W11–W20,,ədˈvæns,v. （使）前进，（使）向前移动；发展，进步；预付；提前，提早；促进，推动；提出（想法或理论）；上涨，增加；提拔，晋升；n. 前进；进步，进展；改善；预付款；勾引，追求；（价格、价值的）上涨；贷款；adj. 预先的，事先的；先行的，先遣的,We will advance you the money.　我们将把款子预付给你。
1830,skip,P2,W11–W20,,ˈskɪp,v. 蹦蹦跳跳地走；跳绳；不做（应做的事等），不参加；跳过，略过；快速转移，骤然转换（话题）；悄悄溜走，突然离开；打水漂；当（运动队的）领队；n. 蹦跳；（计算机）跳跃（进位），跳行；<美，非正式>违约者，讨债者；<英> 废料桶；罐笼，箕斗，吊斗；（草地滚木球或冰壶运动队的）领队，队长；【名】 （Skip）人名，（英）斯基普,I often skip breakfast altogether.　我常常干脆不吃早饭。
1831,diet,P2,W11–W20,,ˈdaɪət,日常饮食；节食；n. 规定饮食；大量单调的活动；日常饮食,She's on a very strict diet.　她正严格节食。
1832,army,P2,W11–W20,,ˈɑrmi,n. 陆军，军队；大批，大群,They were old army comrades.　他们是部队的老战友。
1833,auction,P2,W11–W20,,ˈɑkʃən,n. 拍卖；（桥牌）叫牌阶段；v. 拍卖,Gene clerked at the auction.　吉恩在拍卖行做文书工作。
1834,gear,P2,W11–W20,,ˈɡɪr,n. 排挡，齿轮；（用于特定目的的）装备，服装；（做事的）速度，努力；（特定用途的）器械，装置；<非正式>毒品；<非正式>所有物，财物；v. 使变速，使调挡；【名】 （Gear）（英）吉尔（人名）,The car was in fourth gear.　那辆汽车处于第4挡。
1835,lee,P2,W11–W20,释义待核实，不进入核心练习,ˈli,释义待核实，不计入核心练习,
1836,os,P2,W11–W20,释义待核实，不进入核心练习,ˈɑs,释义待核实，不计入核心练习,
1837,difference,P2,W11–W20,,ˈdɪfɚəns,n. 差异，不同之处；差额；分歧；v. <罕> 区分,"Okay, there is a slight difference.　好吧，是有稍稍的不同。"
1838,allowed,P2,W11–W20,释义待核实，不进入核心练习,əˈlaʊd,释义待核实，不计入核心练习,
1839,correct,P2,W11–W20,,kɚˈɛkt,adj. 正确的，无误的；恰当的，合适的；（行为）合乎礼节的，得体的；（行为）被人认可的，赞许的；v. 改正，纠正；批改；指出错误；（医疗）矫正,"Yes, that's basically correct.　对，基本正确。"
1840,charles,P2,W11–W20,释义待核实，不进入核心练习,ˈtʃɑrlz,释义待核实，不计入核心练习,
1841,nation,P2,W11–W20,,ˈneɪʃən,n. 国家，民族；国民；（美洲土著居民的）部落，部族；【名】 （Nation）（英）内申（人名）,The article captured the mood of the nation.　这篇文章把国民的情绪把得很准。
1842,selling,P2,W11–W20,释义待核实，不进入核心练习,ˈsɛlɪŋ,释义待核实，不计入核心练习,
1843,lots,P2,W11–W20,释义待核实，不进入核心练习,ˈlɑts,释义待核实，不计入核心练习,
1844,piece,P2,W11–W20,,ˈpis,（写作，音乐或艺术的）作品；n. 块，张，片，段；碎片，零件；（成套物品的）部件，部分；（艺术、音乐、戏剧、文学的）一部作品；（报道、新闻、广播的）一篇；份额，一份股权；桩，项，条，件； 一点；（土地的）一块；一段距离；硬币；枪；<非正式>女人；<苏格兰>（三明治等）小吃；v. 拼合，拼装；慢慢理解,I never found the missing piece.　我一直没找到丢了的那件。
1845,sheet,P2,W11–W20,,ˈʃit,n. 床单，被单；布罩，盖布；纸片，纸张；（Excel 中的）工作表；简要记录，纪要；一整版邮票；（尤指大地区系列地图的一部分的）一张地图；薄板，薄片；（冰或水的）一大片；（雨或火）一大片；拉帆绳，帆脚索；敞舱船的首尾区域；v. （用布）盖上，裹上；把（帆）扣紧（或放松）；（雨）倾盆（或瓢泼）而下；【名】 （Sheet）（英）希特（人名）,He was as white as a sheet.　他面无血色。
1846,firm,P2,W11–W20,,ˈfɝm,n. 公司，商行；（以顾问医师为首的）医务小组；<英，非正式>（敌视敌对球队球迷的）球迷俱乐部，球迷联盟；adj. 结实的，坚硬的；牢固的，稳固的；坚定的，坚决的；强有力的；牢牢掌控的；坚挺的；确切的，可靠的；严厉的，强硬的；v. 使强壮，使坚实；坚挺，稳步上涨；敲定,These peaches are still firm.　这些桃子还很硬。
1847,seven,P2,W11–W20,,ˈsɛvən,num. 七个，七；n. 七个人；七点钟；七岁；adj. 七的；七个的,She's seven months gone.　她怀孕七个月了。
1848,older,P2,W11–W20,释义待核实，不进入核心练习,ˈoʊldɚ,释义待核实，不计入核心练习,
1849,illinois,P2,W11–W20,释义待核实，不进入核心练习,ˌɪləˈnɔɪ,释义待核实，不计入核心练习,
1850,regulations,P2,W11–W20,释义待核实，不进入核心练习,ˌrɛɡjəˈleɪʃənz,释义待核实，不计入核心练习,
1851,elements,P2,W11–W20,释义待核实，不进入核心练习,ˈɛləmənts,释义待核实，不计入核心练习,
1852,species,P2,W11–W20,,ˈspiʃiz,n. （动植物的）种，物种；种类；（具有相同特征的）一类人；（化学，物理）核素；（圣餐中用的）面包和圣酒；adj. 原种的,This species is extremely rare.　这一物种极为罕见。
1853,jump,P2,W11–W20,,ˈdʒʌmp,v. 跳，跃；跨越；快速（突然）移动；猛地一动；激增，暴涨；突然转换；略过；突然袭击（某人）；欢跃，雀跃；逃离，逃避；插（队）；<非正式>马上照办；跳吃（对方的棋子）；<非正式>与……性交；<美> 侵占（他人开采权或土地）；（桥牌）跳叫；<美>跨接起动（汽车）； <美>跨接起动（汽车）；n. 跳，跃；惊跳；障碍物；激增；巨变；<非正式>心神不安；（桥牌）跳叫；<美，粗>性交；【名】 （Jump）（美）江普（人名）,A loud bang made me jump.　砰的一声巨响吓我一跳。
1854,cells,P2,W11–W20,释义待核实，不进入核心练习,ˈsɛlz,释义待核实，不计入核心练习,
1855,module,P2,W11–W20,,ˈmɑdʒul,n. （机器、建筑物等的）组件，模件；（课程的）单元，模块；（计算机）模件，功能块；（航天器的）舱,Switch from one module to another.　从一个模块转换到另一个模块。
1856,resort,P2,W11–W20,,rɪˈzɔrt,n. 旅游胜地，度假胜地；求助的方法，采用的手段；采用，诉诸，求助；v. 诉诸，求助于；<正式>常去，（成群结队地）去,The resort is geared towards children.　这个旅游胜地适合儿童玩耍。
1857,facility,P2,W11–W20,,fəˈsɪlɪti,n. 设施，设备；卫生间；天赋，才能；（机器等的）特别装置，（服务等的）特色；（用作某种用途的）场所,She has a facility for languages.　她有语言天赋。
1858,random,P2,W11–W20,,ˈrændəm,adj. 任意的，随机的，胡乱的；（砖石建筑）石头大小不一的；<非正式>奇怪的，不同寻常的；n. 随意，随机；<非正式>不认识的人，陌生人；adv. 随机地，胡乱地,Police will conduct random breath tests.　警察会随机进行吹气酒精测试。
1859,pricing,P2,W11–W20,释义待核实，不进入核心练习,ˈpraɪsɪŋ,释义待核实，不计入核心练习,
1860,dvds,P2,W11–W20,释义待核实，不进入核心练习,ˌdiˌviˈdiz,释义待核实，不计入核心练习,
1861,certificate,P2,W11–W20,,sɚˈtɪfɪkət,n. 证明，证书；文凭，成绩合格证书；电影放映许可证；v. 发证书给……，用证书证明,He was shown a photocopy of the certificate.　给他看了证书的复印件。
1862,minister,P2,W11–W20,,ˈmɪnəstɚ,n. （英国及其他许多国家的）部长，大臣；牧师；公使，外交使节；v. 满足（……的需要），帮助；当牧师；执行（或主持）（圣餐式）,His father was a Baptist minister.　他父亲是一名浸礼会牧师。
1863,motion,P2,W11–W20,,ˈmoʊʃən,n. 运动，移动；手势，动作；提议，议案；<英>排便，大便；转动的机械装置；（当庭提出裁决或命令的）请求，申请；v. 打手势，示意,Some scenes were filmed in slow motion.　几组镜头被拍成了慢动作。
1864,looks,P2,W11–W20,释义待核实，不进入核心练习,ˈlʊks,释义待核实，不计入核心练习,
1865,fashion,P2,W11–W20,,ˈfæʃən,n. 时髦打扮，流行装扮；时尚，时兴；（做事的）方式；时装领域，时尚界；v. （尤指用手工）制作，使成形；塑造,This could set a new fashion.　这或许会开创一种新时尚呢。
1866,directions,P2,W11–W20,释义待核实，不进入核心练习,dɚˈɛkʃənz,释义待核实，不计入核心练习,
1867,visitors,P2,W11–W20,释义待核实，不进入核心练习,ˈvɪzɪtɚz,释义待核实，不计入核心练习,
1868,documentation,P2,W11–W20,,ˌdɑkjəmɛnˈteɪʃən,n. 证明文件，凭证；（书面、电影等形式的）记载，记录；（电脑设备或程式的）说明书；（对文本、照片等的）分类，评注,"In Chapter 3, I shall describe some of the documentation that I gathered.　在第3章，我将讲述我所搜集到的一些文献资料。"
1869,monitor,P2,W11–W20,,ˈmɑnətɚ,n. 显示器，监控器；监视仪，监护仪；监督员，监察员；（学校里的）班长，级长；（电台的）监听员；扬声器；巨蜥；浅水重炮舰；v. 监视；监听（外国广播或电话）；监控（无线电或电视传输信号）,Your doctor will monitor your blood pressure.　你的医生会监测你的血压。
1870,trading,P2,W11–W20,,ˈtreɪdɪŋ,n. 交易；贸易；购物；adj. 交易的；贸易的；vi. 交易，买卖；以物易物（trade的现在分词）,Trading on the stock exchange was light today.　证券交易今日交易量很少。
1871,forest,P2,W11–W20,,ˈfɔrəst,n. 森林，林区；（森林似的）一丛，一片；御猎场；v. 被森林覆盖，植林于；【名】 【名】（Forest）福雷斯特（人名）,We need to preserve the forest.　我们需要保护森林。
1872,calls,P2,W11–W20,释义待核实，不进入核心练习,ˈkɔlz,释义待核实，不计入核心练习,
1873,whose,P2,W11–W20,,ˈhuz,pron. 谁的（疑问代词）；adj. 谁的,I wonder whose this is.　我不知道这是谁的。
1874,coverage,P2,W11–W20,,ˈkʌvɚədʒ,n. 覆盖范围；新闻报道；保险范围；课程内容；防守，盯守,The media coverage was shocking.　媒体的报道糟透了。
1875,couple,P2,W11–W20,,ˈkʌpəl,n. 两个，几个；一对夫妇，一对情侣；v. 加上，结合；（把设备等）连接；形成一双，配成一对；<旧>交配，交媾；（用电磁感应，静电荷或光学通信线路）将（电路元件）耦合；【名】 （Couple）（法）库普勒（人名）,The couple have no children.　这对夫妇没有孩子。
1876,giving,P2,W11–W20,释义待核实，不进入核心练习,ˈɡɪvɪŋ,释义待核实，不计入核心练习,
1877,chance,P2,W11–W20,,ˈtʃæns,n. 机会，时机；可能性；危险，冒险；运气，偶然；v. 偶然，碰巧；冒险做；adj. 偶然的，碰巧的,Everyone has a chance to win.　每个人都有机会赢。
1878,vision,P2,W11–W20,,ˈvɪʒən,n. 幻想，想象；幻觉，幻象；构想，展望；眼力，远见卓识；视力，视觉；视野；美好的人（或事物）；（电视或电影的）图像；v. <罕>想像,Cats have good night vision.　猫在夜间视力好。
1879,ball,P2,W11–W20,,ˈbɔl,n. 球，球状物；球类运动；踢出（或击出、投出）的一球；舞会；脚趾球，拇指球；勇气；弹丸；睾丸；v. （使）成球状（或团块）；和（女人）发生性关系；【名】 （Ball）（英、西）鲍尔，（法、德、俄、罗、捷）巴尔，（土）巴勒（人名）,The ball was uncontrollable.　球控制不住了。
1880,ending,P2,W11–W20,,ˈɛndɪŋ,n. 结尾，结局；后缀，词尾；终止，终结；末梢；v. 结束；终止（end 的现在分词形式）,The story has a happy ending.　故事的结局很圆满。
1881,clients,P2,W11–W20,释义待核实，不进入核心练习,ˈklaɪənts,释义待核实，不计入核心练习,
1882,actions,P2,W11–W20,释义待核实，不进入核心练习,ˈækʃənz,释义待核实，不计入核心练习,
1883,listen,P2,W11–W20,,ˈlɪsən,v. 听，倾听；听从，听信；努力听，留神地听（listen for/listen out for）；<非正式>听着；n. 听，倾听,'Listen!' said Doyle suddenly.　“你听！”多伊尔突然说。
1884,discuss,P2,W11–W20,,dɪˈskʌs,v. 讨论，辩论；详述，论述,They had important matters to discuss.　他们有些重要的问题要讨论。
1885,accept,P2,W11–W20,,ækˈsɛpt,v. 接受，收受；同意，赞成；相信，认为……正确；忍受，容忍；吸纳，招收；接纳；承担（责任等），承认；承兑，认付（单据等）；不排斥；适配,You have to accept the inevitable.　你得接受必然发生的事。
1886,automotive,P2,W11–W20,释义待核实，不进入核心练习,ˌɔtəˈmoʊtɪv,释义待核实，不计入核心练习,
1887,naked,P2,W11–W20,,ˈneɪkəd,adj. 裸露的，无遮盖的；肉眼的；裸体的，不穿衣服的；露骨的，明显的；缺乏保护的，无力自卫的；（动物）没有皮毛的，没有羽毛的；公然的,They stripped me naked.　他们扒了我的衣服使我全身赤裸。
1888,goal,P2,W11–W20,,ˈɡoʊl,"- n. 球门；- 进球得的分；- 努力的对象, 目标",That last goal was a beauty!　最后进的一球真绝！
1889,successful,P2,W11–W20,,səkˈsɛsfəl,adj. 成功的，如愿以偿的；事业有成的，飞黄腾达的；（公司、影片、产品等）利润丰厚的，非常赚钱的,I think it's going to be successful.　我认为它将会成功。
1890,sold,P2,W11–W20,释义待核实，不进入核心练习,ˈsoʊld,释义待核实，不计入核心练习,
1891,wind,P2,W11–W20,,ˈwaɪnd,n. 风，气流；风向，逼近的形势；呼吸，呼吸能力；肠胃气胀；管乐器，吹奏乐器；大话，空谈；放屁；弯，弯曲处；一圈，一转；（给钟表）上发条；（由风带来，表明附近有动物、人存在的）气味；v. 弯曲前进，蜿蜒而行；卷缠，缠绕，绕成团；卷绕（磁带等）；给（钟、表）上发条；转动（把手）；（用辘轳、绞车等）吊起（某物）；使喘不过气来，使喘大气；给（婴儿）拍嗝儿； 嗅出（人，动物）的气味；<文>吹（号角，哨子）；adj. 管乐的,Wind speeds reached force five.　风速达到了5级。
1892,communities,P2,W11–W20,释义待核实，不进入核心练习,kəmˈjunətiz,释义待核实，不计入核心练习,
1893,clinical,P2,W11–W20,,ˈklɪnəkəl,adj. 诊所的，医务室的；临床的，临床诊断的；冷静的，无感情的；简陋的，无装饰的；精确的，娴熟的,The new drug is undergoing clinical trials.　这种新药正在进行临床试验。
1894,situation,P2,W11–W20,,ˌsɪtʃuˈeɪʃən,n. 情况，形势；重要问题，突发情况；（建筑物或城镇的）地理位置，环境特点；<旧，正式>工作，职位,The situation is under control.　局面得到了控制。
1895,sciences,P2,W11–W20,释义待核实，不进入核心练习,ˈsaɪənsəz,释义待核实，不计入核心练习,
1896,markets,P2,W11–W20,释义待核实，不进入核心练习,ˈmɑrkəts,释义待核实，不计入核心练习,
1897,lowest,P2,W11–W20,释义待核实，不进入核心练习,ˈloʊəst,释义待核实，不计入核心练习,
1898,highly,P2,W11–W20,,ˈhaɪli,adv. 极其，非常；高度地，高水平地；钦佩地，赞赏地；在高处，地位高,Flu is highly infectious.　流感的传染性很高。
1899,publishing,P2,W11–W20,,ˈpʌblɪʃɪŋ,n. 出版；出版业；v. 出版，发行（书、杂志等）；（作家、 音乐家等）发表（自己的作品），使（作品）出版；（在互联网上）发表（publish 的现在分词）,Who coined the phrase 'desktop publishing'?　谁创造了desktop publishing（桌面出版）这个词组？
1900,appear,P2,W11–W20,,əˈpɪr,v. 出现，呈现；首次使用，起源；出庭；演出，出场；出版，发表；记载，提及；看来，似乎；表现得……；<非正式>到达,She will appear in court tomorrow.　她明天出庭。
1901,emergency,P2,W11–W20,,ɪˈmɝdʒənsi,n. 突发事件，紧急情况；急症病人，急诊病人；<美>（医院的）急诊室；adj. 紧急情况下的；应急的,Emergency generators cut in.　应急发电机启动了。
1902,developing,P2,W11–W20,释义待核实，不进入核心练习,dɪˈvɛləpɪŋ,释义待核实，不计入核心练习,
1903,lives,P2,W11–W20,释义待核实，不进入核心练习,ˈlɪvz,释义待核实，不计入核心练习,
1904,currency,P2,W11–W20,,ˈkɝənsi,n. 通货，货币；通用，流行；现时性,British currency went metric in 1971.　英国的货币于1971年实行公制。
1905,leather,P2,W11–W20,,ˈlɛðɚ,n. 皮，皮革；（骑摩托车穿的）皮衣，皮夹克；v. <英，非正式>抽打；【名】 （Leather）（英）莱瑟（人名）,He wore patent leather shoes.　他穿着漆革鞋。
1906,determine,P2,W11–W20,,dəˈtɝmən,v. 决定，控制；查明，确定；下定决心；判决，裁定；求出，解出；限定；<古>终止,You alone should determine what is right for you.　只有你应该决定什么对你是合适的。
1907,temperature,P2,W11–W20,,ˈtɛmprətʃɚ,n. 温度，气温；体温；发烧；热烈程度，情绪激烈程度,Her temperature is normal.　她的体温正常。
1908,palm,P2,W11–W20,,ˈpɑm,n. 手掌，手心；（手套的）掌部；（制帆工用的）护掌；棕榈树；（作为奖赏或胜利象征的）棕榈叶；鹿角的扁平部分；v. 把……藏在手中（尤指玩戏法）；（篮球）持球犯规；用手挡（球）；【名】 （Palm）（英）帕姆，（瑞典）帕尔姆，（法、德、俄、捷、芬、挪）帕尔姆（人名）,Palm oil is environment-friendly.　棕榈油对环境无害。
1909,announcements,P2,W11–W20,释义待核实，不进入核心练习,əˈnaʊnsmənts,释义待核实，不计入核心练习,
1910,patient,P2,W11–W20,,ˈpeɪʃənt,adj. 能忍耐的，有耐心的；n. 病人，患者；（语言学）受动者，承受者；【名】 （Patient）帕迪恩特（人名）,The patient is terminally ill.　这个病人病入膏肓。
1911,actual,P2,W11–W20,,ˈæktʃəwəl,adj. 真实的，实际的，现实的；（用于对比主次方面）真正的；现存的，当前的,The actual cost was higher than we expected.　实际成本比我们预计的要高。
1912,historical,P2,W11–W20,,hɪˈstɔrɪkəl,adj. （有关）历史的；历史学的；（书籍、电影或图片）描述历史的，基于史实的；按历史顺序排列的,Was Robin Hood a historical figure?　罗宾汉是历史人物吗？
1913,stone,P2,W11–W20,,ˈstoʊn,"n. 石头，石料；石块；宝石；果核；结石；<英> 英石（英国重量单位,相当于6.35千克或14磅）；纪念碑，石碑；（指重量或缺少感情、表情或动作）像石头一样；（天文）陨石；CURLING STONE的简称；（桌游中的）棋子，筹码；排版用石台，石印台；（表示观念或规则固定而不可改变）板上钉钉；石头色，石青色；v. 向……扔石头；去核；用石头建（或铺）；adj. 石的，石制的",I was hit by a falling stone.　我被一块坠落的石头击中。
1914,bob,P2,W11–W20,释义待核实，不进入核心练习,ˈbɑb,释义待核实，不计入核心练习,
1915,commerce,P2,W11–W20,,ˈkɑmɚs,"n. 商业, 贸易；n. 贸易，商业；<旧>社交，交往；<旧>性交",The music business marries art and commerce.　音乐行当将艺术和商业结合在一起。
1916,ringtones,P2,W11–W20,释义待核实，不进入核心练习,,释义待核实，不计入核心练习,
1917,perhaps,P2,W11–W20,,pɚˈhæps,adv. 可能；（用以缓和语气或表示礼貌）也许，可能；（委婉地表示不赞同或不接受）也许，大概；（用于提出建议或请求）也许；n. 假定，猜想,Perhaps I spoke too hastily.　或许我说话太急了些。
1918,persons,P2,W11–W20,释义待核实，不进入核心练习,ˈpɝsənz,释义待核实，不计入核心练习,
1919,difficult,P2,W11–W20,,ˈdɪfəkəlt,adj. 困难的，费力的；不友好的，难对付的,The exam was quite difficult.　这场考试相当难。
1920,scientific,P2,W11–W20,,ˌsaɪənˈtɪfɪk,adj. 科学的，与科学有关的；细致严谨的，使用科学方法的,She aspired to a scientific career.　她有志于科学事业。
1921,satellite,P2,W11–W20,,ˈsætəˌlaɪt,n. 卫星；人造卫星；卫星国，附属国；卫星城镇，卫星郊区；卫星电视；随体DNA；adj. 卫星传送的，使用卫星技术的,The moon is a satellite of earth.　月球是地球的卫星。
1922,fit,P2,W11–W20,,ˈfɪt,v. 适合，合身；适应，合得来；可容纳，装进；试穿（衣服）；和……相称，符合；为放置（于……）而设计；安置，安装（在某处）；安排时间会面，安排时间做（某事）；（疾病）发作；adj. 健康的，健壮的；合适的，适当的；合格的，胜任的；<俚>性感的；<非正式>快要，就要；n. 适合，合身；匹配，相配；痉挛，昏厥；一阵，突发,Where do I fit in?　哪里有我适合的地方？
1923,tests,P2,W11–W20,释义待核实，不进入核心练习,ˈtɛsts,释义待核实，不计入核心练习,
1924,village,P2,W11–W20,,ˈvɪlədʒ,n. 乡村，村庄；在乡村的，乡村的；村民；（城市中带有村庄特点的）生活小区，居民区；<美>（有有限自治权的）小自治市；<澳新>高级城郊购物中心；（动物的）群落,The entire village was destroyed.　整个村庄都给毁了。
1925,accounts,P2,W11–W20,释义待核实，不进入核心练习,əˈkaʊnts,释义待核实，不计入核心练习,
1926,amateur,P2,W11–W20,,ˈæməˌtɝ,n. 业余爱好者；生手，外行；adj. 非专业的，业余爱好的；不熟练的,She was a keen amateur photographer.　她是一个痴迷的业余摄影师。
1927,ex,P2,W11–W20,,ˈɛks,n. 前妻或前夫；以前的男朋友或女朋友；n. <非正式>前妻，前夫，以前的性伴侣；prep. （货物）直接从……出售；<美>（货物）从……取走前不收费；<英>不包括,He's different from my ex.　他和我前伴侣不一样。
1928,met,P2,W11–W20,释义待核实，不进入核心练习,ˈmɛt,释义待核实，不计入核心练习,
1929,pain,P2,W11–W20,,ˈpeɪn,n. 疼痛，伤痛；苦恼，悲痛；<非正式>讨厌的人（或事）（=pain in the neck）；努力，苦心（pains）；v. <正式>使痛苦，使苦恼；<正式>使疼痛；<美>（身体某一部分）感到疼痛；【名】 （Pain）（意）帕因，（俄）派因，（法）潘，（英）佩因（人名）,The pain was indescribable.　疼痛得无法形容。
1930,xbox,P2,W11–W20,释义待核实，不进入核心练习,ˈɛksˌbɑks,释义待核实，不计入核心练习,
1931,particularly,P2,W11–W20,,ˌpɑrˈtɪkjəlɚli,adv. 非常，尤其；特别是；清楚地，明确地,2003 was a particularly fine vintage.　2003年是特别好的酿酒年份。
1932,factors,P2,W11–W20,释义待核实，不进入核心练习,ˈfæktɚz,释义待核实，不计入核心练习,
1933,coffee,P2,W11–W20,,ˈkɑfi,咖啡,"I would like a coffee, please.　请给我一杯咖啡。"
1934,www,P2,W11–W20,释义待核实，不进入核心练习,,释义待核实，不计入核心练习,
1935,settings,P2,W11–W20,释义待核实，不进入核心练习,ˈsɛtɪŋz,释义待核实，不计入核心练习,
1936,buyer,P2,W11–W20,,ˈbaɪɚ,n. 买主；采购员；n. （Buyer）人名；（英）拜尔；（法）比耶；（德）布耶尔,Have you found a buyer for your house ?　你的房子找到买主了吗？
1937,cultural,P2,W11–W20,,ˈkʌltʃɚəl,adj. 文化的，与文化有关的；艺术的，文艺的,The town is a cultural dead zone.　这个镇子是个文化荒原。
1938,steve,P2,W11–W20,释义待核实，不进入核心练习,ˈstiv,释义待核实，不计入核心练习,
1939,easily,P2,W11–W20,,ˈizəli,adv. 容易地；很可能，多半；无疑；轻松自如地；更快，更经常,He doesn't scare easily.　他不轻易害怕。
1940,oral,P2,W11–W20,,ˈɔrəl,adj. 口头的，口述的；口的，口腔的；（药物）口服的；（语音）口腔发声的；（社会）没有文字的；（心理分析）口欲的，口唇的；n. （尤指外语）口试；<美>（大学里的）口试；【名】 （Oral）（土）奥拉尔（人名）,He failed the oral.　他口试不及格。
1941,ford,P2,W11–W20,释义待核实，不进入核心练习,ˈfɔrd,释义待核实，不计入核心练习,
1942,poster,P2,W11–W20,,ˈpoʊstɚ,n. 海报，招贴画；大幅装饰画；发帖人，跟帖人；v. 张贴海报；【名】 （Poster）（英）波斯特（人名）,This poster is offensive and degrades women.　这张海报冒失无礼，有辱女性尊严。
1943,edge,P2,W11–W20,,ˈɛdʒ,n. 边，边缘；锋，刃；优势；影响力，奇特的品质；（声音里的）尖锐，怒气；（坏事的）边缘，临界点；棱；v. 缓慢地移动；给……加边；险胜；用球拍边击球；倾斜滑雪；修剪（草地边缘）；使锐利，使尖锐；【名】 （Edge）（英）埃奇（人名）,I sat down at the water's edge.　我在水边坐了下来。
1944,functional,P2,W11–W20,,ˈfʌŋkʃənəl,adj. 实用的；功能的，机能的；运转正常的；函数的；（精神病）找不出器质性原因的,The mirror is functional yet decorative.　这镜子能照人，但也有装饰作用。
1945,root,P2,W11–W20,,ˈrut,n. 根，根茎；（牙齿、头发等的）根部；底部，基部；根源，起因；起源，背景；根脉，祖籍（roots）；与……的特殊关联（roots in）；词根；（数学）方根；（圣经）根苗，苗裔；翻找，搜寻；（神经的）根；（乐）根音（=root note）；<澳新，俚>性交；根用作物；根音乐；v. （使）生根；扎根于，在……中根深蒂固；根源在于，由……产生（be rooted in）；翻寻；使（某人）无法移动；（与某人）性交；使精疲力竭，挫败；adj. （蔬菜、作物等）块根的，根茎可食用的,We got to the root of the problem.　我们触及了这个问题的根源。
1946,au,P2,W11–W20,释义待核实，不进入核心练习,ˈoʊ,释义待核实，不计入核心练习,
1947,fi,P2,W11–W20,释义待核实，不进入核心练习,ˈfaɪ,释义待核实，不计入核心练习,
1948,closed,P2,W11–W20,,ˈkloʊzd,adj. 关着的，闭合的；闭关自守的，不愿接受新思想的；（部件、成员或答案的数量）有限定的，固定的；（商家）（尤指短时间）歇业的；（数）（集合）封闭的；（数）（集合）包含所有极限值的；（曲线，图形）闭合的；不公开的，保密的；形成完整环形的，封闭的；结束的，不再继续的；v. 关，闭；结束，终止；封锁，封闭（close 的过去式和过去分词）,He closed his eyes wearily.　他疲惫地闭上了眼睛。
1949,holidays,P2,W11–W20,释义待核实，不进入核心练习,ˈhɑləˌdeɪz,释义待核实，不计入核心练习,
1950,ice,P2,W11–W20,,ˈaɪs,n. 冰；冰块；冰冻甜食，刨冰；溜冰场；<美，非正式>钻石，珠宝；（态度，表情）冰冷；<英>一份冰淇淋；v. 在（糕饼上）加糖霜；冷却，冰镇；<非正式>确保（胜利等）；<美，非正式>杀死；结冰；长射（冰球）过全场越过对方球门线；adj. 冰的,I'll get you some ice cream.　我去给你拿些冰激凌。
1951,pink,P2,W11–W20,,ˈpɪŋk,adj. 粉红色的；（因窘迫、愤怒或剧烈活动而）脸色发红的；同性恋的；<非正式，贬>左倾的；石竹科的；兴奋的（tickled pink）；n. 粉红色；粉红色衣服或衣料；<非正式>粉红色葡萄酒；石竹；<史>尖尾帆船；满面红光，容光焕发（in the pink (of)）；粉红色桌球；<旧>微黄颜料；<非正式>左倾的人；<旧>精英，典范；v. <英>（车辆引擎）发响爆声，爆震；变成粉红色；<澳新>（贴身地）剪（羊毛）；剪成锯齿状；<罕>（用武器或投掷物）刺，戳，扎；嘲笑，批评；<古>装饰,Her dress was a violent pink.　她的连衣裙是非常鲜艳的粉红色。
1952,zealand,P2,W11–W20,释义待核实，不进入核心练习,ˈzilənd,释义待核实，不计入核心练习,
1953,balance,P2,W11–W20,,ˈbæləns,n. 平衡，均衡，均势；平衡能力；账户余额，结存；结欠，余款；天平，秤；（乐器）平衡器；v. 保持平衡；权衡，斟酌；使收支平衡；均衡，抵消；【名】 (Balance) （西）巴兰赛（人名）,She had trouble keeping her balance.　她保持平衡有困难。
1954,monitoring,P2,W11–W20,释义待核实，不进入核心练习,ˈmɑnətɚɪŋ,释义待核实，不计入核心练习,
1955,graduate,P2,W11–W20,,ˈɡrædʒəwət,n. 大学毕业生，学士学位获得者；毕业生；v. 获得学位（尤指学士），大学毕业；毕业（尤指中学）；授予（某人）学位（或毕业文凭等）；（从……）进步到，升级到；按序列或规模安排；（在仪器或容器上）刻度，做标记；逐渐（或逐步）改变（某物，尤指颜色或色调）；adj. （课程、学业）研究生的,"After all his hard work, he now needs only two credit hours to graduate.　通过努力学习，他现在只需再修两个学分就可以毕业了。"
1956,replies,P2,W11–W20,释义待核实，不进入核心练习,rɪˈplaɪz,释义待核实，不计入核心练习,
1957,shot,P2,W11–W20,,ˈʃɑt,n. 射击，开枪（或炮），枪声；射手，枪手；弹丸；批评的话；尝试，努力；击球，射门；铅球；发射；照片，（电影的）镜头；注射；一口，一小杯（烈性酒）；少量；概率，可能性 ；铅沙弹；adj. 杂色的，闪色的；破烂不堪，筋疲力尽；充满（某种特质或情感）；<美，澳新>醉的；v. 开（枪），射击；射出（弓箭等）；狩猎（shoot 的过去式和过去分词形式）,His shot hit the bar.　他射门击中球门的横梁。
1958,nc,P2,W11–W20,释义待核实，不进入核心练习,,释义待核实，不计入核心练习,
1959,architecture,P2,W11–W20,,ˈɑrkəˌtɛktʃɚ,建筑学；n. 建筑设计，建筑风格；建筑学；结构；计算机的体系结构，架构,He began a new magazine on post-war architecture.　他创办了一份专论战后建筑的新杂志。
1960,initial,P2,W11–W20,,ˌɪˈnɪʃəl,a. 最初的；adj. 开始的，最初的；（字母）位于词首的；n. （姓名的）首字母,The initial reaction has been excellent.　最初的反应极好。
1961,label,P2,W11–W20,,ˈleɪbəl,n. 标签，标牌；称号，绰号；商标，品牌；唱片公司；（计算机）标记；示踪剂；带垂饰的横带；v. 贴标签；把……不公正地称为；用示踪剂使（物质等）示踪；【名】 （Label）（美、法、巴）拉贝尔（人名）,She glued the label onto the box.　她把标签贴在箱子上。
1962,thinking,P2,W11–W20,,ˈθɪŋkɪŋ,n. 想法，见解；思想，思考，思维；adj. 思想的，有理智的，有思考力的；v. 认为，以为；思考，思索；猜想，想象（think 的现在分词）,I'm only thinking of you.　我只是在为你着想。
1963,scott,P2,W11–W20,释义待核实，不进入核心练习,ˈskɑt,释义待核实，不计入核心练习,
1964,llc,P2,W11–W20,释义待核实，不进入核心练习,ˌɛˌlɛlˌsi,释义待核实，不计入核心练习,
1965,sec,P2,W11–W20,释义待核实，不进入核心练习,ˈsɛk,释义待核实，不计入核心练习,
1966,recommend,P2,W11–W20,,ˌrɛkəˈmɛnd,v. 建议，劝告 ；推荐，介绍；使显得吸引人，使受欢迎；<古> 把……交托给，把……托付给,I recommend (that) he see a lawyer.　我建议他去找个律师。
1967,canon,P2,W11–W20,释义待核实，不进入核心练习,ˈkænən,释义待核实，不计入核心练习,
1968,hardcore,P2,W11–W20,释义待核实，不进入核心练习,ˌhɑrdˈkɔr,释义待核实，不计入核心练习,
1969,league,P2,W11–W20,,ˈliɡ,n. 联盟，同盟；（体育项目）联合会，社团；联赛；级别，水平；里格（旧时长度单位，约等于5公里）；v. （与……）组成联盟，加入联盟；【名】 （League）（英）利格（人名）,They're top of the league.　他们是联赛的领头羊。
1970,waste,P2,W11–W20,,ˈweɪst,n. 浪费，滥用；废物，废弃物（同 wastes）；荒地，荒原（wastes）；<法律>（尤指因租借人的行为或疏忽而导致的）不动产的损坏，产业损伤；粪便，尿液；v. 浪费，滥用；未能充分利用，没有物尽其用；<美，非正式>杀害，谋杀（某人）；（使）（人，身体部位）逐渐变虚弱，变消瘦；<文>破坏，毁坏（地方）；<文>（时间）流逝，被花掉；adj. （通常指城市中的某地）荒芜的，荒废的；（材料、物质等）废弃的，无用的,It's sinful to waste good food!　浪费好好的食物是有罪的！
1971,minute,P2,W11–W20,,ˈmɪnət,分钟,Please wait a minute.　请等一分钟。
1972,bus,P2,W11–W20,,ˈbʌs,n. 公共汽车；vt. 乘公共汽车,The bus came right on time.　公共汽车正好准时到达。
1973,provider,P2,W11–W20,释义待核实，不进入核心练习,prəˈvaɪdɚ,释义待核实，不计入核心练习,
1974,optional,P2,W11–W20,,ˈɑpʃənəl,adj. 可选择的，选修的,"Certain courses are compulsory, others are optional.　某些课程是必修的，其他是选修的。"
1975,dictionary,P2,W11–W20,,ˈdɪkʃəˌnɛri,n. 字典，词典；专业词典，术语大全；电子词典；双语词典,I looked it up in the dictionary.　我在词典里查过这个词。
1976,cold,P2,W11–W20,,ˈkoʊld,adj. 冷的，凉的；冷淡的，冷漠的；冷色调的；已变淡的；失去知觉的；真实的，客观的；扫兴的，灰蒙蒙的；远未猜中的；n. 感冒，伤风；寒冷，低温；adv. 突然地，彻底地；毫无准备地,I like cold weather.　我喜欢寒冷的天气。
1977,accounting,P2,W11–W20,,əˈkaʊntɪŋ,会计学；n. 会计，会计学；账单；v. 解释（account的ing形式）；叙述,How do accounting records operate?　结算记录是如何运作的？
1978,manufacturing,P2,W11–W20,,ˌmænjəˈfæktʃɚɪŋ,n. 制造，制造业；v. （用机器）大量生产，成批制造；编造，捏造；生成，产生（一种物质）（manufacture 的现在分词）,The entire manufacturing process has been automated.　整个生产过程已自动化。
1979,sections,P2,W11–W20,释义待核实，不进入核心练习,ˈsɛkʃənz,释义待核实，不计入核心练习,
1980,chair,P2,W11–W20,,ˈtʃɛr,n. 椅子；主席，委员长；电椅；大学教授的职位；v. 主席，主持；用椅子把某人高高抬起；使……入座；使就任要职；【名】 （Chair）（法）谢尔 （人名）,She jumped down off the chair.　她跳下椅子。
1981,fishing,P2,W11–W20,,ˈfɪʃɪŋ,n. 钓鱼，捕鱼；v. 钓鱼，捕鱼（fish 的现在分词）,Let's go fishing this weekend.　咱们这个周末去钓鱼吧。
1982,effort,P2,W11–W20,,ˈɛfɚt,n. 努力，艰难的尝试；力气，精力；有组织的活动；努力的结果，成就,You should put more effort into your work.　你应该更加努力地工作。
1983,phase,P2,W11–W20,,ˈfeɪz,n. （发展或变化的）阶段，时期；做出某种行为的短时期；（动物生活周期或年周期的）阶段，期；（月亮的）位相，盈亏；同步，协调；（化）相；（动）（由遗传或季节引起的）动物颜色变化（期）；（物理）相位，相角；（线圈的）匝，（多相电机或电路的）连接；（语言学）（系统语法用语）相（指链接动词与后续动词的关系）；相结构（含有链接动词和后续动词的结构）；v. 分阶段进行；（物理）使相位同步，使定相,The investigation has entered a new phase.　调查已进入新阶段。
1984,fields,P2,W11–W20,释义待核实，不进入核心练习,ˈfildz,释义待核实，不计入核心练习,
1985,bag,P2,W11–W20,,ˈbæɡ,n. 袋，包；一袋的量；大量，很多；丑妇；<旧>宽松的裤子；眼袋；一批，一套；爱好，品味；垒，垒包；全部猎物；v. 把……装进袋子；抢占，占有；捕获，猎杀；批评，嘲笑；进球，得分；放弃，离开；给（病人）戴上氧气面罩；松垂，变形,"Is this your bag, missus?　大姐，这是你的袋子吗？"
1986,fantasy,P2,W11–W20,,ˈfæntəsi,n. 幻想，想象；想象产物，幻想作品；虚拟比赛（游戏）；幻想曲，集成曲；期望；v. 想象，幻想,He retreated into a world of fantasy.　他遁入了幻想世界。
1987,po,P2,W11–W20,释义待核实，不进入核心练习,ˈpoʊ,释义待核实，不计入核心练习,
1988,letters,P2,W11–W20,释义待核实，不进入核心练习,ˈlɛtɚz,释义待核实，不计入核心练习,
1989,motor,P2,W11–W20,,ˈmoʊtɚ,n. 发动机，马达；汽车，轿车；原动力；adj. 机动的；汽车的，车辆的；肌肉运动的，运动神经的；原动的，引起运动的；v. 乘车旅行，驾车旅行；使用发动机驾驶帆船；<非正式>快速移动，迅速增加；<英>用汽车运送,He started the motor.　他启动了发动机。
1990,va,P2,W11–W20,释义待核实，不进入核心练习,,释义待核实，不计入核心练习,
1991,professor,P2,W11–W20,,prəˈfɛsɚ,n. 教授；<美>（大学的）讲师，教员；信仰表示者，宣称信仰者,His grandfather was a professor.　他爷爷曾是位教授。
1992,context,P2,W11–W20,,ˈkɑntɛkst,n. 背景，环境；上下文，语境,His decision can only be understood in context.　只有了解来龙去脉才能明白他的决定。
1993,install,P2,W11–W20,,ˌɪnˈstɔl,v. 安装，设置；（计算机）安装（新软件）；正式任命，使正式就职；安顿，安置,The shower is easy to install.　淋浴器易于安装。
1994,shirt,P2,W11–W20,,ˈʃɝt,n. 衬衫，恤衫；球衣；<英>运动队队员,He peeled off his shirt.　他脱下了衬衣。
1995,apparel,P2,W11–W20,释义待核实，不进入核心练习,əˈpærəl,释义待核实，不计入核心练习,
1996,generally,P2,W11–W20,,ˈdʒɛnɚəli,adv. 笼统地，大概；通常，普遍地,I generally get up at six.　我一般六点钟起床。
1997,continued,P2,W11–W20,释义待核实，不进入核心练习,kənˈtɪnjud,释义待核实，不计入核心练习,
1998,foot,P2,W11–W20,,ˈfʊt,n. 脚，足；英尺；基础，底部；袜底；音步；<文>步态，步伐；（缝纫机的）压脚板；comb. 有……只脚（的），用……脚（或足的）(-footed)；……英尺高的人(或东西)，……英尺长的东西(-footer)；adj. （刹车或泵）用脚操作的，脚踏的；（巡逻队）步行的，步（兵）的,She stamped her foot again.　她又跺了跺脚。
1999,mass,P2,W11–W20,,ˈmæs,n. 团，块；大量，许多；（常指混乱的）一群，一堆；大量的东西；群众，平民百姓；大多数，多数；质量；（尤指罗马天主教的）弥撒；弥撒曲；adj. 民众的，大量的；v. （使）聚集，（使）集结,She had a mass of auburn hair.　她有一头浓密的棕发。
2000,crime,P2,W11–W20,,ˈkraɪm,n. 罪，罪行；犯罪，犯罪活动；可耻行为，错误；v. <英，非正式>（尤指在军队里）指控……有罪，判……有罪,Crime has gone down 70 percent.　犯罪率已下降了70%。
2001,count,P2,W11–W20,,ˈkaʊnt,v. （按顺序）数数；计数，点数目；把……算入，包括；重要；被允许，被接受；看作，认为；n. 计算，总数；数数；量的计数；（被指控的）罪状，事项；论点，观点；伯爵；（纱线的）支数；【名】 （Count）（美）康特（人名）,Billy can't count yet.　比利还不会数数。
2002,breast,P2,W11–W20,,ˈbrɛst,n. 乳房；胸部，胸脯；心情，内心；v. 登上……的顶部；挺胸顶着……；与……搏斗，迎……而上,Her mother died of breast cancer.　她母亲死于乳腺癌。
2003,techniques,P2,W11–W20,释义待核实，不进入核心练习,tɛkˈniks,释义待核实，不计入核心练习,
2004,ibm,P2,W11–W20,释义待核实，不进入核心练习,ˈaɪˌbiˌɛm,释义待核实，不计入核心练习,
2005,rd,P2,W11–W20,释义待核实，不进入核心练习,,释义待核实，不计入核心练习,
2006,johnson,P2,W11–W20,释义待核实，不进入核心练习,ˈdʒɑnsən,释义待核实，不计入核心练习,
2007,sc,P2,W11–W20,释义待核实，不进入核心练习,,释义待核实，不计入核心练习,
2008,quickly,P2,W11–W20,,ˈkwɪkli,adv. 快速地；很快，马上；短暂地，匆匆地,Hasn't the time gone quickly?　时光过得真快，是不是？
2009,dollars,P2,W11–W20,释义待核实，不进入核心练习,ˈdɑlɚz,释义待核实，不计入核心练习,
2010,websites,P2,W11–W20,释义待核实，不进入核心练习,ˈwɛbˌsaɪts,释义待核实，不计入核心练习,
2011,religion,P2,W11–W20,,rɪˈlɪdʒən,n. 宗教信仰；宗教，教派；<非正式>痴迷的活动，极爱好的活动,The idea is alien to our religion.　这种思想与我们的宗教不相容。
2012,claim,P2,W11–W20,,ˈkleɪm,v. 声称，断言；索取，索要（钱）；要求（拥有），认领；使丧生，致命；赢得，获得；值得，需要（花时间或精力）；n. 声称，断言；索要，索赔；权利，所有权；要求得到的土地使用权；专利新特征申明,The judge allowed my claim.　法官同意我的要求。
2013,driving,P2,W11–W20,,ˈdraɪvɪŋ,adj. 推动的，强有力的；猛烈的，倾泻而下的；n. 驾驶，（某人的）驾车方式；v. 开车，驾驶；驾车送人；迫使，促使（drive 的现在分词形式）,He failed his driving test.　他驾驶执照考试不及格。
2014,permission,P2,W11–W20,,pɚˈmɪʃən,n. 同意，许可；许可证，书面许可,She begged permission to leave.　她请求允许她离开。
2015,surgery,P2,W11–W20,,ˈsɝdʒɚi,n. 外科手术；<英>诊所；（议员的）接待时间；应诊时间；手术室,She's had laser surgery on her eye.　她做了眼部激光手术。
2016,patch,P2,W11–W20,,ˈpætʃ,n. 补丁，补片；（保护受伤眼睛的）眼罩；<美>（衣服上的）徽章，标识；药膏，胶布；（与周围部分不同的）斑，小块；小片，碎片；（尤指园艺用的）一小块地；熟悉的地方，家乡；<非正式> 属地，管辖地；一段时间；<史>（尤指17、18世纪妇女装饰用的）饰颜片，美人斑；（软件的）补丁程序；（电气或电话的）临时连接（线）；（电子乐器，尤指合成乐器中的）预设配置（或声音）数据文件，配音；vt. 修补，缝补；使出现斑块；临时连接，临时接入（通信系统）；（计算机）（用补丁对程序进行）修正，打补丁；解决；拼凑，匆匆制成；【名】 （Patch）（英）帕奇（人名）,We can patch up those holes.　我们能补上那些漏洞。
2017,heat,P2,W11–W20,,ˈhit,使变热；给⋯⋯加热；n. 热能，热量；炎热，高温；（做饭的）热源，热度；辣味；愤怒，激动；压力，逼迫；暖气；预赛；（尤指在熔炉中熔炼金属时的）单次熔炼；v. <古>激起，使激动；加热，使变暖,The heat made him feel faint.　炎热使他觉得快要晕倒了。
2018,wild,P2,W11–W20,,ˈwaɪld,adj. （动植物）自然生长的，野生的；（土地）无人烟的，未开垦的；（人）未开化的，野蛮的；不受控制的，放荡的；暴风雨的，狂暴的；（做事或说话）轻率的，缺乏根据的；激动人心的；满腔热情的，十分热衷的；感情强烈的（尤指生气、高兴或激动）；（表情、外表等）走神的，不专注的；特别的，怪异的；（纸牌）百搭的；嘈杂混乱的；adv. 自然地，不受控制地；n. 偏远地区，人烟稀少的地区；自然环境，野生状态,She's totally wild about him.　她对他简直是着了迷。
2019,measures,P2,W11–W20,释义待核实，不进入核心练习,ˈmɛʒɚz,释义待核实，不计入核心练习,
2020,generation,P2,W11–W20,,ˌdʒɛnɚˈeɪʃən,n. 一代（人）；一代人的时间；（产品发展的）代；产生,He is arguably the best actor of his generation.　按理他是他那一代中最优秀的演员。
2021,kansas,P2,W11–W20,释义待核实，不进入核心练习,ˈkænzəs,释义待核实，不计入核心练习,
2022,miss,P2,W11–W20,,ˈmɪs,找不到解释；n. 女士，小姐，年轻未婚女子,"Will that be all, Miss?　就这些吗，小姐？"
2023,chemical,P2,W11–W20,,ˈkɛməkəl,adj. 化学的，与化学有关的；n. 化学品，化学制品；成瘾的药物,What's the chemical symbol for mercury?　水银的化学符号是什么？
2024,doctor,P2,W11–W20,,ˈdɑktɚ,博士；n. 医生，大夫；诊所（the doctor）；博士；<美>牙医，兽医 (Dr)；博学的人；（钓鱼用）人造蝇；凉爽海风；<俚>船上的厨师；v. 篡改，伪造；将有害物掺入（食物或饮料）中；阉割（动物）；为……治病，给……疗伤；授以博士学位；修理（机器等），修复；当医生，行医,The doctor said so himself.　是医生本人这么说的。
2025,task,P2,W11–W20,,ˈtæsk,n. （尤指困难的或必须定期做的）工作，任务；（尤指语言教学中旨在帮助达到某一学习目的的）活动；v. 派给……任务；对（手段，能力）要求极高，考验,This is not an easy task.　这不是项容易的任务。
2026,reduce,P2,W11–W20,,rəˈdus,v. 减少，降低；（烹调中）使变浓稠，收汁；<美>节食减肥；使沦为，使陷入（不好的境地）；迫使，使不得不（做）；（通过破裂、燃烧等）使变成，使化为；归纳，简化；将分数约到（最小项）；（使）进行还原反应；减薄（底片或图片）；（语音）弱化；使（脱臼，断骨）复位；<古>攻克，征服（尤指围攻并占领城镇或要塞）,The packets are measured to reduce waste.　测量包裹尺寸以减少浪费。
2027,brought,P2,W11–W20,释义待核实，不进入核心练习,ˈbrɔt,释义待核实，不计入核心练习,
2028,himself,P2,W11–W20,,hɪmˈsɛlf,pron. 他自己；他亲自，他本人,He signed himself 'Jimmy'.　他署名“吉米”。
2029,nor,P2,W11–W20,,ˈnɔr,conj. 也不（通常与 neither 连用）； （用于肯定动词前，表示同意刚提及的否定命题）也不；adv. 也不（通常与 neither 连用）；（用于肯定动词前，表示同意刚提及的否定命题）也不；n. （电子）“或非”,She doesn't like them and nor does Jeff.　她不喜欢他们，杰夫也不喜欢。
2030,component,P2,W11–W20,,kəmˈpoʊnənt,n. 组成部分，成分，部件；adj. 组成的，构成的,Attitudes have a behavioral component.　态度隐含着行为性的成分。
2031,enable,P2,W11–W20,,ɛˈneɪbəl,v. 使能够，使可能；激活，启动；准许，授权,The new test should enable doctors to detect the disease early.　新的检验使医生能在早期发现该种疾病。
2032,exercise,P2,W11–W20,,ˈɛksɚˌsaɪz,n. 运动，锻炼；（一套）动作，体操；练习，演练；运用；活动，任务；典礼；宗教仪式，礼拜；v. 运动，锻炼；运用，行使；使担忧，使烦恼；驯，遛,Exercise tones up your body.　运动强健身体。
2033,bug,P2,W11–W20,,ˈbʌɡ,n. <美>昆虫，虫子；<非正式>小病，轻微的传染病；（计算机程序中的）漏洞，故障；窃听器；<非正式>热衷，着迷；v. <非正式>烦扰，使恼怒；装窃听器；（由于吃惊或害怕）张大眼睛，瞪大双眼,There was a bug on the phone.　那部电话里装有一个微型窃听器。
2034,santa,P2,W11–W20,释义待核实，不进入核心练习,ˈsæntə,释义待核实，不计入核心练习,
2035,mid,P2,W11–W20,,ˈmɪd,adj. 中间的；中央的；prep. 在……之中；n. （Mid）人名；（柬）米,She stopped in mid-sentence.　她说了半句就停下了。
2036,guarantee,P2,W11–W20,,ˌɡɛrənˈti,v. 确保，保证；担保，为……作保；保修，包换；n. 保证，担保；保修单，质量保证书；担保金，抵押品,Some builders guarantee their work.　一些建筑商为他们的工作担保。
2037,leader,P2,W11–W20,,ˈlidɚ,n. 领导者，首领；领先者，佼佼者；首席小提琴手；指挥；社论；<美>（报纸的）要闻，头条；（胶卷，磁带的）空白段；（渔线）接钩绳；（植物的）顶枝；（尤指表格中的）指向符；【名】 （Leader）（英）利德（人名）,He was not a natural leader.　他并非天生的领袖。
2038,diamond,P2,W11–W20,,ˈdaɪmənd,n. 钻石；菱形；（纸牌的）方块；（棒球场的）内场；菱形铁路道口；【名】 （Diamond）（英、意、葡）戴蒙德，（法）迪亚蒙（人名）,The diamond is mounted in gold.　这颗钻石镶在金饰物上。
2039,israel,P2,W11–W20,释义待核实，不进入核心练习,ˈɪzriəl,释义待核实，不计入核心练习,
2040,se,P2,W11–W20,释义待核实，不进入核心练习,ˈseɪ,释义待核实，不计入核心练习,
2041,processes,P2,W11–W20,释义待核实，不进入核心练习,ˈprɑsɛsəz,释义待核实，不计入核心练习,
2042,soft,P2,W11–W20,,ˈsɑft,adj. 易弯曲的，柔软的；柔滑的，细嫩的；无棱角的，轮廓不鲜明的；柔和的，悦目的；（声音）安静的，轻柔的；（雨、风等）温和的，不猛烈的；有同情心的，心肠软的；力度不够的，不严厉的；轻松的，安逸的；（水）软性的；胆小的，懦弱的；虚弱的，健康欠佳的；发软音的；（毒品）毒性不强的；（饮料）不含酒精的；（市场或经济）疲软的；<非正式>愚蠢的；（目标）易被攻击的；非严肃性的，不重要的；<方>（天气）多雨的，潮湿的，解冻的；（辐射）穿透力弱的；（洗涤剂）生物降解性的；（色情描写）非赤裸裸的，隐晦的；adv. 温柔地；<美>轻轻地；<非正式>无力地，愚蠢地；n. 柔性；柔软的东西；柔软部分,"He had rich, soft ebony hair.　他曾有一头浓密、柔软的黑发。"
2043,servers,P2,W11–W20,释义待核实，不进入核心练习,ˈsɝvɚz,释义待核实，不计入核心练习,
2044,alone,P2,W11–W20,,əˈloʊn,adj. 独自的；单独的；孤独的，无依无靠的；唯一的；adv. 独自，单独；独力，单干（地）；单，只；仅仅……就,Lions sometimes hunt alone.　狮子有时单独猎食。
2045,meetings,P2,W11–W20,释义待核实，不进入核心练习,ˈmitɪŋz,释义待核实，不计入核心练习,
2046,seconds,P2,W11–W20,释义待核实，不进入核心练习,ˈsɛkəndz,释义待核实，不计入核心练习,
2047,jones,P2,W11–W20,释义待核实，不进入核心练习,ˈdʒoʊnz,释义待核实，不计入核心练习,
2048,arizona,P2,W11–W20,释义待核实，不进入核心练习,ˌɛrɪˈzoʊnə,释义待核实，不计入核心练习,
2049,keyword,P2,W11–W20,释义待核实，不进入核心练习,ˈkiˌwɝd,释义待核实，不计入核心练习,
2050,interests,P2,W11–W20,释义待核实，不进入核心练习,ˈɪntrəsts,释义待核实，不计入核心练习,
2051,flight,P2,W11–W20,,ˈflaɪt,n. 航班，班机；飞行；逃走，逃避；（两个楼层间的）一段楼梯；（一起飞行的）鸟群，机群；（货币或股票的）抛售，抽逃；<文>光阴的飞逝；（跑道）一组跨栏；（使运河水位逐级升高的）多级船闸；过分（或牵强）的想法（或描述）；镖尾；v. （足球、板球等）将（球）准确吊传；给（箭，镖）装羽毛（或箭翎）；射击（飞行中的野禽）；【名】 （Flight）（英）弗莱特（人名）,My flight was an hour late.　我那趟航班晚点了一小时。
2052,congress,P2,W11–W20,,ˈkɑŋɡrəs,n. 国会，议会；代表大会；美国国会（Congress）；n. 国会，议会；代表大会；美国国会（Congress）,Congress is in gridlock.　国会因意见分歧而陷入僵局。
2053,fuel,P2,W11–W20,,ˈfjuəl,n. 燃料，燃烧剂；刺激因素，刺激性言行；（为身体提供能量的）食物，饮料，药剂；v. （给……）提供燃料，加油；刺激，加剧；【名】 （Fuel）（美）傅爱乐（人名）,The boiler uses solid fuel.　这个锅炉烧固体燃料。
2054,username,P2,W11–W20,释义待核实，不进入核心练习,ˈjuzɚˌneɪm,释义待核实，不计入核心练习,
2055,walk,P2,W11–W20,,ˈwɔk,走路；散步,I walk in the park.　我在公园散步。
2056,produced,P2,W11–W20,释义待核实，不进入核心练习,prəˈdust,释义待核实，不计入核心练习,
2057,italian,P2,W11–W20,,ˌɪˈtæljən,adj. 意大利的；意大利语的；意大利文化的；n. 意大利人；意大利语,You can't beat Italian shoes.　意大利鞋是无与伦比的。
2058,paperback,P2,W11–W20,,ˈpeɪpɚˌbæk,n. 平装书，简装书；v. 以平装本出版；adj. （书）纸面装订的，平装的,The novel was reissued in paperback.　这本小说重新发行了平装本。
2059,classifieds,P2,W11–W20,释义待核实，不进入核心练习,ˈklæsəˌfaɪdz,释义待核实，不计入核心练习,
2060,wait,P2,W11–W20,,ˈweɪt,v. 等候；盼望，期待；推迟，延缓；（已备好）可处理，可取用；（用于鼓励或威胁）等着；（用于打断讲话）等一下，慢着；服侍，招待；n. 等待，等候的时间；<史>（城镇）官方乐队（waits）；【名】 （Wait）（英）韦特，（捷）魏特（人名）,I'll wait until they arrive.　我会一直等到他们来。
2061,supported,P2,W11–W20,释义待核实，不进入核心练习,səˈpɔrtɪd,释义待核实，不计入核心练习,
2062,pocket,P2,W11–W20,,ˈpɑkət,n. 衣袋，口袋；钱财，财力；（附在某物上的）小口袋，小容器；<南非>（用作贸易计量的）（农产品）袋；（与周围不同的）小群体，小区域；（台球）网袋，球袋；岩石或地层中充满矿石或其他物质的空洞；v. 把……放入口袋；把……装进腰包，将……据为己有；赚取，获得（钱财）；击（球）入袋；收敛，抑制（感情）；包，围；adj. 袖珍的，袋装的,I slid the wallet into his pocket.　我把那钱包滑进了他的口袋。
2063,saint,P2,W11–W20,,ˈseɪnt,n. （基督教追封的）圣者，圣徒；圣人，道德高尚的人；圣（用于宗教圣徒的头衔中）（Saint，缩写为St或S）；摩门教信徒（Saint）；（《圣经》中使用或典出《圣经》的）基督信徒；v. 把……正式封为圣者（或圣人），封圣；adj. 高尚的，圣贤的,Every parish was named after a saint.　每个教区都以一个圣徒的名字命名。
2064,rose,P2,W11–W20,,ˈroʊz,n. 玫瑰，蔷薇；玫瑰形物，玫瑰花饰，玫瑰花形纹章（尤指英国国徽）；玫瑰色，玫瑰红；红润的肤色；安乐的境地，有利的环境，轻易成功；（水管或洒水壶的）莲蓬式喷嘴；玫瑰红葡萄酒；罗经花，向位圈，方位刻度图（compass rose的简称）；v. <文>使成玫瑰色，使变红；v. （数字、数量、价值）增加，（质量）提高；升起，达到较高水平（或位置）；（尤指从坐姿）起身，站起（rise的过去式）,Unemployment rose (by) 3%.　失业人数增长了3%。
2065,freedom,P2,W11–W20,,ˈfridəm,n. 自由权，自主权；（状态）自由，自主；行动自由（指不在狱中）；摆脱，免受；自由使用权；<英>荣誉市民称号；<古>（讲话，行为）过分亲密，放肆；直率，坦率；【名】 （Freedom）（英）弗里德姆（人名）,He burbles on about freedom.　他滔滔不绝地谈论着自由。
2066,argument,P2,W11–W20,,ˈɑrɡjəmənt,n. 争论，争吵；论据，理由；辩论，讨论；自变数；主词，受词；<古>书的内容提要,It's a seductive argument.　这是一个很有诱惑力的论点。
2067,competition,P2,W11–W20,,ˌkɑmpəˈtɪʃən,n. 竞争；比赛，竞赛；竞争者，对手,Competition for jobs is acute.　求职竞争非常激烈。
2068,creating,P2,W11–W20,释义待核实，不进入核心练习,kriˈeɪtɪŋ,释义待核实，不计入核心练习,
2069,jim,P2,W11–W20,释义待核实，不进入核心练习,ˈdʒɪm,释义待核实，不计入核心练习,
2070,drugs,P2,W11–W20,释义待核实，不进入核心练习,ˈdrʌɡz,释义待核实，不计入核心练习,
2071,joint,P2,W11–W20,,ˈdʒɔɪnt,adj. 联合的，共同的，共有的；连带的；n. 关节；（一般带有骨头的）一大块肉；（两个物体或部分的）接合处，接缝；<美，非正式>廉价娱乐场所，下等娱乐场所；<美，非正式>大麻烟卷；v. 把……切成带骨的大块肉；接合，联合；使有接头,Let's blow this joint.　咱们马上离开这家酒吧。
2072,premium,P2,W11–W20,,ˈprimiəm,n. 保险费；（正常价格或费用以外的）加付款，加价；很高的价值，额外价值；额外补贴，津贴；奖品，奖金；<美>优质汽油（=premium gas）；adj. 高价的，高品质的,Shares are selling at a premium.　这种股票以高于面值的价格出售。
2073,providers,P2,W11–W20,释义待核实，不进入核心练习,prəˈvaɪdɚz,释义待核实，不计入核心练习,
2074,fresh,P2,W11–W20,,ˈfrɛʃ,adj. 新鲜的；新近的，刚经历的；新的，不同的；新颖的，独创的；清新的，清爽的；（水）淡的，无盐的；（风）凉爽的，强劲的；洁净的，亮丽的；精力充沛的；刚来的；（对异性）放肆的，无礼的；年轻可爱但缺乏经验的；<西印度>气味难闻的；adv. 刚刚，新近地,Is this milk fresh?　这是鲜牛奶吗？
2075,characters,P2,W11–W20,释义待核实，不进入核心练习,ˈkærəktɚz,释义待核实，不计入核心练习,
2076,attorney,P2,W11–W20,,əˈtɝni,n. 律师；代理人,He needed to consult with an attorney.　他需要和律师咨询。
2077,upgrade,P2,W11–W20,,əpˈɡreɪd,v. （使）（计算机、机器或软件）升级；提高（设施、服务等的）档次，改善；（使）升级到更高待遇，（使）升舱；使（雇员）升职；使（某事物）升格；n. 改善，提高档次；（计算机的）升级；上坡；adj. 往上的,How do we know when to invest in an upgrade?　我们如何知道何时投资升级？
2078,di,P2,W11–W20,释义待核实，不进入核心练习,ˈdi,释义待核实，不计入核心练习,
2079,factor,P2,W11–W20,,ˈfæktɚ,n. 因素，要素；等级，系数；因数，因子；遗传因子，基因；（血液中的）凝血因子；代理公司，代理商；<苏格兰>地产管理人，管家；测量水平；v. 把……作为因素计入，把……包括在内（factor in）；把……作为因素排除，不把……包括在内（factor out）；将……分解为因子；代理经营，（代管）产业；做代理商；【名】 （Factor）（英）法克特（人名）,Lack of cash is a limiting factor.　现金短缺是一个制约因素。
2080,growing,P2,W11–W20,释义待核实，不进入核心练习,ˈɡroʊɪŋ,释义待核实，不计入核心练习,
2081,thousands,P2,W11–W20,释义待核实，不进入核心练习,ˈθaʊzəndz,释义待核实，不计入核心练习,
2082,km,P2,W11–W20,释义待核实，不进入核心练习,,释义待核实，不计入核心练习,
2083,stream,P2,W11–W20,,ˈstrim,n. 小河，小溪；一连串，源源不断（的事情）；（烟、气、液体的）流，股；（同龄学生按能力划分的）班，组；音像流；数据流，指令流；v. （人，东西）流动，涌动；不断地流出（液体），不断地排出（气体）；（光线）照射，照耀；（尤指在风中或水中）飘动，流动；在线收听（或收看）；按能力分班（或分组）,The stream has dried up.　小溪已经干涸了。
2084,apartments,P2,W11–W20,释义待核实，不进入核心练习,əˈpɑrtmənts,释义待核实，不计入核心练习,
2085,pick,P2,W11–W20,,ˈpɪk,v. 采，摘（花、果）；（用手指）弄掉；找茬；捡，抱起；选择；弹，拨（弦）；撬开（锁），扒窃……中的东西；小心走路（~ one's way）；（反复地）拔，拉，撕，扯；没胃口地吃；（高尔夫）拾球（尤指认输的拾球）（~ up）；采，摘（花、果等）；n. 精华（the pick of）；选择，选择权；被选中的人（或事物）；鹤嘴锄；（吉他的）拨子；（尖状的）挖撬工具；（篮球）掩护；【名】 （Pick）（英、法、德、捷、匈、瑞典）皮克（人名）,I'll pick you up at five.　我五点钟来接你。
2086,hearing,P2,W11–W20,,ˈhirɪŋ,n. 听力，听觉；审讯，听证会；解释机会，申辩机会；听力范围；v. 听到，听见；聆听，倾听；听说，得知（动词hear 的现在分词形式）；【名】 （Hearing）（英）希尔林（人名）,She had moved out of hearing.　她走远了，已经听不到。
2087,eastern,P2,W11–W20,,ˈistɚn,adj. 东方的；向东的，朝东的,The wild card in the picture is eastern Europe.　局势中的未知因素在东欧。
2088,auctions,P2,W11–W20,释义待核实，不进入核心练习,ˈɑkʃənz,释义待核实，不计入核心练习,
2089,therapy,P2,W11–W20,,ˈθɛrəpi,n. 治疗，疗法；心理治疗；（对身心健康）有裨益的活动,She's in therapy.　她在接受心理治疗。
2090,entries,P2,W11–W20,释义待核实，不进入核心练习,ˈɛntriz,释义待核实，不计入核心练习,
2091,dates,P2,W11–W20,释义待核实，不进入核心练习,ˈdeɪts,释义待核实，不计入核心练习,
2092,generated,P2,W11–W20,释义待核实，不进入核心练习,ˈdʒɛnɚˌeɪtəd,释义待核实，不计入核心练习,
2093,signed,P2,W11–W20,释义待核实，不进入核心练习,ˈsaɪnd,释义待核实，不计入核心练习,
2094,upper,P2,W11–W20,,ˈʌpɚ,adj. 上面的，上层的，较高的；顶部的，上部的；（在机构、体系等中）较高级的，上级的；上游的，北部的；（地质，考古）晚期的，较近期的；n. 鞋面，鞋帮；<非正式>兴奋剂（尤指安非他明）；【名】 （Upper）（英）厄珀（人名）,Her novels poke fun at the upper class.　她的小说嘲弄上流社会。
2095,administrative,P2,W11–W20,,ədˈmɪnəˌstreɪtɪv,adj. 管理的，行政的,Administrative work occupies half of my time.　行政事务占用了我一半的时间。
2096,serious,P2,W11–W20,,ˈsɪriəs,adj. 严重的，危急的；认真的，严肃的；重要的，须重视的；（音乐、文学等艺术）严肃的；（人）庄重的，严肃的；<非正式>大量的，极多的；（恋爱中）态度认真的；极感兴趣的，热衷的；<非正式>很好的，质优价高的,He's quite a serious person.　他是一个相当严肃的人。
2097,prime,P2,W11–W20,,ˈpraɪm,adj. 主要的，首要的；优质的，第一流的；最可能的，最适合的；最理想的，最典型的；最初的，原始的；素（或质）数的（如2，3，5，7，11）；互为素或质数的；v. 事先指点，使（某人）做好准备；把（某事物）准备好，使备用；给（表面）涂上底色；n. 盛年，壮年时期；质数，素数；上标符号（'），（数字后）分钟（或英尺）符号；（八个防御姿势的）第一姿势；（自行车比赛中设特别奖的）特设行程；<古>起始，原初；晨经，晨祷（传统上于白天中的第一个小时即早晨六点所做的祈祷，现罕用）,The Prime Minister was in ebullient mood.　首相兴致勃勃。
2098,samsung,P2,W11–W20,释义待核实，不进入核心练习,ˈsæmˌsʌŋ,释义待核实，不计入核心练习,
2099,limit,P2,W11–W20,,ˈlɪmət,n. 限度，限制；极限，限量；（区域的）界限，边界；（法律允许的机动车驾驶员血液的）最高酒精浓度；（可能行动或结果的）范围；v. 限制，限定；制约（某人的发展等）；减少,The road has a 30 mph speed limit.　这条公路限定时速30英里。
2100,began,P2,W11–W20,释义待核实，不进入核心练习,bɪˈɡæn,释义待核实，不计入核心练习,
2101,louis,P2,W11–W20,释义待核实，不进入核心练习,ˈluɪs,释义待核实，不计入核心练习,
2102,steps,P2,W11–W20,释义待核实，不进入核心练习,ˈstɛps,释义待核实，不计入核心练习,
2103,errors,P2,W11–W20,释义待核实，不进入核心练习,ˈɛrɚz,释义待核实，不计入核心练习,
2104,shops,P2,W11–W20,释义待核实，不进入核心练习,ˈʃɑps,释义待核实，不计入核心练习,
2105,del,P2,W11–W20,释义待核实，不进入核心练习,ˈdɛl,释义待核实，不计入核心练习,
2106,efforts,P2,W11–W20,释义待核实，不进入核心练习,ˈɛfɚts,释义待核实，不计入核心练习,
2107,informed,P2,W11–W20,释义待核实，不进入核心练习,ˌɪnˈfɔrmd,释义待核实，不计入核心练习,
2108,ga,P2,W11–W20,释义待核实，不进入核心练习,ˈɡɑ,释义待核实，不计入核心练习,
2109,ac,P2,W11–W20,释义待核实，不进入核心练习,ˌeɪˈsi,释义待核实，不计入核心练习,
2110,thoughts,P2,W11–W20,释义待核实，不进入核心练习,ˈθɔts,释义待核实，不计入核心练习,
2111,creek,P2,W11–W20,,ˈkrik,n. 小溪；小湾,I'll bet we could find some at North Creek—in the mine.　我打赌我们能在小溪北边的矿井里面找到一些。
2112,ft,P2,W11–W20,释义待核实，不进入核心练习,,释义待核实，不计入核心练习,
2113,worked,P2,W11–W20,释义待核实，不进入核心练习,ˈwɝkt,释义待核实，不计入核心练习,
2114,quantity,P2,W11–W20,,ˈkwɑntəti,n. 量，数目；大量，大批；（尤指和质量相对的）数量；（语音）音量；值，参量；代表数量（或参量）的数（或符号）,Is it available in sufficient quantity?　这东西能不能足量供应？
2115,urban,P2,W11–W20,,ˈɝbən,adj. 城市的，城镇的；黑人音乐的；住在都市的；【名】 （Urban）（英）厄本，（法）于尔邦（人名）,Public order is primarily an urban problem.　公共秩序主要是一种城市问题。
2116,practices,P2,W11–W20,释义待核实，不进入核心练习,ˈpræktəsəz,释义待核实，不计入核心练习,
2117,sorted,P2,W11–W20,释义待核实，不进入核心练习,ˈsɔrtɪd,释义待核实，不计入核心练习,
2118,reporting,P2,W11–W20,,riˈpɔrtɪŋ,n. 报告；报导；adj. 报告的,Accurate reporting takes second place to lurid detail.　准确的报道在其次，耸人听闻的细节最重要。
2119,essential,P2,W11–W20,,ɛˈsɛnʃəl,adj. 必不可少的，非常重要的；基本的，精髓的；（氨基酸、脂肪酸）必需的；（疾病）自发的，原发的；n. 必不可少的东西，必需品；要素，本质；（某学科的）基础，基本知识,Money is not essential to happiness.　金钱对于幸福并非必不可少。
2120,myself,P2,W11–W20,,ˌmaɪˈsɛlf,pron. 我自己；我亲自；我的正常的健康状况和正常情绪,I do the cleaning myself.　我自己做打扫卫生的工作。
2121,tours,P2,W11–W20,释义待核实，不进入核心练习,ˈtʊrz,释义待核实，不计入核心练习,
2122,platform,P2,W11–W20,,ˈplætˌfɔrm,n. 平台；讲台，舞台；讲台上的人（the platform）；（火车站的）月台；<英>（公共汽车上供乘客上下车的）踏脚台；发言机会，论坛；契机；（政党的）纲领；厚底鞋；计算机平台；（海上）钻井平台；（供人上下小船的）水上平台；（火箭或导弹的）卫星发射平台,The platform began to produce oil in 1994.　1994年，这个钻井平台开始产油。
2123,load,P2,W11–W20,,ˈloʊd,n. 负载，重荷；一批待洗的衣物；工作量；发电量，电荷；承载量；大量，许多；负担，压力；胡说八道，废话；v. 装上，装进；承载，装载；大量给予；装上（底片），上（子弹）；满（垒）；载入（计算机程序）,The load was too burdensome.　负担太繁重了。
2124,affiliate,P2,W11–W20,,əˈfɪliˌeɪt,v. 使隶属，使紧密联系；<正式>加入；（组织）接纳……为成员；n. 附属机构，分支机构,This is an affiliate registry of the UBR.　这是U BR的一个附属注册中心。
2125,labor,P2,W11–W20,,ˈleɪbɚ,n. 劳动；工作；劳工；分娩；vi. 劳动；努力；苦干；vt. 详细分析；使厌烦,The fruit of labor is sweetest.　劳动的果实最甜美。
2126,immediately,P2,W11–W20,,ˌɪˈmiˌdiətli,adv. 立即，马上；紧接地，紧靠地；直接地；conj. <英>一……就,The pain immediately eased.　疼痛立刻减轻了。
2127,admin,P2,W11–W20,释义待核实，不进入核心练习,ˈædmɪn,释义待核实，不计入核心练习,
2128,nursing,P2,W11–W20,,ˈnɝsɪŋ,n. 护理；看护；养育；v. 看护；养育（nurse 的 ing 形式）,She had no aptitude for nursing.　她没有从事护理工作的能力。
2129,defense,P2,W11–W20,,dɪˈfɛns,n. 防御，保卫；防御物，防御能力；国防机构，国防体系；辩解，辩白；被告，辩护律师；（法庭上的）辩护，答辩； 防守队员，防守；（竞赛中的）卫冕，（选举中的）保住席位；戒备心理，自我防卫；国际象棋的防御（黑棋的某种特定走法）,He plays on defense.　他打防守。
2130,machines,P2,W11–W20,释义待核实，不进入核心练习,məˈʃinz,释义待核实，不计入核心练习,
2131,designated,P2,W11–W20,释义待核实，不进入核心练习,ˈdɛzɪɡˌneɪtɪd,释义待核实，不计入核心练习,
2132,tags,P2,W11–W20,释义待核实，不进入核心练习,ˈtæɡz,释义待核实，不计入核心练习,
2133,heavy,P2,W11–W20,,ˈhɛvi,adj. 重的，沉的；大量的，严重的；大而结实的，不精致的；厚实的；充满（某物）（heavy with）；重型的，大型的；繁忙的；辛苦的，费力的；用力的，重重的；难消化的；难懂的，艰涩的；危险的，汹涌的；闷热的，沉闷的；浓郁的；（土壤）黏重的；苛刻的，严厉的；认真的，严肃的；（声音）粗重的；（身体部位）沉重的；（心情）忧伤的；n. 保镖，打手；（电影或戏剧中的）反派；<非正式>重要人物；<英，非正式> 严肃报纸（heavies）；<苏格兰>烈性啤酒；adv. 浓浓地，沉重地；使不安，使担忧,These scissors are awfully heavy.　这些剪刀非常重。
2134,covered,P2,W11–W20,,ˈkʌvɚd,adj. 有顶的；有一层覆盖物的；投过保的，在保险范围内的；v. 覆盖；包括；掩护（cover 的过去式和过去分词）,Snow covered the ground.　大雪覆盖了大地。
2135,recovery,P2,W11–W20,,rɪˈkʌvri,n. 康复，痊愈；戒除；恢复，复苏；（供刚做完手术的病人使用的）监护室；（被拿走或失去的东西的）复得，找回；收回的物品（资金）；（破损车辆或坠毁飞机）回收修理；（高尔夫）挽回败局之击，复原之击（击回球道或球穴区）；（美橄）重新获球；（划船，自行车赛，游泳）还原至预备姿势（如回桨等）；回收利用（能源、化工品等）,Economic recovery is here.　经济复苏现在开始了。
2136,joe,P2,W11–W20,释义待核实，不进入核心练习,ˈdʒoʊ,释义待核实，不计入核心练习,
2137,guys,P2,W11–W20,释义待核实，不进入核心练习,ˈɡaɪz,释义待核实，不计入核心练习,
2138,integrated,P2,W11–W20,,ˈɪntəˌɡreɪtəd,adj. 各部分密切协调的，综合的；（机构、团体等）废止隔离（尤指种族隔离）的；（温度、面积等的）平均值的，总量的；v. （使）合并；（使）加入，融入群体；（使）取消种族隔离（integrate 的过去式和过去分词）,These programs can be integrated with your existing software.　这些程序能和你的已有的软件整合成一体。
2139,configuration,P2,W11–W20,,kənˌfɪɡjɚˈeɪʃən,n. 布局，构造；配置,The precise configuration of a heat island depends on several factors.　热岛的精确结构取决于几个因素。
2140,merchant,P2,W11–W20,,ˈmɝtʃənt,n. 商人，（尤指外贸）批发商；<美>商店老板；<英，非正式>对（令人讨厌之事）入迷的人；adj. 海上货运的；商业的，商人的；【名】 （Merchant）（英）麦钱特（人名）,We sell it to the cotton merchant.　我们把它卖给棉花商人。
2141,comprehensive,P2,W11–W20,,ˌkɑmpriˈhɛnsɪv,adj. 综合性的，全面的；有理解力的；n. 综合中学；专业综合测验,Streaming within comprehensive schools is common practice.　综合中学常把学生按能力分班。
2142,expert,P2,W11–W20,,ˈɛkspɚt,n. 专家，能手，权威；adj. 专业的，熟练的；v. 当专家,We'll need an expert opinion.　我们将需要专家的意见。
2143,universal,P2,W11–W20,,ˌjunəˈvɝsəl,adj. 普遍的，全体的，全世界的；通用的，万能的；（逻）全称的，总称的；n. 普遍原则，通用原理；普遍看法，普遍特征；（逻）全称命题；（哲）普遍，一般概念；（哲）共相；（语言学）普遍现象，通用规则,The dove is a universal symbol of peace.　鸽子是和平的共同象征。
2144,protect,P2,W11–W20,,prəˈtɛkt,vt. 保护；保卫；n. （印、捷、巴）鄱洛特克特（人名）,My prime concern is to protect my property.　我最关心的是保护自己的财产。
2145,drop,P2,W11–W20,,ˈdrɑp,v. 投，丢；躺倒；剔除，除名；停止，放弃；中途卸客，中途卸货；寄，送，写（信）；（道路、地面等）急剧向下倾斜；突然终止与（某人）的（恋爱）关系；（使）掉落；减少，降低；n. 滴，少量；下降；落差；<非正式>递送，交付；<美>邮政信箱，邮筒；（赃物、非法物、秘密物品的）藏匿处；垂幕，升降幕；（绞刑架的）下落板,She looked about to drop.　她看上去要放弃了。
2146,solid,P2,W11–W20,,ˈsɑləd,adj. 固体的，坚硬的；结实的，牢固的；实心的，无空隙的；纯质的；纯色的，单色的；可靠的，可信赖的；一致的，坚定的；不中断的，连续的；相当不错（但谈不上出色或独特）的；立体的，立方的；<美，非正式>关系融洽的；<澳新，非正式>严厉的，不公平的；<英，非正式>很难的；n. 立体（图形）；固体；固体食物；（液体中的）固形物；【名】 （Solid）（瑞典）索利德（人名）,His body was solid and taut.　他身体结实，肌肉发达。
2147,cds,P2,W11–W20,释义待核实，不进入核心练习,ˌsiˈdiz,释义待核实，不计入核心练习,
2148,presentation,P2,W11–W20,,ˌprɛzənˈteɪʃən,n. （颁奖等）仪式，典礼；授予，颁发；（在仪式上接受的）奖项，赠予物；展示会，介绍会，发布会；陈述，报告，说明；（事物的）呈现方式；（证件等的）出示；（证物的）提交，提供；（戏剧的）演出；（胎儿的）先露位置，产位；（尤指在帝王前）正式引见，引……朝见；<史>（圣职等的）推荐,A computer software glitch fouled up their presentation.　一个电脑软件故障弄砸了他们的展示会。
2149,languages,P2,W11–W20,释义待核实，不进入核心练习,ˈlæŋɡwədʒəz,释义待核实，不计入核心练习,
2150,became,P2,W11–W20,释义待核实，不进入核心练习,bɪˈkeɪm,释义待核实，不计入核心练习,
2151,orange,P2,W11–W20,,ˈɔrəndʒ,n. 橙，柑橘；橙汁，橘汁饮料；橙树，橘树；橙色，橘黄色；橙黄色蝴蝶；adj. 橙红色的，橘黄色的；奥兰治党或社团的；n. （Orange）（美、法、俄、英）奥林奇（人名）,I plucked an orange from the tree.　我从树上摘了一个橙子。
2152,compliance,P2,W11–W20,,kəmˈplaɪəns,n. 服从，遵守；屈从，迁就；可塑性，柔量,Inspectors were sent to visit nuclear sites and verify compliance with the treaty.　监察员被派去参观核址并核实条约的遵守情况。
2153,vehicles,P2,W11–W20,释义待核实，不进入核心练习,ˈvihɪkəlz,释义待核实，不计入核心练习,
2154,prevent,P2,W11–W20,,prɪˈvɛnt,v. 阻止，阻碍；防止，预防；设置障碍,These methods prevent pregnancy.　这些方法预防怀孕。
2155,theme,P2,W11–W20,,ˈθim,n. （谈话、书籍、电影等的）题目，主题；（音乐的）主旋律；（电影、电视节目、广播节目的）主题音乐，主题曲；（学生的）作文；（聚会、房间等的）风格；（句子的）主位；（名词、动词等的）词干；<史>（拜占庭帝国的）行政区；adj. 以奇想主题布置的；v. （休闲场所、活动）以……主题,Race is a recurrent theme in the work.　种族是该作品中反复出现的一个主题。
2156,rich,P2,W11–W20,,ˈrɪtʃ,adj. 有钱的，富有的；富含……的，丰富的；非常有趣的，丰富多彩的；（食物）油腻的；（色彩、气味）浓郁的，（声音）浑厚的；肥沃的，丰产的；华丽昂贵的；<非正式>（指某人的评论或批评）荒唐的，可笑的；值钱的，生财的；（内燃机内的混合燃料）可燃性成分高的；【名】 （Rich）（丹）里克，（捷）里赫，（英、西）里奇，（葡、法）里什（人名）,He has become mega rich.　他已的的确确变富了。
2157,im,P2,W11–W20,释义待核实，不进入核心练习,ˈɪm,释义待核实，不计入核心练习,
2158,campaign,P2,W11–W20,,kæmˈpeɪn,n. （有计划的）活动，运动；战役，战斗；v. 领导（参加）运动，从事竞选活动,His campaign was not going well.　他的竞选活动进展得不顺利。
2159,marine,P2,W11–W20,,mɚˈin,adj. 海洋的，海产的；海运的，海事的；n. 水兵，海军陆战队士兵；（一个国家的）船舶；【名】 （Marine）（英）马林，（西）马里内（人名）,Bezanik is diving to collect marine organisms.　贝赞尼克正在潜水采集海洋生物。
2160,improvement,P2,W11–W20,,ˌɪmˈpruvmənt,n. 改善；改进之处,This is a marginal improvement on October.　这是对10月份的一个小小的改进。
2161,vs,P2,W11–W20,释义待核实，不进入核心练习,ˌviˈɛs,释义待核实，不计入核心练习,
2162,guitar,P2,W11–W20,,ɡɪˈtɑr,n. 吉他，六弦琴,He played some wah-wah guitar.　他弹了一会儿哇哇吉他。
2163,finding,P2,W11–W20,,ˈfaɪndɪŋ,n. 结果，发现；判决，裁决；<美>（制作服装、鞋子或首饰用的）一应小物件（或小工具）；v. 找到，感到（find 的现在分词形式）,He was finding the river lonesome.　他发现这条河很偏僻。
2164,pennsylvania,P2,W11–W20,释义待核实，不进入核心练习,ˌpɛnsəlˈveɪnjə,释义待核实，不计入核心练习,
2165,examples,P2,W11–W20,释义待核实，不进入核心练习,ɪɡˈzæmpəlz,释义待核实，不计入核心练习,
2166,ipod,P2,W11–W20,释义待核实，不进入核心练习,ˈaɪˌpɑd,释义待核实，不计入核心练习,
2167,saying,P2,W11–W20,释义待核实，不进入核心练习,ˈseɪɪŋ,释义待核实，不计入核心练习,
2168,spirit,P2,W11–W20,,ˈspɪrət,n. 精神，心灵；情绪，心境；勇气，意志，活力；（对团体、队伍、社会的）忠心，（群体中的）态度，精神；心态，态度；本质，精髓，基本精神；真实意义，实质；灵魂，鬼魂；具有特别品质的人物，在群体或活动中发挥特殊作用的人物；烈酒；挥发性液体（尤指用蒸馏法提炼的燃料）；神灵；圣灵（Spirit，Holy Spirit 的简称）；v. 偷偷带走，秘密弄走；鼓励，鼓舞,"He is dead, but his spirit lives on.　他死了，但他的灵魂将永存。"
2169,ar,P2,W11–W20,释义待核实，不进入核心练习,ˈɑr,释义待核实，不计入核心练习,
2170,claims,P2,W11–W20,释义待核实，不进入核心练习,ˈkleɪmz,释义待核实，不计入核心练习,
2171,challenge,P2,W11–W20,,ˈtʃæləndʒ,n. 挑战，难题；挑战书，比赛邀请；质疑，质询；喝停盘查；v. 挑战，向……下战书；质疑，拒绝接受；盘问，查问；考验,Bill was stimulated by the challenge.　比尔受到该挑战的激励。
2172,motorola,P2,W11–W20,释义待核实，不进入核心练习,ˌmoʊtɚˈoʊlə,释义待核实，不计入核心练习,
2173,acceptance,P2,W11–W20,,ækˈsɛptəns,n. 接受；赞同，认可；容忍；接纳；相信，承认,The new laws have gained widespread acceptance.　新法律获得广泛赞同。
2174,strategies,P2,W11–W20,释义待核实，不进入核心练习,ˈstrætədʒiz,释义待核实，不计入核心练习,
2175,mo,P2,W11–W20,释义待核实，不进入核心练习,ˈmoʊ,释义待核实，不计入核心练习,
2176,seem,P2,W11–W20,,ˈsim,v. （涉及推断）似乎，看来；（用于表示谨慎、礼貌或委婉）好像，可能；【名】 （Seem）（英）西姆（人名）,You seem in fine fettle.　你看起来状态很好。
2177,affairs,P2,W11–W20,释义待核实，不进入核心练习,əˈfɛrz,释义待核实，不计入核心练习,
2178,touch,P2,W11–W20,,ˈtʌtʃ,v. 触摸，碰；接触，触及；损坏，伤害；吃，喝，使用；感动，触动；影响，与……有关；与……媲美，比得上；达到（某一水平等）；参与，涉及；处理，做（某事）；（在脸上）闪现，掠过；轻轻击（球）；具有……特性；<非正式>向（某人）讨要（物品）；跑垒得分；（几何）与（曲线，表面）切触；（用画笔、铅笔）轻轻勾勒；n. 触觉，触感；触摸，碰；触摸时的感觉；润色，装点；作风，风格，手法；一点儿，少许；略微，稍微；边线以外的区域；触球，控球；（音乐家的）触键法，弹奏法；（乐器键、弦的）弹性，弹力；（钢笔、铅笔等的）轻触；转调较少的钟乐；【名】 （Touch）（柬）杜（人名）,She recoiled from his touch.　她躲开他的触摸。
2179,intended,P2,W11–W20,,ˌɪnˈtɛndɪd,adj. 预期的，打算中的；为……打算（或设计）的；故意的，蓄意的；n. <非正式>未婚夫，未婚妻；v. 意指，意思是；计划，打算；准备，预留（作某种用途或给某人用）（intend 的过去式和过去分词形式）,The book is intended for children.　这本书是为儿童写的。
2180,towards,P2,W11–W20,,təˈwɔrdz,prep. 向，朝着；接近达到（目的）；接近，将近（某一时间）；接近，靠近（某地）；对，关于；（钱）用于,She pushed the cup towards me.　她把杯子推向我这边。
2181,sa,P2,W11–W20,释义待核实，不进入核心练习,ˈsɑ,释义待核实，不计入核心练习,
2182,goals,P2,W11–W20,释义待核实，不进入核心练习,ˈɡoʊlz,释义待核实，不计入核心练习,
2183,hire,P2,W11–W20,,ˈhaɪɚ,v. <英>租用，租借；聘用，录用；n. 租借，租金；<美>被雇用的人；【名】 （Hire）（美、印）希尔（人名）,Do you hire out bikes?　你们出租自行车吗？
2184,election,P2,W11–W20,,ɪˈlɛkʃən,n. 选举；当选；选举权；上帝的选拔,They held a snap election.　他们临时举行了选举。
2185,suggest,P2,W11–W20,,səˈdʒɛst,v. 提议，建议；推荐，举荐；显示，表明；暗示，暗指；使人想到，使人联想到,I suggest we let the matter drop.　我建议咱们别再提及此事。
2186,branch,P2,W11–W20,,ˈbræntʃ,n. 树枝，分枝；分支机构，分店；（政府或机构的）部门；分科，分支；（家族的）支系；支流，岔路；v. 分岔，岔开；出枝，发出新枝；【名】 （Branch）布兰奇（人名）,He chopped a branch off the tree.　他从那棵树上砍下一根树枝。
2187,charges,P2,W11–W20,释义待核实，不进入核心练习,ˈtʃɑrdʒəz,释义待核实，不计入核心练习,
2188,serve,P2,W11–W20,,ˈsɝv,v. 为……工作，服役；端上，给……提供（餐饮）；够……吃； 接待，服务；对……有用，满足；（向某地或某群体）供应，提供；服刑，服劳役；<法律> 送达（传票、令状等）；（网球、排球等）发球；<古>开（某人）（玩笑）；产生……的效果；（军）操作（枪炮）；（航海）卷缠（绳索）；（雄性种畜）与（雌性）交配；（基督教）在弥撒中担任助祭；n. （网球、排球等的）发球；<澳，非正式> 申斥；【名】 （Serve）（法）塞尔夫（人名）；（Serve）（法）塞尔夫（人名）,What time do you serve dinner?　你们什么时候供应主餐？
2189,affiliates,P2,W11–W20,释义待核实，不进入核心练习,əˈfɪliəts,释义待核实，不计入核心练习,
2190,reasons,P2,W11–W20,释义待核实，不进入核心练习,ˈrizənz,释义待核实，不计入核心练习,
2191,magic,P2,W11–W20,,ˈmædʒɪk,n. 魔法，法术；魔术，戏法；魅力，魔力；杰出技能，罕见才能；adj. 魔术的，戏法的；魔法的，魔力的；神奇的，有奇效的；非常好的，令人十分愉快的；重要的，关键的；v. （像）用魔法变出（或使消失、使变成……等）,They believe in magic.　他们相信魔力。
2192,mount,P2,W11–W20,,ˈmaʊnt,(书面缩写为 Mt)(用作山名的一部分) ......山，......峰；v. 组织，开展；爬上，登上；骑上；增多，增加，上升；增强，加剧；镶嵌，裱贴，安置；上演，展出；爬上（雌性动物的背）进行交配；设置（岗哨），担任（警卫）；把（观察对象）固定于显微镜的载玻片；n. 山，山峰；坐骑，马；登，骑；（相片）框，（艺术品）装帧，衬托纸；底座，底架；（贴邮票用的）透明胶纸；（显微镜观察的）封片；掌丘,How high is Mount Aconcagua?　阿空加瓜山有多高？
2193,smart,P2,W11–W20,,ˈsmɑrt,adj. 聪明的，明智的；（人）衣着得体的；整洁而漂亮的，光鲜的；耍小聪明的，不恭的；时髦的，高档的；迅速有力的，迅猛的；智能的；v. （身体部位）感到刺痛；（因批评、失败等）难过，烦恼；n. 剧痛，刺痛；痛苦，苦恼；<美，非正式>聪明，敏锐（smarts）,She mixes with the smart set.　她跟那帮时髦人物交往。
2194,talking,P2,W11–W20,释义待核实，不进入核心练习,ˈtɔkɪŋ,释义待核实，不计入核心练习,
2195,gave,P2,W11–W20,释义待核实，不进入核心练习,ˈɡeɪv,释义待核实，不计入核心练习,
2196,ones,P2,W11–W20,释义待核实，不进入核心练习,ˈwʌnz,释义待核实，不计入核心练习,
2197,latin,P2,W11–W20,,ˈlætən,n. 拉丁语；拉丁人；拉丁音乐；adj. 拉丁语的，用拉丁语写成的；拉丁语系国家（或民族）的；拉丁人的；n. （Latin）（美）拉京（人名）,Very few students learn Latin now.　现在学拉丁语的学生少得很。
2198,multimedia,P2,W11–W20,,ˌmʌltiˈmidiə,adj. 多媒体的；使用多媒体的；n. 多媒体（技术）；多媒体的使用；（艺术中）多种材料的使用,I am making a multimedia presentation for my science project.　我正在为我的科学项目做多媒体演示。
2199,xp,P2,W11–W20,释义待核实，不进入核心练习,,释义待核实，不计入核心练习,
2200,avoid,P2,W11–W20,,əˈvɔɪd,v. 避免，防止；回避，避开；撤销，使无效,We have tried to avoid any moralizing.　我们已力图避免任何形式的说教。
2201,certified,P2,W11–W20,释义待核实，不进入核心练习,ˈsɝtəˌfaɪd,释义待核实，不计入核心练习,
2202,manage,P2,W11–W20,,ˈmænədʒ,管理；支配；v. 管理，处理；操纵，控制；设法做到，勉力完成；腾出时间参加；凑合着活下去，支撑；调教（人或动物）；竟搞得，竟做出,We'll manage as best we can.　我们将尽力处理。
2203,corner,P2,W11–W20,,ˈkɔrnɚ,n. 角；嘴角，眼角；街角，拐角；角落，偏僻处；困境，窘境；角球；场角，场角的辅助人员；v. 将……逼入死角，使走投无路；硬要与某人说话；垄断；转弯，拐弯；囤积；相交成角；【名】 （Corner）（法）科尔内，（英）科纳（人名）,The referee awarded a corner.　裁判员判给了一次角球。
2204,rank,P2,W11–W20,,ˈræŋk,n. 军衔，军阶；（社会、团体中的）地位，等级；（尤指较高的）地位；（警察、士兵等的）队列，行列；排，列；横排，棋盘横格；组织（或机构等）中的全体人员（ranks）；普通士兵（the ranks）；<英>出租车候车站（=taxi rank）；（数）秩；（统计）次序排列；（系统语法用语）（一个或一组语言单位的）阶，级；v. 把……分等级，属于某等级；<美>级别高于，地位高于；排列，使排成行；adj. （植被）茂密的，芜生蔓长的；难闻的，恶臭的；（强调质量、状况等）极端的，糟糕的,He rose to the rank of general.　他升至将级军官。
2205,computing,P2,W11–W20,释义待核实，不进入核心练习,kəmˈpjutɪŋ,释义待核实，不计入核心练习,
2206,oregon,P2,W11–W20,释义待核实，不进入核心练习,ˈɔrəɡən,释义待核实，不计入核心练习,
2207,element,P2,W11–W20,,ˈɛləmənt,n. 基本部分，要素；元素；有点，少量；一群人；恶劣天气（the elements）；基本原理；适宜的环境；电热元件，电热丝；（基督教圣餐中的）面包和酒；【名】 （Element）（英）埃利门特，（德）埃勒门特（人名）,The kettle needs a new element.　这个电壶需要一根新电热丝。
2208,birth,P2,W11–W20,,ˈbɝθ,n. 出生，诞生；出身，血统；开始，起源；v. <北美，非正式>生，产,She weighed 5lb 7oz at birth.　她出生时重5磅7盎司。
2209,virus,P2,W11–W20,,ˈvaɪrəs,n. 病毒；病毒性疾病，病毒感染；（计算机）病毒，（手机的）短信病毒；有害影响，毒害；<古>毒液；【名】 （Virus）比鲁斯（人名）,There's a virus going around the office.　办公室里流行着一种病毒性疾病。
2210,abuse,P2,W11–W20,,əbˈjus,v. 虐待；滥用，辜负；辱骂；糟蹋（某物）；性侵犯；n. 虐待，凌辱；滥用，妄用；辱骂；舞弊，腐败；糟蹋；性侵犯；恶习，陋习；【名】 （Abuse）（英）阿比斯（人名）,The system is open to abuse.　这项制度容易被滥用。
2211,interactive,P2,W11–W20,,ˌɪntɚˈæktɪv,adj. 交互式的，人机对话的；相互交流的，互动的,The school believes in interactive teaching methods.　这所学校相信互动教学法。
2212,requests,P2,W11–W20,释义待核实，不进入核心练习,rɪˈkwɛsts,释义待核实，不计入核心练习,
2213,separate,P2,W11–W20,,ˈsɛpɚˌeɪt,adj. 单独的，分开的；不同的，不相关的；v. （使）分离；（把……）分成不同部分；隔开，阻隔；（夫妻）分居，（同居情侣）分手；区分，区别；<美>解雇，辞退；n. 可搭配穿着的单件衣服（separates）；独立音响设备（separates）；（按照颗粒大小、矿物组成等标准的）土壤划分（separates）,It happened on three separate occasions.　这事在三个不同的场合发生过。
2214,quarter,P2,W11–W20,,ˈkwɔrtɚ,n. 四分之一；一刻钟，十五分钟；季度，三个月；<美>学季，四分之一学年；（城镇中的）区；个人，群体；（士兵、服务人员等的）营房；上弦（或下弦）月；（美式足球的）一节；（美国和加拿大的）二十五分硬币；四分之一磅；（对败者的）宽恕，仁慈；四分之一畜体（或鸟身）；（马的）腰腿，臀部及后腿（quarters）；（罗盘上四个点之一所指的）方向；船侧后部；盾的四分之一；v. 将……四等分；把……降至原先的四分之一；提供食宿；在（某处）来回走动；移动，斜向行进；展示，炫耀（盾的四分之一部位上的不同纹章）；adj. 四分之一的,The moon is in its first quarter.　月亮正处于上弦。
2215,procedure,P2,W11–W20,,prəˈsidʒɚ,n. 手续，步骤；（商业、法律或政治上的）程序；外科手术；（电脑的）应用程式,The next day I repeated the procedure.　第二天我重复了这个程序。
2216,leadership,P2,W11–W20,,ˈlidɚˌʃɪp,n. 领导，领导地位；领导才能；领导人员，领导层；领先地位,The party thrived under his leadership.　这个党在他的领导下兴旺起来。
2217,tables,P2,W11–W20,释义待核实，不进入核心练习,ˈteɪbəlz,释义待核实，不计入核心练习,
2218,define,P2,W11–W20,,dɪˈfaɪn,v. 给……下定义，解释；阐明，使清楚；标明……界限，明确显出……轮廓；是……的特征，为……的特色；【名】 （Define）（英）德法恩，（葡）德菲内（人名）,We need to define the task ahead very clearly.　我们需要明确今后的任务。
2219,racing,P2,W11–W20,,ˈreɪsɪŋ,n. 赛马；竞赛；vi. 赛马（race 的 ing 形式）；竞赛；adj. 比赛的,The racing cars zapped past us.　赛车从我们身边飞驰而过。
2220,religious,P2,W11–W20,,rɪˈlɪdʒəs,adj. 宗教的，与宗教相关的；笃信宗教的，虔诚的；极其严谨的，十分认真的；<非正式>小心的，谨慎的 ；<非正式>对……很感兴趣的，热衷……的；n. 修士，修女,She is deeply religious.　她非常虔诚。
2221,facts,P2,W11–W20,释义待核实，不进入核心练习,ˈfækts,释义待核实，不计入核心练习,
2222,breakfast,P2,W11–W20,,ˈbrɛkfəst,n. 早餐；早餐的，早餐时用的；v. 吃早餐,Your breakfast is coming soon.　你的早餐很快就到。
2223,kong,P2,W11–W20,释义待核实，不进入核心练习,ˈkɔŋ,释义待核实，不计入核心练习,
2224,column,P2,W11–W20,,ˈkɑləm,n. 圆柱，纪念柱；柱状物；纵队，纵行（列）；（报纸、杂志上的）栏；（报纸或杂志的）专栏（文章）,I always read her column in the local paper.　我一直读她在当地报纸上的专栏文章。
2225,plants,P2,W11–W20,释义待核实，不进入核心练习,ˈplænts,释义待核实，不计入核心练习,
2226,faith,P2,W11–W20,,ˈfeɪθ,n. 信任，信心，信念；宗教；宗教信仰；忠诚；int. <爱尔兰>用以表示惊讶或强调千真万确；【名】 （Faith）（英）费思，费丝，（匈）福伊特，（瑞典）法伊特（人名）,Faith is stronger than reason.　信仰比理智更有力。
2227,chain,P2,W11–W20,,ˈtʃeɪn,n. 链，链条；一连串，一系列；连锁商店；镣铐；测链；连环式（指一群房主先售后购的置屋方式）；<文>约束，束缚；v. 用锁链拴住；拘禁，束缚,The mayor wore his chain of office.　市长佩戴着标志他职务的链徽。
2228,developer,P2,W11–W20,释义待核实，不进入核心练习,dɪˈvɛləpɚ,释义待核实，不计入核心练习,
2229,identify,P2,W11–W20,,aɪˈdɛntəˌfaɪ,v. 认出，识别；查明，确认；发现；证明（身份），表明；认同，理解；认为……和……一致；和（某人）打成一片,First of all we must identify the problem areas.　首先我们必须找出问题所在。
2230,avenue,P2,W11–W20,,ˈævəˌnu,n. 大街；（通向大宅子的）林荫道；途径，渠道,He walked up Fifth Avenue to clear his head.　他在第五大街上走，让头脑清醒清醒。
2231,missing,P2,W11–W20,,ˈmɪsɪŋ,adj. 找不到的，丢失的；缺少的，缺损的；（人）失踪的，下落不明的；遗漏的，未被包括在内的；v. 未击中，未抓住；未做，错过；思念，怀念（miss 的现在分词）；【名】 （Missing）（德）米辛（人名）,Two files have gone missing.　两个档案不见了。
2232,died,P2,W11–W20,释义待核实，不进入核心练习,ˈdaɪd,释义待核实，不计入核心练习,
2233,approximately,P2,W11–W20,,əˈprɑksəmətli,adv. 大约，大概,The journey took approximately seven hours.　旅程大约花了七个小时。
2234,domestic,P2,W11–W20,,dəˈmɛstɪk,adj. 国内的，本国的；家用的，家庭的；喜爱家庭生活的，乐于操持家务的；非野生的，驯养的；n. 家庭纠纷，家庭矛盾；佣人，家仆；<美>国货，本地产品,It was a scene of such domestic bliss.　这是一幕家庭美满的场景。
2235,sitemap,P2,W11–W20,释义待核实，不进入核心练习,,释义待核实，不计入核心练习,
2236,recommendations,P2,W11–W20,释义待核实，不进入核心练习,ˌrɛkəmənˈdeɪʃənz,释义待核实，不计入核心练习,
2237,moved,P2,W11–W20,释义待核实，不进入核心练习,ˈmuvd,释义待核实，不计入核心练习,
2238,houston,P2,W11–W20,释义待核实，不进入核心练习,ˈhjustən,释义待核实，不计入核心练习,
2239,reach,P2,W11–W20,,ˈritʃ,v. 到达，抵达；被看见，被听到；达到（特定的水平或数量）；达到（一个特定的时间或阶段）；（经讨论或思考后）达成，实现；伸，伸手；能伸到，能够到；把……递给；（大或长等）足够达到；（用电话等）与……联系；影响，打动；（航海）横风航驶；为……提供帮助（reach out to）；n. （臂的）伸出；伸手可及的距离；可到达的距离；（权力或能力）能及的范围；边远地区；层级，层次；河段，直水道；（特定时期内）观众人数，听众人数；（航海）横风行程；【名】 (Reach)(柬)列（人名）,Can you reach me down that box?　你帮我把那个盒子拿下来好吗？
2240,comparison,P2,W11–W20,,kəmˈpɛrəsən,n. 比较，对照；相提并论，相比；比喻，比拟；（副词或形容词的）比较（变化）,I enclose the two plans for comparison.　兹附上两份计划以供比较。
2241,mental,P2,W11–W20,,ˈmɛntəl,adj. 存在于大脑中的，思考的；精神的，思想的，智力的；精神病治疗的，精神健康的；<非正式>疯癫的，不正常的,Watch him. He's mental.　小心，他疯了。
2242,viewed,P2,W11–W20,释义待核实，不进入核心练习,ˈvjud,释义待核实，不计入核心练习,
2243,moment,P2,W11–W20,,ˈmoʊmənt,n. 片刻，瞬间；某一时刻；现在，目前；时机，机会；（事物发展的）关头，转折点；重大，重要；力矩；矩，动差；【名】 （Moment）（英）莫门特（人名）,It was a really scary moment.　那一刻真是吓人。
2244,extended,P2,W11–W20,释义待核实，不进入核心练习,ɪkˈstɛndəd,释义待核实，不计入核心练习,
2245,sequence,P2,W11–W20,,ˈsikwəns,n. 顺序，次序；连续事件（或动作、事物）；（电影中表现同一主题或场面的）一组镜头；（生物学中分子或基因的排列）顺序；模进；（纸牌的）同花顺；序列；（天主教弥撒中圣歌与福音之间的）继续经；v. 按顺序排列；测定（整套基因或分子成分的）序列；用音序器播放（或录制）音乐,These pages are out of sequence.　这几页排错了次序。
2246,inch,P2,W11–W20,,ˈɪntʃ,n. 英寸；身高；少许 n. (Inch)人名；(英)英奇 vt. 使缓慢地移动 vi. 慢慢前进；n. 英寸；（距离或数量）少许；<非正式>身高，腰围；v. （数量）逐渐增加（或减少）；（使）缓慢移动,There are 2.54 centimetres to an inch.　一英寸等于2.54厘米。
2247,attack,P2,W11–W20,,əˈtæk,v. 批评，抨击；侵蚀，侵害；全力应对，奋力处理；袭击，攻击；（体育比赛中）进攻；n. （疾病的）突然发作；（情感的）一阵突发；（体育运动中的）进攻；袭击，攻击；批评，抨击；进攻队员；（病虫等的）损害，伤害；【名】 （Attack）（瑞典）阿塔克（人名）,The attack on Charles was unjust.　对查尔斯的攻击是不公正的。
2248,sorry,P2,W11–W20,,ˈsɑri,抱歉的,"Sorry, I do not understand.　抱歉，我不明白。"
2249,centers,P2,W11–W20,释义待核实，不进入核心练习,ˈsɛntɚz,释义待核实，不计入核心练习,
2250,opening,P2,W11–W20,,ˈoʊpənɪŋ,n. 洞，缺口；开始，开端；开幕式，落成典礼；国际象棋的开局；首次发生，首演；开案陈述；机会，机遇；空缺的职位；开放，开业；开，打开；<美>（林中）空地；开襟，开口；adj. 开始的，开端的；v. 打开，开启；开放，展开；开业，开门（open 的现在分词形式）,He muffed his opening speech.　他搞砸了自己的开幕讲话。
2251,damage,P2,W11–W20,,ˈdæmədʒ,n. （有形的）损坏，损失；损害，伤害；损害赔偿金；费用，代价；v. 损坏，损害；对……造成坏影响,The damage was slight.　损失很小。
2252,lab,P2,W11–W20,,ˈlæb,n. 实验室 (=laboratory)；实验课；abbr. 工党 (Lab)；工党；拉布拉多寻回犬,The lab assistant was wearing a white overall.　实验室助手穿着一件白罩衣。
2253,reserve,P2,W11–W20,,rɪˈzɝv,v. 预订；保留，预留；拥有，保留（某种权利）；留作，用于（特定场合）；保留（意见），推迟作出（决定或判断）；贮存，贮藏；（教会用语）弥撒仪式后保留部分圣餐；n. 储备（量），储藏（量）；含蓄，寡言；保留意见，异议；（野生生物）保护区；替补队员，后备队员；后备队，替补队（the reserves）；预备役部队，后备部队；（尤指拍卖时的）底价，最低价；（美洲土著居民的）居留地；（陶瓷装饰或纺织品印染中保留原色的）防染本色区 ；（陶瓷装饰或纺织品印染中保留原色的）防染本色区；【名】 （Reserve）（挪、美、法、俄、墨）勒塞尔夫（人名）,I'll reserve a table for five.　我要预订一个5人的餐位。
2254,recipes,P2,W11–W20,释义待核实，不进入核心练习,ˈrɛsəpiz,释义待核实，不计入核心练习,
2255,cvs,P2,W11–W20,释义待核实，不进入核心练习,,释义待核实，不计入核心练习,
2256,gamma,P2,W11–W20,释义待核实，不进入核心练习,ˈɡæmə,释义待核实，不计入核心练习,
2257,plastic,P2,W11–W20,,ˈplæstɪk,n. 塑料；信用卡；塑胶制造业（plastics）；塑料学（plastics）；adj. 塑料制的；人造的，不自然的；可塑的；（艺术用语）造型的，塑造的；（科技用语）范性的，塑性的；适应环境多样性的,Clay is a plastic substance.　黏土是可塑物质。
2258,produce,P2,W11–W20,,prəˈdus,v. 引起，造成；（自然地）生产，产生；（尤指用机器）生产，制造；（运用技巧）制作，造出；（某地、某过程或制度）出产，产出；出示，拿出；监制，制作（电影或戏剧）；生育；<旧>使（线段）延长；n. 农产品；（尤指某人工作或努力的）成果，结果,We sell only fresh local produce.　我们只售当地的新鲜农产品。
2259,snow,P2,W11–W20,,ˈsnoʊ,n. 雪，积雪；降雪，一场雪；下雪天；（因信号差出现在电视屏幕的）“雪花”干扰；似雪的菜肴；似雪的冷冻气体；<非正式>可卡因；v. 下雪，飘雪；<美，非正式>（用花言巧语）蒙骗，使相信；使洒落；使变白；【名】 （Snow）斯诺（人名）,Snow was falling heavily.　正下着大雪。
2260,placed,P2,W11–W20,释义待核实，不进入核心练习,ˈpleɪst,释义待核实，不计入核心练习,
2261,truth,P2,W11–W20,,ˈtruθ,n. 事实，真相；真实性；真理，原理；的确，事实上,None but he knew the truth.　只有他知道真相。
2262,counter,P2,W11–W20,,ˈkaʊntɚ,n. 柜台；对立面；计数器，计算器；（棋盘游戏的）筹码；记分冰壶；v. 反驳，驳斥；抵制，抵消；（拳击）还击；逆向移动；adv. 相反地，对立地；逆向地,She was serving behind the counter.　她在柜台服务。
2263,failure,P2,W11–W20,,ˈfeɪljɚ,n. 失败；失败的人（或企业、事物）；未做到；缺乏，不足；故障，衰退；公司倒闭；歉收；突然失去,I felt foolish and a failure.　我自觉是个愚蠢的失败者。
2264,follows,P2,W11–W20,释义待核实，不进入核心练习,ˈfɑloʊz,释义待核实，不计入核心练习,
2265,eu,P2,W11–W20,释义待核实，不进入核心练习,ˈiˌju,释义待核实，不计入核心练习,
2266,weekend,P2,W11–W20,,ˈwiˌkɛnd,n. 周末；周末旅行，周末度假；adj. 周末的；v. 度周末,Let's go fishing this weekend.　咱们这个周末去钓鱼吧。
2267,dollar,P2,W11–W20,,ˈdɑlɚ,n. 美元；元 (美国、加拿大、澳大利亚以及其他一些国家的货币单位)；n. (Dollar)人名；(英)多拉尔,The dollar continued to slide.　美元继续下跌。
2268,camp,P2,W11–W20,,ˈkæmp,n. 营地；兵营，军营；度假营；阵营，集团；（艺术和娱乐表现形式的）夸张；放牧区；年度短期兵役；<英>史前古营垒遗址；v. 野营，露营；据守，坚守；<澳新>（牲畜）集中休息；扎围栏；adj. （尤指男子为引人注意而行为）忸怩作态的；（艺术或娱乐）滑稽可笑的，做作的,Let's return to camp.　咱们回营地吧。
2269,ontario,P2,W11–W20,释义待核实，不进入核心练习,ɑnˈtɛrioʊ,释义待核实，不计入核心练习,
2270,automatically,P2,W11–W20,,ˌɔtəˈmætɪkli,adv. 自然地，必然地；不假思索地，无意识地；自动地,The page refreshes automatically.　页面会自动更新。
2271,des,P2,W11–W20,释义待核实，不进入核心练习,ˈdɛs,释义待核实，不计入核心练习,
2272,minnesota,P2,W11–W20,释义待核实，不进入核心练习,ˌmɪnɪˈsoʊtə,释义待核实，不计入核心练习,
2273,films,P2,W11–W20,释义待核实，不进入核心练习,ˈfɪlmz,释义待核实，不计入核心练习,
2274,bridge,P2,W11–W20,,ˈbrɪdʒ,n. 桥；桥梁，纽带；船桥，舰桥；鼻梁，鼻梁架；琴马；（固定的）假牙，齿桥；（连接两地的）狭窄地带；过渡乐节，间奏；球杆的凹口支架；桥牌；v. 弥合（分歧），消除（隔阂）；兼具……的特点；在……上架桥，横跨；【名】 （Bridge）（英）布里奇（人名）,I declare this bridge open.　我宣布大桥正式启用。
2275,native,P2,W11–W20,,ˈneɪtɪv,adj. 本地出生的，出生地的；天生的，天赋的；原产于某地的，土产的；母语的；土著的，土著人的；<澳> （动、植物）像外地物种的；（金属或其他矿物）天然的，呈天然纯态的；（计算机）本机器码；n. 土生土长者，本地人；当地居民；土著人；土生植物（或动物）,Her native language is Korean.　她的母语是朝鲜语。
2276,fill,P2,W11–W20,,ˈfɪl,v. （使）充满，占满；堵塞，填补；满足；（声音、气味或光）遍及，弥漫；担任，充任；（感情）充盈于；打发，占据（时间）；（帆）迎风（或受风）鼓起（或张开）；使吃饱，填饱……的肚子；(按订单)供货，(按药方)配药；（用吊牌的方法）凑成，做成（一手好牌）；n. 总量，（某人的）需求总量；填充物，填方，填土；（容器的）最大容量；（某种乐器上的）插入短句，插入乐句；【名】 （Fill）（德、俄、匈）菲尔（人名）,Dentists fill teeth and repair broken ones.　牙医补牙并修理坏牙。
2277,williams,P2,W11–W20,释义待核实，不进入核心练习,ˈwɪljəmz,释义待核实，不计入核心练习,
2278,movement,P2,W11–W20,,ˈmuvmənt,n. 移动，转移；（具有共同思想或目标的）运动；军队有计划的移动；行踪；乐章；改进，发展；量的变化；（活动）机件；排便；（飞机）抵达，起飞,They were watching her every movement.　他们注视着她的每一个动作。
2279,printing,P2,W11–W20,,ˈprɪntɪŋ,n. 印刷（术）；（书的）一次印刷；印刷字体；v. 打印，印刷；（在报纸、杂志上）刊印，刊登；洗印，冲洗（照片）（print 的现在分词形式）,The book is in its sixth printing.　这本书是第六次印刷了。
2280,baseball,P2,W11–W20,,ˌbeɪsˈbɔl,n. 棒球；棒球运动,He umpired baseball games.　他过去担任棒球比赛的裁判。
2281,owned,P2,W11–W20,释义待核实，不进入核心练习,ˈoʊnd,释义待核实，不计入核心练习,
2282,approval,P2,W11–W20,,əˈpruvəl,n. 称许，赞成；批准，许可,There was a roar of approval.　响起了一片表示赞成的喊叫声。
2283,draft,P2,W11–W20,,ˈdræft,n. 草稿，草案；汇票；<美>通风气流，穿堂风（=draught）；征兵；<美>（职业球队的）选拔队员制；v. 起草，草拟；选派，派遣；<美>征召，征召……入伍；<美>挑选，选拔（运动员）；作草图，绘样；adj. （动物）驮重物的，负重的；（啤酒）散装的；草拟的,I've made a rough draft of the letter.　我已经写好这封信的草稿。
2284,chart,P2,W11–W20,,ˈtʃɑrt,n. 图表，曲线图；海图，星位图；排行榜；v. 绘制；记录，跟踪；制定（行动计划）；进榜，上榜；【名】 （Chart）（泰）察（人名）,He copied the chart from a book.　他从书上复制了表格。
2285,played,P2,W11–W20,释义待核实，不进入核心练习,ˈpleɪd,释义待核实，不计入核心练习,
2286,contacts,P2,W11–W20,释义待核实，不进入核心练习,ˈkɑnˌtækts,释义待核实，不计入核心练习,
2287,cc,P2,W11–W20,释义待核实，不进入核心练习,ˌsiˈsi,释义待核实，不计入核心练习,
2288,jesus,P2,W11–W20,释义待核实，不进入核心练习,ˈdʒizəs,释义待核实，不计入核心练习,
2289,readers,P2,W11–W20,释义待核实，不进入核心练习,ˈridɚz,释义待核实，不计入核心练习,
2290,clubs,P2,W11–W20,释义待核实，不进入核心练习,ˈklʌbz,释义待核实，不计入核心练习,
2291,lcd,P2,W11–W20,释义待核实，不进入核心练习,,释义待核实，不计入核心练习,
2292,wa,P2,W11–W20,释义待核实，不进入核心练习,ˈwɑ,释义待核实，不计入核心练习,
2293,jackson,P2,W11–W20,释义待核实，不进入核心练习,ˈdʒæksən,释义待核实，不计入核心练习,
2294,equal,P2,W11–W20,,ˈikwəl,adj. （在数量、大小、程度、价值方面）相等的，相同的；平等的，同等的；胜任的，合适的；势均力敌的；v. （在大小、数字、数量上）等于；比得上，达到；导致，结果为；n. 同等的人，相等物,We are equal in every way.　我们在各方面都是平等的。
2295,adventure,P2,W11–W20,,ædˈvɛntʃɚ,n. 冒险（经历），奇遇；冒险的刺激，冒险欲；<古>生意；v. 冒险；大胆说出；去（某地）探险,He set off in quest of adventure.　他出行探险去了。
2296,matching,P2,W11–W20,,ˈmætʃɪŋ,adj. 相配的；v. 相配；使……协调；相同；和……相似；把……联系起来（match 的现在分词）,I am looking for matching socks.　我正在寻找匹配的袜子。
2297,offering,P2,W11–W20,,ˈɔfɚɪŋ,n. （供娱乐或出售的）产品；新近完成的艺术作品；礼品，礼物；供品，祭品；供奉，奉献；（给教会的）捐助，捐赠物（尤指捐款）；v. 提供，给予；提议，表示愿意（做某事）；出（价），开（价）（offer 的现在分词形式）,They wooed customers by offering low interest rates.　他们通过提供低利率来争取顾客。
2298,shirts,P2,W11–W20,释义待核实，不进入核心练习,ˈʃɝts,释义待核实，不计入核心练习,
2299,profit,P2,W11–W20,,ˈprɑfət,n. 利润，盈利；<正式> 利益，好处；v. 获益，得益（于）；赢利，获利；【名】 （Profit）（法）普罗菲（人名）,Profit from exports rose 7.3%.　出口利润增长了7.3%。
2300,leaders,P2,W11–W20,释义待核实，不进入核心练习,ˈlidɚz,释义待核实，不计入核心练习,
2301,posters,P2,W11–W20,释义待核实，不进入核心练习,ˈpoʊstɚz,释义待核实，不计入核心练习,
2302,institutions,P2,W11–W20,释义待核实，不进入核心练习,ˌɪnstɪˈtuʃənz,释义待核实，不计入核心练习,
2303,assistant,P2,W11–W20,,əˈsɪstənt,n. 助理，助手；店员，售货员；adj. 助理的，副的,She made him her assistant.　她挑选他做她的助手。
2304,variable,P2,W11–W20,,ˈvɛriəbəl,adj. 易变的，多变的；时好时坏的；可变的，可调节的；（数）（数字）变量的；（植，动）变异的，变型的；（齿轮）变速的；n. 可变性，可变因素；（数学中的）变量，变元；（计算机）变量（元）；（天文）变星的简称；（东北信风带以北或南半球的东南信风带与西风带之间的）变风区,The drill has variable speed control.　这钻机有变速控制。
2305,ave,P2,W11–W20,释义待核实，不进入核心练习,ˈɑˌveɪ,释义待核实，不计入核心练习,
2306,dj,P2,W11–W20,释义待核实，不进入核心练习,ˌdiˈdʒeɪ,释义待核实，不计入核心练习,
2307,advertisement,P2,W11–W20,,ædˈvɝtəzmənt,n. 广告；（某一类事物的）活广告；广告活动，广告宣传,The advertisement is for a men's fragrance.　这则广告介绍一款男士香水。
2308,expect,P2,W11–W20,,ɪkˈspɛkt,v. 期待；预计；要求，指望；认为；怀孕,Don't expect it to improve overnight.　不要指望这事一下子就改善了。
2309,parking,P2,W11–W20,,ˈpɑrkɪŋ,n. 停车，泊车；停车场，停车位；v. 存放，寄存；停车，泊车；坐下（或站着）（park 的现在分词形式）；【名】 【名】（Parking）（英）帕金（人名）,Parking can be tricky downtown.　在市中心停车会很难。
2310,headlines,P2,W11–W20,释义待核实，不进入核心练习,ˈhɛdˌlaɪnz,释义待核实，不计入核心练习,
2311,yesterday,P2,W11–W20,,ˈjɛstɚˌdeɪ,昨天,Yesterday I was busy.　昨天我很忙。
2312,compared,P2,W11–W20,释义待核实，不进入核心练习,kəmˈpɛrd,释义待核实，不计入核心练习,
2313,determined,P2,W11–W20,,dɪˈtɝmənd,adj. 下定决心的，坚决的；v. 决定，控制；查明，确定；下定决心（determine 的过去式和过去分词）,I'm determined to succeed.　我决心要获得成功。
2314,wholesale,P2,W11–W20,,ˈhoʊlˌseɪl,n. 批发，趸售；adj. 批发的，趸售的；大规模的，大批的；adv. 批发地，成批卖地；完全地,Warehouse clubs allow members to buy goods at wholesale prices.　仓储式会所允许会员以批发价购买商品。
2315,workshop,P2,W11–W20,,ˈwɝkˌʃɑp,n. 车间，工场，作坊；研讨会，讲习班；v. （在正式上演前）研讨性演出（戏剧）,This workshop helps young unemployed people.　这个讲习班帮助失业的年轻人。
2316,russia,P2,W11–W20,释义待核实，不进入核心练习,ˈrʌʃə,释义待核实，不计入核心练习,
2317,gone,P2,W11–W20,释义待核实，不进入核心练习,ˈɡɔn,释义待核实，不计入核心练习,
2318,codes,P2,W11–W20,释义待核实，不进入核心练习,ˈkoʊdz,释义待核实，不计入核心练习,
2319,kinds,P2,W11–W20,释义待核实，不进入核心练习,ˈkaɪndz,释义待核实，不计入核心练习,
2320,extension,P2,W11–W20,,ɪkˈstɛnʃən,n. 延伸，扩展；展期，延长期；扩建部分，延伸部分；（电话）分机；扩展名；（为非全日制学生开设的）进修部；牵伸（术）；外延；广延（性）,What's your extension number?　你的分机号码是多少？
2321,seattle,P2,W11–W20,释义待核实，不进入核心练习,siˈætəl,释义待核实，不计入核心练习,
2322,statements,P2,W11–W20,释义待核实，不进入核心练习,ˈsteɪtmənts,释义待核实，不计入核心练习,
2323,golden,P2,W11–W20,,ˈɡoʊldən,adj. 金色的，黄金般的；金制的；珍贵的；Golden戈尔登(姓氏)；adj. 金制的；金色的；极好的，成功的；美好的，幸福的；很有才干的，很受欢迎的；声音圆润的；处于有利地位的,Bake until the crust is golden.　把糕饼烤至外皮呈金黄色。
2324,completely,P2,W11–W20,,kəmˈplitli,adv. 完全地，彻底地,I'm completely exhausted.　我完全筋疲力尽了。
2325,teams,P2,W11–W20,释义待核实，不进入核心练习,ˈtimz,释义待核实，不计入核心练习,
2326,fort,P2,W11–W20,,ˈfɔrt,n. 堡垒，要塞；<美>兵营，军营；<史>边界贸易站；【名】 （Fort）（法）福尔，（德、英、西、葡、匈）福特（人名）,The rebels besieged the fort.　叛乱者包围了城堡。
2327,cm,P2,W11–W20,释义待核实，不进入核心练习,,释义待核实，不计入核心练习,
2328,wi,P2,W11–W20,释义待核实，不进入核心练习,,释义待核实，不计入核心练习,
2329,lighting,P2,W11–W20,,ˈlaɪtɪŋ,n. 照明；灯光布置，灯光效果；v. 照明；点燃（light 的现在分词形式）,The lighting was subdued.　这灯光很柔和。
2330,senate,P2,W11–W20,,ˈsɛnət,n. 参议院；大学理事会，大学评议会；（古罗马的）元老院；n. 参议院；大学理事会，大学评议会；（古罗马的）元老院,The Senate has now endorsed the bill and can't turn back.　参议院现已同意了该议案，无法回头了。
2331,forces,P2,W11–W20,释义待核实，不进入核心练习,ˈfɔrsɪz,释义待核实，不计入核心练习,
2332,funny,P2,W11–W20,,ˈfʌni,adj. 滑稽的，有趣的；古怪的，难以解释的；微恙的，稍有不适的；生气的，不友好的；疯疯癫癫的；出故障的；可疑的，不诚实的；放肆的；n. <美>（报纸上的）滑稽连环漫画；<非正式>笑话；adv. 古怪地，奇怪地,She found it hilariously funny.　她觉得这事儿滑稽极了。
2333,brother,P2,W11–W20,,ˈbrʌðɚ,兄弟,My brother likes reading.　我的兄弟喜欢阅读。
2334,gene,P2,W11–W20,,ˈdʒin,n. 基因，遗传因子,The gene for asthma has been identified.　哮喘病的基因已被识别。
2335,turned,P2,W11–W20,释义待核实，不进入核心练习,ˈtɝnd,释义待核实，不计入核心练习,
2336,portable,P2,W11–W20,,ˈpɔrtəbəl,adj. 便携式的，轻便的；可移植的，可在不同计算机上使用的；（变更工作或情景时）可转移的，可随带的；n. 手提式电器；<美>活动教室,This portable seat folds flat for easy storage.　这张便携式座椅可折平，便于存放。
2337,tried,P2,W11–W20,释义待核实，不进入核心练习,ˈtraɪd,释义待核实，不计入核心练习,
2338,electrical,P2,W11–W20,,ɪˈlɛktrɪkəl,adj. 电的，与电有关的；生产或销售电器的；n. 电气设备，电路；电器公司发行的股票,The company is a world leader in electrical goods.　这家公司的电器产品在全世界首屈一指。
2339,applicable,P2,W11–W20,,ˈæpləkəbəl,adj. 适用的，适当的,What is a reasonable standard for one family is not applicable for another.　对一个家庭合理的标准对于另一个家庭并不适用。
2340,disc,P2,W11–W20,,ˈdɪsk,n. 圆盘，[电子]唱片（等于 disk）；vt. 灌唱片,The Beatles cut their first disc in 1962.　披头士乐队于1962年灌制了他们的第一张唱片。
2341,returned,P2,W11–W20,释义待核实，不进入核心练习,rɪˈtɝnd,释义待核实，不计入核心练习,
2342,pattern,P2,W11–W20,,ˈpætɚn,n. 模式，方式；图案，花样；模范，典范；模型，底样；（布或墙纸的）样品；样式；（声音或词汇有规则排列的）模式；v. 用图案装饰，给……加上花样；仿照，模仿；赋予……以固定（或易辨认）的形式；使形成，促成（某行为模式）,All three attacks followed the same pattern.　3次袭击都依照同一模式。
2343,ct,P2,W11–W20,释义待核实，不进入核心练习,ˈkɔrt,释义待核实，不计入核心练习,
2344,boat,P2,W11–W20,,ˈboʊt,n. 小船；轮船；vi. 划船,The boat heaved beneath them.　小船在他们脚下颠簸着。
2345,named,P2,W11–W20,释义待核实，不进入核心练习,ˈneɪmd,释义待核实，不计入核心练习,
2346,theatre,P2,W11–W20,,ˈθiətɚ,n. 剧场，戏院；<美>电影院；戏剧；戏剧表演，戏剧演出；手术室；战场，战区；（事件发生的）场所；做戏，夸张做作；戏剧效果；阶梯式讲堂（或教室）；<英>手术室,I want to work in theatre.　我想从事戏剧工作。
2347,laser,P2,W11–W20,,ˈleɪzɚ,n. 激光（器）；v. 使用激光器；【名】 （Laser）（德）拉泽（人名）,She's had laser surgery on her eye.　她做了眼部激光手术。
2348,earlier,P2,W11–W20,释义待核实，不进入核心练习,ˈɝliɚ,释义待核实，不计入核心练习,
2349,manufacturers,P2,W11–W20,释义待核实，不进入核心练习,ˌmænjəˈfæktʃɚɚz,释义待核实，不计入核心练习,
2350,sponsor,P2,W11–W20,,ˈspɑnsɚ,n. 赞助者，赞助商；（培训或教育的）资助者；（慈善活动的）捐款者，捐资机构；法案的倡议者；担保人，保证人；（宗教事宜中的）引领人；v. 赞助（活动、节目等）； 为慈善活动捐资，为义赛捐款；倡议，提交（法案等）；主办，促成；纵容；为……担保,Will you sponsor me for a charity walk I'm doing?　我正在参加竞走义赛，请您捐款好吗？
2351,classical,P2,W11–W20,,ˈklæsɪkəl,adj. 经典的，传统的；和古希腊与古罗马文化相关的；（音乐）古典的；文科的，人文科学的；典型的，有代表性的；相对论和量子力学理论前的概念、理论的，古典力学的,Most classical music sends me to sleep.　大多数古典音乐都会让我睡着。
2352,icon,P2,W11–W20,,ˈaɪkɑn,n. 图标；偶像，代表；画像，雕像；圣像（如基督、圣母玛利亚等）；类象符号,The icon on this tab is a beanie.　这个标签上的图标是一个无檐小便帽。
2353,warranty,P2,W11–W20,释义待核实，不进入核心练习,ˈwɔrənti,释义待核实，不计入核心练习,
2354,dedicated,P2,W11–W20,,ˈdɛdəkeɪtəd,adj. 专心致志的，献身的；专用的，专门用途的；vt. 致力于，献身于；（在书、音乐或作品的前部）题献词；为（大楼，纪念碑）揭幕（dedicate 的过去式和过去分词）,He's quite dedicated to his students.　他奉献很多给他的学生们。
2355,indiana,P2,W11–W20,释义待核实，不进入核心练习,ˌɪndiˈænə,释义待核实，不计入核心练习,
2356,direction,P2,W11–W20,,dɚˈɛkʃən,n. 方向，方位；趋势，动向；指示，说明；目标；方面；管理，指导；导演,She glanced in his direction.　她朝他那个方向瞥了一眼。
2357,harry,P2,W11–W20,释义待核实，不进入核心练习,ˈhɛri,释义待核实，不计入核心练习,
2358,basketball,P2,W11–W20,释义待核实，不进入核心练习,ˈbæskətˌbɔl,释义待核实，不计入核心练习,
2359,objects,P2,W11–W20,释义待核实，不进入核心练习,ˈɑbdʒɛkts,释义待核实，不计入核心练习,
2360,ends,P2,W11–W20,释义待核实，不进入核心练习,ˈɛndz,释义待核实，不计入核心练习,
2361,delete,P2,W11–W20,,dɪˈlit,v. 删除；n. 删除键,I selected a file and pressed the delete key.　我选定了一份文件，然后按下了删除键。
2362,evening,P2,W11–W20,,ˈivnɪŋ,晚上,I read in the evening.　我晚上看书。
2363,assembly,P2,W11–W20,,əˈsɛmbli,n. 议会，代表大会；集会，集会者；装配，组装；（计算机）汇编,The assembly was mandated to draft a constitution.　大会被授权起草一份章程。
2364,nuclear,P2,W11–W20,,ˈnukliɚ,adj. 核子的，原子核的；核武器的；原子能的，核能的；核心的，中心的；细胞核的，构成细胞核的,Nuclear power is cleaner than coal.　核能比煤更清洁。
2365,taxes,P2,W11–W20,释义待核实，不进入核心练习,ˈtæksəz,释义待核实，不计入核心练习,
2366,mouse,P2,W11–W20,,ˈmaʊs,n. 老鼠；鼠标；安静害羞的人；浅棕灰色，鼠皮色；<非正式>（尤指眼部或其附近的）青肿；v. （猫，猫头鹰）捕鼠；<非正式>用鼠标在计算机屏幕上移动光标,"He moves the cursor, clicks the mouse.　他移动光标，点击鼠标。"
2367,signal,P2,W11–W20,,ˈsɪɡnəl,n. 信号，暗号；标志，预示；（尤指铁路和公路上的）指示灯，信号灯；（无线电、电视等的）讯号，信号；起因，导火线；（桥牌）信号；（传递的）信息；v. 发信号，示意；标志，预示；告知，表示；（车辆转方向时）打灯示意；adj. 重大的，显要的；作为信号的,"When I give the signal , run!　我一发信号，你就跑！"
2368,criminal,P2,W11–W20,,ˈkrɪmənəl,n. 罪犯；adj. 犯法的，犯罪的；刑事的；应受责备的，可耻的；罪犯的，犯人的；<非正式>（行为或情形）令人遗憾的，令人震惊的,He specialized in criminal law.　他专攻刑法。
2369,issued,P2,W11–W20,释义待核实，不进入核心练习,ˈɪʃud,释义待核实，不计入核心练习,
2370,brain,P2,W11–W20,,ˈbreɪn,n. 脑；<非正式>智力，智慧；聪明的人，智者；<非正式>电脑；（供食用的）动物脑髓；v. <非正式>猛击……的头部；【名】 （Brain）（英）布雷恩（人名）,She died of a brain tumour.　她死于脑瘤。
2371,sexual,P2,W11–W20,,ˈsɛkʃuəl,adj. 性的，性行为的；性别的；性取向的；生殖的，有性繁殖的；（繁殖）配子融合的,Sexual detail added piquancy to the story.　性的情节给故事添加了刺激的成分。
2372,wisconsin,P2,W11–W20,释义待核实，不进入核心练习,wɪˈskɑnsən,释义待核实，不计入核心练习,
2373,powerful,P2,W11–W20,,ˈpaʊɚfəl,adj. （人，组织，国家）强大的，有影响力的；大功率的，高效能的；（文章、演讲或艺术品）极具感染力的，有震撼力的；（感情）强烈的，（效果）巨大的；强壮的，强健的；猛烈的，有力的；（毒品或化学品）强效的；刺耳的，刺眼的，刺鼻的；adv. 非常，很,Hans flexed his powerful muscles.　汉斯放松了他强壮的肌肉。
2374,dream,P2,W11–W20,,ˈdrim,n. 梦；梦想；恍惚，出神；梦一般美妙的人或事物；v. 做梦，梦见；梦想，想象；做白日梦，开小差；考虑，料想；白白浪费时间，虚度光阴；adj. 理想的，完美的,Do you dream in colour ?　你的梦是彩色的吗？
2375,obtained,P2,W11–W20,释义待核实，不进入核心练习,əbˈteɪnd,释义待核实，不计入核心练习,
2376,false,P2,W11–W20,,ˈfɔls,False refers to something that is not true or accurate.；adj. 错误的，不真实的；伪造的；人造的；站不住脚的，全无根据的；不真诚的；不忠诚的；外表上与……相似的；非法的；妄动的；adv. 欺诈地,He hid behind a false identity.　他隐姓埋名。
2377,da,P2,W11–W20,释义待核实，不进入核心练习,ˈdɑ,释义待核实，不计入核心练习,
2378,cast,P2,W11–W20,,ˈkæst,v. 投射（光，影）；将（视线，目光）投向；浇铸，铸造；分配角色；扔，掷，抛；描述，描写；投票；使人怀疑；使（魔咒）生效，施法；抛（钓丝），撒（网）；（生长过程中）蜕（皮），脱（角）；（马）失（蹄铁）；用（星相）占卜；（乡村舞蹈中的）转向；（猎）（狗）四处探寻失踪的嗅迹；放开（猎狗）以探寻嗅迹；用绳子绊倒（动物，尤指母牛）；n. 演员阵容；铸型，模型；（固定断骨用的）石膏； 特性，外貌；（眼睛）斜视；掷，投，抛；浅淡的色调；（猎狗）探寻嗅迹；（蚯蚓钻洞时拱到地面的）小土堆；（鹰或猫头鹰的）颗粒状呕吐物；<罕>一群鹰，隼；【名】 （Cast）（法）卡斯特（人名）,The play has a very strong cast.　这部剧演员阵容强大。
2379,flower,P2,W11–W20,,ˈflaʊɚ,n. 花，开花植物；精华，最好的部分；v. 开花；繁荣，兴旺；【名】 （Flower）（英）弗劳尔（人名）,The flower opens to reveal a bee.　花开了，露出来一只蜜蜂。
2380,felt,P2,W11–W20,释义待核实，不进入核心练习,ˈfɛlt,释义待核实，不计入核心练习,
2381,personnel,P2,W11–W20,,ˌpɝsəˈnɛl,n. （公司、组织或军队中的）全体人员，员工；人事部门；adj. 人员的，有关人事的,She works in personnel.　她在人事部工作。
2382,passed,P2,W11–W20,释义待核实，不进入核心练习,ˈpæst,释义待核实，不计入核心练习,
2383,supplied,P2,W11–W20,释义待核实，不进入核心练习,səˈplaɪd,释义待核实，不计入核心练习,
2384,identified,P2,W11–W20,释义待核实，不进入核心练习,aɪˈdɛntəˌfaɪd,释义待核实，不计入核心练习,
2385,falls,P2,W11–W20,释义待核实，不进入核心练习,ˈfɔlz,释义待核实，不计入核心练习,
2386,pic,P2,W11–W20,释义待核实，不进入核心练习,ˈpɪk,释义待核实，不计入核心练习,
2387,soul,P2,W11–W20,,ˈsoʊl,n. 灵魂；心灵；某种人；（用于否定句中）一个人（也没有）；灵乐；感受强烈感情的能力；（艺术、音乐作品或文章中的）热情，气魄；精神，精髓；（某地的）人们，人口（souls）；（人类整体的）精神状况，道德品质；（某种品质的）典范，化身；美国黑人文化（或种族尊严）；鬼魂；adj. 激情黑人的，黑人文化的；【名】 （Soul）（英、法）苏尔（人名）,The soul is immortal.　灵魂不灭。
2388,aids,P2,W11–W20,,ˈeɪdz,"n. 艾滋病Aidsabbr. Acquired Immune Deficiency Syndrome 艾滋病, 获得性免疫功能丧失综合征；n. 辅助物，辅助设施（aid 的复数）；v. 帮助，援助；促进，有助于（aid 的第三人称单数）",Her much-loved brother lay dying of AIDS.　她至爱的兄弟因艾滋病而濒临死亡。
2389,opinions,P2,W11–W20,释义待核实，不进入核心练习,əˈpɪnjənz,释义待核实，不计入核心练习,
2390,promote,P2,W11–W20,,prəˈmoʊt,v. 促进，提倡；升职，晋升；促销，推广； 将（运动队）晋级；使（学生）升年级；负责筹办，主办（大型活动，如音乐会或体育比赛）；促使（议会私法议案）通过；使（卒）升格为（尤指后等）；<英>（先打大牌）使（小牌）赢得一墩；使（催化剂）更活泼,Is it ethical to promote cigarettes through advertising?　通过广告推销香烟合乎道德吗？
2391,stated,P2,W11–W20,释义待核实，不进入核心练习,ˈsteɪtɪd,释义待核实，不计入核心练习,
2392,stats,P2,W11–W20,释义待核实，不进入核心练习,ˈstæts,释义待核实，不计入核心练习,
2393,hawaii,P2,W11–W20,释义待核实，不进入核心练习,həˈwaɪˌi,释义待核实，不计入核心练习,
2394,professionals,P2,W11–W20,释义待核实，不进入核心练习,prəˈfɛʃənəlz,释义待核实，不计入核心练习,
2395,appears,P2,W11–W20,释义待核实，不进入核心练习,əˈpɪrz,释义待核实，不计入核心练习,
2396,carry,P2,W11–W20,,ˈkæri,v. 提，扛，背；携带，佩戴；运送，载运；传输（水、电等）；传播（疾病）；能记住，能回想起；支撑，承载；承担（责任）；推动，发展；具有（某种特质）；带有，导致；被判处（某种刑罚）；传得远；扔（或踢）到……距离；以多数同意批准（提议）；赢得……的支持；<美>赢得（州或地区的）选举；标有，贴有；刊登，广播；出售；怀（胎）；保持姿态；（加法）进位；准确地唱；超重，超载；n. 搬运；<美>带球跑；掷（击）球距离，（枪的）射程；<美>随身携带（尤指枪）；（财政）转记，结转；<美，史>水上运输的地方或路线；进位；【名】 （Carry）（英）卡里（人名）,Only one carry-on is allowed.　随身只能携带一个小包。
2397,flag,P2,W11–W20,,ˈflæɡ,n. 旗帜；国旗；信号旗，标志旗；菖蒲，鸢尾；铺路用的厚石板（多为矩形或正方形）；（在街上慈善捐赠后获得的）小纸徽；（用作标志的）旗状装置（或符号、图画）；出租车空车显示器；特征位；旗舰；v. 给……做标记；示意……停下来，挥手示停；（裁判向场内）丢旗判罚；疲乏，热情衰减；引起对……的注意,The American flag was flying.　美国国旗飘扬。
2398,decided,P2,W11–W20,释义待核实，不进入核心练习,ˌdɪˈsaɪdɪd,释义待核实，不计入核心练习,
2399,nj,P2,W11–W20,释义待核实，不进入核心练习,,释义待核实，不计入核心练习,
2400,covers,P2,W11–W20,释义待核实，不进入核心练习,ˈkʌvɚz,释义待核实，不计入核心练习,
2401,hr,P2,W11–W20,释义待核实，不进入核心练习,ˌeɪˈtʃɑr,释义待核实，不计入核心练习,
2402,em,P2,W11–W20,释义待核实，不进入核心练习,ˈɛm,释义待核实，不计入核心练习,
2403,advantage,P2,W11–W20,,ædˈvæntɪdʒ,n. 有利条件，优势；优点；利益；（局末平分后）占先，优势分；v. 有利于，有助于,His height gives him a clear advantage.　他的身高使他具有明显的优势。
2404,hello,P2,W11–W20,,həˈloʊ,你好,"Hello, my name is Alex.　你好，我叫 Alex。"
2405,designs,P2,W11–W20,释义待核实，不进入核心练习,dɪˈzaɪnz,释义待核实，不计入核心练习,
2406,maintain,P2,W11–W20,,meɪnˈteɪn,v. 保持，维持；维修，保养；断言，主张；赡养，抚养；<旧>支持，维护,The house costs a fortune to maintain.　维修这房子花费巨大。
2407,tourism,P2,W11–W20,释义待核实，不进入核心练习,ˈtʊˌrɪzəm,释义待核实，不计入核心练习,
2408,priority,P2,W11–W20,,praɪˈɔrəti,n. 优先事项，最重要的事；优先，优先权，重点；<英>优先通行权；adj. 优先的,Club members will be given priority.　俱乐部成员享有优先权。
2409,newsletters,P2,W11–W20,释义待核实，不进入核心练习,ˈnuzˌlɛtɚz,释义待核实，不计入核心练习,
2410,adults,P2,W11–W20,释义待核实，不进入核心练习,əˈdʌlts,释义待核实，不计入核心练习,
2411,clips,P2,W11–W20,释义待核实，不进入核心练习,ˈklɪps,释义待核实，不计入核心练习,
2412,savings,P2,W11–W20,释义待核实，不进入核心练习,ˈseɪvɪŋz,释义待核实，不计入核心练习,
2413,iv,P2,W11–W20,释义待核实，不进入核心练习,,释义待核实，不计入核心练习,
2414,graphic,P2,W11–W20,,ˈɡræfɪk,adj. 详细的，生动的；绘画的；图形的，图示的；（岩石表面纹理）文象的；（与）可视图像（有关）的；（与）视觉艺术（有关）的；n. 图表，图形；绘画，图形设计,"In a graphic, only a few words are used to explain what the picture shows you.　在图表中，只有几个词用来解释图片所显示的内容。"
2415,atom,P2,W11–W20,,ˈætəm,n. 原子；微量，极小量,He patented the idea that the atom could be split.　他得到了原子可以分裂的这个见解的专利。
2416,payments,P2,W11–W20,释义待核实，不进入核心练习,ˈpeɪmənts,释义待核实，不计入核心练习,
2417,rw,P2,W11–W20,释义待核实，不进入核心练习,,释义待核实，不计入核心练习,
2418,estimated,P2,W11–W20,释义待核实，不进入核心练习,ˈɛstəˌmeɪtəd,释义待核实，不计入核心练习,
2419,binding,P2,W11–W20,释义待核实，不进入核心练习,ˈbaɪndɪŋ,释义待核实，不计入核心练习,
2420,brief,P2,W11–W20,,ˈbrif,adj. 短暂的；简短的；（衣服）很短的；v. 给……指示，向……介绍情况；<英>向（辩护律师）提供案情摘要；n. 指示，任务简介；摘要，概要；短内裤（briefs）；辩护状；辩护律师；<英>委托辩护,Mozart's life was brief.　莫扎特的一生很短暂。
2421,ended,P2,W11–W20,释义待核实，不进入核心练习,ˈɛndəd,释义待核实，不计入核心练习,
2422,winning,P2,W11–W20,,ˈwɪnɪŋ,adj. 获胜的；吸引人的，迷人的；n. （尤指通过赌博）赢得的钱（常复数）；v. （在战斗、比赛、游戏等中）赢，获胜；赢得（奖品等）；通过努力得到（某物）（win 的现在分词）,There are three winning tickets.　有三张中奖的彩票。
2423,eight,P2,W11–W20,,ˈeɪt,num. 八；八个；第八；八岁；八点；adj. 八的；n. 八人划船队,Wake up! It's eight o'clock.　醒醒吧！已经八点钟了。
2424,anonymous,P2,W11–W20,,əˈnɑnəməs,adj. 匿名的，不知名的；不记名的，不具名的；无特色的,You can remain anonymous if you wish.　如果你愿意你可以保持匿名。
2425,iron,P2,W11–W20,,ˈaɪɚn,铁；n. 艾恩（人名）,"The huge, iron gate was locked.　那扇巨大的铁门被锁上了。"
2426,straight,P2,W11–W20,,ˈstreɪt,adj. 直的，笔直的；端正的，竖直的；（裙、裤等）直筒型的；坦诚的，直率的；简单的，非此即彼的；正中目标的；整洁的；连续的；（消息）正确的，可靠的；互不欠债的；不吸毒的，不酗酒的；（酒）纯的；纯正的，纯粹的；正统的，严肃的；<非正式>正经的；异性恋的；（神态）从容的；（思维）清晰的；adv. 直线地，径直地；竖直地，直立地；立即，马上；诚实地，坦率地；连续地；准确地，清晰地；n. 异性恋者；直线跑道；（扑克牌的）顺子；<南非，非正式>750毫升瓶装酒；<非正式>老实人；直立形态；直线,Brett looked straight ahead.　布瑞特向前直视。
2427,script,P2,W11–W20,,ˈskrɪpt,n. 剧本，讲稿；笔迹，手写体；连写体，草体；字体；（一种语言的）字母系统，字母表；<英>（考生的）笔试答卷； 脚本（程序）（计算机的一系列指令）；<非正式>（医生的）处方；期待，计划；v. 写剧本，写讲稿；事先准备，计划,Jenny's writing a film script.　珍妮在写一个电影脚本。
2428,served,P2,W11–W20,释义待核实，不进入核心练习,ˈsɝvd,释义待核实，不计入核心练习,
2429,wants,P2,W11–W20,释义待核实，不进入核心练习,ˈwɑnts,释义待核实，不计入核心练习,
2430,miscellaneous,P2,W11–W20,,ˌmɪsəˈleɪniəs,adj. （人，物）混杂的，各种各样的；多方面的，多才多艺的,Housework is usually miscellaneous and toilsome.　家务劳动通常是繁杂的。
2431,prepared,P2,W11–W20,,priˈpɛrd,adj. 有准备的，准备好的；打算做，乐意做；提前准备好的；v. 准备，预备；策划，筹备；（使）（自己或他人）作好准备（应对未来）（prepare 的过去式和过去分词形式）,We'll be better prepared next time.　下次我们会准备得更充分。
2432,void,P2,W11–W20,,ˈvɔɪd,n. 空间，空白，空虚；空虚感，失落感；（墙、建筑物上的）孔隙；（桥牌和惠斯特用语）缺门；adj. 不合法的，无效的；（话语，行动）无效的，无用的；毫无……的，缺乏……的；空的，空空如也的；<正式>（职位）空缺；（桥牌和惠斯特用语）缺门的；v. 使无效，使作废；排泄，排放（大小便）；排放（水、气体等）；倒空（容器），疏空（空间）,The contract was declared void.　这份合同被宣布无效。
2433,dining,P2,W11–W20,释义待核实，不进入核心练习,ˈdaɪnɪŋ,释义待核实，不计入核心练习,
2434,alert,P2,W11–W20,,əˈlɝt,adj. 警惕的，警觉的；机敏的，敏捷的；意识到，注意到（alert to）；v. 向……报警，使警觉；提示，提醒（某人）；n. 警报，警示；警戒，警惕；（电子设备的）提示信号；警戒期,We all have to stay alert.　我们都必须保持警觉。
2435,integration,P2,W11–W20,,ˌɪntəˈɡreɪʃən,n. 结合，融合；取消种族隔离；（数）积分法，求积分；（心理分析）整合,The aim is to promote closer economic integration.　目的是进一步促进经济一体化。
2436,atlanta,P2,W11–W20,释义待核实，不进入核心练习,ætˈlæntə,释义待核实，不计入核心练习,
2437,dakota,P2,W11–W20,释义待核实，不进入核心练习,dəˈkoʊtə,释义待核实，不计入核心练习,
2438,tag,P2,W11–W20,,ˈtæɡ,n. 标签，标牌；称呼，诨名；（电子）追踪器；带创作者名字的涂鸦；（计算机）标识符；（儿童玩的）捉人游戏； 附加疑问句；一小部分；（棒球）触杀；引语，格言，谚语；<美>（机动车的）牌照；一簇纠结的羊毛；（动物颜色鲜艳的）尾尖；（鞋带上的金属或塑料）包头；（戏剧的）终场词；叠歌，副歌；v. 给……加上标签；把……称作；涂鸦； 给（计算机程序或文件）加标记；（在捉人游戏中）触摸；触杀（跑垒员）；（跑垒员）用脚触垒；<英，非正式> 尾随；（尤指没被邀请而）跟随（或陪伴）；添加；给……装跟踪器；给（羊）剪去纠结的毛,We choose to keep the tag.　我们选择保留这个标签。
2439,interview,P2,W11–W20,,ˈɪntɚvˌju,v. 面试，面谈；采访，访问；讯问，审问；接见，会见；n. 面试，面谈；采访，访谈；问讯，口头审讯；接见，会见,The interview went well.　面试很顺利。
2440,mix,P2,W11–W20,,ˈmɪks,v. （使）混合，（使）调和；使结合，组合；调制，配制；混合录音；（尤指与不相熟的人）交往，相处；不合，不相容；<非正式>打起来，争吵起来；n. 混合体；（制作糕点、调味汁等的）混合原料，混合配料；（特定社会或团体内）各色人混杂的一群；（人群、混合物的）成分比例；混音，混录；乐曲组合，连奏；叠化图像，叠化声音；【名】 （Mix）（美、俄、巴）米克斯（人名）,You can't mix business with pleasure.　你不能把工作和娱乐混在一起。
2441,framework,P2,W11–W20,,ˈfreɪmˌwɝk,n. (建筑物或物体的）构架，结构；参照标准，准则；(社会、法律、政治等）框架,This assessment is only a framework.　此评估仅仅是一个框架。
2442,disk,P2,W11–W20,,ˈdɪsk,n. （计算机的）磁盘，磁碟；（计算机的）磁盘，磁碟（=disc）,My computer can't read the disk you sent.　我的电脑不能读你送来的盘。
2443,installed,P2,W11–W20,释义待核实，不进入核心练习,ˌɪnˈstɔld,释义待核实，不计入核心练习,
2444,queen,P2,W11–W20,,ˈkwin,n. 女王，女首领；王后；（某一活动的）出众的女子，精髓；（节日或活动中）当选要职的女子；（纸牌中的）Q牌，王后；（国际象棋中的）王后；（蜜蜂、蚂蚁等的）王，后；母猫；<非正式>（举止像女人的）男同性恋者；<非正式> 爱妻，女朋友；v. （国际象棋）使（兵）变后；（女人）对……摆架子，对……专横跋扈；使……成为女王或王后；做女王；【名】 （Queen）（英）奎因（人名）,She curtsied to the Queen.　她向女王行了屈膝礼。
2445,vhs,P2,W11–W20,释义待核实，不进入核心练习,,释义待核实，不计入核心练习,
2446,credits,P2,W11–W20,释义待核实，不进入核心练习,ˈkrɛdɪts,释义待核实，不计入核心练习,
2447,clearly,P2,W11–W20,,ˈklɪrli,adv. 清楚地，清晰地；毫无疑问，显然；明智地，清醒地,Reforms are clearly in order.　改革显然是顺理成章的。
2448,fix,P2,W11–W20,,ˈfɪks,v. 修理，维修；确定（时间、地点、价格等）；安排，组织；处理，解决（问题等）；固定，安装；使（目光、注意力或思想）集中于；牢记，铭记；把（枪、相机、雷达）瞄准；操纵，作弊；梳洗，整理；整容，矫正（牙齿）；提供，准备（饮食等）；<非正式>惩罚，收拾；固着（颜色），定（影）；<美>阉割（动物）；<非正式>介绍对象；<俚>注射毒品；n. 解决方案（或措施）；窘境，困境；（毒品或致瘾物的）一次用量；方位确定，定位；理解，了解；受操纵的事，勾当；【名】 （Fix）（美）菲克斯（人名）,I'll fix a meeting.　我要安排一次会议。
2449,handle,P2,W11–W20,,ˈhændəl,v. 拿；处理，应付；操纵；触（球）；经营，管理；n. 把手，拉手；柄，提手；（理解、解决问题的）方法，途径；<非正式>（尤指奇怪的）名字，名称；（织物等的）手感；<美，非正式>赌注总额；comb. 有……个柄的，有……柄的,The handle came loose.　这把手松了。
2450,sweet,P2,W11–W20,,ˈswit,adj. 含糖的，甜的；<美> 未加盐的，淡的；芳香的，芬芳的；清新的，纯净的，新鲜的；（声音）甜美的，悦耳的，动听的；<美>（音乐，尤指爵士乐）甜派风格的；惹人喜爱的，可爱的；亲爱的；温和的，和蔼的，善良的；愉快的，惬意的，令人满意的；<非正式> （用于表示同意，赞成）好的；容易操纵的，运转平稳的；丝毫的，一丁点儿的；n. <英>糖果；甜食；<英>餐后甜点；<旧>（亲昵的称呼）宝贝儿，亲爱的；快乐，乐趣（sweets）；芳香,"Don't you worry, my sweet.　你可别担心，宝贝儿。"
2451,desk,P2,W11–W20,,ˈdɛsk,n. 书桌，办公桌，写字台；服务台，问询台；（办理某项业务的）部门；乐谱架，演奏者席；<美>（报社）编辑部；adj. 书桌的，桌上适合用的,The desk looked undisturbed.　那张书桌子看上去没有被动过。
2452,criteria,P2,W11–W20,,kraɪˈtɪriə,n. （评判或做决定的）标准，准则，尺度 （criterion 的复数）,It is hard to make out what criteria are used.　难以辨清使用了什么标准。
2453,pubmed,P2,W11–W20,释义待核实，不进入核心练习,,释义待核实，不计入核心练习,
2454,dave,P2,W11–W20,释义待核实，不进入核心练习,ˈdeɪv,释义待核实，不计入核心练习,
2455,massachusetts,P2,W11–W20,释义待核实，不进入核心练习,ˌmæsəˈtʃusəts,释义待核实，不计入核心练习,
2456,diego,P2,W11–W20,释义待核实，不进入核心练习,diˈeɪɡoʊ,释义待核实，不计入核心练习,
2457,hong,P2,W11–W20,释义待核实，不进入核心练习,ˈhɔŋ,释义待核实，不计入核心练习,
2458,vice,P2,W11–W20,,ˈvaɪs,n. 堕落，邪恶；小毛病，坏习惯；（与性或毒品有关的）罪行，道德败坏行为；老虎钳（同 vise）；<非正式>代理人，任副职者；（尤指马厩里马因厌倦而出现的）劣性，恶癖；v. 握住，钳紧；adj. 副的；代替的，代理的,Greed is a terrible vice.　贪婪是一种恶习。
2459,associate,P2,W11–W20,,əˈsoʊsiət,v. 联想，联系；支持，同意；交往，（尤指）混在一起；n. 同事，伙伴；副学士，准学士；副职，副手；准会员；联想；adj. 副的，准的，非正式的；联合的，有关连的,Mr. Lin is associate director of the Institute.　林先生是该研究所的副主任。
2460,ne,P2,W11–W20,释义待核实，不进入核心练习,ˈni,释义待核实，不计入核心练习,
2461,truck,P2,W11–W20,,ˈtrʌk,n. 卡车，载重汽车；<英>（铁路）运货车皮，敞篷货运火车；（运送东西的）手推车，手拉车；火车转向架；（滑板的）轮转轴；（桅杆或旗杆顶端有孔可穿升降索的）桅冠，旗杆冠；<古>交易，买卖；<美>商品菜园产物（尤指蔬菜）；v. <美>用卡车装运；<美>驾驶卡车；轻松前进，平稳前进；<古>交换，交易；【名】 （Truck）（德）特鲁克（人名）,I've just loaded my truck up.　我刚刚装完我的卡车。
2462,behavior,P2,W11–W20,,bɪˈheɪvjɚ,n. 行为，举止；态度；反应,Your behavior was very remiss.　你的行为很失礼。
2463,enlarge,P2,W11–W20,,ˌɛnˈlɑrdʒ,v. 扩大，增大，放大；详述（enlarge on）,Reading will enlarge your vocabulary.　阅读能扩大词汇量。
2464,ray,P2,W11–W20,,ˈreɪ,n. 光束，光线；（热、电或其他能源的）射线；一丝，一线（希望、慰藉等）；<非正式>（日光浴用语）阳光（rays）；半直线；长音阶第二音，C大调第二音；鳐，魟；辐射状东西；（菊科植物头状花序的）舌状花，（盘）边花；辐肋，鳍刺；（海星的）放射形口腕，辐腕；v. <文> 放射，射出（光线）；呈辐射状伸出，从中心四下延展；【名】 （Ray）雷（人名）,Ray will earn his keep on local farms while studying.　学习期间，雷将在当地农场挣取生活费。
2465,frequently,P2,W11–W20,,ˈfrikwəntli,adv. 经常地，频繁地,He frequently donates large sums to charity.　他经常向慈善机构大笔捐款。
2466,revenue,P2,W11–W20,,ˈrɛvəˌnu,n. （企业、组织的）收入，收益；（政府的）税收；税务局，税务署（the revenue）,"If they overestimate, they lose revenue.　如果他们过高地估算，就会损失收入。"
2467,measure,P2,W11–W20,,ˈmɛʒɚ,n. 措施，办法；适量，适度；判断，衡量；度量单位，计量标准；（酒的）标准量；<美>小节，拍子；象征，迹象；议案，法案；格律单位；计量工具，量器；<古>（尤指庄重或肃穆的）舞蹈，舞步；岩层；（数）除数；（印刷）行宽，页宽；v. 测量；（指尺寸、长短、数量等）量度为；估量，判定（重要性、价值或影响等）；走过；显示，记录；用作……的量器,He irritated me beyond measure.　他使我非常生气。
2468,changing,P2,W11–W20,释义待核实，不进入核心练习,ˈtʃeɪndʒɪŋ,释义待核实，不计入核心练习,
2469,votes,P2,W11–W20,释义待核实，不进入核心练习,ˈvoʊts,释义待核实，不计入核心练习,
2470,du,P2,W11–W20,释义待核实，不进入核心练习,ˈdu,释义待核实，不计入核心练习,
2471,duty,P2,W11–W20,,ˈduti,n. 责任，义务；上班，值班；职责，任务；税，关税；兵役；（牧师的）行礼拜式；（发动机的）功率；【名】 （Duty）（英）迪蒂（人名）,Who's on duty today?　今天谁值班？
2472,looked,P2,W11–W20,释义待核实，不进入核心练习,ˈlʊkt,释义待核实，不计入核心练习,
2473,discussions,P2,W11–W20,释义待核实，不进入核心练习,dɪˈskʌʃənz,释义待核实，不计入核心练习,
2474,bear,P2,W11–W20,,ˈbɛr,v. 手持，携带；（车，船）运输，运送；写有，刻有；以（姓名，头衔）相称；见证，作证；承担，担负（责任）；经得起；承受，容忍；生育（孩子）；（树，植物）结（果实），长出（花）；拐弯；n. 熊；粗暴无礼的人，没教养的人；体格笨重的男人，行动迟缓的男人；（股票）卖空者，做空头者；麻烦事，棘手之事；<非正式>“北极熊”（俄国的外号）；【名】 （Bear）（美）贝尔（人名）,He can't bear being laughed at.　他无法忍受遭人嘲笑。
2475,gain,P2,W11–W20,,ˈɡeɪn,v. 获得，赢得；受益；增加，增长；（经过努力）到达；（钟表）走快；持球前进，推进（一段距离）；n. 增加；好处，改进；收益；将球推进的距离；（常用对数表示的功率或电压的）增益；【名】 （Gain）（英、匈、法）盖恩（人名）,Regular exercise helps prevent weight gain.　经常锻炼有助于防止体重增加。
2476,festival,P2,W11–W20,,ˈfɛstəvəl,n. 活动节期，纪念活动；节日，节庆；adj. 节日的，喜庆的,I declare this festival open.　我宣布庆祝活动开始。
2477,laboratory,P2,W11–W20,,ˈlæbrəˌtɔri,n. 实验室，实验大楼,Laboratory and field tests have been conducted.　已进行实验室试验和现场试验。
2478,ocean,P2,W11–W20,,ˈoʊʃən,n. <美>海洋，大海（the ocean）；（五大洋之一的）洋；<非正式>许多，大量（an ocean of/oceans of）；【名】 （Ocean）（罗）奥切安（人名）,The grey ocean seethed beneath them.　灰蒙蒙的大海在他们下面翻滚。
2479,flights,P2,W11–W20,释义待核实，不进入核心练习,ˈflaɪts,释义待核实，不计入核心练习,
2480,experts,P2,W11–W20,释义待核实，不进入核心练习,ˈɛkspɚts,释义待核实，不计入核心练习,
2481,signs,P2,W11–W20,释义待核实，不进入核心练习,ˈsaɪnz,释义待核实，不计入核心练习,
2482,lack,P2,W11–W20,,ˈlæk,n. 缺乏，不足；v. 缺乏，不足；需要；【名】 （Lack）（美、德）拉克（人名）,His ideas lack depth.　他的想法缺乏深度。
2483,depth,P2,W11–W20,,ˈdɛpθ,n. 深度，纵深；深刻，深奥；深厚，深切；（声音的）低沉；浓度，强度；严重性，严峻性；渊博，老练；纵深感，景深；最深处，极限；低迷状态，非常糟糕的状态,His ideas lack depth.　他的想法缺乏深度。
2484,iowa,P2,W11–W20,释义待核实，不进入核心练习,ˈaɪəwə,释义待核实，不计入核心练习,
2485,whatever,P2,W11–W20,,ˌwʌˈtɛvɚ,det. 任何……的事物，无论什么；pron. 任何事物；究竟是什么；无所谓，什么都可以； <非正式>名叫某某的东西（用于指称不知道的东西）；adv. 任何，丝毫（表强调）；<非正式>不管怎样,He does whatever he pleases.　他想做什么就做什么。
2486,logged,P2,W11–W20,释义待核实，不进入核心练习,ˈlɔɡd,释义待核实，不计入核心练习,
2487,laptop,P2,W11–W20,,ˈlæpˌtɑp,n. 膝上型计算机，便携式电脑（=laptop computer）,"But luckily, my laptop was there.　但幸运的是，我的笔记本电脑在那里。"
2488,vintage,P2,W11–W20,释义待核实，不进入核心练习,ˈvɪntɪdʒ,释义待核实，不计入核心练习,
2489,train,P2,W11–W20,,ˈtreɪn,n. 火车，列车；（行进中的）行列，队列；随从，扈从；一系列，一连串（事件或想法）；裙裾，拖裾；（转动的）轮系，齿轮组；（引爆炸药用的）导火线；v. 培训，训练；（为准备体育赛事而）操练；锻炼，培养（某一素质或能力）；训（兽）；（尤指用枪、照相机）对准，瞄准；使（植物）朝某方向生长，修整；【名】 （Train）（英）特雷恩，（法）特兰，（意）特拉因（人名）,Somewhere a train whistled.　某个地方响起了火车的鸣笛声。
2490,exactly,P2,W11–W20,,ɪɡˈzæktli,adv. 精确地，确切地；（用于强调）恰好，完全；（要求得到更多信息）究竟，到底；<非正式>正是如此，一点不错,What exactly do you mean?　你到底什么意思？
2491,dry,P2,W11–W20,,ˈdraɪ,adj. 干的；干旱的，少雨的；（头发或皮肤）干燥的，干性的；冷面幽默的；枯燥乏味的；口干的，口渴的；脱水的，没有汁的；（酒）无甜味的，不含糖的；（国家）禁酒的；冷漠的，没有感情的；v. （使）变干；变干硬；（因忘记说什么而）张口结舌，说不出话来；n. 干燥过程（或事例）；<美>支持禁酒者,The lake had been pumped dry.　湖水已被抽干。
2492,explore,P2,W11–W20,,ɪksˈplɔr,v. 探讨，探究；考察，探索；（用手或身体其他部位）探查，仔细检查,I just wanted to explore on my own.　我只是想独自考察一下。
2493,maryland,P2,W11–W20,释义待核实，不进入核心练习,ˈmɛrələnd,释义待核实，不计入核心练习,
2494,spa,P2,W11–W20,释义待核实，不进入核心练习,ˈspɑ,释义待核实，不计入核心练习,
2495,concept,P2,W11–W20,,ˈkɑnsɛpt,n. 概念，观念；adj. （围绕）某主题的；为表达一种想法而创造的；v. <非正式>想象，设想,"Ten years on, the original concept was wearing well.　十年过去，最初的观念依然适用。"
2496,nearly,P2,W11–W20,,ˈnɪrli,adv. 几乎，差不多；密切地，亲密地；即将，就要,The bottle's nearly empty.　这瓶子差不多空了。
2497,eligible,P2,W11–W20,,ˈɛlədʒəbəl,adj. 符合条件的，合格的；（婚姻）合适的，合意的；n. 合格者，适任者,They are not eligible for sick pay.　他们没有资格领病假工资。
2498,checkout,P2,W11–W20,释义待核实，不进入核心练习,ˈtʃɛˌkaʊt,释义待核实，不计入核心练习,
2499,reality,P2,W11–W20,,ˌriˈæləˌti,n. 真实，现实；实际经历，见到的事物；真实感，逼真性；存在；（哲学）实在，实在性；adj. 真人秀节目的,She refuses to face reality.　她不肯面对现实。
2500,forgot,P2,W11–W20,释义待核实，不进入核心练习,fɚˈɡɑt,释义待核实，不计入核心练习,
2501,handling,P2,W11–W20,,ˈhændlɪŋ,n. 处理；v. 拿；处理，应付；操纵（handle 的现在分词）,This horse needs firm handling.　这匹马需要严加训练。
2502,origin,P2,W11–W20,,ˈɔrədʒən,n. 起源，起因；出身，血统；（原）产地；肌肉起端；神经（或血管）起端；（数）原点,The origin of the custom is obscure.　该习俗的起源鲜为人知。
2503,knew,P2,W11–W20,释义待核实，不进入核心练习,ˈnu,释义待核实，不计入核心练习,
2504,gaming,P2,W11–W20,,ˈɡeɪmɪŋ,n. 赌博；赌胜负；v. 操纵；玩视频（或电视、电脑）游戏；赌博（game 的现在分词）,Pro gaming is certainly big business.　专业的游戏行业当然是一个大产业。
2505,feeds,P2,W11–W20,释义待核实，不进入核心练习,ˈfidz,释义待核实，不计入核心练习,
2506,billion,P2,W11–W20,,ˈbɪljən,num. 十亿；<旧>万亿；n. 十亿；亿万，大量（billions）；【名】 （Billion）（法）比利翁（人名）,Worldwide sales reached 2.5 billion.　全球销售额达到了25亿。
2507,destination,P2,W11–W20,,ˌdɛstəˈneɪʃən,n. 目的地，终点，目标；adj. 作为目的地的,Our luggage was checked all the way through to our final destination.　我们的行李一直被托运到最终目的地。
2508,scotland,P2,W11–W20,释义待核实，不进入核心练习,ˈskɑtlənd,释义待核实，不计入核心练习,
2509,faster,P2,W11–W20,释义待核实，不进入核心练习,ˈfæstɚ,释义待核实，不计入核心练习,
2510,intelligence,P2,W11–W20,,ˌɪnˈtɛlədʒəns,n. 智力，才智；智能；情报，谍报；情报机构,Why was military intelligence so lacking?　为什么军事情报如此缺乏？
2511,dallas,P2,W11–W20,释义待核实，不进入核心练习,ˈdæləs,释义待核实，不计入核心练习,
2512,bought,P2,W11–W20,释义待核实，不进入核心练习,ˈbɑt,释义待核实，不计入核心练习,
2513,con,P2,W11–W20,,ˈkɑn,n. 骗局，诈骗钱财；囚犯；反对者；反对的论点；指挥驾船（岗位）；<非正式>（尤指科幻小说迷参加的）会议；v. 哄骗，欺骗；指挥（船）的驾驶；adv. （对某事）反对地,The so-called bargain was just a big con!　这种所谓的减价商品只不过是个大骗局！
2514,ups,P2,W11–W20,释义待核实，不进入核心练习,ˈʌps,释义待核实，不计入核心练习,
2515,nations,P2,W11–W20,释义待核实，不进入核心练习,ˈneɪʃənz,释义待核实，不计入核心练习,
2516,route,P2,W11–W20,,ˈrut,n. 路线，航线；道路，路途；常规路线，固定路线；<美>（尤指作为送货工作的）例行拜访，递送路线；途径，方法；（用于美国城市间干线公路编号前）公路（Route）；v. 按特定路线发送（车辆、货物或乘客）；以......线路发送（电话或其他电子信号）,The route is well signposted.　这条路线路标设置完善。
2517,followed,P2,W11–W20,释义待核实，不进入核心练习,ˈfɑloʊd,释义待核实，不计入核心练习,
2518,specifications,P2,W11–W20,释义待核实，不进入核心练习,ˌspɛsəfəˈkeɪʃənz,释义待核实，不计入核心练习,
2519,broken,P2,W11–W20,,ˈbroʊkən,adj. 损坏的，破碎的；衰弱的，颓丧的；间断的，不连续的；破裂的，终止的；违背的，未遵守的；蹩脚的，不流利的；凹凸不平的，坎坷的；v. 打碎；弄坏；违反（break 的过去分词形式）,The TV's broken.　电视机坏了。
2520,tripadvisor,P2,W11–W20,释义待核实，不进入核心练习,,释义待核实，不计入核心练习,
2521,frank,P2,W11–W20,,ˈfræŋk,adj. 坦率的，直言不讳的；明白无误的，症状明显的；v. （在信件上）盖邮资已付印记，盖免付邮资印记；免费邮寄；n. <美> 法兰克福熏肠；免费邮寄权,"""How is Frank?"" he asked.　“弗兰克怎么样？”他问道。"
2522,alaska,P2,W11–W20,释义待核实，不进入核心练习,əˈlæskə,释义待核实，不计入核心练习,
2523,zoom,P2,W11–W20,,ˈzum,v. 快速移动，迅速前往；（价格、数量、大小等）陡升，激增；（使镜头或摄影机）推近（或拉远）；留意到，特别关注；使用视频会议软件 Zoom 与人交流；n. （车辆等）疾驰的声音；变焦镜头；进行变焦摄影；int. 用于表示突然的快速移动嗖，嗖地，霍地,This lightweight zoom camera will fit comfortably into a fanny pack or coat pocket.　这部轻型变焦相机可以很轻易地放入腰包或外套口袋里。
2524,blow,P2,W11–W20,,ˈbloʊ,v. （风）刮，吹；（用嘴）吹气；吹响，吹奏；毁掉，炸毁；（轮胎）爆开，爆裂；（保险丝）烧断，熔化；擤（鼻子）；浪费，挥霍（金钱）；<非正式>出错，错失机会；泄露，暴露；<美，非正式>迅速离开（某地）；<美，非正式>用力投（球）；<英，非正式>讨厌，糟糕；开花；（鲸鱼）喷水；吹制（玻璃）；（苍蝇）产卵于；n. 大风，强风；吹气，擤鼻子；猛击，一击；奋斗，努力；打击，挫折；开花，开花期；<非正式>爵士乐演奏；<非正式>大麻；（炼钢用语）吹炼,Blow! I completely forgot it.　哎呀！我给忘得一干二净了。
2525,battle,P2,W11–W20,,ˈbætəl,n. 战役，战争；争论，斗争；竞赛，较量；拼搏，奋斗；v. 与……作战，和……斗争；搏斗，奋斗；争吵，争论；阻止，打败；【名】 （Battle）（英）巴特尔，（法）巴特勒，（西）巴特莱（人名）,A plaque commemorates the battle.　有一块饰板用来纪念那次战役。
2526,residential,P2,W11–W20,,ˌrɛzɪˈdɛnʃəl,adj. 住宅区的，居民区的 ；家庭的，住宅的；（为工作、学习或受人照料而）住宿（在某地）的,Training involves a two-year residential course.　培训包括两年的住校课程。
2527,anime,P2,W11–W20,,ˌænɪˈmeɪ,n. 日本动漫；n. 日本动画片（常以科幻为主题）；芳香树脂,"One of the more extreme forms of Japanese cosplay is known as animegao, or ""anime face"".　日本 cosplay 里另一知名的更极端的形式为 animegao 或“动漫脸”。"
2528,speak,P2,W11–W20,,ˈspik,说话；讲某种语言,Can you speak slowly?　你能说慢一点吗？
2529,decisions,P2,W11–W20,释义待核实，不进入核心练习,dɪˈsɪʒənz,释义待核实，不计入核心练习,
2530,industries,P2,W11–W20,释义待核实，不进入核心练习,ˈɪndəstriz,释义待核实，不计入核心练习,
2531,protocol,P2,W11–W20,,ˈproʊtəˌkɑl,n. 礼仪，礼节；国际议定书，协议；条约草案，（协议或条约的）附件；（协定，公约）修正案（或增补）；（数据传递的）协议，规约；科学实验计划，医疗方案；（科学实验结果的）官方记录；v. 以协议形式发布；拟定,"While SIP is a request-response protocol, there is not necessarily only one response to every one request.　虽然 SIP 是请求-响应协议，但每个请求不一定只有一个响应与之对应。"
2532,query,P2,W11–W20,,ˈkwiri,n. 疑问，询问；问号；v. 质疑，对……表示疑问；询问，提问,This query is a string.　该查询是一个字符串。
2533,clip,P2,W11–W20,,ˈklɪp,n. 夹子，别针；（电影、电视节目等的）片段；弹夹，弹匣；猛击，抽打；修剪；<非正式>（行动）速度（尤指快速）；一次；（从羊或羊群）剪下的羊毛量；v. 修剪；剪下；减少，缩短；（意外地）斜撞，侧击；<美，非正式>诈骗（某人），抢劫（某人）；截取（图像）；截取（信号）的标准振幅，限幅；夹住，固定住,He gave the hedge a clip.　他把树篱修剪了一下。
2534,partnership,P2,W11–W20,,ˈpɑrtnɚˌʃɪp,n. 合伙（关系），合股；合伙企业；合伙人；（两个人、组织或国家之间的）合作关系，伙伴关系；合伙契约；（板球）（回合结束前或其中一人被迫退场前）一对击球手的跑动得分数,Marriage should be an equal partnership.　婚姻应当是平等的伴侣关系。
2535,editorial,P2,W11–W20,,ˌɛdəˈtɔriəl,adj. 编辑的，主编的；社论的；n. 社论，社评；（报刊的）由编辑撰写的部分，非广告部分,Your editorial blithely ignores the hard facts.　你们的社论轻率地忽略了铁的事实。
2536,nt,P2,W11–W20,释义待核实，不进入核心练习,,释义待核实，不计入核心练习,
2537,expression,P2,W11–W20,,ɪkˈsprɛʃən,n. 表达，表示；表情，神情；（表演、歌唱或演奏时的）情感表现；词语，措词；式，表达式；挤压,Her expression was glacial.　她表情冷淡。
2538,es,P2,W11–W20,释义待核实，不进入核心练习,ˈɛs,释义待核实，不计入核心练习,
2539,equity,P2,W11–W20,,ˈɛkwəti,n. 公平，公正；资产净值；普通股；衡平法,"Batman may win every hand, but equity investors should still fear the Joker.　《蝙蝠侠》可能战无不胜，但股权投资者仍应提防着《小丑》。"
2540,provisions,P2,W11–W20,释义待核实，不进入核心练习,prəˈvɪʒənz,释义待核实，不计入核心练习,
2541,speech,P2,W11–W20,,ˈspitʃ,n. 演说，发言，谈话；说话的能力；说话方式；口语，言语；（戏剧中的）台词；（该词常用于使某人感到自己所说的话很愚蠢）长篇大论,He muffed his opening speech.　他搞砸了自己的开幕讲话。
2542,wire,P2,W11–W20,,ˈwaɪɚ,n. 金属丝，金属线；电线，导线；隐蔽式电子收听器；<美>电报；<美>（赛马）起跑线，终点线（the wire）；铁丝网（the wire）；用金属丝制的，用金属线制的；<美>通讯社；v. 给……接上电线，接通（电源）；（用电线）接通，连接；电汇（钱款）；发电报给（某人）；用金属线固定（或加固）；给……安装窃听器；用金属网诱捕（动物）；（槌球）在拱门边阻挡（球，射球，选手）；【名】 （Wire）怀尔（人名）,The wire led to a speaker.　这电线连接着扬声器。
2543,principles,P2,W11–W20,释义待核实，不进入核心练习,ˈprɪnsəpəlz,释义待核实，不计入核心练习,
2544,suggestions,P2,W11–W20,释义待核实，不进入核心练习,səˈdʒɛstʃənz,释义待核实，不计入核心练习,
2545,rural,P2,W11–W20,,ˈrʊrəl,adj. 农村的，乡村的；有乡村特色的，有乡土气息的,It was a delightful rural scene.　那是赏心悦目的乡村风光。
2546,shared,P2,W11–W20,释义待核实，不进入核心练习,ˈʃɛrd,释义待核实，不计入核心练习,
2547,sounds,P2,W11–W20,释义待核实，不进入核心练习,ˈsaʊndz,释义待核实，不计入核心练习,
2548,replacement,P2,W11–W20,,rɪˈpleɪsmənt,n. 代替，更换；取代（或代替）的人（或物）；补充兵员,We need to find a replacement for Sue.　我们需要找一个替代休的人。
2549,tape,P2,W11–W20,,ˈteɪp,n. 磁带，录音带；录了音的盒式磁带，录了像的盒式磁带；胶带，胶布；（用来绑东西或作界限标记的）布条，线带；（赛跑中的）终点线；卷尺；v. （用磁带）录音，录像；用胶带粘贴；用带子系紧；<美> 用（绷带）包扎（受伤部位）；【名】 （Tape）泰普（人名）,We've got her statement on tape.　我们已经把她的陈述录在磁带上了。
2550,strategic,P2,W11–W20,,strəˈtidʒɪk,adj. 战略（性）的， 策略（上）的；（计划或战略上）有用的，重要的；（武器、战争或地方）战略性的，有战略优势的,The decision is the strategic fulcrum of the Budget.　该决定是预算中的战略支点。
2551,judge,P2,W11–W20,,ˈdʒʌdʒ,n. 法官，审判官；裁判员，评判员；鉴定人，行家；士师（古犹太人领袖称谓）；v. 判断，认为；裁判，评判；估计，估算（数量、距离、尺寸等）；批评，指责；审判，审理；【名】 （Judge）（英、美、爱）贾奇（人名）,The judge allowed my claim.　法官同意我的要求。
2552,spam,P2,W11–W20,,ˈspæm,n. 垃圾电邮；（斯帕姆）午餐肉（Spam）；v. 向……群发垃圾邮件；n. （Spam）（俄、美）史琶姆（人名）,Spamhaus listed the SpamIt.com organization as the world's single largest sponsor of spam.　国际反垃圾邮件组织将 SpamIt.com 组织列为全球垃圾邮件最大的赞助商。
2553,economics,P2,W11–W20,,ˌɛkəˈnɑmɪks,经济学；n. 经济学；经济情况；经济体制,Economics is an inexact science.　经济学是一门不精确的科学。
2554,acid,P2,W11–W20,,ˈæsəd,n. 酸；<非正式>迷幻药；尖刻（或尖酸）的言语（或语调）；质子供体，电子对受体；adj. 酸的；酸性的；尖酸的，刻薄的；（颜色）刺目的，鲜亮的；（岩石，尤指熔岩）含相当量硅石的,Acid corrodes metal.　酸腐蚀金属。
2555,bytes,P2,W11–W20,释义待核实，不进入核心练习,ˈbaɪts,释义待核实，不计入核心练习,
2556,cent,P2,W11–W20,,ˈsɛnt,n. 分（美元、欧元等的货币单位）；<非正式>小钱；<非正式>分毫（用来强调没钱）；（乐）音分；【名】 （Cent）（法）桑（人名）,I'm not a hundred per cent sure.　我不能百分之百肯定。
2557,forced,P2,W11–W20,释义待核实，不进入核心练习,ˈfɔrst,释义待核实，不计入核心练习,
2558,compatible,P2,W11–W20,,kəmˈpætəbəl,adj. 兼容的；可共存的；可和睦相处的；与……一致的；n. 兼容性计算机,The new system will be compatible with existing equipment.　新的系统将与现有的设备相互兼容。
2559,fight,P2,W11–W20,,ˈfaɪt,v. 与……作斗争，坚决反对；努力争取，为……而斗争；打仗，作战；打架；争吵，争论；参加拳击赛；打官司，进行（诉讼，辩护等）；努力抑制（情感）；n. 斗争；打斗，打架；争吵，争论；拳击比赛；战斗；斗志,The referee stopped the fight.　裁判叫停了那场拳击赛。
2560,apartment,P2,W11–W20,,əˈpɑrtmənt,n. 公寓套房；（总统等要人的）房间，套间,They live in an apartment uptown.　他们住在市郊的一套公寓。
2561,height,P2,W11–W20,,ˈhaɪt,n. 身高；高；高度；高处，高地；极佳状况；极端例子,What is your height and weight?　你的身高和体重是多少？
2562,null,P2,W11–W20,,ˈnʌl,adj. 无约束力的，无效的；零值的，等于零的；（数）（集合，矩阵）空的，元素只有零的；无特征的，无内涵的 n. &lt;文&gt;零；（密码中的）无意义暗码；（电子）无信号；无电磁辐射的方向 v. 使（信号）与另一信号结合产生无信号状态，抵消；adj. 无约束力的，无效的；零值的，等于零的；（数）（集合，矩阵）空的，元素只有零的；无特征的，无内涵的；n. <文>零；（密码中的）无意义暗码；（电子）无信号；无电磁辐射的方向,"That vector is called a ""null vector"".　那种矢量就叫做”零矢量“。"
2563,zero,P2,W11–W20,,ˈzɪroʊ,num. 零；n. 零点，零度；n. （Zero）（意）泽罗（人名）,You've left off a zero.　你漏掉了一个零。
2564,speaker,P2,W11–W20,,ˈspikɚ,n. 发言者，演讲者；说话者；讲某种语言的人；扬声器，喇叭；（议会或立法机构的）议长（Speaker）；【名】 （Speaker）斯皮克（人名）,The wire led to a speaker.　这电线连接着扬声器。
2565,filed,P2,W11–W20,释义待核实，不进入核心练习,ˈfaɪld,释义待核实，不计入核心练习,
2566,gb,P2,W11–W20,释义待核实，不进入核心练习,,释义待核实，不计入核心练习,
2567,netherlands,P2,W11–W20,释义待核实，不进入核心练习,ˈnɛðɚləndz,释义待核实，不计入核心练习,
2568,obtain,P2,W11–W20,,əbˈteɪn,v. （尤指通过艰难的过程）得到，获得；<正式>（规则或情况）存在，通用,He admitted conspiring to obtain property by deception.　他承认曾密谋通过欺骗获取财产。
2569,bc,P2,W11–W20,释义待核实，不进入核心练习,ˌbiˈsi,释义待核实，不计入核心练习,
2570,consulting,P2,W11–W20,释义待核实，不进入核心练习,kənˈsʌltɪŋ,释义待核实，不计入核心练习,
2571,recreation,P2,W11–W20,,ˌrɛkriˈeɪʃən,n. 娱乐（活动），消遣（活动）；重现，重建,I play the flute in a wind band for recreation.　我在管乐队吹长笛消遣。
2572,offices,P2,W11–W20,释义待核实，不进入核心练习,ˈɔfəsəz,释义待核实，不计入核心练习,
2573,designer,P2,W11–W20,,dɪˈzaɪnɚ,n. 设计师，设计者；谋划者；adj. 由著名设计师设计的，标有设计师姓名的；时尚的，时髦的,Carolyne is a fashion designer.　卡罗琳是位时装设计师。
2574,remain,P2,W11–W20,,rɪˈmeɪn,v. 逗留，留下；剩余，遗留；保持不变，一直是；仍需去做（或处理）；n. 剩余（物），遗迹；遗体，残骸,Japanese banks remain bearish.　日本银行继续看跌。
2575,managed,P2,W11–W20,释义待核实，不进入核心练习,ˈmænədʒd,释义待核实，不计入核心练习,
2576,pr,P2,W11–W20,释义待核实，不进入核心练习,ˌpiˈɑr,释义待核实，不计入核心练习,
2577,failed,P2,W11–W20,,ˈfeɪld,adj. 失败的；难以为继的；有故障的；v. 失败；未能做到，未能做；辜负，使失望（fail 的过去式和过去分词形式）,Bob failed his physical.　鲍勃没有通过体格检查。
2578,marriage,P2,W11–W20,,ˈmɛrɪdʒ,n. 结婚，婚姻；婚礼；紧密结合；配对（指伯齐克和其他牌戏中同花色K与Q组合）；【名】 （Marriage）（英）马里奇（人名）,His first marriage broke up.　他的第一次婚姻破裂了。
2579,roll,P2,W11–W20,,ˈroʊl,v. （使）翻滚，滚动；（使）翻身，翻转；行驶，开动；（机器）转动，运转；（液体）滚落，滑落；使……成球状（或管状）；使平坦，压平；把（衣服的边）卷起来；（使）摇摆，摇晃；（使）原地转圈，翻白眼；摇（车窗），卷（窗帘等）；发出持续的声音；（时间）流逝；（产品）从（流水线，机器）产出；<非正式>盗窃；连获成功；n. 卷，卷轴；卷状食品；赘肉，肥肉；名单，花名册；一管；滚动，翻滚；左右摇晃，振荡；隆隆声，轰轰响；掷骰子；压路机，辊轧机；（地形的）延绵起伏；【名】 （Roll）（美、挪、加）罗尔（人名）,Comedy is the new rock and roll.　说笑表演风头直追摇滚乐。
2580,korea,P2,W11–W20,释义待核实，不进入核心练习,ˌkɔˈriə,释义待核实，不计入核心练习,
2581,banks,P2,W11–W20,释义待核实，不进入核心练习,ˈbæŋks,释义待核实，不计入核心练习,
2582,fr,P2,W11–W20,释义待核实，不进入核心练习,,释义待核实，不计入核心练习,
2583,participants,P2,W11–W20,释义待核实，不进入核心练习,pɑrˈtɪsəpənts,释义待核实，不计入核心练习,
2584,secret,P2,W11–W20,,ˈsikrət,adj. 秘密的，保密的；（感情、担心、行动）不公开的，暗自的；（某人的行为）诡秘的，神秘的；善于掩饰自己的，严守秘密的；n. 秘密，内情；神秘，奥秘；秘诀，诀窍；（罗马天主教弥撒捐献仪式后牧师的）默祷；【名】 （Secret）（法）塞克雷（人名）,Can you keep a secret ?　你能保守秘密吗？
2585,bath,P3,W21–W30,,ˈbæθ,n. 浴缸，浴盆；洗澡，沐浴；浴室；池，盆；v. 给……洗澡；洗澡，沐浴,The baby loves bath time.　这婴儿喜欢洗澡的时候。
2586,aa,P3,W21–W30,释义待核实，不进入核心练习,,释义待核实，不计入核心练习,
2587,kelly,P3,W21–W30,释义待核实，不进入核心练习,ˈkɛli,释义待核实，不计入核心练习,
2588,leads,P3,W21–W30,释义待核实，不进入核心练习,ˈlidz,释义待核实，不计入核心练习,
2589,negative,P3,W21–W30,,ˈnɛɡətɪv,adj. 有害的，负面的；悲观的，消极的；否定的，拒绝的；否定式的；（结果）阴性的；负极的，阴极的；负的，小于零的；亏损的；负像的，底片的；（天文）负的；<英>（立法）自动生效的；Rh阴性的；n. 底片，负片；否定词，否定句；坏处，害处；阴性结果；（逻）（对命题的）否定；负电；负数；v. 拒绝，否定；推翻，证伪；消除，抵消,His response was negative.　他的回答是否定的。
2590,austin,P3,W21–W30,释义待核实，不进入核心练习,ˈɔstən,释义待核实，不计入核心练习,
2591,favorites,P3,W21–W30,释义待核实，不进入核心练习,ˈfeɪvɚɪts,释义待核实，不计入核心练习,
2592,toronto,P3,W21–W30,释义待核实，不进入核心练习,tɚˈɑntoʊ,释义待核实，不计入核心练习,
2593,theater,P3,W21–W30,,ˈθiətɚ,n. 电影院，戏院，剧场；戏剧；手术室,Hurry to the New Theater.　快点去新剧院。
2594,springs,P3,W21–W30,释义待核实，不进入核心练习,ˈsprɪŋz,释义待核实，不计入核心练习,
2595,missouri,P3,W21–W30,释义待核实，不进入核心练习,məˈzʊri,释义待核实，不计入核心练习,
2596,andrew,P3,W21–W30,释义待核实，不进入核心练习,ˈændru,释义待核实，不计入核心练习,
2597,var,P3,W21–W30,释义待核实，不进入核心练习,,释义待核实，不计入核心练习,
2598,perform,P3,W21–W30,,pɚˈfɔrm,v. 演出，表演；执行，履行（尤指复杂的任务或行动）；运行，表现；起…...作用，有…...功能,I'm looking forward to seeing you perform.　我期待着看你演出。
2599,healthy,P3,W21–W30,,ˈhɛlθi,adj. 健康的，健壮的；有益身心的；明智的，合理的；运作良好的，兴旺发达的；大量的，可观的,He has a healthy appetite.　他有健康的胃口。
2600,translation,P3,W21–W30,,trænzˈleɪʃən,n. 翻译；译文，译本；译词，译语；转变，转化；（生）转译；转移；（数）平移；调任,The irony is lost in translation.　原文的反语用法在翻译中丢失了。
2601,estimates,P3,W21–W30,释义待核实，不进入核心练习,ˈɛstəməts,释义待核实，不计入核心练习,
2602,font,P3,W21–W30,释义待核实，不进入核心练习,ˈfɑnt,释义待核实，不计入核心练习,
2603,assets,P3,W21–W30,释义待核实，不进入核心练习,ˈæˌsɛts,释义待核实，不计入核心练习,
2604,injury,P3,W21–W30,,ˈɪndʒɚi,n. （身体上的）伤，损害；<法律>（对感情的）伤害，挫伤,She narrowly escaped injury.　她险些儿受伤了。
2605,mt,P3,W21–W30,释义待核实，不进入核心练习,ˈmaʊnt,释义待核实，不计入核心练习,
2606,joseph,P3,W21–W30,释义待核实，不进入核心练习,ˈdʒoʊsəf,释义待核实，不计入核心练习,
2607,ministry,P3,W21–W30,,ˈmɪnəstri,n. （政府的）部，部办公楼；（全体）牧师；神职，神职任期；一任首相的执政期；照料，服务,The firm has a cosy relationship with the Ministry of Defence.　这家公司与国防部关系默契。
2608,drivers,P3,W21–W30,释义待核实，不进入核心练习,ˈdraɪvɚz,释义待核实，不计入核心练习,
2609,lawyer,P3,W21–W30,,ˈlɔjɚ,n. 律师；v. 从事法律工作，当律师；（律师）处理法律事务；【名】 (Lawyer)（英）劳耶（人名）,I should like to call my lawyer.　我希望给我的律师打个电话。
2610,figures,P3,W21–W30,释义待核实，不进入核心练习,ˈfɪɡjɚz,释义待核实，不计入核心练习,
2611,married,P3,W21–W30,,ˈmɛrid,adj. 结婚的，已婚的；婚姻的，夫妇的；专心于……的，全神贯注于……的；紧密结合的；n. 已婚者；v. 结婚，嫁，娶；为……主持婚礼；把……嫁给，为……娶亲（marry 的过去式和过去分词形式）,She married a German.　她嫁给了一个德国人。
2612,protected,P3,W21–W30,释义待核实，不进入核心练习,prəˈtɛktɪd,释义待核实，不计入核心练习,
2613,proposal,P3,W21–W30,,prəˈpoʊzəl,n. 提议，建议；提案；（计划、建议等的）提出；求婚,The proposal was emphatically defeated.　这个建议已被断然否决。
2614,sharing,P3,W21–W30,释义待核实，不进入核心练习,ˈʃɛrɪŋ,释义待核实，不计入核心练习,
2615,philadelphia,P3,W21–W30,释义待核实，不进入核心练习,ˌfɪləˈdɛlfiə,释义待核实，不计入核心练习,
2616,portal,P3,W21–W30,释义待核实，不进入核心练习,ˈpɔrtəl,释义待核实，不计入核心练习,
2617,waiting,P3,W21–W30,释义待核实，不进入核心练习,ˈweɪtɪŋ,释义待核实，不计入核心练习,
2618,birthday,P3,W21–W30,,ˈbɝθˌdeɪ,n. 生日，诞辰；诞生的日子,Today is her tenth birthday.　今天是她的十岁生日。
2619,beta,P3,W21–W30,释义待核实，不进入核心练习,ˈbeɪtə,释义待核实，不计入核心练习,
2620,fail,P3,W21–W30,,ˈfeɪl,v. 失败；未能做到，未能做；辜负，使失望；不及格，未能通过；出故障，失灵；衰弱，衰退；破产，倒闭；歉收；不下雨，下雨少；忘记；n. 不及格；<非正式>过失，失败；【名】 （Fail）（葡、捷）法伊尔，（法）法伊（人名）,Me? Fail? I don't think so.　我？失败？我可不这样认为。
2621,gratis,P3,W21–W30,释义待核实，不进入核心练习,ˈɡrætəs,释义待核实，不计入核心练习,
2622,banking,P3,W21–W30,释义待核实，不进入核心练习,ˈbæŋkɪŋ,释义待核实，不计入核心练习,
2623,officials,P3,W21–W30,释义待核实，不进入核心练习,əˈfɪʃəlz,释义待核实，不计入核心练习,
2624,brian,P3,W21–W30,释义待核实，不进入核心练习,ˈbraɪən,释义待核实，不计入核心练习,
2625,toward,P3,W21–W30,,təˈwɔrd,prep. 向；趋向；对于；接近（时间）；靠近；用于，为了（同towards）；adj. 即将来到的，进行中的；n. （Toward）（美、加、沙特）特沃德,I took a step toward him.　我朝他迈出了一步。
2626,won,P3,W21–W30,释义待核实，不进入核心练习,ˈwʌn,释义待核实，不计入核心练习,
2627,slightly,P3,W21–W30,,ˈslaɪtli,adv. 稍微，轻微地；（指某人身材）纤弱地，瘦小地,He braked the car slightly.　他稍稍刹车。
2628,assist,P3,W21–W30,,əˈsɪst,v. 帮助，协助；<古>参加，出席；n. （球赛中的）助攻；资助，帮助,Anyone willing to assist can contact this number.　凡愿协助者可拨此号码联系。
2629,conduct,P3,W21–W30,,ˈkɑndəkt,v. 实施，进行；指挥；带领，引导；举止，表现；传导；n. 行为，举止；经营方式，管理方法,He was ejected for unsporting conduct.　他因为不符合运动员道德的行为被驱逐。
2630,contained,P3,W21–W30,释义待核实，不进入核心练习,kənˈteɪnd,释义待核实，不计入核心练习,
2631,lingerie,P3,W21–W30,释义待核实，不进入核心练习,ˈlɑnʒɚˌeɪ,释义待核实，不计入核心练习,
2632,legislation,P3,W21–W30,,ˌlɛdʒəˈsleɪʃən,n. 法规，法律；立法，制订法律,The legislation is still in draft form.　这条法规还只是项草案。
2633,calling,P3,W21–W30,释义待核实，不进入核心练习,ˈkɔlɪŋ,释义待核实，不计入核心练习,
2634,parameters,P3,W21–W30,释义待核实，不进入核心练习,pɚˈæmətɚz,释义待核实，不计入核心练习,
2635,jazz,P3,W21–W30,,ˈdʒæz,n. 爵士乐；爵士乐舞蹈（jazz ballet/jazz dance）；毫无意义的话；诸如此类的事情；adj. 爵士乐的；v. <旧>演奏爵士乐；<旧>跳爵士舞；使活泼；游荡,Jazz is mother's milk to me.　爵士乐对于我来说是不可或缺的。
2636,serving,P3,W21–W30,释义待核实，不进入核心练习,ˈsɝvɪŋ,释义待核实，不计入核心练习,
2637,bags,P3,W21–W30,释义待核实，不进入核心练习,ˈbæɡz,释义待核实，不计入核心练习,
2638,profiles,P3,W21–W30,释义待核实，不进入核心练习,ˈproʊˌfaɪlz,释义待核实，不计入核心练习,
2639,miami,P3,W21–W30,释义待核实，不进入核心练习,maɪˈæmi,释义待核实，不计入核心练习,
2640,comics,P3,W21–W30,释义待核实，不进入核心练习,ˈkɑmɪks,释义待核实，不计入核心练习,
2641,matters,P3,W21–W30,释义待核实，不进入核心练习,ˈmætɚz,释义待核实，不计入核心练习,
2642,houses,P3,W21–W30,释义待核实，不进入核心练习,ˈhaʊsəz,释义待核实，不计入核心练习,
2643,doc,P3,W21–W30,释义待核实，不进入核心练习,ˈdɑk,释义待核实，不计入核心练习,
2644,postal,P3,W21–W30,释义待核实，不进入核心练习,ˈpoʊstəl,释义待核实，不计入核心练习,
2645,relationships,P3,W21–W30,释义待核实，不进入核心练习,riˈleɪʃənˌʃɪps,释义待核实，不计入核心练习,
2646,tennessee,P3,W21–W30,释义待核实，不进入核心练习,ˌtɛnəˈsi,释义待核实，不计入核心练习,
2647,wear,P3,W21–W30,,ˈwɛr,v. 穿（衣服），戴（首饰等）；蓄（须），留（发）；销蚀，磨损，踩出（路），磨出（洞）；流露，面带（某种表情）；使疲乏，使虚弱，使厌倦；经久耐用；不显老；<英，非正式>允许，接受；（船）升，挂（旗）；<文>消磨（时间） ；（航海）使（船头）转向下风；n. （特定人群、场合或用途穿的）服装；穿，戴；（因长期使用而造成的）磨损，损坏；耐用性，经久性,She doesn't often wear heels.　她不常穿高跟鞋。
2648,controls,P3,W21–W30,释义待核实，不进入核心练习,kənˈtroʊlz,释义待核实，不计入核心练习,
2649,breaking,P3,W21–W30,释义待核实，不进入核心练习,ˈbreɪkɪŋ,释义待核实，不计入核心练习,
2650,combined,P3,W21–W30,释义待核实，不进入核心练习,kəmˈbaɪnd,释义待核实，不计入核心练习,
2651,ultimate,P3,W21–W30,,ˈʌltəmət,adj. 最终的，最后的；最根本的，最基础的；极限的，终极的；首要的，决定性的；（太空或时空中）最遥远的；（物理）极限的；n. 最好的事物，最终的事物；最终（或最根本）的事实（或原则）；<美>极限飞盘（Ultimate Frisbee 的简称）；v. 结束,Treachery was the ultimate sin.　背叛曾是弥天大罪。
2652,wales,P3,W21–W30,释义待核实，不进入核心练习,ˈweɪlz,释义待核实，不计入核心练习,
2653,representative,P3,W21–W30,,ˌrɛprəˈzɛntətɪv,adj. 典型的，有代表性的；代表各类人（或事物）的；由代表组成的，代议制的；表现的，体现的；（艺术）具象派的；（哲） （与）表象（有关）的；n. 代表，代理人；代表他人者；销售代表，销售代理；典型人物，有代表性的事物；（美国）众议院议员；（类或群的）样本，代表物,He was the Queen's representative at the ceremony.　他代表女王出席了庆典。
2654,frequency,P3,W21–W30,,ˈfrikwənsi,n. 出现次数；频繁；频率,You can't hear waves of such a high frequency.　你听不到这么高频率的声波。
2655,introduced,P3,W21–W30,释义待核实，不进入核心练习,ˌɪntrəˈdust,释义待核实，不计入核心练习,
2656,minor,P3,W21–W30,,ˈmaɪnɚ,adj. 较小的，次要的，轻微的；（疾病）不严重的，（手术）小的；小调的，小音阶的；未成年的；数量少的，范围小的；（逻）小（项）；<英，旧>（两兄弟或同姓男生中）年龄更小的；n. 未成年人；辅修课程；（美国大学中的）辅修生；（乐）小调，小音程；（逻）小项，小前提；禾夜蛾；v. 辅修,I can put up with minor inconveniences.　我能忍受些小的不便。
2657,finish,P3,W21–W30,,ˈfɪnɪʃ,吃完；喝完；用尽；v. 完成，做好；（使）结束；消耗尽（所剩之物）；（比赛中）获得（名次）；（英式足球用语）进球；对（物件）做最后加工；杀死，歼灭；使精疲力竭；<旧>为（少女）进入上流社会做好准备；<非正式>使精疲力竭；n. 结尾，结局；（赛跑、比赛的）终点；最后精细加工；饰面，饰面材料；（葡萄酒或啤酒的）余味,"Listen, I finish at one.　听着，我一点钟结束。"
2658,departments,P3,W21–W30,释义待核实，不进入核心练习,dɪˈpɑrtmənts,释义待核实，不计入核心练习,
2659,residents,P3,W21–W30,释义待核实，不进入核心练习,ˈrɛzɪdənts,释义待核实，不计入核心练习,
2660,noted,P3,W21–W30,,ˈnoʊtəd,adj. 著名的，有名的；v. 注意，留意；指出，特别提到；记录（note 的过去式和过去分词）,"Suddenly, I noted that the rain had stopped.　突然，我注意到雨已经停了。"
2661,displayed,P3,W21–W30,释义待核实，不进入核心练习,dɪsˈpleɪd,释义待核实，不计入核心练习,
2662,mom,P3,W21–W30,,ˈmɑm,n. 妈妈；n. （Mom）人名；（柬）蒙,"Are you listening, Mom?　妈，你在听吗？"
2663,reduced,P3,W21–W30,释义待核实，不进入核心练习,rəˈdust,释义待核实，不计入核心练习,
2664,physics,P3,W21–W30,,ˈfɪzɪks,物理学；n. 物理学；物理特性，物理现象,Physics used to be very much a male domain.　物理学曾在很大程度上是男人的领域。
2665,rare,P3,W21–W30,,ˈrɛr,adj. 少见的，不常发生的；稀罕的，珍贵的；半熟的，半生的；（品质）极好的，杰出的；（空气）稀薄的，缺氧的；<英，非正式>非常的，极度的,This species is extremely rare.　这一物种极为罕见。
2666,spent,P3,W21–W30,释义待核实，不进入核心练习,ˈspɛnt,释义待核实，不计入核心练习,
2667,performed,P3,W21–W30,释义待核实，不进入核心练习,pɚˈfɔrmd,释义待核实，不计入核心练习,
2668,extreme,P3,W21–W30,,ɛkˈstrim,adj. 极大的，极度的；极端的，严重的；过分的，偏激的；尽头的，末端的；极限的，从事极限运动的；n. （观点或行为方式的）极端；（事物的）极度；端顶，端词,His politics are extreme.　他的政治观点偏激。
2669,samples,P3,W21–W30,释义待核实，不进入核心练习,ˈsæmpəlz,释义待核实，不计入核心练习,
2670,davis,P3,W21–W30,释义待核实，不进入核心练习,ˈdeɪvəs,释义待核实，不计入核心练习,
2671,daniel,P3,W21–W30,释义待核实，不进入核心练习,ˈdænjəl,释义待核实，不计入核心练习,
2672,bars,P3,W21–W30,释义待核实，不进入核心练习,ˈbɑrz,释义待核实，不计入核心练习,
2673,reviewed,P3,W21–W30,释义待核实，不进入核心练习,rivˈjud,释义待核实，不计入核心练习,
2674,row,P3,W21–W30,,ˈroʊ,n. 一排，一行；（剧院、体育场等的）一排座位；街（用于某些道路名称）；（表格的）横线，横栏；（编织中的）针行；划船（时间）；<英> 严重分歧，纠纷；<英> 吵架，争吵；<英> （持续时间长的）喧闹声，吵嚷声；<英> 严厉斥责；v. 划（船）；划船送（某人或某物）；参加划船比赛；<英> 争吵，吵架；<英> 痛斥，责骂；使……成排；【名】 （Row）（英）罗（人名）,I took Daniel for a row.　我带丹尼尔去划船了。
2675,oz,P3,W21–W30,释义待核实，不进入核心练习,ˈɑz,释义待核实，不计入核心练习,
2676,forecast,P3,W21–W30,,ˈfɔrˌkæst,v. 预测，预报；n. 预测，预报,Snow is forecast for tomorrow.　预报明天有雪。
2677,removed,P3,W21–W30,释义待核实，不进入核心练习,riˈmuvd,释义待核实，不计入核心练习,
2678,helps,P3,W21–W30,释义待核实，不进入核心练习,ˈhɛlps,释义待核实，不计入核心练习,
2679,singles,P3,W21–W30,释义待核实，不进入核心练习,ˈsɪŋɡəlz,释义待核实，不计入核心练习,
2680,administrator,P3,W21–W30,,ədˈmɪnəˌstreɪtɚ,n. （公司、学校等的）管理者，行政人员；（死者）遗产管理人，（债务人、其他个人或破产公司）资产管理人,He is well-intentioned but a poor administrator.　他用意良好，但却是位糟糕的管理者。
2681,cycle,P3,W21–W30,,ˈsaɪkəl,n. 自行车，摩托车；循环，周期；组诗，组歌；整套，系列；自行车骑行；一段时间；v. 骑自行车；循环,We went for a cycle ride on Sunday.　我们星期天骑自行车去兜风了。
2682,amounts,P3,W21–W30,释义待核实，不进入核心练习,əˈmaʊnts,释义待核实，不计入核心练习,
2683,contain,P3,W21–W30,,kənˈteɪn,v. 包含，容纳；遏制，防止……蔓延；抑制（感情）,Most vegetables contain fibre.　大多数蔬菜含有纤维。
2684,accuracy,P3,W21–W30,,ˈækjɚəsi,n. 准确性，精确性；准确，精确,A high degree of accuracy is needed.　需要高度的准确性。
2685,dual,P3,W21–W30,,ˈduəl,adj. 双的，双重的；双数的；（飞机）双重控制的，复式操纵的；（定理、表达式等）对偶的；n. 双数词；对偶定理（或表达式等）；v. <英>把（道路）改为复式车行道,Dual language programs can be an exception.　双语课程可能是个例外。
2686,rise,P3,W21–W30,,ˈraɪz,v. （数字、 数量、价值）增加；升高，上升；起身，站起；（权力或地位）提高；耸立，隆起；（声音）变响，变大；（太阳、月亮）升起；（感情或情绪） 变得强烈；（面包、蛋糕等）发酵；起床；复活，再生；休会，休庭；（风力）加强，增强；（河流）发源；起义，反抗；脸红，涨红；（毛发）竖起；（胃）感到恶心；接近（某个年龄）；n. （数量或水平的）增加，改善；<英>加薪；（地位的）升高，增强；上升，升起；小山丘，斜坡；（声音或声调的）提高；源头，起源；兴起，高涨,I'm going to ask for a rise.　我打算要求加薪。
2687,usd,P3,W21–W30,释义待核实，不进入核心练习,,释义待核实，不计入核心练习,
2688,sleep,P3,W21–W30,,ˈslip,v. 睡，睡觉；供……住宿；（尤指入夜后某地或建筑物）沉寂，静寂；<文>安息，安眠；发生性关系；n. 睡眠，睡觉；（一段） 睡眠时间；眵，眼屎；<文>死，长眠；【名】 （Sleep）斯利普（姓氏）,Finally she drifted into sleep.　最后她不知不觉地睡着了。
2689,mg,P3,W21–W30,释义待核实，不进入核心练习,ˌɛmˈɡi,释义待核实，不计入核心练习,
2690,bird,P3,W21–W30,,ˈbɝd,名词 n. 鸟；年轻女子，姑娘；人，家伙；飞机，飞船，卫星；供捕猎（或食用）的鸟；羽毛球；<英，非正式>监狱，服刑期（doing bird）；喝倒彩，起哄（give sb. the bird）；【名】 （Bird）（英、西）伯德（人名）,The bird continued to warble.　鸟儿继续啁啾。
2691,pharmacy,P3,W21–W30,,ˈfɑrməsi,n. 药店；（医院的）药房，配药室；药剂学，配药学；一批备用药品,He spent four years studying pharmacy.　他花了4年时间学习药剂学。
2692,brazil,P3,W21–W30,释义待核实，不进入核心练习,brəˈzɪl,释义待核实，不计入核心练习,
2693,creation,P3,W21–W30,,kriˈeɪʃən,n. 创造，创建；作品，创作；（上帝）创造天地；宇宙，世界，天地万物；授予，册封,The bathroom is entirely my own creation.　这个浴室完全是我个人的创作。
2694,static,P3,W21–W30,,ˈstætɪk,adj. 静止的，停滞的；静电的；静力的；（计算机）（储存器，储存）静态的；（计算机）（程序，变量）静态的；（物理）（物体）静止的，不动的；n. 静电；（广播、电视里的）静电噪声，静电干扰；<美，非正式>不停的抱怨，指责；静力学,My hair gets full of static when I brush it.　我梳头时头发就有好多静电。
2695,scene,P3,W21–W30,,ˈsin,n. 事发地，现场；事件，场面；（戏剧、书、电影等的）片段，情节；（戏剧的）一场；（戏剧）布景；活动领域，圈子；（某地方或图画中的）景色，景象；（当众）发脾气，吵闹；<非正式>同性恋者常去的社交场所,It's a scene of complete devastation.　那是一幅满目疮痍的景象。
2696,hunter,P3,W21–W30,释义待核实，不进入核心练习,ˈhʌntɚ,释义待核实，不计入核心练习,
2697,addresses,P3,W21–W30,释义待核实，不进入核心练习,ˌæˈdrɛsɪz,释义待核实，不计入核心练习,
2698,lady,P3,W21–W30,,ˈleɪdi,n. （尤为表示礼貌或尊敬的指称）女士；淑女； （尤用于称呼或谈及不认识的女子）女士；<美> （不尊重的非正式称呼）女人；（尤指旧时上层阶级的）贵妇；（在英国用作对女贵族或爵士妻子的称谓）夫人（Lady）；女厕所（the ladies）；（罗马天主教常用）圣母（Our Lady）；对同属议会下院女议员的敬称；女主人；<旧>妻子（one's lady）；女友，女情人（=lady friend）；<史>骑士或男子愿为之效劳的女人,She's a very sweet old lady.　她是一位非常亲切的老太太。
2699,crystal,P3,W21–W30,,ˈkrɪstəl,n. 结晶，晶体；水晶；水晶玻璃；（钟表的）石英玻璃保护面，表蒙子；adj. 晶莹的，清澈透明的；【名】 （Crystal）（英）克里斯特尔，克丽丝特尔（人名）,A crystal chandelier lit the room.　一盏水晶吊灯照亮了房间。
2700,famous,P3,W21–W30,,ˈfeɪməs,adj. 著名的，出名的；<非正式>极好的，了不起的,Some day I'll be famous.　总有一天我会成名的。
2701,writer,P3,W21–W30,,ˈraɪtɚ,n. （职业的）作家，作者；执笔者，撰写人；写字……的人；（计算机）记录器；〈英，史〉文书，抄写员,'You? A writer?' she sneered.　“你？是作家？”她不屑地说。
2702,chairman,P3,W21–W30,,ˈtʃɛrmən,n. （尤指男性）主席，（委员会或组织的）负责人；（公司）总裁，（组织）主席；会议主持人，大会主席；<史>轿夫；（自1949年）中国共产党主席（Chairman）；v. 主持，掌管,He was an admirable chairman.　他是位值得尊敬的主席。
2703,violence,P3,W21–W30,,ˈvaɪələns,n. 暴力，暴行；（言行的）狂暴，激烈，愤怒；巨大的破坏力,Rape is sexualized violence.　强奸是性暴力行为。
2704,fans,P3,W21–W30,释义待核实，不进入核心练习,ˈfænz,释义待核实，不计入核心练习,
2705,oklahoma,P3,W21–W30,释义待核实，不进入核心练习,ˌoʊkləˈhoʊmə,释义待核实，不计入核心练习,
2706,speakers,P3,W21–W30,释义待核实，不进入核心练习,ˈspikɚz,释义待核实，不计入核心练习,
2707,drink,P3,W21–W30,,ˈdrɪŋk,喝,I drink water every day.　我每天喝水。
2708,academy,P3,W21–W30,,əˈkædəmi,n. 专科院校；研究院，学会；（美国的）私立学校；（苏格兰的）中等学校,The Academy Awards appear to validate his career.　这些奥斯卡金像奖看来证实了他的职业生涯的价值。
2709,dynamic,P3,W21–W30,,daɪˈnæmɪk,"a. 充满活力,精力充沛的；adj. 充满活力的，精力充沛的；动态的，发展变化的；力的，动力的；n. 动力，活力；相互作用，动态；动力学",He seemed a dynamic and energetic leader.　他看来是个富有创新力与活力的领导。
2710,gender,P3,W21–W30,,ˈdʒɛndɚ,n. 性别；（语法中的）性；（总称）男性，女性,"Latin nouns have case, number and gender.　拉丁语名词有格、数和性。"
2711,eat,P3,W21–W30,,ˈit,吃,What do you want to eat?　你想吃什么？
2712,permanent,P3,W21–W30,,ˈpɝmənənt,adj. 永久的，永恒的；（尤指问题或困难）不断出现的，一直存在的；（员工）终生的，长期的；（家庭住址）固定的；n. <美>烫发,The accident has not done any permanent damage.　那场事故没有造成什么永久性损伤。
2713,agriculture,P3,W21–W30,,ˈæɡrɪˌkʌltʃɚ,农业；n. 农业，农学，农艺,The conditions were unfavourable for agriculture.　这些条件不利于农业。
2714,dell,P3,W21–W30,释义待核实，不进入核心练习,ˈdɛl,释义待核实，不计入核心练习,
2715,cleaning,P3,W21–W30,,ˈklinɪŋ,n. 清洗；清除；去污；大败；v. 清洁（clean 的 ing 形式）,I do the cleaning myself.　我自己做打扫卫生的工作。
2716,constitutes,P3,W21–W30,释义待核实，不进入核心练习,ˈkɑnstəˌtuts,释义待核实，不计入核心练习,
2717,portfolio,P3,W21–W30,,pɔrtˈfoʊliˌoʊ,n. 公文包，画夹；（成册展示的）作品集，照片集；（个人或机构的）投资组合；（部长或大臣的）职责，职务；（公司或机构提供的）系列产品，成套物品；adj. （职业类型）短期合同制的，兼职的,"The entire portfolio is worth $160,312. Of this amount, my investment is worth only $7,748.　整个投资组合价值为$160312。在这当中，我的投资额仅为$7748。"
2718,practical,P3,W21–W30,,ˈpræktəkəl,adj. 真实的，实际的；（计划、方法等）切实有效的，切实可行的；（人）明智的，务实的；合适的，适用的；心灵手巧的，善于制作（或修补）的；几乎完全的，实际上的；n. <英>（科学、烹饪等的）实践课，实用知识考试,He had a practical outlook on life.　他的人生观很实际。
2719,delivered,P3,W21–W30,释义待核实，不进入核心练习,dɪˈlɪvɚd,释义待核实，不计入核心练习,
2720,collectibles,P3,W21–W30,释义待核实，不进入核心练习,kəˈlɛktəbəlz,释义待核实，不计入核心练习,
2721,infrastructure,P3,W21–W30,,ˌɪnfrəˈstrʌktʃɚ,n. 下面结构；永久性军事设施；基础设施，基础建设,Simple improvements to infrastructure can reduce the spread of disease.　对基础设施的简单改进可以减少疾病的传播。
2722,exclusive,P3,W21–W30,,ɪksˈklusɪv,adj. 独有的，专用的；高档的，昂贵的；不含……的；排外的；排斥的；全部的；唯一关心的；（新闻或报道）独家的；（条款）除外责任的；高级的，昂贵的；n. 独家新闻，独家报道,Some papers thought they had an exclusive.　一些报社以为他们有一条独家报道。
2723,seat,P3,W21–W30,,ˈsit,n. 座位；（椅子等的）座部；（机器的）基座；（议会、委员会、法庭等的）席位，职位；<英> 议会议员选区；（组织或重大活动的）所在地；（大户人家在乡间的）别墅，宅邸；（裙子或裤子的）臀部，后裆；屁股；（骑马的）骑姿；v. 使坐下，使就座；容纳，坐得下；使就职；固定，安装,Stephen returned to his seat.　斯蒂芬回到了他的座位上。
2724,concerns,P3,W21–W30,释义待核实，不进入核心练习,kənˈsɝnz,释义待核实，不计入核心练习,
2725,colour,P3,W21–W30,,ˈkʌlɚ,n. <英>颜色；色彩，用色，配色；颜料，染料；红润的面色，血色，气色；（人种的）肤色，有色人种；（代表团队、国家、船等的）旗帜，徽章；（代表国家、球队、政党等的）标志色；（照片、电视图像等的）彩色；趣味，风格，情调；（物理）色；（纹章采用的）传统色（如红、绿、黑、青、紫）；（喻） （音色、音质、音调或音乐表现形式的）多样性；（喻） 含义的细微差别；（斯诺克）除白色主球和红球外的任何球；v. 给……染色；（用记号笔、蜡笔、彩色铅笔等）涂色，着色；变色；（使）脸红；（尤指负面地）影响；（喻）使生动，使鲜明；（喻）使（某人的嗓音）充满（某种感情）；扭曲，渲染；adj. （电视、照片、印刷）彩色的,What's your favourite colour?　你最喜欢的颜色是什么？
2726,vendor,P3,W21–W30,释义待核实，不进入核心练习,ˈvɛndɚ,释义待核实，不计入核心练习,
2727,originally,P3,W21–W30,,ɚˈɪdʒənəli,adv. 起初，原来；独创地，新颖地,She comes originally from York.　她原本来自约克郡。
2728,intel,P3,W21–W30,释义待核实，不进入核心练习,ˌɪnˈtɛl,释义待核实，不计入核心练习,
2729,utilities,P3,W21–W30,释义待核实，不进入核心练习,juˈtɪlətiz,释义待核实，不计入核心练习,
2730,philosophy,P3,W21–W30,,fəˈlɑsəfi,哲学；n. 哲学；哲学体系，思想体系；人生哲学，生活（工作）准则；（某一知识或经验领域的）理论基础研究，基本原理,He is a doctor of philosophy.　他是一位哲学博士。
2731,regulation,P3,W21–W30,,ˌrɛɡjəˈleɪʃən,n. 规章制度，规则；（运用规则条例的）管理，控制；adj. （使用或穿戴）符合规定的，正规的；<非正式> 公式化的，用俗套话堆砌而成的,The regulation operates in favour of married couples.　这一规定的实施有利于已婚夫妇。
2732,officers,P3,W21–W30,释义待核实，不进入核心练习,ˈɔfəsɚz,释义待核实，不计入核心练习,
2733,reduction,P3,W21–W30,,rəˈdʌkʃən,n. 减小，降低；减价，折扣；（照片、地图、图片等的）缩图，缩版；归纳，简化；（数学）归约，约化；染色体减半；简编曲（管弦乐改编的钢琴曲或小乐队演奏曲）；浓汤，浓汁；脱臼（或断骨）复位；（化学）还原，被还原；（语音）弱化,There has been some reduction in unemployment.　失业人数有所减少。
2734,aim,P3,W21–W30,,ˈeɪm,n. 目标，目的；瞄准，对准；枪法，击中目标的能力；v. 瞄准，对准；旨在，致力于；针对，指向,His aim was to unite Italy.　他的目标是统一意大利。
2735,bids,P3,W21–W30,释义待核实，不进入核心练习,ˈbɪdz,释义待核实，不计入核心练习,
2736,referred,P3,W21–W30,释义待核实，不进入核心练习,rəˈfɝd,释义待核实，不计入核心练习,
2737,supports,P3,W21–W30,释义待核实，不进入核心练习,səˈpɔrts,释义待核实，不计入核心练习,
2738,nutrition,P3,W21–W30,,nuˈtrɪʃən,n. 营养，滋养；营养学；食物，营养物,This food provides nutrition for you.　这种食物为你提供营养。
2739,recording,P3,W21–W30,,rəˈkɔrdɪŋ,n. 录音，录像；录制；（正式的）记录，记载；v. 记录，记载；录制；（仪器）显示，标示；（尤指体育上）获得（好成绩）（record 的现在分词）,The recording quality is excellent.　录制质量极好。
2740,regions,P3,W21–W30,释义待核实，不进入核心练习,ˈridʒənz,释义待核实，不计入核心练习,
2741,junior,P3,W21–W30,,ˈdʒunjɚ,adj. 年龄较小的；地位（或级别）低的，资历较浅的；（体育运动）青少年的；<英>（7-11岁的）学童的；<英>（学校或学校的一部分) 为11或13岁以下儿童设立的；<美>（四年制大学或中学）三年级学生的；小（用于与父亲同名者的名字之后）；n. 较年幼者，年少者；地位（或级别）较低者，下属；<美>（高中或大学的）三年级学生；青少年运动员；<美，非正式>男孩，（尤指）儿子；<英>（英国的）小学生；【名】 （Junior）（美、巴、葡）尤尼奥尔（人名）,She's his junior by four years.　她比他小四岁。
2742,toll,P3,W21–W30,,ˈtoʊl,n. （道路、桥梁等的）通行费；<美>长途电话费；（事故、灾难、战争等的）伤亡人数；严重的不良影响；（缓慢的）钟声；v. （缓慢地）敲（钟），鸣（钟）；鸣钟告知；收取（桥梁或道路的）通行费,The death toll continues to mount.　死亡人数持续增加。
2743,les,P3,W21–W30,释义待核实，不进入核心练习,ˈlɛs,释义待核实，不计入核心练习,
2744,cape,P3,W21–W30,,ˈkeɪp,n. 海角，岬；披肩，斗篷；v. 挥动披肩斗牛；【名】 （Cape）（英）凯普，（塞）察佩（人名）,I like that part of Cape Town.　我喜欢开普敦的那个地方。
2745,ann,P3,W21–W30,释义待核实，不进入核心练习,ˈæn,释义待核实，不计入核心练习,
2746,rings,P3,W21–W30,释义待核实，不进入核心练习,ˈrɪŋz,释义待核实，不计入核心练习,
2747,meaning,P3,W21–W30,,ˈminɪŋ,n. 意思，意义，含义；真正重要性，价值；原因；adj. <旧>意味深长的；v. 表示……的意思，作……的解释；意味着；打算，意欲（mean 的现在分词形式）,What's the meaning of this word?　这个单词的意思是什么？
2748,tip,P3,W21–W30,,ˈtɪp,v. （使）倾斜，（使）斜侧；给小费；<英>扔掉，倒掉（垃圾）；倾倒，倒出；打翻；（用液体、颜色等）覆盖……的尖端；预言……获胜；轻触，轻碰；密报，透露消息，告诫；n. 指点，诀窍，建议；小费；末梢，尖端；<英>垃圾场；<英，非正式>脏乱的地方；（对赛马、比赛结果的）预测，内幕消息；顶端附加物；（尤指给警方的）密报；（对运动的球或冰球的）轻碰，轻击；手触帽檐，脱帽（致敬、问好或道别的动作）；擦棒球；【名】 （Tip）（美、俄）蒂普（人名）,Did you give the waiter a tip?　你给服务员小费了吗？
2749,secondary,P3,W21–W30,,ˈsɛkənˌdɛri,adj. （教育）中等的，中学的；次要的， 第二位的；（疾病、感染）继发性的，第二期的；间接的；（化学反应）副的；（有机化合物）二代的；（主要指胺）仲的；（电）次级的；<旧>（地质）中生代的（Secondary）；n. 副手，下属；第二防线；<英>中学（secondary school 的简称）；（鸟）次级飞羽（secondary feather 的简称）；（变压器中的）次级线圈；<旧>（地质）中生代（the Secondary）,She taught history at a secondary school.　她在一所中学教过历史。
2750,wonderful,P3,W21–W30,,ˈwʌndɚfəl,adj. 绝妙的，令人惊叹的，极好的,Ben's a wonderful father.　本是个极好的父亲。
2751,mine,P3,W21–W30,,ˈmaɪn,pron. 我的；<英，非正式>我的家；n. 矿，矿井；地雷，水雷；宝库，源泉；<史>炸药坑道；v. 采（煤等矿物）；布雷，用雷炸毁（车辆）；寻找（某事物中）蕴含的价值；在（地下）挖洞（或坑道）；挖掘（数据）；挖矿（获取加密货币的勘探方式）,Half of the money was mine.　那些钱有一半是我的。
2752,ladies,P3,W21–W30,释义待核实，不进入核心练习,ˈleɪdiz,释义待核实，不计入核心练习,
2753,henry,P3,W21–W30,释义待核实，不进入核心练习,ˈhɛnri,释义待核实，不计入核心练习,
2754,ticket,P3,W21–W30,,ˈtɪkət,n. 票，入场券；（交通违章）通知单，罚款单；（政党在选举中支持的）候选人名单；（竞选时所支持的）纲领，政见；（商店中标明货物价格、尺码等的）标签；彩票，奖券；途径；（货物）收条；（船员、飞行员等的）执照；工单；<英>退役证书；<苏格兰，美，非正式>……人，……家伙；v. 售票；给（违章停车、超速行驶的人）开罚单；（为显示价格、尺寸等）贴标签于；给定目标；<美>注定,You can have my ticket.　你可以得到我的票。
2755,announced,P3,W21–W30,释义待核实，不进入核心练习,əˈnaʊnst,释义待核实，不计入核心练习,
2756,guess,P3,W21–W30,,ˈɡɛs,v. 猜测，估计；猜中，猜到；认为，以为；n. 猜测，推测；【名】 （Guess）（英）格斯，（德）居斯（人名）,Guess who I ran into today!　猜猜我今天碰见谁了！
2757,agreed,P3,W21–W30,释义待核实，不进入核心练习,əˈɡrid,释义待核实，不计入核心练习,
2758,prevention,P3,W21–W30,,priˈvɛnʃən,n. 预防，防止,Crime prevention had to be given more prominence.　犯罪预防得给予更多重视。
2759,whom,P3,W21–W30,,ˈhum,pron. 谁（who 的宾格）,Whom do the police suspect?　警方怀疑谁？
2760,ski,P3,W21–W30,,ˈski,n. 滑雪（水）板；（车辆的）滑橇；水橇，滑水撬（=waterski）；v. 滑雪，滑水；adj. 滑雪的，滑水的,We never learned to ice skate or ski.　我们从没学过溜冰或滑雪。
2761,soccer,P3,W21–W30,,ˈsɑkɚ,n. 英式足球，足球,He coaches basketball and soccer.　他执教篮球和足球。
2762,math,P3,W21–W30,,ˈmæθ,n. 数学（等于 mathematics）；n. （Math）人名；（德）马特；（柬）马；（英）马思,I flunked math in second grade.　我二年级时数学不及格。
2763,import,P3,W21–W30,,ˌɪmˈpɔrt,n. 进口，进口商品；输入，引进；重要性；意思，含意；v. 进口，输入，引进；导入（计算机）；<旧>意味，表明,Import duties still average 30%.　进口关税平均仍为30%。
2764,posting,P3,W21–W30,释义待核实，不进入核心练习,ˈpoʊstɪŋ,释义待核实，不计入核心练习,
2765,presence,P3,W21–W30,,ˈprɛzəns,n. 出席，存在；<正式>（某人的）所在地方；<文>感觉中的存在物（如鬼魂）；驻扎部队，驻扎的警力；风度，气质；（公司在某地的）工人（或产品），势力,His presence no longer signified.　他在不在场已不重要。
2766,instant,P3,W21–W30,,ˈɪnstənt,adj. 立刻的，马上的；速食的，即食的；紧急的，紧迫的；<旧>（商业信函用语）本月的；<旧>此刻的，现时的；n. 瞬间，片刻；当时，那一刻；<非正式>速溶咖啡,For an instant I was infected by her fear.　一瞬间，我被她的恐惧所感染。
2767,mentioned,P3,W21–W30,释义待核实，不进入核心练习,ˈmɛnʃənd,释义待核实，不计入核心练习,
2768,automatic,P3,W21–W30,,ˌɔtəˈmætɪk,adj. 自动的；必然的；无意识的，不假思索的；n. 自动换挡汽车；自动武器,The automatic doors slid open.　自动门慢慢开了。
2769,healthcare,P3,W21–W30,,ˈhɛlθˌkɛr,n. 医疗保健服务,"One is teaching, and the other, healthcare.　一个是教学，另一个是医疗。"
2770,viewing,P3,W21–W30,释义待核实，不进入核心练习,ˈvjuɪŋ,释义待核实，不计入核心练习,
2771,maintained,P3,W21–W30,释义待核实，不进入核心练习,meɪnˈteɪnd,释义待核实，不计入核心练习,
2772,ch,P3,W21–W30,释义待核实，不进入核心练习,,释义待核实，不计入核心练习,
2773,increasing,P3,W21–W30,释义待核实，不进入核心练习,ˌɪnˈkrisɪŋ,释义待核实，不计入核心练习,
2774,majority,P3,W21–W30,,məˈdʒɔrəti,n. 大多数；<英>多数票；成年的法定年龄；多数党；少校军衔，少校职位；adj. 多数人的,She was elected by a narrow majority.　她以微弱多数当选。
2775,connected,P3,W21–W30,,kəˈnɛktɪd,adj. 连接的，相连的，相通的；有关的，有联系的；v. （使）连接；（使）相通；使接通（电源、水源等）；与……有关系；把……联系起来（connect 的过去式和过去分词）,The two events are closely connected.　两起事件之间有密切的联系。
2776,christ,P3,W21–W30,,ˈkraɪst,n. 基督，耶稣基督；int. 天哪,"We, however, have the mind of Christ.　然而，我们有基督的心。"
2777,dan,P3,W21–W30,释义待核实，不进入核心练习,ˈdæn,释义待核实，不计入核心练习,
2778,dogs,P3,W21–W30,释义待核实，不进入核心练习,ˈdɑɡz,释义待核实，不计入核心练习,
2779,sd,P3,W21–W30,释义待核实，不进入核心练习,,释义待核实，不计入核心练习,
2780,directors,P3,W21–W30,释义待核实，不进入核心练习,dɚˈɛktɚz,释义待核实，不计入核心练习,
2781,aspects,P3,W21–W30,释义待核实，不进入核心练习,ˈæˌspɛkts,释义待核实，不计入核心练习,
2782,austria,P3,W21–W30,释义待核实，不进入核心练习,ˈɔstriə,释义待核实，不计入核心练习,
2783,ahead,P3,W21–W30,,əˈhɛd,adv. 在前面，朝前面；领先，占优势；提前，预先；在将来，今后；（数量或价值上）更多，更高；取得进步，获得成功；超出预期地，超前地；adj. 在前的，提前的,Brett looked straight ahead.　布瑞特向前直视。
2784,moon,P3,W21–W30,,ˈmun,n. 月亮，月球；月光；卫星；月份；渴望之物；月状物；v. 懒散度日，浪荡；出神，呆视；（向某人）亮屁股；虚度（时间）；【名】 （Moon）（英）穆恩，（瑞典）莫恩，（柬）蒙，（缅）孟（人名）,Our way was lit by a full moon.　一轮明月照亮了我们的路。
2785,participation,P3,W21–W30,,pɑrˌtɪsəˈpeɪʃən,n. 参加，参与,Their participation is subject to a number of important provisos.　他们的参与受一些重要条款的限制。
2786,scheme,P3,W21–W30,,ˈskim,n. <英>（政府或其他组织的）计划，方案；（用于组织或整理信息的）系统，体系；组合，布局；阴谋，诡计；<苏格兰，非正式>社会住宅区；v. 密谋，策划；<南非，非正式>认为，猜想；按色调布置；【名】 （Scheme）（瑞典）谢默（人名）,We devised a scheme to help him.　我们想出了一个计划来帮助他。
2787,utility,P3,W21–W30,,juˈtɪləti,n. （煤气、水、电等的）公共服务，公用事业；（供电、供水等的）公用事业单位；应用程序，实用程序；实用，有用；<澳>小卡车，轻型货车；（博弈论，经济学）效用；adj. 有用的，多功能的；（体育运动）多面手的；实用的,"He used to own Toyota's Hilux Surf, a sport utility vehicle.　他曾经拥有丰田的 Hilux Surf——一款运动型多用途车。"
2788,preview,P3,W21–W30,,ˈprivˌju,n. 预映，预演，预展；预告片；（预先看电影、戏剧、书等后所作的）预告性述评；预审，预视；预览样品；预兆；预测；（计算机）打印预览；v. 为（电影等）写预评；预先播映（或展示），预告；预看，预听；概述，扼要介绍；预审，预观；预测,Did you preview before the class?　你在上课前有预习的吗？
2789,fly,P3,W21–W30,,ˈflaɪ,v. 飞，飞行；乘飞机，搭乘（某公司航班）；驾驶（飞机）；空运；飞越；疾驰，快速移动；放飞（风筝）；飞舞，飘荡；悬挂，飘扬；（使）逃离，匆忙离开；成功；飞逝；击腾空球；流传，四处传播；（指责，谩骂）往来激烈；被认可，被接受；n. 苍蝇，假蝇；裤门襟；腾空球，高飞球；<澳，非正式>努力，尝试；（帐篷的）篷顶；（剧院）吊景区，悬吊布景的空间；<英，史>单马出租马车；adj. <非正式>时髦漂亮的；<英>机灵的,She brushed the fly away.　她挥手赶走了苍蝇。
2790,manner,P3,W21–W30,,ˈmænɚ,n. 态度，举止；礼貌；方式；（文学或艺术的）风格；习俗；<正式>种类；（语法）方式状语，方式副词；【名】 （Manner）曼纳（人名）,She responded in like manner.　她以类似的方式作出了反应。
2791,matrix,P3,W21–W30,,ˈmeɪtrɪks,n. 矩阵；模型；社会环境；（骨头、牙齿和指甲等身体器官的）母体，基质；脉石；矩阵转接电路；线路网，道路网；精细材料；交叉结构,"That matrix has properties that vary in different locations in the body, but basically it's a highly hydrated or water-rich gel.　这种基质在体内不同的位置有不同的性质，但基本上它是一种高度水合或富水的凝胶。"
2792,containing,P3,W21–W30,释义待核实，不进入核心练习,kənˈteɪnɪŋ,释义待核实，不计入核心练习,
2793,combination,P3,W21–W30,,ˌkɑmbəˈneɪʃən,n. 结合体，联合体；结合，联合；（用于开锁的）数码组合；化合作用；两用（或多用的）物品；<旧>衫裤相连的内衣；组合；<英>附边车的摩托车,I can't remember the combination.　我不记得密码锁的数码组合了。
2794,devel,P3,W21–W30,释义待核实，不进入核心练习,,释义待核实，不计入核心练习,
2795,amendment,P3,W21–W30,,əˈmɛndmənt,n. 修正，修订之处；美国宪法修正案（Amendment）；（土壤结构或肥力的）改善；（对文件或计划的）修改,The Opposition moved an amendment to the Bill.　反对派对法案提出修正案。
2796,despite,P3,W21–W30,,dɪˈspaɪt,prep. 尽管，即使；不由自主地，忍不住地；n. <古>亵渎；<古>轻蔑，鄙视；v. <古>蔑视；<古>激怒,Despite our worries everything turned out well.　尽管我们都很担心，结果一切都顺利。
2797,strength,P3,W21–W30,,ˈstrɛŋkθ,n. 体力，力量；实力，影响力；长处，优势；意志力，毅力；（情感或意见的）强烈程度；（物体或物质的）强度；（食物、药等的）浓度，（酒的）烈度；（风等的）速度，力度；人数，人力；（货币的）价值，坚挺程度；球队的板凳深度，替补队员的水平；<文>力量源泉；（手中所持好牌数目和花色的）牌力,Tact was never Mr. Moore's strength.　老练从来不是穆尔先生的长处。
2798,guaranteed,P3,W21–W30,释义待核实，不进入核心练习,ˌɡɛrənˈtid,释义待核实，不计入核心练习,
2799,turkey,P3,W21–W30,,ˈtɝki,n. 土耳其；n. 土耳其（横跨欧亚两洲的国家）,Who's going to carve the turkey?　谁来把火鸡切成小块？
2800,libraries,P3,W21–W30,释义待核实，不进入核心练习,ˈlaɪbrɛˌriz,释义待核实，不计入核心练习,
2801,proper,P3,W21–W30,,ˈprɑpɚ,adj. 真正的，像样的；实际上的，严格意义上的；正确的，合适的；合理的，合乎体统的；非常有礼貌的，循规蹈矩的；<正式> 特有的，专有的；完全的，彻底的；<英，非正式> 用于强调地道的；（圣诗、教义、祷词等）用于某特定场合的；（纹章）原色的；（数）真的，正常的；adv. <英，非正式> 完全地，彻底地；<英，非正式> 正确地，恰当地；n. 特定季节（或节日）的礼仪,We're in a proper mess now.　我们现在真是一点头绪都没有。
2802,distributed,P3,W21–W30,释义待核实，不进入核心练习,dɪˈstrɪbjətəd,释义待核实，不计入核心练习,
2803,degrees,P3,W21–W30,释义待核实，不进入核心练习,dɪˈɡriz,释义待核实，不计入核心练习,
2804,singapore,P3,W21–W30,释义待核实，不进入核心练习,ˈsɪŋəˌpɔr,释义待核实，不计入核心练习,
2805,enterprises,P3,W21–W30,释义待核实，不进入核心练习,ˈɛntɚˌpraɪzɪz,释义待核实，不计入核心练习,
2806,delta,P3,W21–W30,,ˈdɛltə,n. 希腊字母表的第 4 个字母；三角洲；<英>（论文、考试成绩等的）δ等，丁等；丁，δ项，δ类 （一系列项目、分类中的第四位）；（Delta，天文）δ星（星座中第四颗星，通常亮度也居第四位）；（无线电通讯中字母D的代码词）Δ，δ；【名】 （Delta）（英、罗、葡）德尔塔（人名）,Sand has silted up the river delta.　泥沙把这条河的三角洲淤塞了。
2807,fear,P3,W21–W30,,ˈfɪr,v. 害怕，畏惧；担心，忧虑；敬畏；n. 恐惧；担心；（坏事发生的）可能性；敬畏,Fear engulfed her.　她陷入深深的恐惧之中。
2808,seeking,P3,W21–W30,释义待核实，不进入核心练习,ˈsikɪŋ,释义待核实，不计入核心练习,
2809,inches,P3,W21–W30,释义待核实，不进入核心练习,ˈɪntʃəz,释义待核实，不计入核心练习,
2810,phoenix,P3,W21–W30,释义待核实，不进入核心练习,ˈfinɪks,释义待核实，不计入核心练习,
2811,rs,P3,W21–W30,释义待核实，不进入核心练习,,释义待核实，不计入核心练习,
2812,convention,P3,W21–W30,,kənˈvɛnʃən,n. 习俗，惯例；大会，集会；公约，协定；（文学、艺术上的）传统手法，传统风格,The convention does not apply to us.　该协定对我们不适用。
2813,shares,P3,W21–W30,释义待核实，不进入核心练习,ˈʃɛrz,释义待核实，不计入核心练习,
2814,principal,P3,W21–W30,,ˈprɪnsəpəl,adj. 最重要的，首要的；本金的，母金的；n. <美>（美国公立中小学的）校长；<英>（英国的）大学校长，学院院长；（企业或机构的）负责人；（音乐会、戏剧、芭蕾舞剧、歌剧中的）主角演员；（管弦乐队每一乐器组的）首席演奏者；（有利息的）本金，资金；（法律和商业事务中的）当事人，委托人；关键人物；（某些行业）完全合格的开业者；<英>（负责某一部门的）高级公务员；主犯，首犯；<史>决斗者；（支撑檩的）主椽；（管风琴的）主音栓,The principal is a very busy woman.　校长是个大忙人。
2815,daughter,P3,W21–W30,,ˈdɔtɚ,n. 女儿；[遗][农学] 子代；adj. 女儿的；子代的,My daughter is at university.　我女儿在上大学。
2816,standing,P3,W21–W30,,ˈstændɪŋ,adj. 永久的，长期的，常设的；站着进行的，站立的；（水等）不流动的，静止的；维持不变的；（印刷）（金属字）排好后保留的；尚未收割的；（由法律或习俗）建立的；不能移动的；n. 地位，身份，声望；（党派或个人的）受欢迎程度，支持率；（球队或球员的）名次表（standings）；持续时间；马厩，牛棚；站立处；v. 站立，直立；起立，站起来；使直立，竖放（stand 的现在分词）,Lee was standing right behind her.　李就站在她身后。
2817,voyeur,P3,W21–W30,释义待核实，不进入核心练习,ˌvɔɪˈjur,释义待核实，不计入核心练习,
2818,comfort,P3,W21–W30,,ˈkʌmfɚt,n. 舒服，舒适；安慰，慰藉；令人感到安慰的人（或事物）；舒适的设施（或条件）；生活富足；v. 安慰，抚慰,It's a comfort talking to you.　与你谈谈是一种安慰。
2819,colors,P3,W21–W30,释义待核实，不进入核心练习,ˈkʌlɚz,释义待核实，不计入核心练习,
2820,wars,P3,W21–W30,释义待核实，不进入核心练习,ˈwɔrz,释义待核实，不计入核心练习,
2821,cisco,P3,W21–W30,释义待核实，不进入核心练习,ˈsɪˌskoʊ,释义待核实，不计入核心练习,
2822,ordering,P3,W21–W30,释义待核实，不进入核心练习,ˈɔrdɚɪŋ,释义待核实，不计入核心练习,
2823,kept,P3,W21–W30,释义待核实，不进入核心练习,ˈkɛpt,释义待核实，不计入核心练习,
2824,alpha,P3,W21–W30,,ˈælfə,"n. 希腊字母表的第一个字母；甲，α项，α类（一系列项目、分类中的第一位，如化合物的第一种形式）；（学校考试成绩或作业）Α等 , 甲等；（人或动物特定群体中的）头领，首领；特定领域内的主导人；α测试，智力测验（alpha test）；（天文）α星（星座中第一颗星，多为最亮的星）；α衰变（或α粒子）；（无线电通信中字母 A 的代码词）Α，α；开端，最初；adj. （兽群或人群中）最有权势的；（产品）初版的，雏形的","We broke up into groups, and each group designed its own toy and made an alpha prototype.　我们分成几个小组，每个小组都设计了自己的玩具并制作了一个 alpha 原型。"
2825,appeal,P3,W21–W30,,əˈpil,n. 呼吁，恳求；上诉，申诉；吸引力，感染力；（为慈善或正义事业的）募捐；启发，打动；v. 呼吁，恳求；上诉，申诉；有吸引力，引起兴趣；启发，打动,My appeal proved futile.　我的呼吁白费了。
2826,cruise,P3,W21–W30,,ˈkruz,n. 巡游，乘船游览；v. 乘船游览；以平稳的速度行驶；缓慢巡行，兜风；轻而易举赢得，轻取；<非正式>猎艳；【名】 （Cruise）（英、美、加）克鲁斯（人名）,He was billed as the new Tom Cruise.　他被宣传为新汤姆•克鲁斯。
2827,bonus,P3,W21–W30,,ˈboʊnəs,n. 奖金，津贴，红利；意外收获，额外好处；【名】 （Bonus）（西、塞）博努斯（人名）,She was rewarded for her efforts with a cash bonus.　她因自己所作的努力而得到一笔奖金。
2828,certification,P3,W21–W30,释义待核实，不进入核心练习,ˌsɝtəfəˈkeɪʃən,释义待核实，不计入核心练习,
2829,previously,P3,W21–W30,,ˈpriviəsli,adv. 以前地，先前地,His statement ran athwart what was previously said.　他讲的话与先前所说的相抵触。
2830,hey,P3,W21–W30,释义待核实，不进入核心练习,ˈheɪ,释义待核实，不计入核心练习,
2831,bookmark,P3,W21–W30,释义待核实，不进入核心练习,ˈbʊkmɑrk,释义待核实，不计入核心练习,
2832,buildings,P3,W21–W30,释义待核实，不进入核心练习,ˈbɪldɪŋz,释义待核实，不计入核心练习,
2833,specials,P3,W21–W30,释义待核实，不进入核心练习,ˈspɛʃəlz,释义待核实，不计入核心练习,
2834,beat,P3,W21–W30,,ˈbit,v. （反复地）敲，击，打；狠打，猛抽；搅拌，混合；拍动，扇动（翅膀）；（心脏）跳动，搏动；击败，战胜；抢……之先，赶在……之前；避开，避免；n. 敲，击；（音乐或诗歌的）强音拍；（经常去或经过的）路线，地点；以之字形航线抢风航行；adj. <非正式>筋疲力尽，疲惫不堪；垮掉的一代的,You can't beat Italian shoes.　意大利鞋是无与伦比的。
2835,disney,P3,W21–W30,释义待核实，不进入核心练习,ˈdɪzni,释义待核实，不计入核心练习,
2836,household,P3,W21–W30,,ˈhaʊsˌhoʊld,n. 家庭，一家人；家务；王室（the Household）；adj. 家用的，家务的；全家人的；家喻户晓的；皇家的（Household）；【名】 （Household）（美、瑞）豪斯霍尔德（人名）,She became a household name in the 1960s.　她在20世纪60年代成为家喻户晓的人物。
2837,batteries,P3,W21–W30,释义待核实，不进入核心练习,ˈbætɚiz,释义待核实，不计入核心练习,
2838,adobe,P3,W21–W30,,əˈdoʊbi,n. （建筑用）黏土，黏土坯；土砖；土砖建筑,"In the past, she lived in quite dark and old adobe houses without electricity.　在过去，她住在黑暗破旧，没有通电的土坯房里。"
2839,smoking,P3,W21–W30,,ˈsmoʊkɪŋ,n. 抽烟；冒气；adv. 冒着烟；adj. 准许吸烟的,Smoking gives you bad breath.　吸烟会导致口臭。
2840,bbc,P3,W21–W30,释义待核实，不进入核心练习,ˌbibiˈsi,释义待核实，不计入核心练习,
2841,becomes,P3,W21–W30,释义待核实，不进入核心练习,bɪˈkʌmz,释义待核实，不计入核心练习,
2842,drives,P3,W21–W30,释义待核实，不进入核心练习,ˈdraɪvz,释义待核实，不计入核心练习,
2843,arms,P3,W21–W30,,ˈɑrmz,武器；n. 臂（arm 的复数）；[军]武器；纹章；v. 武装；配备（arm 的三单形式）,She stretched her arms out.　她伸开了双臂。
2844,alabama,P3,W21–W30,释义待核实，不进入核心练习,ˌæləˈbæmə,释义待核实，不计入核心练习,
2845,tea,P3,W21–W30,,ˈti,茶,Would you like some tea?　你想喝点茶吗？
2846,improved,P3,W21–W30,释义待核实，不进入核心练习,ˌɪmˈpruvd,释义待核实，不计入核心练习,
2847,trees,P3,W21–W30,释义待核实，不进入核心练习,ˈtriz,释义待核实，不计入核心练习,
2848,avg,P3,W21–W30,释义待核实，不进入核心练习,,释义待核实，不计入核心练习,
2849,achieve,P3,W21–W30,,əˈtʃiv,v. （经努力）达到，取得，实现；获得成功,The medicine did not achieve the desired effect.　这种药未达到预期效果。
2850,positions,P3,W21–W30,释义待核实，不进入核心练习,pəˈzɪʃənz,释义待核实，不计入核心练习,
2851,dress,P3,W21–W30,,ˈdrɛs,n. 连衣裙，套裙；（特定种类的）服装，衣服；（统指）服装；（上下连身的）女装，童装；v. 穿衣；给……穿衣服；穿正式服装；清洗包扎（伤口）；调制；加工，处理（食材、材料等）；整队；布置，装饰；为……制作或挑选衣服；做头发；【名】 （Dress）（美、巴）德雷斯（人名）,Don't get your dress dirty!　别把你的连衣裙弄脏了！
2852,subscription,P3,W21–W30,,səbˈskrɪpʃən,n. （杂志等的）订阅费，（服务的）用户费；订阅，订购； <英>（组织或俱乐部的）会费，捐赠款；集体资助，集体捐助；（对组织或项目的）捐赠协议，认捐书；<正式>（文件末尾的）签名，附注；季票（文化活动的季票）；（股票的）认购（协议）；通过预订来全部或部分支付出版费用的方法；adj. （电视或电视频道）付费的，收费的,Trial subscription is offered.　提供试用订阅。
2853,dealer,P3,W21–W30,,ˈdilɚ,n. 商人，交易商；<非正式>毒品贩子,He is a successful car dealer.　他是一个成功的汽车经销商。
2854,contemporary,P3,W21–W30,,kənˈtɛmpɚˌɛri,adj. 当代的，现代的；同时期的，同时代的；n. 同时代的人；同龄人，同辈,Contemporary African cinema has much to offer.　当代非洲电影制作艺术有很多贡献。
2855,sky,P3,W21–W30,,ˈskaɪ,n. 天，天空；<文>天堂，天国之力；v. <非正式>把（球）击向空中；（尤指在展览中）把（画）高挂在墙上；踢或击高空球；把桨叶翘得过高；飞涨；【名】 （Sky）（英）斯凯（人名）,The sky darkened abruptly.　天突然变暗了。
2856,utah,P3,W21–W30,释义待核实，不进入核心练习,ˈjuˌtɔ,释义待核实，不计入核心练习,
2857,nearby,P3,W21–W30,,ˌnɪrˈbaɪ,adj. 附近的；adv. 在附近,The car is parked nearby.　车就停在附近。
2858,rom,P3,W21–W30,释义待核实，不进入核心练习,ˈrɑm,释义待核实，不计入核心练习,
2859,carried,P3,W21–W30,释义待核实，不进入核心练习,ˈkærid,释义待核实，不计入核心练习,
2860,happen,P3,W21–W30,,ˈhæpən,v. 发生；使遭遇；碰巧；adv. <北英格兰>或许，大概,This must never happen again.　这种事再也不能发生了。
2861,exposure,P3,W21–W30,,ɪkˈspoʊʒɚ,n. 暴露，接触；曝光，揭发；报道，宣传；单张胶片；曝光时间，曝光量；受冻；朝向,Exposure to the sun ages the skin.　太阳曝晒会使皮肤粗老。
2862,panasonic,P3,W21–W30,释义待核实，不进入核心练习,ˌpænəˈsɑnɪk,释义待核实，不计入核心练习,
2863,hide,P3,W21–W30,,ˈhaɪd,v. 把……藏起来，隐藏；躲藏，躲避；遮住，遮挡；掩盖，隐瞒；n. （可观察鸟兽行动的）隐匿处，埋伏处；兽皮；<非正式>（困境中的）生命，人身安全,He didn't hide his pacifism.　他没有掩饰他的和平主义态度。
2864,permalink,P3,W21–W30,释义待核实，不进入核心练习,,释义待核实，不计入核心练习,
2865,signature,P3,W21–W30,,ˈsɪɡnətʃɚ,n. 签名，署名；签字，签署；鲜明特色，明显特征；（印刷）折标；书贴；<美>标记，用法签（处方上说明药的用法的部分）；（音乐的）拍号；（音乐的）调号；adj. 标志性的，惯有的,The document bore her signature.　文件上有她的签字。
2866,gambling,P3,W21–W30,,ˈɡæmbəlɪŋ,n. 赌博；投机，冒险；v. 赌博；投机，冒险（gamble 的现在分词）；【名】 （Gambling）（英）甘布林（人名）,I've finished with gambling.　我已戒赌了。
2867,refer,P3,W21–W30,,rəˈfɝ,v. 提到，谈及（refer to）；描述，涉及（refer to）；查阅，参考（refer to）；将……送交给（以求获得帮助等）；让（某人）注意；<古>把……归因于；（考试中）淘汰（应试者）,May I refer you to my letter of 14 May?　你查看一下我5月14日给你的信好吗？
2868,miller,P3,W21–W30,释义待核实，不进入核心练习,ˈmɪlɚ,释义待核实，不计入核心练习,
2869,provision,P3,W21–W30,,prəˈvɪʒən,n. 提供，供应；准备，预备；（尤指为旅行准备的）食物，必需品（provisions）；条款，规定；赡养，供养；（机构账户上为已知负债，尤指坏账或资产价值缩减，从利润中留出的）准备金；<史>神职委任（尤指教皇对尚未缺额神职的预先委任）；v. 为……提供所需物品（尤指食物）；（为已知债务）留出准备金,There is a lack of adequate provision for disabled students.　为残疾学生提供的服务不够。
2870,outdoors,P3,W21–W30,,ˌaʊtˈdɔrz,adv. 在户外，在野外；n. 野外，旷野（the outdoors）；野外活动，户外休闲 （the outdoors）；adj. 户外的,I'm a lover of the outdoors.　我是个户外活动爱好者。
2871,clothes,P3,W21–W30,,ˈkloʊðz,n. 衣服，衣物；（在特定场合、特定时间或由特定人群穿着的）服装，礼服；被褥,His clothes were in tatters.　他的衣服破旧不堪。
2872,caused,P3,W21–W30,释义待核实，不进入核心练习,ˈkɑzd,释义待核实，不计入核心练习,
2873,luxury,P3,W21–W30,,ˈlʌɡʒɚi,n. 奢华，华贵；奢侈品；不常有的乐趣，难得的享受；adj. 奢侈的，豪华的,The room had an air of luxury.　房间具有豪华的气派。
2874,babes,P3,W21–W30,释义待核实，不进入核心练习,ˈbeɪbz,释义待核实，不计入核心练习,
2875,frames,P3,W21–W30,释义待核实，不进入核心练习,ˈfreɪmz,释义待核实，不计入核心练习,
2876,viagra,P3,W21–W30,释义待核实，不进入核心练习,viˈæɡrə,释义待核实，不计入核心练习,
2877,certainly,P3,W21–W30,,ˈsɝtənli,adv. 无疑，确定；当然，行（用于回答）,I certainly don't deal drugs.　我当然不做毒品生意。
2878,indeed,P3,W21–W30,,ˌɪnˈdid,adv. 确实，的确；实际上；真正地；<非正式> 真的吗（表示惊讶或觉得某事物荒谬）,The 1980s were indeed boom years.　20世纪80年代确实是繁荣的时代。
2879,newspaper,P3,W21–W30,,ˈnuzˌpeɪpɚ,n. 报纸，报；报社；（尤指用作他途的）旧报纸,May I borrow your newspaper?　把你的报纸借我看行吗？
2880,toy,P3,W21–W30,,ˈtɔɪ,n. 玩具；玩意儿，小摆设；受人控制（或利用）的人，玩物；小型的东西；adj. 玩具的，和玩具有关的；个头很小的，小体型品种的；v. 漫不经心地考虑；调情，调戏；心不在焉地（或紧张地）摆弄；不热情地（或有节制地）吃（或喝）,The toy industry is in a slump.　玩具业现在不景气。
2881,circuit,P3,W21–W30,,ˈsɝkət,n. 电路，回路；巡回活动，巡回地；环道，环线；巡回赛；赛车道；（英国）巡回审判区，巡回上诉法院；（一套）体操动作；统一经营的连锁剧院（或影院）；v. （绕……）环行,Fewer workers are needed to solder circuit boards.　焊接电路板需要较少的工人。
2882,layer,P3,W21–W30,,ˈleɪɚ,n. 层；层次，等级；摆放者，铺设者，产卵者；压条；v. 分层放置；把（头发）分层剪短；用压条培育（植物）,A thin layer of dust covered everything.　所有的物品上都积了薄薄的一层灰尘。
2883,printed,P3,W21–W30,释义待核实，不进入核心练习,ˈprɪntɪd,释义待核实，不计入核心练习,
2884,slow,P3,W21–W30,,ˈsloʊ,adj. （移动，运行）低速的，缓慢的；慢速的，低速的；耗时的，太慢的；迟缓的，慢吞吞的；（钟表）慢的；迟钝的，愚笨的；（胶片）曝光慢的；（镜头）小孔径的；（生意）清淡的，不景气的；不曲折的，乏味的，无趣的；（火，烤箱）小火的，弱火的；（球场或地面）软的，阻球的，奔跑困难的；v. （使）放慢速度，（使）减速；（使）降低，（使）减少；（生活，工作）放松；adv. 低速地，缓慢地,Progress is maddeningly slow.　进展慢得令人心烦。
2885,removal,P3,W21–W30,,rɪˈmuvəl,n. 移走，去掉；消除，清除；免职，开除；<英>搬运，搬迁；<南非，史>种族迫迁；<爱尔兰>（从家里运至教堂举行葬礼的）尸体搬运仪式,They rejected a demand for the removal of all nuclear weapons.　他们拒绝了清除所有核武器的要求。
2886,easier,P3,W21–W30,释义待核实，不进入核心练习,ˈiziɚ,释义待核实，不计入核心练习,
2887,src,P3,W21–W30,释义待核实，不进入核心练习,,释义待核实，不计入核心练习,
2888,liability,P3,W21–W30,,ˌlaɪəˈbɪlɪti,n. （法律上应承担的）责任，义务；惹麻烦的人（或事）；负债，债务；倾向；可能性,The company cannot accept liability for any damage caused by natural disasters.　该公司对自然灾害造成的任何损失概不承担责任。
2889,trademark,P3,W21–W30,,ˈtreɪdˌmɑrk,n. 商标；标志，特点；v. 给……标上商标；认出（某种习惯、品质或生活方式）为某人的典型特征,Please identify the registered trademark.　请认明注册商标。
2890,hip,P3,W21–W30,,ˈhɪp,n. 臀部，髋；屋脊；野蔷薇果；adj. 时髦的；int. 加油！ 好哇！,He fell and fractured his hip.　他跌了一跤将髋关节摔裂。
2891,printers,P3,W21–W30,释义待核实，不进入核心练习,ˈprɪntɚz,释义待核实，不计入核心练习,
2892,faqs,P3,W21–W30,释义待核实，不进入核心练习,,释义待核实，不计入核心练习,
2893,nine,P3,W21–W30,,ˈnaɪn,n. 九，九个；num. 九；九个；adj. 九的，九个的,I got here just after nine.　我到达这里时刚过九点。
2894,adding,P3,W21–W30,释义待核实，不进入核心练习,ˈædɪŋ,释义待核实，不计入核心练习,
2895,kentucky,P3,W21–W30,释义待核实，不进入核心练习,kənˈtʌki,释义待核实，不计入核心练习,
2896,mostly,P3,W21–W30,,ˈmoʊstli,adv. 多半，主要地；几乎全部，几乎所有,Cars are mostly metal.　汽车大多是金属制成的。
2897,eric,P3,W21–W30,释义待核实，不进入核心练习,ˈɛrɪk,释义待核实，不计入核心练习,
2898,spot,P3,W21–W30,,ˈspɑt,n. 地点，场所；点，斑点；污点，污渍；丘疹，疱疹；某演员的固定节目；排名位置； <英>少量，一点；几滴，少许（液体）；困境，窘境；现货交易，现金交易；聚光灯（spotlight 的简称）；<美>（多米诺牌、纸牌或骰子上的）点；调灰泥板，调石膏板；<美，非正式>（特定面值的）钞票；（英足）点球点；v. 看见，注意到；让分，让步；飘了几滴雨；<美，非正式>借（钱）给；使有斑点，使有污迹；稀疏地点缀；在场监护（运动员）；（军）确定敌人的位置；将（球）放在适当位置；adj. 现货交易的，立即支付的,X marks the spot.　X标出了所说的地点。
2899,taylor,P3,W21–W30,释义待核实，不进入核心练习,ˈteɪlɚ,释义待核实，不计入核心练习,
2900,trackback,P3,W21–W30,释义待核实，不进入核心练习,,释义待核实，不计入核心练习,
2901,prints,P3,W21–W30,释义待核实，不进入核心练习,ˈprɪnts,释义待核实，不计入核心练习,
2902,spend,P3,W21–W30,,ˈspɛnd,v. 度过，花（时间）；花（钱），花费；消耗，用尽（精力等）；n. 花费，开销；n. 预算,I spend too much time watching television.　我看电视花的时间太多。
2903,factory,P3,W21–W30,,ˈfæktɚi,n. 工厂，制造厂；（在外国的）代理店,A strike has shut the factory.　罢工使工厂停业。
2904,interior,P3,W21–W30,,ˌɪnˈtɪriɚ,adj. 内部的，里面的；国内的，内政的；内心的，本质的；内陆的，腹地的；n. 内部，里面；内陆，腹地；（本国的）内政，内务；（建筑物或房间内的）内景；内心，本质,The interior is starkly simple.　室内粗陋简朴。
2905,revised,P3,W21–W30,释义待核实，不进入核心练习,rɪˈvaɪzd,释义待核实，不计入核心练习,
2906,grow,P3,W21–W30,,ˈɡroʊ,(grew) 增长；增大；v. 长大，成长；成活，生长；发展，增加；逐渐变得；产生，形成；栽种，种植；留长，蓄；变长；【名】 （Grow）（英）格罗（人名）,I've decided to grow my hair.　我已决定留长发。
2907,americans,P3,W21–W30,释义待核实，不进入核心练习,əˈmɛrəkənz,释义待核实，不计入核心练习,
2908,optical,P3,W21–W30,,ˈɑptɪkəl,adj. 视力的，视觉的；有助于视力的，光学的；光读取的，光存贮的；（装置）光电的；n. <印度>（一副）眼镜（opticals）,A sensor channels the light signal along an optical fibre.　传感器沿光导纤维输送光信号。
2909,promotion,P3,W21–W30,,prəˈmoʊʃən,n. 提拔，晋升；促销，推销； 促进，提倡；（体育运动队的）晋级，升级；（为获利而举办的）体育赛事（尤指系列拳击赛）；（化学）助催化,She's due for promotion soon.　她很快该晋升了。
2910,relative,P3,W21–W30,,ˈrɛlətɪv,n. 亲戚，亲属；同类事物，亲缘动物（或植物）；（语法）关系代词，关系限定词，关系副词；（哲学）关系项；相关物；adj. 相比较而言的，比较的；相对的，相关联的；（语法）（代词、限定词或副词）关系的，（从句）由关系词引导的；（乐）（大小调）调号相同的；（与不同军种的军阶）相应（或对应）的；<正式> 关于（或涉及到）......的；相比之下存在（或有）的,He's a distant relative of the mayor.　他是市长的远房亲戚。
2911,amazing,P3,W21–W30,,əˈmeɪzɪŋ,adj. 惊人的，了不起的；令人诧异的，令人惊愕的；令人高兴的；v. 使惊奇，使惊愕（amaze 的现在分词形式）,She has amazing powers of recall.　她有惊人的记忆力。
2912,clock,P3,W21–W30,,ˈklɑk,n. 时钟，时钟的；考勤钟（the clock）；里程表（the clock）；（比赛）计时器，时间段（the clock）；速度计（the clock）；<英>（尤指蒲公英的）绒毛头；<英，非正式>人脸；（电脑）启动与同步内部操作的电子装置；v. 达到，记录下（一定时间，距离，速度）；记录（时间，速度）；打卡；<英，非正式>注意；<非正式>痛打，狠揍；回拨里程表作弊；获（胜）；需时；【名】 （Clock）（英）克洛克（人名）,I heard the clock chime.　我听见钟响报时。
2913,dot,P3,W21–W30,,ˈdɑt,n. 点，小圆点，点状物；顿音记号；（摩尔斯电码、因特网或电子邮件地址中的）点；嫁妆；v. 加点；散布于，遍布；给音符加附点；<古>击打；【名】 （Dot）（英）多特（女子教名 Dorothea 和 Dorothy 的昵称），（中）多（广东话·威妥玛），（越）突（人名）,Why do you never dot your i's?　你为什么从不在字母i上加点呢？
2914,hiv,P3,W21–W30,释义待核实，不进入核心练习,ˌeɪˌtʃaɪˈvi,释义待核实，不计入核心练习,
2915,identity,P3,W21–W30,,aɪˈdɛntɪˌti,n. 身份，本体；个性，特性；同一性，一致；恒等运算，恒等式,He closely guarded her identity.　他严密地保守她的身份。
2916,suites,P3,W21–W30,释义待核实，不进入核心练习,ˈswits,释义待核实，不计入核心练习,
2917,conversion,P3,W21–W30,,kənˈvɝʒən,n. 转变，转换；（宗教或信仰的）改变，归附；侵权行为，非法挪用（或侵吞）；改建的房屋；（达阵后的）附加得分,No conversion from analogue to digital data is needed.　没有必要把模拟转换为数字数据。
2918,feeling,P3,W21–W30,,ˈfilɪŋ,n. 感觉，感触；预感；看法，态度；情感，情绪；理解力，领悟力；好感，同情；知觉；氛围；品质，特点；adj. 多愁善感的，多情的；v. 感受到，体会到；觉得，相信；使人感觉……(feel 的现在分词形式),Are you feeling all right?　你感觉还好吗？
2919,hidden,P3,W21–W30,,ˈhɪdən,adj. 隐形的，隐秘的；不易察觉的，潜在的；v. 隐藏；躲避；遮挡（hide 的过去分词）；【名】 （Hidden）（英）希登（人名）,There are no hidden extras.　没有任何隐蔽的额外费用。
2920,reasonable,P3,W21–W30,,ˈrizənəbəl,adj. 有道理的，合情理的；（人）通情达理的，讲道理的；适度的，合适的；（价格）公道的；还算好的，尚可的；相当大的，（数量）不少的,You get a good meal for a reasonable price.　你能以公道的价格好好地吃一顿。
2921,victoria,P3,W21–W30,释义待核实，不进入核心练习,vɪkˈtɔriə,释义待核实，不计入核心练习,
2922,serial,P3,W21–W30,,ˈsɪˌriəl,adj. 顺序排列的，一连串（系列）的；（重罪案犯或重案）连环的，连续的；连续播放的，连载的；串行的，单行的；（语言学）（动词）序列的；（乐）序列的；（计算机）（处理器）单任务的；n. （电视或广播）连续剧，（报纸上的）连载故事；（图书馆的）期刊；【名】 （Serial）（阿、美、俄、意、英、法）塞力娅乐（人名）,Currency notes bear serial Numbers.　钞票上有连续的号码。
2923,relief,P3,W21–W30,,rɪˈlif,n. （因恐惧、忧虑或痛苦的消除而感到的）宽慰，轻松；（疼痛或不快的）减轻，缓解；救济品（如食品、衣物、金钱等）；换班的人，替换者；浮雕，浮雕品；军事援助，解围；税款减免（权）；（暂时的）缓解（物），（短时间的）调剂；（对困苦、不公正遭遇等的）依法补偿；<英>（高峰时或紧急需要时的）临时加班公交车，机动车；凸现（用线条、颜色或明暗表现的立体效果）；（地形的）凹凸，高低；轮廓分明，对比鲜明；突出的品质，令人注目的特征,I breathed a sigh of relief.　我安心地松了一口气。
2924,revision,P3,W21–W30,,riˈvɪʒən,n. 修改，修订；修订本，订正版；复习，温习,The catalogue is under revision.　目录册正在修订之中。
2925,broadband,P3,W21–W30,,ˈbrɔdˌbænd,n. 宽频；宽波段；adj. 宽频带的；宽波段的；宽频通讯的,Broadband is still more expensive than dial-up services.　宽带还是要比拨号服务费钱得多。
2926,influence,P3,W21–W30,,ˈɪnfluəns,n. 影响，作用；势力，影响力；有影响的人（或事物）；v. 影响，对……起作用,He's never had any influence over her.　他对她从没有过任何影响。
2927,ratio,P3,W21–W30,,ˈreɪʃiˌoʊ,n. 比率，比例,The adult to child ratio is one to six.　成人与儿童之比是1比6。
2928,pda,P3,W21–W30,释义待核实，不进入核心练习,,释义待核实，不计入核心练习,
2929,importance,P3,W21–W30,,ˌɪmˈpɔrtəns,n. 重要，重要性；傲慢；名望,This matter is of paramount importance.　此事至关重要。
2930,rain,P3,W21–W30,,ˈreɪn,n. 雨，雨水；（热带地区的）雨季（the rains）；（降雨般的）一阵，（大量的）降落物；v. 下雨；（使）大量降落，雨点般落下；（使）如雨般地猛击；【名】 （Rain）（法）兰，（英）雷恩，（罗、捷）赖恩（人名）,It's threatening to rain.　天可能要下雨。
2931,onto,P3,W21–W30,,ˈɑntu,prep. 到……之上，向……之上，到，朝；（建筑物、房间、门或窗）面朝，通向；发现（某人做了坏事）；了解，掌握，处于有利地位；与……谈话，询问；到（交通工具）上；（重心移动）到（身体某部位）上；成为（列表、系统等）的一部分；转到（其他话题）；抓住；（数）映射到的；adj. 映射的，映成的，满射的,This door gives onto the hall.　这道门通往大厅。
2932,dsl,P3,W21–W30,释义待核实，不进入核心练习,,释义待核实，不计入核心练习,
2933,planet,P3,W21–W30,,ˈplænət,n. 行星；地球（the planet）；<史>命运星辰；【名】 （Planet）普拉内特（人名）,There are lots of ways of annihilating the planet.　有很多毁灭那个星球的方式。
2934,webmaster,P3,W21–W30,释义待核实，不进入核心练习,ˈwɛbˌmæstɚ,释义待核实，不计入核心练习,
2935,copies,P3,W21–W30,释义待核实，不进入核心练习,ˈkɑpiz,释义待核实，不计入核心练习,
2936,recipe,P3,W21–W30,,ˈrɛsəpi,n. 烹饪法，食谱；诀窍，秘诀；原因；<古>处方,What's her recipe for success?　她成功的秘诀是什么？
2937,zum,P3,W21–W30,释义待核实，不进入核心练习,,释义待核实，不计入核心练习,
2938,permit,P3,W21–W30,,pɚˈmɪt,v. 批准，许可；（使）成为可能；破例做，放纵；n. 执照，许可证；古氏鲳鲹,Is your work permit in order?　你的工作许可证有效吗？
2939,seeing,P3,W21–W30,释义待核实，不进入核心练习,ˈsiɪŋ,释义待核实，不计入核心练习,
2940,proof,P3,W21–W30,,ˈpruf,n. 证明，证据；检验，证实；（数学）验算，验证；校样，样张；（酒的）标准酒精度；<苏格兰>法官单独听证；adj. 防……的，耐……的；试印的；v. 保护……免受影响（或损害）；印……的校样；校对；<美>加水使（酵母）活化；<美>揉（面团）；<美>（面团）发酵,There was no absolute proof.　没有确凿的证据。
2941,dna,P3,W21–W30,,ˌdiˌɛˈneɪ,abbr. 脱氧核糖核酸（deoxyribonucleic acid）；（美国）国防部核子局（Defense Nuclear Agency）,A routine DNA sample was taken.　采集了一份常规的脱氧核糖核酸样本。
2942,diff,P3,W21–W30,释义待核实，不进入核心练习,ˈdɪf,释义待核实，不计入核心练习,
2943,tennis,P3,W21–W30,,ˈtɛnəs,n. 网球；n. （Tennis）（英）坦尼斯（人名）,He's a mean tennis player.　他是一名出色的网球选手。
2944,bass,P3,W21–W30,,ˈbæs,n. 男低音歌手；低音，低音部；低音吉他，低音提琴；鲈鱼；椴树；adj. 低音的，低声调的；【名】 （Bass）（英、法、德、俄、罗、捷、马里、匈）巴斯（人名）,He sings bass.　他唱低音。
2945,prescription,P3,W21–W30,,prəˈskrɪpʃən,n. 处方，药方；处方药；开处方，开药方；<正式>解决方法，诀窍；<法律>取得的时效（根据长期或不确定时期持续使用或以长期习惯为基础确立的要求权）（=positive prescription)）；adj. 凭处方方可购买的,Nicola got her prescription for strep.　妮古拉拿了治疗链球菌性咽喉炎的处方药。
2946,bedroom,P3,W21–W30,,ˈbɛˌdrum,n. 卧室；adj. 两性关系的；城郊住宅区的,The main bedroom is enormous.　主卧室大极了。
2947,empty,P3,W21–W30,,ˈɛmpti,adj. 空的；空洞的，无意义的；空虚的；无知的，愚蠢的；无用的，徒劳的；v. 清空；变空；流入；使失去；n. 空容器,The beach was nearly empty.　海滩几乎是空荡荡的。
2948,instance,P3,W21–W30,,ˈɪnstəns,n. 例子，实例；v. 举……为例,Can you quote me an instance of when this happened?　你能否给我举例说明一下发生这事的情况？
2949,hole,P3,W21–W30,,ˈhoʊl,n. 洞，坑；裂口，开口；（高尔夫球运动中的）球洞；（小动物的）洞穴；令人不舒适的地方；缺点，破绽；<非正式>困境，窘境；禁闭室，单人牢房；空缺的地方（或位置）；（两个守场员间的）空地，空隙；v. （尤指给船）钻洞，打洞；击球入洞；【名】 （Hole）（瑞典、挪）霍勒，（英）霍尔（人名）；（Hole）（英）霍尔，（瑞典、挪）霍勒（人名）,The hole has been filled in.　洞已填平。
2950,pets,P3,W21–W30,释义待核实，不进入核心练习,ˈpɛts,释义待核实，不计入核心练习,
2951,ride,P3,W21–W30,,ˈraɪd,v. 骑马，骑车；乘坐；航行，漂浮；穿越，翻越；（车辆）行驶；<美>数落，嘲弄；驾驭，被……所支配；取决于（ride on）；得益于；（骑马或车）参赛；<南非>运输（货物）；突伸，重叠；顺势退躲以缓冲（击打）；<俚>与……性交；n. 乘骑旅行，搭乘旅行；大型游乐设施，乘坐装置；免费搭车；<美>搭载别人者；行车质量，乘坐感觉；<美，非正式>机动车辆；骑马道；<加>骑马表演；<俚>性交，交媾；节奏钹；【名】 (Ride) （英、美、法）赖德（人名）,I learnt to ride as a child.　我小时候就学会了骑马。
2952,licensed,P3,W21–W30,释义待核实，不进入核心练习,ˈlaɪsənst,释义待核实，不计入核心练习,
2953,orlando,P3,W21–W30,释义待核实，不进入核心练习,ɔrˈlænˌdoʊ,释义待核实，不计入核心练习,
2954,specifically,P3,W21–W30,,spəˈsɪfɪkli,adv. 特意，专门地；明确地，具体地；具体来说，确切地说；局限性地；专门；（生）种的,I specifically asked for this steak rare.　我明确要求了要把这份牛排做成半熟的。
2955,tim,P3,W21–W30,释义待核实，不进入核心练习,ˈtɪm,释义待核实，不计入核心练习,
2956,bureau,P3,W21–W30,,ˈbjʊroʊ,n. 局，处，科；办事处，办公室；五斗橱，衣柜；书桌；【名】 （Bureau）（法）比罗（人名）,A baseball mitt and ball rested on top of the bureau.　衣柜顶上摆着棒球手套和棒球。
2957,maine,P3,W21–W30,释义待核实，不进入核心练习,ˈmeɪn,释义待核实，不计入核心练习,
2958,sql,P3,W21–W30,释义待核实，不进入核心练习,ˌɛskˌjuˈɛl,释义待核实，不计入核心练习,
2959,represent,P3,W21–W30,,ˌrɛprɪˈzɛnt,v. 代表；为……代言（辩护）；代表（选区、政党、群体）任国会议员（或其他立法机构议员）；代表（国家、学校、城镇等参加比赛）；作为某人的代表（尤指在正式场合或仪式中）；等于，相当于；（符号或象征）代表，表示；象征，体现；展示，描绘；（尤指不真实地）描述，描写；扮演；<正式>明确讲述，清楚说明；声称；正式提出（意见、抗议等）,The carvings represent a hunting scene.　这些雕刻作品描绘了一幅狩猎的场面。
2960,conservation,P3,W21–W30,,ˌkɑnsɚˈveɪʃən,n. 保护，保存；节约，防止浪费；守恒定律,This proposal will incense conservation campaigners.　这项提议将激怒自然保护的倡导者。
2961,pair,P3,W21–W30,,ˈpɛr,n. （成双的两物品）一对，一双；（由两个相连的类似部分组成的）一套，一副；两个共事（或有特殊关系）的人；（成对物的）另一只，（搭档的）另一人；（交配的）一对动物；两匹并排驾车的马；对子（指两张同点的纸牌）；（议会中）相约放弃投票权的敌对两党的两名议员（或其中一名）；v. 使成对，配对；（使）结成一对（恋人）（pair off/up）；（动物）交配（=pair up）；使（敌对两党的两名议员）组成不投票的一对；【名】 （Pair）佩尔（姓氏）,I need a new pair of specs.　我需要一副新眼镜。
2962,ideal,P3,W21–W30,,aɪˈdil,adj. 理想的，最佳的；想象的，不切实际的；n. 理想；典范，完美典型,He has found his ideal mate.　他已经找到了理想的配偶。
2963,specs,P3,W21–W30,释义待核实，不进入核心练习,ˈspɛks,释义待核实，不计入核心练习,
2964,recorded,P3,W21–W30,释义待核实，不进入核心练习,rəˈkɔrdɪd,释义待核实，不计入核心练习,
2965,don,P3,W21–W30,释义待核实，不进入核心练习,ˈdɑn,释义待核实，不计入核心练习,
2966,pieces,P3,W21–W30,释义待核实，不进入核心练习,ˈpisəz,释义待核实，不计入核心练习,
2967,finished,P3,W21–W30,,ˈfɪnɪʃt,adj. 结束了的，完成了的；不再与……打交道；垮台，失败；v. 完成，做好；（使）结束；消耗尽（所剩之物）（finish 的过去式和过去分词形式）,I've finished my work.　我干完我的活儿了。
2968,parks,P3,W21–W30,释义待核实，不进入核心练习,ˈpɑrks,释义待核实，不计入核心练习,
2969,dinner,P3,W21–W30,,ˈdɪnɚ,n. 正餐，晚餐；晚宴，宴会；速食饭，方便饭；【名】 （Dinner）（法）迪内（人名）,I puked up my dinner.　我把吃的饭都吐了。
2970,lawyers,P3,W21–W30,释义待核实，不进入核心练习,ˈlɔjɚz,释义待核实，不计入核心练习,
2971,sydney,P3,W21–W30,释义待核实，不进入核心练习,ˈsɪdni,释义待核实，不计入核心练习,
2972,stress,P3,W21–W30,,ˈstrɛs,n. 精神压力，紧张；压力，应力；强调，重要性；（单词）重音，重读，（音乐）加强音；压强；环境恶劣引起的疾病；v. 强调，着重；重读；焦虑，紧张；使受压力，使受重压；【名】 （Stress）（意）斯特雷斯 （人名）,It's vital to zap stress fast.　快速消除压力非常重要。
2973,cream,P3,W21–W30,,ˈkrim,n. 奶油，乳脂；霜，膏；奶油色，淡黄色；含奶油食品；乳皮；adj. 奶油色的，淡黄色的，米黄色的；v. 把……搅成奶油状；<美，非正式>轻易彻底打败；狠撞；加奶油；捈乳霜,The sauce is mostly cream.　这沙司主要是奶油。
2974,ss,P3,W21–W30,释义待核实，不进入核心练习,ˌɛˈsɛs,释义待核实，不计入核心练习,
2975,runs,P3,W21–W30,释义待核实，不进入核心练习,ˈrʌnz,释义待核实，不计入核心练习,
2976,trends,P3,W21–W30,释义待核实，不进入核心练习,ˈtrɛndz,释义待核实，不计入核心练习,
2977,yeah,P3,W21–W30,,ˈjæ,int. 是，对；n. 是，对；adv. 是，对；表示惊讶或反对；表示不相信,"Uh, yeah, I guess so.　嗯，对，我想是这样。"
2978,discover,P3,W21–W30,,dɪˈskʌvɚ,v. 发现，找到；了解到，发觉，查明；发掘（人才）；初次接触,Only later did she discover a talent for writing.　她后来才发现自己的写作天分。
2979,ap,P3,W21–W30,释义待核实，不进入核心练习,ˌeɪˈpi,释义待核实，不计入核心练习,
2980,patterns,P3,W21–W30,释义待核实，不进入核心练习,ˈpætɚnz,释义待核实，不计入核心练习,
2981,boxes,P3,W21–W30,释义待核实，不进入核心练习,ˈbɑksəz,释义待核实，不计入核心练习,
2982,louisiana,P3,W21–W30,释义待核实，不进入核心练习,luˌiziˈænə,释义待核实，不计入核心练习,
2983,hills,P3,W21–W30,释义待核实，不进入核心练习,ˈhɪlz,释义待核实，不计入核心练习,
2984,javascript,P3,W21–W30,释义待核实，不进入核心练习,ˈdʒɑvəˌskrɪpt,释义待核实，不计入核心练习,
2985,fourth,P3,W21–W30,,ˈfɔrθ,adj. 第四的，第四个的；四分之一的；n. 第四，月的第四日；四分之一；num. 第四,Thompson is lying in fourth place.　汤姆森名列第四。
2986,nm,P3,W21–W30,释义待核实，不进入核心练习,,释义待核实，不计入核心练习,
2987,advisor,P3,W21–W30,,ædˈvaɪzɚ,n. 顾问；指导教师；劝告者,"I'm Anna, the faculty advisor.　我叫安娜，是教职工顾问。"
2988,mn,P3,W21–W30,释义待核实，不进入核心练习,,释义待核实，不计入核心练习,
2989,marketplace,P3,W21–W30,,ˈmɑrkətˌpleɪs,n. 市场；商场；市集,He made his way to the marketplace.　他去了市场。
2990,nd,P3,W21–W30,释义待核实，不进入核心练习,,释义待核实，不计入核心练习,
2991,evil,P3,W21–W30,,ˈivəl,adj. 恶毒的，邪恶的；有害的，易造成伤害的；讨厌的，令人不舒服的；恶魔的，不祥的；n. 有害（或不受欢迎）的事；邪恶，罪恶；坏事，恶行,She is evil incarnate.　她是邪恶的化身。
2992,aware,P3,W21–W30,,əˈwɛr,adj. 知道的，明白的；察觉到的，意识到的；有……意识的，有……知识的；【名】 （Aware）（阿拉伯、索）阿瓦雷（人名）,He was well aware of the problem.　他很清楚这个问题。
2993,wilson,P3,W21–W30,释义待核实，不进入核心练习,ˈwɪlsən,释义待核实，不计入核心练习,
2994,shape,P3,W21–W30,,ˈʃeɪp,n. 形状，外形；形态，特征；状况，身体状况；健壮；（朦胧的）影像；（事物平常或本来的）样子；有序的排列，条理清楚；伪装，假装；特定形状的东西，模型；身材；vt. 形成，影响；使成形，塑造；计划，思考出；产生（声音，词）；使适合，使符合；（运动员）摆姿势，做动作；【名】 （Shape）（瑞典）沙佩（人名）,It is cylindrical in shape.　它是圆柱形的。
2995,evolution,P3,W21–W30,,ˌɛvəˈluʃən,n. 进化（论）；演变，发展；（气体的）释放，（热量的）散发；队形变换，位置变换；<旧>开方,Darwin eventually put forward a model of biological evolution.　达尔文最终提出了一套生物进化的理论模式。
2996,irish,P3,W21–W30,释义待核实，不进入核心练习,ˈaɪrɪʃ,释义待核实，不计入核心练习,
2997,certificates,P3,W21–W30,释义待核实，不进入核心练习,sɚˈtɪfɪkəts,释义待核实，不计入核心练习,
2998,objectives,P3,W21–W30,释义待核实，不进入核心练习,əbˈdʒɛktɪvz,释义待核实，不计入核心练习,
2999,stations,P3,W21–W30,释义待核实，不进入核心练习,ˈsteɪʃənz,释义待核实，不计入核心练习,
3000,suggested,P3,W21–W30,释义待核实，不进入核心练习,səˈdʒɛstɪd,释义待核实，不计入核心练习,
3001,gps,P3,W21–W30,,ˌɡipiˈɛs,全球（卫星）；abbr. 全球定位系统（Global Position System）；通用雷达（General Purpose Radar）；炮长主瞄准镜（Gunner's Primary Sight）,I don't have GPS.　我没有全球定位系统。
3002,op,P3,W21–W30,释义待核实，不进入核心练习,ˈɑp,释义待核实，不计入核心练习,
3003,remains,P3,W21–W30,,rɪˈmeɪnz,n. 剩余物，残留物；遗体，遗骸；古迹，遗迹；v. 仍然是，保持不变；逗留，留下；剩余，余留（remain 的第三人称单数形式）,The theory remains untested.　该理论仍未经过验证。
3004,acc,P3,W21–W30,释义待核实，不进入核心练习,ˌaɪˌsiˈsi,释义待核实，不计入核心练习,
3005,greatest,P3,W21–W30,释义待核实，不进入核心练习,ˈɡreɪtəst,释义待核实，不计入核心练习,
3006,firms,P3,W21–W30,释义待核实，不进入核心练习,ˈfɝmz,释义待核实，不计入核心练习,
3007,concerned,P3,W21–W30,,kənˈsɝnd,adj. 相关的， 关于（某个主题）的；担心的，焦急的；关注的，感兴趣的；关心的，挂念的；v. 有关，关于；涉及，影响；使忧虑，使担心（concern 的过去式和过去分词形式）,We are concerned about the child's welfare.　我们关注那个孩子的福祉。
3008,euro,P3,W21–W30,,ˈjuroʊ,abbr. 欧洲（European）,A hundred cents make one euro.　一百分币等于一欧元。
3009,operator,P3,W21–W30,,ˈɑpɚˌeɪtɚ,n. （设备、机器的）操作员；经营者；精明圆滑的人，善于取巧的人；电话员，接线员；运算符号,The operator will put you through.　接线员将为你接通电话。
3010,structures,P3,W21–W30,释义待核实，不进入核心练习,ˈstrʌktʃɚz,释义待核实，不计入核心练习,
3011,generic,P3,W21–W30,,dʒəˈnɛrɪk,adj. 一般的，通用的；（货物，尤指药品）没有牌子的，无商标的；属的，类的；（生）属的，类的；n. 无商标消费品，不受商标注册保护的消费品,The index at the back of the book lists both brand and generic names.　书末尾的索引把商标名和通用名都列了出来。
3012,encyclopedia,P3,W21–W30,,ɪnˌsaɪkləˈpidiə,n. 百科全书，（某一学科的）专科全书（=encyclopaedia）,The encyclopedia is available on CD-ROM.　百科全书光盘已上市。
3013,usage,P3,W21–W30,,ˈjusədʒ,n. （词语的）用法；使用，用量；（尤指形成权利，义务，标准等的）常规做法，惯例；<正式>虐待，不公待遇,Car usage is predicted to increase.　汽车的使用率预计会增长。
3014,cap,P3,W21–W30,,ˈkæp,n. 帽子；（对物件起保护作用的）罩，盖，套；最高限额；国家队队员；v. 覆盖；限额收取（或支出）；选入国家队；给（牙齿）上牙套；胜过，超过；脱帽致意；【名】 （Cap）（法、德、罗）卡普，（塞、捷）察普（人名）,He often wore a baseball cap.　他经常戴顶棒球帽。
3015,ink,P3,W21–W30,,ˈɪŋk,n. 墨水，油墨；<非正式>文字宣传，纸媒宣传；（章鱼、乌贼等海洋生物分泌出的）墨汁；v. 签订，签署（合同等）；涂墨水于（某物）；【名】 （Ink）（美、俄、拉脱维亚）英克（人名）,These ink stains won't wash out.　这些墨渍洗不掉。
3016,charts,P3,W21–W30,释义待核实，不进入核心练习,ˈtʃɑrts,释义待核实，不计入核心练习,
3017,continuing,P3,W21–W30,释义待核实，不进入核心练习,kənˈtɪnjuɪŋ,释义待核实，不计入核心练习,
3018,mixed,P3,W21–W30,,ˈmɪkst,adj. （感情）矛盾的，复杂的；（人）混合的，形形色色的；不同种族（或宗教）混合的；男女混合的；好坏参半的；混合的，什锦的；v. （使）混合，掺和；使相结合；调制，配制（mix 的过去式和过去分词）,This pub had a mixed clientele.　这家酒吧有混杂的顾客群。
3019,census,P3,W21–W30,,ˈsɛnsəs,n. （官方的）统计，人口普查；v. 对……进行人口调查；统计……的数目,"Of these, 40% told census-takers they were Muslims.　这些人当中，有40%的人告诉人口普查员说他们是穆斯林。"
3020,interracial,P3,W21–W30,释义待核实，不进入核心练习,ˌɪntɚˈreɪʃəl,释义待核实，不计入核心练习,
3021,peak,P3,W21–W30,,ˈpik,n. 巅峰，顶点；山顶；有尖峰的山；尖端，尖顶；帽檐，帽舌；极值，峰值；（艏或艉的）尖舱；斜桁外端，（帆的）后上角；v. 达到高峰，达到最大值；<古>消瘦，衰弱，精神萎靡；adj. 巅峰状态的，最高的；高峰时期的,She's at the peak of her career.　她正处在事业的巅峰。
3022,tn,P3,W21–W30,释义待核实，不进入核心练习,,释义待核实，不计入核心练习,
3023,competitive,P3,W21–W30,,kəmˈpɛtətɪv,adj. 竞争的；好竞争的，好胜的；有竞争力的,It's hard to maintain competitive pricing.　很难保持有竞争力的定价。
3024,exist,P3,W21–W30,,ɪɡˈzɪst,v. 存在，实际上有；持续存在，生存,Does life exist on other planets?　其他行星上有生命吗？
3025,wheel,P3,W21–W30,,ˈwil,n. 轮子，车轮；汽车（wheels）；机轮，齿轮，传动轮；（汽车、轮船等的）方向盘，转向盘；系统，机构；轮状物；轮盘（一种旋转的赌具）；轮；重要人物，大亨；轮式机械（或器具）；旋转，回旋；（诗歌等的）叠句；<史>（用于牵拉或分裂肢体的）轮式刑车（the wheel）；v. 推，拉（带轮运输工具）；用有轮之物推动（或拉动、移动）……；（鸟或飞机）盘旋；（使）迅速转身，猛然转身,The wheel is pulling to the left.　方向盘正在向左打。
3026,transit,P3,W21–W30,,ˈtrænzɪt,n. 运输，运送；<美>交通运输系统；通过，经过；（天文）凌日；（天文）中天；（占星）凌；（商标）（尤指用于运货的）“全顺”汽车（Transit）；v. 经过，穿过；（天文）（行星等天体）经过（另一天体、子午线）；（占星）（行星等天体）经过（黄道十二宫之一、住宅或星图区域）,The cost includes transit.　成本中包括运费。
3027,suppliers,P3,W21–W30,释义待核实，不进入核心练习,səˈplaɪɚz,释义待核实，不计入核心练习,
3028,salt,P3,W21–W30,,ˈsɔlt,n. 盐，食盐（=common salt）；（化学）盐；盐状物（用于某种特殊目的的物质或药品）（salts）；<文>风趣，刺激性；<非正式>有经验的水手，老水手（old salt）；v. 给（食物）加盐调味；用盐腌制（食物）（=salt down）；（为融化雪或冰）撒盐于（道路）上；给……增添刺激，使……更有趣；<非正式>使（矿区、矿山）呈虚假的富矿状；adj. 含盐的，咸的；用盐腌制的；（植物）海生的，生长于盐沼的；<旧>猥亵的,Salt dissolves in water.　盐溶于水。
3029,compact,P3,W21–W30,,ˈkɑmpækt,adj. 小型的，袖珍的；紧凑的；紧密的，坚实的；矮小而健壮的；（演讲，作品）简洁的，简练的；n. 带镜小粉盒；合约，协定；小型汽车；袖珍物；坯块；v. 压紧，压实；缩短，精简；订立（或签订）（协定）,Their bodies are sleek and compact.　它们的身体光滑而紧实。
3030,poetry,P3,W21–W30,,ˈpoʊətri,n. 诗歌；诗一般的美丽，诗的意境；（学校或大学里的）诗歌课,His poetry is very cerebral.　他的诗富涵理性。
3031,lights,P3,W21–W30,释义待核实，不进入核心练习,ˈlaɪts,释义待核实，不计入核心练习,
3032,tracking,P3,W21–W30,释义待核实，不进入核心练习,ˈtrækɪŋ,释义待核实，不计入核心练习,
3033,angel,P3,W21–W30,,ˈeɪndʒəl,n. 天使；仁慈的人，善人；宝贝，乖乖；（尤指仁慈的）精灵，保护神；<非正式>仙波，雷达回响；【名】 （Angel）（英、罗）安杰尔，（德、塞、俄、保、瑞典、挪）安格尔，（法、葡）安热尔，（西）人名安赫尔，（土）安盖尔（人名）,The angel appeared unto him in a dream.　在梦中天使出现在他面前。
3034,bell,P3,W21–W30,,ˈbɛl,n. 钟，铃；钟声，铃声（the bell）；钟状物；v. 系铃，装；发出响铃（或敲钟）般的声音；<英，非正式> 给……打电话；呈钟状，成钟状鼓起（或张开）；系铃，装钟,The shop bell jangled loudly.　商店的钟发出丁零当啷的巨大响声。
3035,keeping,P3,W21–W30,释义待核实，不进入核心练习,ˈkipɪŋ,释义待核实，不计入核心练习,
3036,preparation,P3,W21–W30,,ˌprɛpɚˈeɪʃən,n. 准备（指动作或过程）；准备工作，筹备工作（preparations）；（食物、医药、化妆品的）制剂，配制品；（为科学实验或医药检验预备的）标本；（乐）准备音,The key to success is preparation.　成功的关键是准备。
3037,attempt,P3,W21–W30,,əˈtɛmpt,v. 努力，尝试；n. 试图，努力；企图杀害；（运动员创造记录的）尝试，冲击,They made no attempt to escape.　他们没有企图逃跑。
3038,receiving,P3,W21–W30,释义待核实，不进入核心练习,rəˈsivɪŋ,释义待核实，不计入核心练习,
3039,matches,P3,W21–W30,释义待核实，不进入核心练习,ˈmætʃəz,释义待核实，不计入核心练习,
3040,accordance,P3,W21–W30,,əˈkɔrdəns,n. 按照，依据，与……一致（in accordance with）,Those products have rightly been stopped in accordance with our safety routines.　根据我们的安全惯例，停止使用那些产品是正确的。
3041,width,P3,W21–W30,,ˈwɪdθ,n. 宽度，广度；（布料等）按尺寸剪裁的材料；（游泳池的）池宽；宽阔，宽大；整幅的东西,It's about 10 metres in width.　它宽约10米。
3042,noise,P3,W21–W30,,ˈnɔɪz,n. 噪音，嘈杂声；声音，响声；用言语暗示；（电流）杂音，干扰（信号）；垃圾信息；v. 议论，传开；<文>喧闹；【名】 （Noise）（英）诺伊斯（人名）,What is that infernal noise.　这可恶的噪音是什么。
3043,engines,P3,W21–W30,释义待核实，不进入核心练习,ˈɛndʒənz,释义待核实，不计入核心练习,
3044,forget,P3,W21–W30,,fɚˈɡɛt,v. 忘记，遗忘；忘做；忽略，不再关注；不再打算做，放弃；忘乎所以，举止不得体；【名】 （Forget）（法）福尔热（人名）,I never forget a face.　见过的面孔我从不忘记。
3045,array,P3,W21–W30,,ɚˈeɪ,n. 一系列，大量；数组，阵列；盛装；v. 布置，排列；配置（兵力）；穿戴，打扮,"I was constantly ill, with a baffling array of symptoms.　我不断地生病，还伴有一大堆莫名其妙的症状。"
3046,discussed,P3,W21–W30,释义待核实，不进入核心练习,dɪˈskʌst,释义待核实，不计入核心练习,
3047,accurate,P3,W21–W30,,ˈækjɚət,adj. 准确的，精确的；（工具，方法）精密的；正确无误的；（武器、投掷）精准的,Accurate records must be kept.　必须保存准确的记录。
3048,stephen,P3,W21–W30,释义待核实，不进入核心练习,ˈstivən,释义待核实，不计入核心练习,
3049,elizabeth,P3,W21–W30,释义待核实，不进入核心练习,ɪˈlɪzəbəθ,释义待核实，不计入核心练习,
3050,climate,P3,W21–W30,,ˈklaɪmət,n. 气候；气候区；氛围，局势,What a damnable climate we have!　我们这的气候多讨厌啊！
3051,reservations,P3,W21–W30,释义待核实，不进入核心练习,ˌrɛzɚˈveɪʃənz,释义待核实，不计入核心练习,
3052,pin,P3,W21–W30,,ˈpɪn,个人密码；abbr. 个人身份识别号码，密码（Personal Identification Number）；n. （pin）大头针，针；栓；胸针；徽章；钢钉,They're trying to pin it on us.　他们正试图把这件事归罪于我们。
3053,playstation,P3,W21–W30,释义待核实，不进入核心练习,ˈpleɪˌsteɪʃən,释义待核实，不计入核心练习,
3054,alcohol,P3,W21–W30,,ˈælkəˌhɑl,n. 含酒精饮品，酒；酒精，乙醇；醇,Wine contains about 10% alcohol.　葡萄酒含有约10%的酒精。
3055,greek,P3,W21–W30,,ˈɡrik,n. 希腊语；希腊人；（有希腊字母名称的）大学生联谊会会员；adj. 希腊的；希腊人的，希腊语的；n. （美）格雷克（人名）,He knew nothing of Greek drama.　他对希腊戏剧一无所知。
3056,instruction,P3,W21–W30,,ˌɪnˈstrʌkʃən,n. 用法说明；指示，吩咐；教授，指导；（计算机的）指令，命令；给初级律师（或辩护律师、陪审团）的指示；adj. 说明用法的,Each candidate is given instruction in safety.　每位候选人都被给予了安全指导。
3057,managing,P3,W21–W30,释义待核实，不进入核心练习,ˈmænədʒɪŋ,释义待核实，不计入核心练习,
3058,annotation,P3,W21–W30,,ˌænəˈteɪʃən,注释， 注解；n. 注释，评注；注释，加注,We have artist and genre annotation for the albums.　我们为专辑提供了艺术家和流派注释。
3059,sister,P3,W21–W30,,ˈsɪstɚ,姐妹,My sister is a teacher.　我的姐妹是一名老师。
3060,raw,P3,W21–W30,,ˈrɑ,adj. 生的，未煮过的；天然的，未经加工的；（信息）未经处理的，原始的；（感情，品质）强烈的，不掩饰的；（皮肤）刺痛的；（人）生疏无知的，未经训练的；（天气）阴冷的；（音乐、艺术、语言等）质朴的，未经琢磨的；<美，非正式>（语言）粗俗的；（布料边缘）无褶边的；（文字）不加掩饰的，如实坦陈的；<南非>（非洲黑人）源自传统部落（或乡村）文化的；强大的，真实的；（污水）未经处理的；n. 擦伤处；【名】 （Raw）（英）罗（人名）,These fish are often eaten raw.　这些鱼常常生吃。
3061,differences,P3,W21–W30,释义待核实，不进入核心练习,ˈdɪfɚənsɪz,释义待核实，不计入核心练习,
3062,walking,P3,W21–W30,,ˈwɔkɪŋ,n. 步行；散步；v. 步行（walk 的 ing 形式）；adj. 步行的,I prefer walking to climbing.　我喜欢散步多于喜欢爬山。
3063,explain,P3,W21–W30,,ɪksˈpleɪn,v. 解释，说明；说明（……的）原因，解释（……的）理由,It's pretty hard to explain.　这事很难解释清楚。
3064,smaller,P3,W21–W30,释义待核实，不进入核心练习,ˈsmɔlɚ,释义待核实，不计入核心练习,
3065,newest,P3,W21–W30,释义待核实，不进入核心练习,ˈnuəst,释义待核实，不计入核心练习,
3066,establish,P3,W21–W30,,ɪˈstæblɪʃ,v. 建立，设立；证实，确定；发现，找出；使被接受，使得到承认；使（故事的角色）真实；（桥牌）（通过出大牌）使（某）花色所剩的牌都能赢,Police are trying to establish the cause of death.　警方在设法确定死因。
3067,gnu,P3,W21–W30,释义待核实，不进入核心练习,ˈnu,释义待核实，不计入核心练习,
3068,happened,P3,W21–W30,释义待核实，不进入核心练习,ˈhæpənd,释义待核实，不计入核心练习,
3069,expressed,P3,W21–W30,释义待核实，不进入核心练习,ɪkˈsprɛst,释义待核实，不计入核心练习,
3070,jeff,P3,W21–W30,释义待核实，不进入核心练习,ˈdʒɛf,释义待核实，不计入核心练习,
3071,extent,P3,W21–W30,,ɪkˈstɛnt,n. 程度；范围，长度,"That's true, to a certain extent.　在一定程度上的确如此。"
3072,sharp,P3,W21–W30,,ˈʃɑrp,adj. 锋利的，尖的；急转弯的；（变化）急剧的；清晰的，鲜明的；剧烈的，强烈的；（语言）尖锐的；刺耳的；聪明的，敏锐的；（味道）浓烈的，辛辣的；时髦的；（风或霜）刺骨的；狡诈的；（音）偏高（的），升半音（的）；瘦削的，不丰满的；adv. 正点，准时；突然地，急剧地；音调偏高地；n. 升半音，升半音号；锐利的东西；<非正式>骗子,He has a sharp tongue.　他说话尖酸刻薄。
3073,lesbians,P3,W21–W30,释义待核实，不进入核心练习,ˈlɛzbiənz,释义待核实，不计入核心练习,
3074,ben,P3,W21–W30,释义待核实，不进入核心练习,ˈbɛn,释义待核实，不计入核心练习,
3075,lane,P3,W21–W30,,ˈleɪn,n. （乡间）小路；（用于路名）道，路；车道；（比赛的）跑道，泳道；航道，航线；<美>（保龄球）球道；收银通道；（电泳）泳道；（尤指漩涡星系中的）暗条；（篮球的）罚球区；【名】 （Lane）（英、俄）莱恩，（老）兰，（德、法、意、葡、塞、瑞典）拉内（人名）,The road is only one lane wide.　这条路只有一个车道那么宽。
3076,paragraph,P3,W21–W30,,ˈpærəˌɡræf,n. （文章的）段，段落；段落符号；短评；v. 把（文章）分段,The editor struck out the whole paragraph.　编辑把整段全部删去了。
3077,kill,P3,W21–W30,,ˈkɪl,v. 杀死；扼杀，终止；使痛苦，折磨；使减轻（疼痛）；消磨（时间），打发（时光）；使笑得前仰后合；（用开关）关闭；从文件（或计算机）中删除（行，段，文件）；（英式足球或其他球类比赛）停（球）；扣（球）；中和，抵消（效果，性质）；喝光（一瓶酒）；使倾倒，使折服；n. 杀死，捕杀；被捕杀的动物，猎物；（敌机、敌潜水艇等的）击落，击沉，撞毁；【名】 （Kill）（德）基尔（人名）,Is it ever right to kill?　有没有什么情况下，杀人是对的？
3078,mathematics,P3,W21–W30,,ˌmæθəˈmætɪks,数学；n. 数学；数学运算,He tutors students in mathematics.　他教学生数学。
3079,aol,P3,W21–W30,释义待核实，不进入核心练习,ˌeɪˌoʊˈɛl,释义待核实，不计入核心练习,
3080,compensation,P3,W21–W30,,ˌkɑmpənˈseɪʃən,n. 赔偿金，补偿金；弥补，抵消；报酬，薪水,The injured party got some compensation.　受害方得到了一些补偿。
3081,ce,P3,W21–W30,释义待核实，不进入核心练习,ˌsiˈi,释义待核实，不计入核心练习,
3082,export,P3,W21–W30,,ˈɛkspɔrt,v. 出口；传播，输出；（在计算机中）导出，输出；n. 出口，输出；出口物，输出品；出口量，出口收入；adj. 出口的,Our main export is rice.　我们主要出口大米。
3083,managers,P3,W21–W30,释义待核实，不进入核心练习,ˈmænədʒɚz,释义待核实，不计入核心练习,
3084,aircraft,P3,W21–W30,,ˈɛrˌkræft,n. 飞机，航空器,The aircraft was gaining height.　飞机在爬高。
3085,modules,P3,W21–W30,释义待核实，不进入核心练习,ˈmɑdʒulz,释义待核实，不计入核心练习,
3086,sweden,P3,W21–W30,释义待核实，不进入核心练习,ˈswidən,释义待核实，不计入核心练习,
3087,conflict,P3,W21–W30,,ˈkɑnflɪkt,n. 争执，争论，分歧；战斗，战争；抵触，矛盾；v. 冲突，抵触,She was unafraid of conflict.　她不怕发生冲突。
3088,conducted,P3,W21–W30,释义待核实，不进入核心练习,kənˈdʌktəd,释义待核实，不计入核心练习,
3089,versions,P3,W21–W30,释义待核实，不进入核心练习,ˈvɝʒənz,释义待核实，不计入核心练习,
3090,employer,P3,W21–W30,,ɛmˈplɔɪɚ,n. 雇主,He had been sent to Rome by his employer.　他被雇主派到罗马去了。
3091,occur,P3,W21–W30,,əˈkɝ,v. （尤指意外地）发生；存在，出现；（想法）产生,When exactly did the incident occur?　这一事件究竟是什么时候发生的？
3092,percentage,P3,W21–W30,,pɚˈsɛntədʒ,n. 百分比，百分率；部分，比例；利润分成，提成；<非正式>利益，好处,The figure is expressed as a percentage.　数字是用百分率表示的。
3093,knows,P3,W21–W30,释义待核实，不进入核心练习,ˈnoʊz,释义待核实，不计入核心练习,
3094,mississippi,P3,W21–W30,释义待核实，不进入核心练习,ˌmɪsɪˈsɪpi,释义待核实，不计入核心练习,
3095,describe,P3,W21–W30,,dɪˈskraɪb,v. 描述，形容；做……运动，形成……形状,Can you describe him to me?　你能向我描述一下他的样子吗？
3096,concern,P3,W21–W30,,kənˈsɝn,n. 担心，忧虑；使人担忧的事物；关心，关爱；重要的事物，关心的事；（某人）负责的事，涉及的事；公司，企业；<非正式>复杂的物体；v. 有关，关于；涉及，影响；使忧虑，使担心,He assumed an air of concern.　他装出关心的样子。
3097,backup,P3,W21–W30,,ˈbæˌkʌp,n. 支援，增援；备用品，后备；备份；伴唱，伴奏；堵塞；adj. 候补的，替代的；支持性的,You should make a copy of the disk as a backup.　你应该将磁盘复制一个备份。
3098,requested,P3,W21–W30,释义待核实，不进入核心练习,rɪˈkwɛstɪd,释义待核实，不计入核心练习,
3099,citizens,P3,W21–W30,释义待核实，不进入核心练习,ˈsɪtəzənz,释义待核实，不计入核心练习,
3100,connecticut,P3,W21–W30,释义待核实，不进入核心练习,kəˈnɛtəkət,释义待核实，不计入核心练习,
3101,heritage,P3,W21–W30,,ˈhɛrətədʒ,n. 遗产，传统，世袭财产；<美>（植物种类）纯种的，老品种的；<古>特殊（或个人）的所有物，（该有的）一份；<古>上帝选择的人（以色列人或基督教教会）；【名】 （Heritage）（英）赫里蒂奇（人名）,They take great pride in their heritage.　他们为自己的传统感到十分自豪。
3102,personals,P3,W21–W30,释义待核实，不进入核心练习,ˈpɝsɪnɪlz,释义待核实，不计入核心练习,
3103,immediate,P3,W21–W30,,ˌɪˈmiˌdiət,adj. 立刻的，即时的；目前的，紧迫的；附近的，紧接的；（关系或级别）最接近的，直系的；（两者间）直接的；（感知，反应）直觉的,She demanded an immediate explanation.　她要求立即作出解释。
3104,holding,P3,W21–W30,,ˈhoʊldɪŋ,v. 持有；召开；担任；握住（hold的现在分词）；n. 股份；私有财产；馆藏；租种的土地；n. （Holding）（美、英、加、澳）霍尔丁（人名）,She was holding a large box.　她提着一只大箱子。
3105,trouble,P3,W21–W30,,ˈtrʌbəl,n. 困难，难题，苦恼；险境，困境；费事，不便；问题，麻烦，缺陷；（机器、车辆或系统的）故障，毛病；动荡，骚乱；疾病，疼痛；需劳神费力的人（或动物）；内战，动乱时期（the Troubles）；v. 使忧虑，苦恼；费神，费力；劳驾，麻烦；给……造成麻烦（困难）；折磨，使疼痛,I had trouble parking.　我停车有困难。
3106,spread,P3,W21–W30,,ˈsprɛd,v. 展开，打开；张开，伸开（手臂、手指、腿）；扩散，蔓延；传播，传染；散布，（使）流传；（人，动物，植物）分布，分散开来；撒，散播；传递；（脸上）露出，渐渐表现出；涂，敷；分摊，分配；延伸，伸展，扩张；分散（于某一时段内），分期还清（债务）；分散（风险）；n. 扩散，蔓延；范围，幅度，种类；延展度，宽度，覆盖面；涂抹食品的酱类；盛宴，酒席；（尤指横贯两版的）文章，广告；<美>床罩；<美>大农场，大牧场；翼展；一大片；（两种价格或比率的）差额，差幅；（两支对抗的运动队之间比分的）差距；（物理，生理）点源能量传播；adj. 伸展的,The bird spread its wings.　鸟展开翅膀。
3107,coach,P3,W21–W30,,ˈkoʊtʃ,n. 教练；私人教师；长途客车，长途汽车；火车车厢；四轮大马车；（飞机）经济舱，（火车）普通车厢；<美>（体育队的）领队；（棒球运动中的）跑垒指挥员；教练；v. 训练，指导；（尤指私人）辅导；指示，专门传授；乘火车（或汽车、马车）旅行；adv. <美>乘（飞机、火车的）经济舱地,What you need is a drama coach.　你需要的是一位戏剧指导。
3108,kevin,P3,W21–W30,释义待核实，不进入核心练习,ˈkɛvɪn,释义待核实，不计入核心练习,
3109,agricultural,P3,W21–W30,,ˌæɡrəˈkʌltʃɚəl,adj. 农业的，与农业有关的；务农的，农用的；<英，非正式>笨拙的,Rivers are a blessing for an agricultural country.　河流是农业国的福祉。
3110,expand,P3,W21–W30,,ɪkˈspænd,v. 扩大，增加；扩展，发展；细谈，详述；变得更自信（善谈）；（宇宙）膨胀,We have to expand the size of the image.　我们不得不扩大图像的尺寸。
3111,supporting,P3,W21–W30,释义待核实，不进入核心练习,səˈpɔrtɪŋ,释义待核实，不计入核心练习,
3112,audience,P3,W21–W30,,ˈɑdiəns,n. 观众，听众；读者；觐见，拜见；拥护者,The audience grew restive.　观众变得不耐烦了。
3113,assigned,P3,W21–W30,释义待核实，不进入核心练习,əˈsaɪnd,释义待核实，不计入核心练习,
3114,jordan,P3,W21–W30,释义待核实，不进入核心练习,ˈdʒɔrdən,释义待核实，不计入核心练习,
3115,collections,P3,W21–W30,释义待核实，不进入核心练习,kəˈlɛkʃənz,释义待核实，不计入核心练习,
3116,ages,P3,W21–W30,释义待核实，不进入核心练习,ˈeɪdʒəz,释义待核实，不计入核心练习,
3117,participate,P3,W21–W30,,pɑrˈtɪsəˌpeɪt,v. 参加，参与；<古>分担，分享；<古>具有，带有（特殊的性质）,She didn't participate in the discussion.　她没有参加讨论。
3118,plug,P3,W21–W30,,ˈplʌɡ,n. 插头；塞子vt. 填塞；推广；n. 插头；插座；（洗涤槽或浴缸的）塞子；堵塞物；棉球，药棉；螺钉楔子；（车辆引擎的）火花塞；推销，宣传；（压实的）块，口嚼烟；<美，非正式>（婴儿的）橡皮奶头；岩颈；（供移植的）幼苗，草皮；鱼饵；<美>消防栓；<美，非正式>疲惫的马；v. 堵，塞；补足；接电源，插插头；推广，宣传；<美，非正式>射击，射杀；<非正式>艰难地走，埋头于,Is this plug fused?　这个插头有没有安装保险丝？
3119,specialist,P3,W21–W30,,ˈspɛʃələst,n. 专家；专科医生；美国陆军专业人员（高于一等兵低于下士的军衔）；adj. 专业的；专门的；专家的,My doctor referred me to a specialist.　我的医生让我去找一位专家诊治。
3120,cook,P3,W21–W30,,ˈkʊk,做饭,I cook at home.　我在家做饭。
3121,affect,P3,W21–W30,,əˈfɛkt,v. 影响；（疾病）侵袭，感染；（在感情上）深深打动，震撼；<正式> 假装，佯装；n. （尤指影响行为或行动的）情感，感情,How will these changes affect us?　这些变化对我们会有什么影响？
3122,virgin,P3,W21–W30,,ˈvɝdʒɪn,维尔京群岛；n. 圣母玛利亚；处女座,I was a virgin until I was thirty years old.　我到30岁时还是个处女。
3123,experienced,P3,W21–W30,,ɪkˈspɪriənst,adj. 熟练的，有经验的；v. 经历，遭遇；体会到，感受到（experience 的过去式和过去分词形式）,She's an experienced rider.　她是位有经验的骑手。
3124,investigation,P3,W21–W30,,ˌɪnˌvɛstəˈɡeɪʃən,n. 调查，审查；科学研究，学术研究,She is still under investigation.　她仍在接受调查。
3125,raised,P3,W21–W30,释义待核实，不进入核心练习,ˈreɪzd,释义待核实，不计入核心练习,
3126,hat,P3,W21–W30,,ˈhæt,n. （常指带檐的）帽子；（双重的）职位，角色；v. 给……戴上帽子；供应帽子，制造帽子,She pulled her hat straight.　她把帽子拉正了。
3127,institution,P3,W21–W30,,ˌɪnstɪˈtuʃən,n. 机构，团体；社会收容机构；制度，习俗；建立，制定；知名的人（或事物）,I believe in the institution of marriage.　我相信婚姻制度。
3128,directed,P3,W21–W30,释义待核实，不进入核心练习,dɚˈɛktəd,释义待核实，不计入核心练习,
3129,dealers,P3,W21–W30,释义待核实，不进入核心练习,ˈdilɚz,释义待核实，不计入核心练习,
3130,searching,P3,W21–W30,释义待核实，不进入核心练习,ˈsɝtʃɪŋ,释义待核实，不计入核心练习,
3131,sporting,P3,W21–W30,,ˈspɔrtɪŋ,v. 故意显示；嬉戏，玩耍（sport 的现在分词）；adj. 体育运动的；有良好体育风尚的；好赌的；愿意冒险的,His main sporting interests are golf and tennis.　他在体育方面主要爱好高尔夫球和网球。
3132,helping,P3,W21–W30,释义待核实，不进入核心练习,ˈhɛlpɪŋ,释义待核实，不计入核心练习,
3133,perl,P3,W21–W30,释义待核实，不进入核心练习,ˈpɝl,释义待核实，不计入核心练习,
3134,affected,P3,W21–W30,释义待核实，不进入核心练习,əˈfɛktɪd,释义待核实，不计入核心练习,
3135,lib,P3,W21–W30,释义待核实，不进入核心练习,ˈlɪb,释义待核实，不计入核心练习,
3136,bike,P3,W21–W30,,ˈbaɪk,n. 自行车，脚踏车，单车；摩托车；v. <非正式>骑自行车（单车）；<英> 用自行车（或摩托车）投递（信件，包裹）；<英>用自行车（或摩托车）投递（信件，包裹）；n. （Bike)（土、土库、塞）比克,The bike is rusty but usable.　自行车生锈了，但还能骑。
3137,totally,P3,W21–W30,,ˈtoʊtəli,adv. 完全地，整个地；对极了，太对了,He felt totally chilled.　他感觉完全放松了下来。
3138,plate,P3,W21–W30,,ˈpleɪt,n. 盘，碟；一盘（食物）；<美>一道主菜；奉献盘，捐款盘；金属护板（片）；金属牌；（车辆的）号码牌；镀金（或镀银）金属；金/银餐具；盾片，鳞甲；（地质）板块；（书中的）插图；印版；感光板；假牙托；牙箍；<非正式>全口假牙；（棒球）本垒板；（银质或金质）奖杯；杯赛；横木；（生物）培养皿；载物片，玻璃片；极板；<美>阳极；v. 给……镀（金属）；给……加上装甲；用鳞片覆盖；摆盘；（棒球）跑垒得分；（生物）制作显微片；【名】 （Plate）（英、德、俄、西、意、瑞典）普拉特（人名）,She heaped food on my plate.　她往我的盘子里夹了很多食物。
3139,expenses,P3,W21–W30,释义待核实，不进入核心练习,ɪkˈspɛnsəz,释义待核实，不计入核心练习,
3140,indicate,P3,W21–W30,,ˈɪndəˌkeɪt,v. 表明，象征，暗示；v. 表明，标示；象征，暗示；间接提及，示意；指示，指出；<英>（用灯光或手臂）打行车转向信号；有必要，被建议,Road markings indicate where you can stop.　道路标志告诉你哪里可以停车。
3141,blonde,P3,W21–W30,,ˈblɑnd,adj. 金黄色的，浅棕色的；金发的；浅色的；n. 长着金发的人,I sounded like a ditzy blonde!　我听上去像个没头脑的金发女人！
3142,ab,P3,W21–W30,释义待核实，不进入核心练习,ˈæb,释义待核实，不计入核心练习,
3143,proceedings,P3,W21–W30,释义待核实，不进入核心练习,proʊˈsidɪŋz,释义待核实，不计入核心练习,
3144,favourite,P3,W21–W30,,ˈfeɪvɚɪt,adj. 特别受喜爱的；n. 特别喜爱的人（或事物）；最有希望获胜者；收藏夹，书签；v. 把……添加到收藏夹,What's your favourite colour?　你最喜欢的颜色是什么？
3145,transmission,P3,W21–W30,,trænˈsmɪʃən,n. （无线电、电视等信号的）播送，发送；（电台或电视等的）信息，广播；传递，传播，传染；（车辆的）传动装置，变速器,The letter was delayed in transmission.　这封信在传递中被耽误了。
3146,anderson,P3,W21–W30,释义待核实，不进入核心练习,ˈændɚsən,释义待核实，不计入核心练习,
3147,utc,P3,W21–W30,释义待核实，不进入核心练习,,释义待核实，不计入核心练习,
3148,characteristics,P3,W21–W30,释义待核实，不进入核心练习,ˌkɛrəktɚˈɪstɪks,释义待核实，不计入核心练习,
3149,der,P3,W21–W30,释义待核实，不进入核心练习,ˈdɝ,释义待核实，不计入核心练习,
3150,lose,P3,W21–W30,,ˈluz,v. 遗失，丢失；失去（某一特性、特点、态度或信念）；被剥夺，被损坏；失去（亲人或朋友等）；输掉（比赛、战斗、争论等）；降低，减少；摆脱，甩掉（追赶者）；使不明白，使迷惑；去掉，拿掉；亏（本），赔（钱）；浪费，错过；（钟、表）走慢；【名】 （Lose）（英）洛斯，（德）洛泽（人名）,No one likes to lose.　没人愿意失败。
3151,organic,P3,W21–W30,,ɔrˈɡænɪk,adj. 有机的，绿色的；有机物的，生物的；构成有机整体的，不可分割的；（发生、发展过程）自然的，演进的；器官的，器质性的；仿自然形态的；n. 有机物质；有机食品,I've converted to organic food.　我改吃有机食物了。
3152,seek,P3,W21–W30,,ˈsik,v. 寻找；寻求，谋求；请求（帮助），征求（意见）；试图，设法；找出，找到（seek sb./sth. out）；自然地向……移动；<古>去，前往（某地）,We were advised to seek legal advice.　有人劝我们找律师咨询。
3153,experiences,P3,W21–W30,释义待核实，不进入核心练习,ɪkˈspɪriənsɪz,释义待核实，不计入核心练习,
3154,albums,P3,W21–W30,释义待核实，不进入核心练习,ˈælbəmz,释义待核实，不计入核心练习,
3155,cheats,P3,W21–W30,释义待核实，不进入核心练习,ˈtʃits,释义待核实，不计入核心练习,
3156,extremely,P3,W21–W30,,ɛkˈstrimli,adv. 极度，非常,This species is extremely rare.　这一物种极为罕见。
3157,verzeichnis,P3,W21–W30,释义待核实，不进入核心练习,,释义待核实，不计入核心练习,
3158,contracts,P3,W21–W30,释义待核实，不进入核心练习,ˈkɑnˌtrækts,释义待核实，不计入核心练习,
3159,guests,P3,W21–W30,释义待核实，不进入核心练习,ˈɡɛsts,释义待核实，不计入核心练习,
3160,hosted,P3,W21–W30,释义待核实，不进入核心练习,ˈhoʊstɪd,释义待核实，不计入核心练习,
3161,diseases,P3,W21–W30,释义待核实，不进入核心练习,dɪˈzizəz,释义待核实，不计入核心练习,
3162,concerning,P3,W21–W30,,kənˈsɝnɪŋ,prep. 关于，涉及；adj. 让人不安的，令人担忧的；v. 有关，关于；影响；使担心（concern 的现在分词形式）,He asked several questions concerning the future of the company.　他问了几个有关公司前途的问题。
3163,developers,P3,W21–W30,释义待核实，不进入核心练习,dɪˈvɛləpɚz,释义待核实，不计入核心练习,
3164,equivalent,P3,W21–W30,,ɪˈkwɪvələnt,adj. 等同的，等效的；n. 对等的人（或事物），对应的人（或事物）；当量（equivalent weight）,Zip disks could be used to store the equivalent of three music CDs.　压缩盘能用以存储相当于3张音乐CD容量的内容。
3165,chemistry,P3,W21–W30,,ˈkɛməstri,化学；n. 化学；化学成分，化学反应；（彼此间的）吸引,I'm hoping to do a chemistry degree.　我希望攻读化学学位课程。
3166,tony,P3,W21–W30,释义待核实，不进入核心练习,ˈtoʊni,释义待核实，不计入核心练习,
3167,neighborhood,P3,W21–W30,释义待核实，不进入核心练习,ˈneɪbɚˌhʊd,释义待核实，不计入核心练习,
3168,nevada,P3,W21–W30,释义待核实，不进入核心练习,nəˈvɑdə,释义待核实，不计入核心练习,
3169,kits,P3,W21–W30,释义待核实，不进入核心练习,ˈkɪts,释义待核实，不计入核心练习,
3170,thailand,P3,W21–W30,释义待核实，不进入核心练习,ˈtaɪˌlænd,释义待核实，不计入核心练习,
3171,variables,P3,W21–W30,释义待核实，不进入核心练习,ˈvɛriəbəlz,释义待核实，不计入核心练习,
3172,agenda,P3,W21–W30,,əˈdʒɛndə,n. 待议事项，议事日程；（政治）议题；秘密计划，秘密目标,His agenda is discordant with ours.　他的日程与我们的有冲突。
3173,anyway,P3,W21–W30,,ˈɛniˌweɪ,adv. 不管怎样，无论如何；而且，加之；尽管，即使这样；对了，好吧（用于转换话题或回到前一个话题）；（用于表明某事不重要）反正；至少；总之；（表示有意结束谈话）那么；究竟，到底；噢，啊（用于结束谈话或离开）,"It's too late now, anyway.　反正现在已经太迟了。"
3174,continues,P3,W21–W30,释义待核实，不进入核心练习,kənˈtɪnjuz,释义待核实，不计入核心练习,
3175,tracks,P3,W21–W30,释义待核实，不进入核心练习,ˈtræks,释义待核实，不计入核心练习,
3176,advisory,P3,W21–W30,释义待核实，不进入核心练习,ædˈvaɪzɚi,释义待核实，不计入核心练习,
3177,cam,P3,W21–W30,释义待核实，不进入核心练习,ˈkæm,释义待核实，不计入核心练习,
3178,curriculum,P3,W21–W30,,kɚˈɪkjələm,n. 课程,The curriculum needs breadth and balance.　课程设置应该内容广泛而且均衡。
3179,logic,P3,W21–W30,,ˈlɑdʒɪk,n. 逻辑，（做某事的）道理；推理方法，逻辑学；（事实或事件的）规律，相互联系；（计算机或电器的）逻辑操作,I had to concede the logic of this.　我得承认这件事情有它的逻辑。
3180,template,P3,W21–W30,释义待核实，不进入核心练习,ˈtɛmplət,释义待核实，不计入核心练习,
3181,prince,P3,W21–W30,,ˈprɪns,n. 王子，王孙；（小国的）国君，亲王；佼佼者，名家； （某些欧洲国家的）贵族；【名】 （Prince）（英、葡）普林斯，（法）普兰斯（人名）,The prince should be plunged into work.　应该赶紧让王子投入工作。
3182,circle,P3,W21–W30,,ˈsɝkəl,n. 圆，圆形物；圈子，阶层；弧形楼座；黑眼圈；循环，周期；v. 盘旋，环行；围绕，圈起,The children stood in a circle.　孩子们站成一圈。
3183,soil,P3,W21–W30,,ˈsɔɪl,n. 泥土，土壤；（可供某物发展的）土壤，温床；国土，领土；<文>耕作，务农（the soil）；粪便；v. 弄脏，玷污,Farmers grow rice in the rich soil.　农民们在肥沃的土地上种水稻。
3184,grants,P3,W21–W30,释义待核实，不进入核心练习,ˈɡrænts,释义待核实，不计入核心练习,
3185,anywhere,P3,W21–W30,,ˈɛniˌwɛr,adv. 在任何地方；无论何处；n. 任何地方,Did you go anywhere interesting?　你去过任何有趣的地方吗？
3186,psychology,P3,W21–W30,,saɪˈkɑlədʒi,心理学；n. 心理学；心理特点，心理状态；心理影响；心计，善解人意,He studied philosophy and psychology at Yale.　他在耶鲁大学学习哲学和心理学。
3187,responses,P3,W21–W30,释义待核实，不进入核心练习,rɪˈspɑnsɪz,释义待核实，不计入核心练习,
3188,atlantic,P3,W21–W30,,ətˈlæntɪk,"adj. 大西洋的, 巨人阿特拉斯 的；n. 大西洋；（地质）大西洋气候期；adj. 大西洋的；（地质）大西洋气候期的",She wanted to fly solo across the Atlantic.　她想独自一人驾机飞越大西洋。
3189,wet,P3,W21–W30,,ˈwɛt,adj. 湿的，潮湿的；（天气）下雨的，多雨的；（油漆、墨水等）未干的；（婴幼儿或尿片）尿湿的；软弱的，优柔寡断的；<非正式>允许售酒的，不禁酒的；（尤指被右翼保守派认为）具有自由主义倾向的保守派的；（人） 嗜好酒的；用水（或其他液体）的；（鱼）新鲜的；（轮船）易（从船首或舷侧）进水的；n. 雨，雨天（the wet）；<英>保守党温和派成员；湿气，水分，液体；<英>软弱的人，窝囊废（含贬义）；<英，非正式>酒；<美>反禁酒者；v. 把（某物）弄湿；（尤指婴儿或小孩子）把……尿湿；（倒入滚烫的开水）沏（茶）；变湿,We arrived home soaking wet.　我们回到家时，浑身湿淋淋的。
3190,circumstances,P3,W21–W30,释义待核实，不进入核心练习,ˈsɝkəmˌstænsəz,释义待核实，不计入核心练习,
3191,edward,P3,W21–W30,释义待核实，不进入核心练习,ˈɛdwɚd,释义待核实，不计入核心练习,
3192,investor,P3,W21–W30,,ˌɪnˈvɛstɚ,n. 投资者，投资机构,My nephew is a cautious investor.　我侄子是个小心谨慎的投资者。
3193,identification,P3,W21–W30,,aɪˌdɛntəfəˈkeɪʃən,n. 辨认，识别；确认，确定；身份证明；认同，强烈的同情感；密切关联,"Can I see some identification, please?　请出示任何身份证件好吗？"
3194,ram,P3,W21–W30,释义待核实，不进入核心练习,ˈræm,释义待核实，不计入核心练习,
3195,leaving,P3,W21–W30,释义待核实，不进入核心练习,ˈlivɪŋ,释义待核实，不计入核心练习,
3196,wildlife,P3,W21–W30,,ˈwaɪldˌlaɪf,n. 野生动植物；adj. 野生动植物的,The area is rich in wildlife.　这个地区的野生动植物很多。
3197,appliances,P3,W21–W30,释义待核实，不进入核心练习,əˈplaɪənsəz,释义待核实，不计入核心练习,
3198,matt,P3,W21–W30,释义待核实，不进入核心练习,ˈmæt,释义待核实，不计入核心练习,
3199,elementary,P3,W21–W30,,ˌɛləˈmɛntri,adj. 简单的，基本的；基础的，初级的；小学的；单一元素的，非化合物的,Literacy now includes elementary computer skills.　有文化现在包括基本的计算机技能。
3200,cooking,P3,W21–W30,,ˈkʊkɪŋ,n. 烹饪，烹调；饭菜；adj. 适合烹饪的，烹饪用的；v. 煮，烧；烹饪，烹调；<非正式>发生，计划中（cook 的现在分词形式）,She praised his cooking.　她称赞他的烹调技术。
3201,speaking,P3,W21–W30,释义待核实，不进入核心练习,ˈspikɪŋ,释义待核实，不计入核心练习,
3202,sponsors,P3,W21–W30,释义待核实，不进入核心练习,ˈspɑnsɚz,释义待核实，不计入核心练习,
3203,fox,P3,W21–W30,,ˈfɑks,n. 狐狸；狐裘；狡猾的人；<非正式> 妖精，性感的人；福克斯族，福克斯族语；<非正式>妖精，性感的人；v. 欺骗，耍弄；把……难住，使……猜不透；【名】 （Fox） （英、美、德、丹、爱）福克斯（人名）,He was as cunning as a fox.　他像狐狸一样狡猾。
3204,unlimited,P3,W21–W30,释义待核实，不进入核心练习,ənˈlɪmətɪd,释义待核实，不计入核心练习,
3205,respond,P3,W21–W30,,rɪˈspɑnd,v. （口头或书面）回答，回应；作出反应，回应；（对某种治疗）有良好反应；（桥牌）（对同伴的叫牌）作应叫；（会众对牧师）应答，唱和；承担责任；n. （教堂用语）应答，唱和；（建筑）壁联（与墙相连支承拱的半柱或半墩，尤指在拱廊两端）,"I asked him his name, but he didn't respond.　我问他叫什么名字，可他没回答。"
3206,sizes,P3,W21–W30,释义待核实，不进入核心练习,ˈsaɪzəz,释义待核实，不计入核心练习,
3207,plain,P3,W21–W30,,ˈpleɪn,adj. 无装饰的，朴素的；单色的，无花纹的；单纯的，不掺杂的；显而易见的；（书面或口头用法）表达清楚的；直截了当的，坦率的；相貌平平的；普通的；直呼其名的；完全的；（编织）平针的；adv. 完全地，简直；明白地，不含糊地；n. （大）平原；（编织的）平针；朴实无华的东西,The walls were plain and unadorned.　墙壁朴素无华。
3208,exit,P3,W21–W30,,ˈɛɡzɪt,n. 出口，通道，太平门；（车辆驶出公路的）出路；离去；退出；<文>去世，死亡；v. 退出（电脑程序）；退场（剧本里的舞台指示）；<文>去世，死亡；摊牌让分；离去,There was a stampede for the exit.　出现了人群向出口的狂奔。
3209,entered,P3,W21–W30,释义待核实，不进入核心练习,ˈɛntɚd,释义待核实，不计入核心练习,
3210,iran,P3,W21–W30,释义待核实，不进入核心练习,ˌɪˈrɑn,释义待核实，不计入核心练习,
3211,arm,P3,W21–W30,,ˈɑrm,n. 手臂，上肢；武器，军备；扶手；袖子；职能部门；臂（状部件）；盾徽，纹章；狭长港湾；臂力；v. 武装，备战；提供，配备；使（炸弹等）随时爆炸，准备发射,Liz yanked at my arm.　利兹猛地拉了一下我的胳膊。
3212,keys,P3,W21–W30,释义待核实，不进入核心练习,ˈkiz,释义待核实，不计入核心练习,
3213,launch,P3,W21–W30,,ˈlɔntʃ,v. 发动，发起；上市，发行；使（船或舰）下水；发射（武器或宇宙飞船）；启动（计算机程序）；投出，用力扔出；使投身于（事业等）；起飞，出海；n. （航天器的）发射；（产品的）上市；（事件的）发起；汽艇，游艇；（新产品，出版物）发布会，推介会,The official launch date is in May.　正式的发行日期是在五月。
3214,wave,P3,W21–W30,,ˈweɪv,v. 挥手；挥手示意；挥舞，挥动；飘扬，摆动，摇晃；使（头发）略呈波形；（威胁地）举起（某物）；n. 海浪；大海（the waves）；（活动、行为的）爆发，浪潮；涌现的人（或物）；挥手；波，波状运动；（头发的）卷曲；波浪形；（地震、爆炸的）冲击波；人浪（the wave）,A wave of fear swept over him.　一阵恐惧传遍他的全身。
3215,checking,P3,W21–W30,释义待核实，不进入核心练习,ˈtʃɛkɪŋ,释义待核实，不计入核心练习,
3216,costa,P3,W21–W30,释义待核实，不进入核心练习,ˈkɔstɑ,释义待核实，不计入核心练习,
3217,belgium,P3,W21–W30,释义待核实，不进入核心练习,ˈbɛldʒəm,释义待核实，不计入核心练习,
3218,printable,P3,W21–W30,释义待核实，不进入核心练习,ˈprɪntəbəl,释义待核实，不计入核心练习,
3219,holy,P3,W21–W30,,ˈhoʊli,adj. 神圣的；圣洁的；<非正式>（表示惊讶、恐慌等）天啊，上帝啊；<非正式>用于强调；n. 神圣的东西，圣所；【名】 （Holy）（英、德、匈）霍利（人名）,He took holy orders in 1935.　他于1935年担任圣职。
3220,acts,P3,W21–W30,释义待核实，不进入核心练习,ˈækts,释义待核实，不计入核心练习,
3221,guidance,P3,W21–W30,,ˈɡaɪdəns,n. 指导，指引；（火箭等的）制导,Adam sought guidance from the Almighty.　亚当向上帝寻求指导。
3222,mesh,P3,W21–W30,释义待核实，不进入核心练习,ˈmɛʃ,释义待核实，不计入核心练习,
3223,trail,P3,W21–W30,,ˈtreɪl,n. 痕迹，踪迹；（人或动物的）足迹，嗅迹；（乡间的）小路，小径；（特定）路线，路径；一系列（坏事或有害事件）；（尤指细长）一缕，一串；<美>滑雪坡，滑雪道，越野滑雪路线；电影或广播的预告片；（炮架的）架尾；v. 拖，拉；没精打采地走，拖沓地走；（在竞赛或选举中）落后，输；跟踪，追踪；蔓生，蔓延，被搁置；垂下；慢慢移动，缓缓流动；（声音，喇叭）渐弱；事先宣传，预告（影片，节目等）；喷注（泥釉）；【名】 （Trail）（美）特雷尔（人名）,The police were hot on his trail.　警方正紧紧跟踪他。
3224,enforcement,P3,W21–W30,,ɛnˈfɔrsmənt,n. 执行，实施,The doctors want stricter enforcement of existing laws.　医生们希望现行法律的执行能更严格。
3225,symbol,P3,W21–W30,,ˈsɪmbəl,n. 象征，标志；符号；代表性的人（物）,What's the chemical symbol for mercury?　水银的化学符号是什么？
3226,crafts,P3,W21–W30,释义待核实，不进入核心练习,ˈkræfts,释义待核实，不计入核心练习,
3227,highway,P3,W21–W30,,ˈhaɪˌweɪ,n. <美>公路，干道；公用通道,Anita drove north up Pacific Highway.　安尼塔开车沿着太平洋公路向北行驶。
3228,buddy,P3,W21–W30,,ˈbʌdi,n. <非正式>朋友；<美，非正式>老兄，兄弟；伙伴，搭档；v. 与……成为朋友，与……结交；adj. 讲述友情的,"Buddy, hot down here.　伙计，这里很热。"
3229,hardcover,P3,W21–W30,释义待核实，不进入核心练习,ˈhɑrdˌkʌvɚ,释义待核实，不计入核心练习,
3230,observed,P3,W21–W30,释义待核实，不进入核心练习,əbˈzɝvd,释义待核实，不计入核心练习,
3231,dean,P3,W21–W30,,ˈdin,n. 院长，教务长；主任牧师,I have tremendous respect for Dean.　我非常敬重迪安。
3232,setup,P3,W21–W30,释义待核实，不进入核心练习,ˈsɛˌtʌp,释义待核实，不计入核心练习,
3233,poll,P3,W21–W30,,ˈpoʊl,n. 民意调查，民意测验；选举投票，计票；投票数；投票点（the polls）；头顶，头皮；无角动物（尤指无角牛）；v. 对……进行民意测验（调查）；获得（票数）；（电信，计算机）轮询，探询；截掉（动物，尤指小牛）的角；<古>修枝；【名】 【名】（Poll）（德、匈、罗、英）波尔（人名）,The final result of the poll will be known tomorrow.　投票结果将于明天公布。
3234,booking,P3,W21–W30,,ˈbʊkɪŋ,n. 预订；预约；演出契约,The booking is only provisional.　这只是暂定的预订。
3235,glossary,P3,W21–W30,,ˈɡlɔsɚi,n. 词汇表，术语表；专门词典,A glossary of terms is included for the reader's convenience.　为了方便读者，还收录了术语汇编。
3236,fiscal,P3,W21–W30,,ˈfɪskəl,adj. （政府）财政的；<美>财政年度的；<美>金融的；n. <旧>（某些国家的）检察官，财政官员；领伯劳；【名】 （Fiscal）（法）菲斯卡尔（人名）,The government brought itself to the brink of fiscal disaster.　该政府把自己带到了财政灾难的边缘。
3237,celebrity,P3,W21–W30,,səˈlɛbrɪti,n. 名声，名望；名人，明星,She achieved celebrity status overnight.　她一夜之间成为名流。
3238,styles,P3,W21–W30,释义待核实，不进入核心练习,ˈstaɪlz,释义待核实，不计入核心练习,
3239,denver,P3,W21–W30,释义待核实，不进入核心练习,ˈdɛnvɚ,释义待核实，不计入核心练习,
3240,unix,P3,W21–W30,释义待核实，不进入核心练习,ˈjunɪks,释义待核实，不计入核心练习,
3241,filled,P3,W21–W30,释义待核实，不进入核心练习,ˈfɪld,释义待核实，不计入核心练习,
3242,bond,P3,W21–W30,,ˈbɑnd,n. 纽带，联系；公债，债券；结合，黏合；承诺，契约；枷锁，桎梏；v. （使）建立亲密关系；与……黏合（或连接）；【名】 （Bond）（英、德、西、瑞典）邦德（人名）,She works for Bond & Green.　她在邦德—格林公司工作。
3243,channels,P3,W21–W30,释义待核实，不进入核心练习,ˈtʃænəlz,释义待核实，不计入核心练习,
3244,ericsson,P3,W21–W30,释义待核实，不进入核心练习,ˈɛrɪksən,释义待核实，不计入核心练习,
3245,appendix,P3,W21–W30,,əˈpɛndɪks,n. 阑尾；附录,Full details are given in Appendix 3.　详情见附录3。
3246,notify,P3,W21–W30,,ˈnoʊtəˌfaɪ,v. 通报，告知；申报,Please notify us if the above is not correct.　如果上面所说的不正确，请通知我们。
3247,blues,P3,W21–W30,,ˈbluz,布鲁斯音乐， 蓝调；n. 忧郁布鲁斯歌曲；蓝色物（blue 的复数）；v. 把……染成蓝色（blue 的第三人称单数）,Can white girls sing the blues?　白人女孩会唱蓝调吗？
3248,chocolate,P3,W21–W30,,ˈtʃɔklət,n. 巧克力，朱古力；巧克力糖，夹心巧克力糖；巧克力饮料，一杯巧克力饮料；深褐色，巧克力色；adj. 巧克力的，巧克力味的；【名】 （Chocolate）（葡）绍科拉特（人名）,He broke the chocolate in two.　他把那块巧克力一分为二。
3249,pub,P3,W21–W30,,ˈpʌb,n. 酒吧，酒馆；酒店，旅馆；路人局（游戏术语）；abbr. 公众的；公开的（public 的缩写）；出版，发行；出版物，发行物；（信息的） 刊登，公布 （publication 的缩写）；（媒体的）关注，报道；宣传业，广告行业；引起公众关注的事物（publicity的缩写）；宣传， 推广；v. <非正式>时常出入于酒吧，泡酒吧,They serve good pub grub there.　他们那儿供应上好的酒吧食物。
3250,portion,P3,W21–W30,,ˈpɔrʃən,n. （某物的）一部分；（尤指餐馆中食物的）一份，一客；（责任、过失、职责等的）一份，一部分；<法律>（根据法律赠与或遗留给继承人的）一份财产；<古> 命运，天数；v. 分配；<古> 给（新娘）嫁妆,A supersize portion of fries contains 600 calories.　一个超大份炸薯条含600卡路里。
3251,scope,P3,W21–W30,,ˈskoʊp,n. 范围，领域；（发挥能力的）机会，施展余地；视野，眼界；观测仪器（如望远镜、显微镜等）；（船抛锚时的）缆绳长度；特定论点的数量；v. 评估，调查（scope sth. out）；确定（规划项目）的范围；<非正式>仔细看，彻底检查,There's still plenty of scope for improvement.　还有很大的改进余地。
3252,hampshire,P3,W21–W30,释义待核实，不进入核心练习,ˈhæmpʃɚ,释义待核实，不计入核心练习,
3253,supplier,P3,W21–W30,,səˈplaɪɚ,n. 供应商，供应者,The equipment can be purchased from your local supplier.　这种设备可从您当地的供应商购买。
3254,cables,P3,W21–W30,释义待核实，不进入核心练习,ˈkeɪbəlz,释义待核实，不计入核心练习,
3255,cotton,P3,W21–W30,,ˈkɑtən,n. 棉，棉花；棉布；棉线，棉纱；脱脂棉，药棉；adj. 棉的，棉制的；v. <非正式>开始领会，开始明白；<美，非正式>喜爱，喜欢,The sheets are 100% pure cotton.　这些被单是100%的纯棉。
3256,bluetooth,P3,W21–W30,,ˈbluˌtuθ,n. 蓝牙【搭配】bluetooth telephone 蓝牙电话；n. 蓝牙技术（一种无线通信的标准）,The bike that the service company provides has GPS or Bluetooth on it.　该服务公司提供的自行车上有 GPS 或蓝牙。
3257,controlled,P3,W21–W30,,kənˈtroʊld,adj. 限制的，控制的；受法律制约的，受规则限制的；保持冷静的，克制的；v. 控制，掌管；限制，限定；阻止蔓延（或恶化）（control 的过去式和过去分词形式）,She remained quiet and controlled.　她沉默不语保持克制。
3258,requirement,P3,W21–W30,,rɪˈkwaɪrmənt,n. 要求，必要条件；需要（要求）的事物,Could you tell me the requirement for my term paper?　你能告诉我写学期论文的要求吗？
3259,authorities,P3,W21–W30,释义待核实，不进入核心练习,əˈθɔrətiz,释义待核实，不计入核心练习,
3260,biology,P3,W21–W30,,baɪˈɑlədʒi,n. 生物学；生命机理，作用方式；生理习性；（某个地区的）生物,Biology is my favourite subject.　生物是我最喜欢的学科。
3261,dental,P3,W21–W30,,ˈdɛntəl,adj. 牙齿的，牙科的；齿音的；n. 齿音,I've got a dental appointment at 3 o'clock.　我约了3点看牙医。
3262,killed,P3,W21–W30,释义待核实，不进入核心练习,ˈkɪld,释义待核实，不计入核心练习,
3263,border,P3,W21–W30,,ˈbɔrdɚ,n. 国境，边界；镶边，包边；狭长花坛，花带；v. 接壤，毗邻；环绕，沿……的边缘；近似，相像；【名】 （Border）（英）博德（人名）,They fled across the border.　他们越过边界逃走了。
3264,ancient,P3,W21–W30,,ˈeɪntʃənt,adj. 古代的，远古的；古老的，年代久远的；老的，老掉牙的；n. （尤指埃及、希腊和罗马的）古代人；<古>老头,Lettuce was grown by the ancient Romans.　莴苣是由古罗马人种植的。
3265,debate,P3,W21–W30,,dəˈbeɪt,n. 讨论，辩论；v. 反复思考，斟酌；讨论，辩论,The debate simply revived old hatreds.　这一辩论只不过再次挑起了夙仇。
3266,representatives,P3,W21–W30,释义待核实，不进入核心练习,ˌrɛprəˈzɛntətɪvz,释义待核实，不计入核心练习,
3267,starts,P3,W21–W30,释义待核实，不进入核心练习,ˈstɑrts,释义待核实，不计入核心练习,
3268,pregnancy,P3,W21–W30,,ˈprɛɡnənsi,n. 怀孕（期），妊娠（期）,These methods prevent pregnancy.　这些方法预防怀孕。
3269,causes,P3,W21–W30,释义待核实，不进入核心练习,ˈkɑzəz,释义待核实，不计入核心练习,
3270,arkansas,P3,W21–W30,释义待核实，不进入核心练习,ˈɑrkənˌsɑ,释义待核实，不计入核心练习,
3271,biography,P3,W21–W30,,baɪˈɑɡrəfi,n. 传记，传记文学；生平,This book is a well balanced biography.　这是一本很公正的传记。
3272,leisure,P3,W21–W30,,ˈlɛʒɚ,n. 闲暇，业余时间；休闲活动；adj. 空闲的，有闲的；业余的；【名】 （Leisure）（英）莱热（人名）,Leisure is often defined in opposition to work.　休闲常被定义为工作的反面。
3273,attractions,P3,W21–W30,释义待核实，不进入核心练习,əˈtrækʃənz,释义待核实，不计入核心练习,
3274,learned,P3,W21–W30,,ˈlɝnd,adj. 博学的；学术性的，学者的；后天的，习得的；v. 学习，学会；得知，获悉；背熟，熟记；认识到，（从……）吸取教训 （learn 的过去式和过去分词）；【名】 （Learned）（美）勒尼德（人名）,He'd never learned to read.　他一直没有学会阅读。
3275,transactions,P3,W21–W30,释义待核实，不进入核心练习,trænˈzækʃənz,释义待核实，不计入核心练习,
3276,notebook,P3,W21–W30,,ˈnoʊtˌbʊk,n. 笔记本；笔记本电脑,Bob whipped out his notebook.　鲍勃猛地拿出他的笔记本。
3277,explorer,P3,W21–W30,,ɪksˈplɔrɚ,n. 探险者，勘探者,Captain Cook was an explorer of the Pacific Ocean.　库克船长是太平洋的探险家。
3278,historic,P3,W21–W30,,hɪˈstɔrɪk,adj. 历史上重要的；过去的，与历史（或过去）有关的；（时态）历史的,'Historic' and 'historical' are easily confusable.　historic和historical容易搅混。
3279,attached,P3,W21–W30,,əˈtætʃt,adj. 非常喜欢……的，热爱……的；为……工作的；隶属于……，附属的；连接的，附加的；v. 系上，贴上；赋予，认为……具有（attach 的过去式和过去分词形式）,We've grown very attached to this house.　我们变得非常喜欢这座房子。
3280,opened,P3,W21–W30,释义待核实，不进入核心练习,ˈoʊpənd,释义待核实，不计入核心练习,
3281,tm,P3,W21–W30,释义待核实，不进入核心练习,,释义待核实，不计入核心练习,
3282,husband,P3,W21–W30,,ˈhʌzbənd,丈夫,Her husband works here.　她的丈夫在这里工作。
3283,disabled,P3,W21–W30,,dɪˈseɪbəld,adj. 丧失能力的，有残疾的；（活动、组织、设施）与残疾人有关的；v. 使丧失能力，使伤残；使不能运转（disable 的过去式和过去分词形式）,He was born disabled.　他天生残疾。
3284,authorized,P3,W21–W30,释义待核实，不进入核心练习,ˈɔθɚˌaɪzd,释义待核实，不计入核心练习,
3285,crazy,P3,W21–W30,,ˈkreɪzi,adj. 愚蠢的，古怪的，不理智的；极度烦恼的，疯狂的；精神失常的；狂热的，迷恋的；（角度）极其歪斜的；n. 疯子,We're crazy about each other.　我们为彼此疯狂。
3286,upcoming,P3,W21–W30,,ˈʌpˌkʌmɪŋ,adj. 即将来临的,Do you feel bored with the upcoming summer?　你对即将到来的夏天感到无聊吗？
3287,britain,P3,W21–W30,,ˈbrɪtən,n. 英国，不列颠(包括英格兰、苏格兰及威尔士)；英国，不列颠(包括英格兰、苏格兰及威尔士),Britain won five gold medals.　英国夺取了五块金牌。
3288,concert,P3,W21–W30,,ˈkɑnsɚt,n. 音乐会，演奏会；一致，和谐；（尤指犯罪时的）联合行动；v. 共同议定，协调,When does the concert begin?　音乐会什么时间开始？
3289,retirement,P3,W21–W30,,riˈtaɪɚmənt,n. 退休，退职；退休生活，退休期间；（运动员）停止参赛，退役；（陪审团）退庭表决；退庭表决时间；引退，退隐；<古>退隐处，隐蔽处,She's long past retirement age.　她早已超过了退休年龄。
3290,scores,P3,W21–W30,释义待核实，不进入核心练习,ˈskɔrz,释义待核实，不计入核心练习,
3291,financing,P3,W21–W30,,fəˈnænsɪŋ,n. 融资；财务；筹措资金；v. 筹措资金；财政管理；从事金融活动（finance 的 ing 形式）,The financing of home ownership will continue through the 1990s and beyond.　房屋产权的融资将持续到20世纪90年代及以后。
3292,efficiency,P3,W21–W30,,ɪˈfɪʃənsi,n. 效率，效能；（机器的）功率,She arranged everything with her customary efficiency.　她以她特有的高效率把一切都已安排妥当。
3293,sp,P3,W21–W30,释义待核实，不进入核心练习,,释义待核实，不计入核心练习,
3294,comedy,P3,W21–W30,,ˈkɑmədi,n. 喜剧，喜剧片；滑稽的事物，搞笑的东西；滑稽，诙谐,The play is a black comedy.　那是个黑色喜剧。
3295,adopted,P3,W21–W30,释义待核实，不进入核心练习,əˈdɑptɪd,释义待核实，不计入核心练习,
3296,efficient,P3,W21–W30,,ɪˈfɪʃənt,adj. 生效的，效率高的；（人）有能力的，能胜任的,The service at the hotel is efficient and unobtrusive.　那旅馆的服务工作有效率而不夸张。
3297,weblog,P3,W21–W30,释义待核实，不进入核心练习,,释义待核实，不计入核心练习,
3298,linear,P3,W21–W30,,ˈlɪniɚ,adj. 直线的，线性的；长度的；连续的，连贯的；（关系）直接的，明显的,Students do not always progress in a linear fashion.　学生不会总是顺着一条直线进步。
3299,commitment,P3,W21–W30,,kəˈmɪtmənt,n. 忠诚，献身；承诺，保证；奉献，投入；热情，决心；义务，责任；花费，使用（资金、时间、人力）；需要定期支付的款项,His commitment has been unquestioned.　他的奉献是无可置疑的。
3300,specialty,P3,W21–W30,,ˈspɛʃəlti,n. 专业，专长；特色食品，特产；特产， 专卖店；（律）盖印的书面合同,Her specialty is taxation law.　她的专长是税法。
3301,bears,P3,W21–W30,释义待核实，不进入核心练习,ˈbɛrz,释义待核实，不计入核心练习,
3302,jean,P3,W21–W30,释义待核实，不进入核心练习,ˈdʒin,释义待核实，不计入核心练习,
3303,hop,P3,W21–W30,,ˈhɑp,v. 单脚跳行；齐足（或双足）跳行；快速移动，快速前往；登上（飞机、火车等）；（尤指搭乘飞机）短途旅行；换来换去；<非正式>速递，快运；用啤酒花调味；n. 单脚跳；（鸟、小动物）双脚跳；短途旅行；忽布，啤酒花；舞会；霍普舞；毒品（尤指鸦片）；【名】（Hop）（美）合（人名）,Rabbits hop in the grass.　兔子在草地里跳。
3304,carrier,P3,W21–W30,,ˈkæriɚ,n. 搬运人，运输工具；航空公司；军车，运输舰；购物袋；（自行车等的）置物架，载重架；带菌者，病毒携带者，病媒；通讯公司；载体；【名】 （Carrier）（英）卡里尔，（法）卡里耶（人名）,They brought baby Michael along in a carrier.　他们把小迈克尔放在婴儿车上一起带来了。
3305,edited,P3,W21–W30,释义待核实，不进入核心练习,ˈɛdətəd,释义待核实，不计入核心练习,
3306,constant,P3,W21–W30,,ˈkɑnstənt,adj. 持续不断的，经常发生的；恒定的，不变的；忠诚的，忠实的；n. 常数，恒量；不变的事物；【名】 （Constant） （德）康斯坦特（人名）,This entrance is in constant use.　此入口经常使用。
3307,visa,P3,W21–W30,,ˈvizə,维萨信用卡；n. 维萨信用卡；abbr. 虚拟仪器软件体系（Virtual Instrument Software Architecture）,They overstayed their visa.　他们居留超过了签证期限。
3308,mouth,P3,W21–W30,,ˈmaʊθ,n. 嘴，口腔；需要供养的人，食客；入口，开口；入海口，河口；讲话方式，言谈；<非正式>饶舌，出言不逊；（受嚼子控制的）马口；（葡萄酒的不同于气味的）口感；v. 不出声地说，用口型默示；言不由衷地说，（自己并不明白却）信口开河；（清晰明确地）说，发……的音；吃，用嘴触碰；训练（马）使之习惯于服从嚼子；comb. 有……嘴的，……口的(-mouthed)；言谈……的，口齿……的(-mouthed),My mouth felt completely dry.　我感到口干舌燥。
3309,jewish,P3,W21–W30,,ˈdʒuɪʃ,adj. 犹太人的；adj. 犹太人的；犹太族的,The Jewish feast of Passover began last night.　犹太人的宗教节日逾越节昨晚开始了。
3310,meter,P3,W21–W30,释义待核实，不进入核心练习,ˈmitɚ,释义待核实，不计入核心练习,
3311,linked,P3,W21–W30,释义待核实，不进入核心练习,ˈlɪŋkt,释义待核实，不计入核心练习,
3312,portland,P3,W21–W30,释义待核实，不进入核心练习,ˈpɔrtlənd,释义待核实，不计入核心练习,
3313,interviews,P3,W21–W30,释义待核实，不进入核心练习,ˈɪntɚvˌjuz,释义待核实，不计入核心练习,
3314,concepts,P3,W21–W30,释义待核实，不进入核心练习,ˈkɑnsɛpts,释义待核实，不计入核心练习,
3315,nh,P3,W21–W30,释义待核实，不进入核心练习,,释义待核实，不计入核心练习,
3316,gun,P3,W21–W30,,ˈɡʌn,n. 枪，炮；起跑信号，发令枪声；<美，非正式>雇用杀手，持枪歹徒；喷射器；<英>猎人；v. 加大……的油门，使加速；<美> 猛投，猛掷；【名】 （Gun）（英）冈，（瑞典）贡，（俄、意）古恩（人名）,"Look out, he's got a gun!　小心，他有枪！"
3317,reflect,P3,W21–W30,,rɪˈflɛkt,v. 反射（光、热或声音）；反映，照出（影像）；显示，表明；深思，反省；深思后认为，深思后说；引起（某种）看法，带来影响,We should all give ourselves time to reflect.　我们都应该给自己时间来深思。
3318,pure,P3,W21–W30,,ˈpjʊr,adj. 纯的，不掺杂质的；血统纯的，纯种的；纯真的，贞洁的；干净的，不含有害物质的；无杂色的，清晰而优美的；完全的，纯粹的；（科学或研究）纯理论的，抽象的；（元音）单音的，纯音的；【名】 （Pure）（俄）普雷（人名）,The story is pure moonshine.　这个故事纯属瞎编。
3319,deliver,P3,W21–W30,,dɪˈlɪvɚ,v. 投递，运送；履行，兑现；交付，移交；发表，宣布；接生，分娩；解救，拯救；投掷，击打；（法官或法庭）宣布（判决）；拉（选票）；发行，发布（计算机程序）；处理,We deliver the goods in batches.　我们分批交付货物。
3320,wonder,P3,W21–W30,,ˈwʌndɚ,v. 想知道，好奇，琢磨；不知是否（用于提问或礼貌地提出请求）；感到疑惑，（对…）感到不安；感到惊讶，觉得惊奇；n. 惊讶，惊叹；奇观，奇迹；令人惊讶的事物，令人难以置信的事物；能人，奇才，有特效的东西；adj. 极好的，灵验的,I wonder if you can help me.　不知您是否能帮我的忙？
3321,hell,P3,W21–W30,,ˈhɛl,n. 地狱；苦难的经历；（有人认为含冒犯意）该死，见鬼；int. 见鬼（用于表示生气或恼怒）；v. 过放荡生活,Where the hell have you been?　你究竟去了哪里？
3322,lessons,P3,W21–W30,释义待核实，不进入核心练习,ˈlɛsənz,释义待核实，不计入核心练习,
3323,fruit,P3,W21–W30,,ˈfrut,n. 水果；（植物的）果实；成果，结果，后果；（自然的）产物，物产；<古>子孙，后代；<美，非正式>男同性恋者；v. （使）结果实；【名】 （Fruit）（英）弗鲁特，（法）弗吕（人名）,The fruit are small and round.　这种水果小而圆。
3324,begins,P3,W21–W30,释义待核实，不进入核心练习,bɪˈɡɪnz,释义待核实，不计入核心练习,
3325,qualified,P3,W21–W30,,ˈkwɑləˌfaɪd,adj. 具备……的学历（资历）的；（尤指做某项工作）有资格的，胜任的；（支持、赞同）有限度的，有保留的；v. 取得资格（或学历），合格；使具备资格，使合格；达标，取得参赛资格（qualify 的过去式和过去分词形式）,He qualified as a doctor last year.　他去年获得了医生的资格。
3326,reform,P3,W21–W30,,rəˈfɔrm,v. 改革，革新；改邪归正，改造；（石油炼制）重整；n. 改革，改良；adj. 犹太教改革（仅保留犹太教部分的传统信条和习俗）（Reform）,He has promised to reform.　他许诺要改过自新。
3327,lens,P3,W21–W30,,ˈlɛnz,n. 透镜，镜片；（相机的）镜头；（眼球的）晶状体；隐形眼镜；v. 给……摄影,Some adjustment of the lens may be necessary.　可能需要调整一下镜头。
3328,alerts,P3,W21–W30,释义待核实，不进入核心练习,əˈlɝts,释义待核实，不计入核心练习,
3329,treated,P3,W21–W30,释义待核实，不进入核心练习,ˈtritɪd,释义待核实，不计入核心练习,
3330,discovery,P3,W21–W30,,dɪˈskʌvɚi,n. 发现，被发现的事物；（法律）强制性透露,Police have made a macabre discovery.　警察有了个可怕的发现。
3331,draw,P3,W21–W30,,ˈdrɔ,v. 画，绘画；草拟，制定；吸引，使注意；引起（反应）；获得，得到；推断出；抽出，吸出；（从银行账户）取出；拉，拖；利用，动用；抽（烟），吸（气）；放（血），抽（血）；拔出，掏出；以平局结束；抽签，抓阄；（向特定方向）移动；使说出，使吐露；作（比较或对比）；（船）吃（水）；（帆）吃饱风；（滚木球）使（球）朝预定的目标作弧线运动；（茶）被泡开；n. 平局；抽彩，抽签；有吸引力的人（或事物）；吸烟；拔枪；（高尔夫）偏球；<非正式>大麻制品；【名】 （Draw）（英）德劳（人名）,They managed an honourable 2–2 draw.　他们奋力打成了2:2平局，值得敬佩。
3332,mysql,P3,W21–W30,释义待核实，不进入核心练习,,释义待核实，不计入核心练习,
3333,classified,P3,W21–W30,,ˈklæsəˌfaɪd,adj. 分类的，归类的；机密的，保密的；n. 分类广告；v. 把……分类，把……分级；把（信息）归入保密级别（classify 的过去式和过去分词形式）,Patients are classified into three categories.　病人被归为三种类型。
3334,relating,P3,W21–W30,释义待核实，不进入核心练习,rɪˈleɪtɪŋ,释义待核实，不计入核心练习,
3335,assume,P3,W21–W30,,əˈsum,v. 假定，假设，认为；装出，做出；承担，就职；呈现，具有；夺取，篡夺,We were wrong to assume she'd agree.　我们错误地以为她会同意。
3336,confidence,P3,W21–W30,,ˈkɑnfədəns,n. 自信，信心；信任，信赖；把握，肯定；保密，机密；秘密，知心话,I have every confidence in you.　我对你有完全的信任。
3337,alliance,P3,W21–W30,,əˈlaɪəns,n. 联盟，结盟；结盟团体，结盟国家；（人们间的）亲密关系，（尤指）联姻,The alliance stands ready to do what is necessary.　该联盟已准备好采取必要行动。
3338,fm,P3,W21–W30,释义待核实，不进入核心练习,ˌɛˈfɛm,释义待核实，不计入核心练习,
3339,confirm,P3,W21–W30,,kənˈfɝm,v. 确定，确认；证实，证明；批准，认可；使坚定，加强；给（某人）施坚信礼,Can you confirm what happened?　你能证实一下发生了什么事吗？
3340,warm,P3,W21–W30,,ˈwɔrm,adj. 暖和的，温暖的；（衣服或建筑物）保暖的，防寒的；友好的，热情的；暖色调的；（尤指儿童游戏中）快要发现的，即将猜中的；（土壤）吸热快的，保温的；（猎）（气味，踪迹）新鲜的，强烈的；（声音）充满情感的，浑厚饱满的；v. （使）温暖，（使）变暖和；（对某人） 产生好感，（对想法） 开始感兴趣；同情；激动；使……兴奋； （使）变得更友好，变得更可爱；<非正式>打（某人屁股）；n. 暖和的地方（或地区）（the warm）；取暖；厚呢短大衣（British warm的简称）,It's nice and warm in here.　这里暖烘烘的。
3341,neither,P3,W21–W30,,ˈniðɚ,det. 两者都不；pron. （两者中）无一个；conj. 既不……（也不……）；也不（用于否定句后，表示前句适用于所有提到的人或物）；也不（用于否定句后，强调要引出另一否定句）,Neither candidate won outright.　两个候选人谁也没干脆利落地获胜。
3342,lewis,P3,W21–W30,释义待核实，不进入核心练习,ˈluɪs,释义待核实，不计入核心练习,
3343,howard,P3,W21–W30,释义待核实，不进入核心练习,ˈhaʊɚd,释义待核实，不计入核心练习,
3344,offline,P3,W21–W30,释义待核实，不进入核心练习,ˈɔˌflaɪn,释义待核实，不计入核心练习,
3345,leaves,P3,W21–W30,释义待核实，不进入核心练习,ˈlivz,释义待核实，不计入核心练习,
3346,engineer,P3,W21–W30,,ˌɛndʒəˈnɪr,n. 工程师，设计师；（航班）机械师，（轮船）轮机长；技师，机修工；工兵；机车司机，火车司机；责任人；v. 设计，建造；策划，精心安排；改变……的基因(或遗传)结构,His father meant him to be an engineer.　他父亲想让他当工程师。
3347,lifestyle,P3,W21–W30,,ˈlaɪfˌstaɪl,n. 生活方式；保健的,They lived a very lavish lifestyle.　他们过着挥霍无度的生活。
3348,consistent,P3,W21–W30,,kənˈsɪstənt,adj. 始终如一的，一贯的；持续的，连续的；固守的，坚持的；一致的，吻合的,Graham is so solidly consistent.　格雷厄姆非常可靠稳定。
3349,replace,P3,W21–W30,,ˌriˈpleɪs,v. 取代；（用……）替换，（以……）接替；更换， 赔还；把......放回原处,Have they found anyone to replace her yet?　他们找到了代替她的人没有？
3350,clearance,P3,W21–W30,,ˈklɪrəns,n. 审核批准；（飞机起降的）许可，准许；间距，间隙；清理，清除；（足球等中使对方不能破门的）解围；（银行支票的）结算，兑现,I'm waiting for clearance from headquarters.　我在等待总部的录用审查许可。
3351,connections,P3,W21–W30,释义待核实，不进入核心练习,kəˈnɛkʃənz,释义待核实，不计入核心练习,
3352,inventory,P3,W21–W30,,ˌɪnvənˈtɔri,n. 详细目录，清单；存货，库存；盘货，存货盘点；v. 开列清单,They're likely to hold big fire sales to liquidate their inventory.　为了盘活库存，他们很可能会进行大甩卖。
3353,converter,P3,W21–W30,释义待核实，不进入核心练习,kənˈvɝtɚ,释义待核实，不计入核心练习,
3354,suck,P3,W21–W30,,ˈsʌk,v. 吸，吮，啜；含在嘴里吸食；抽，吸（空气或液体）；（空气或液体的压力）将……卷入，吞没；使卷入；<非正式>糟糕，差劲；收紧，收缩（身体某部分）；把（空气或烟）吸进肺部；吸纳，吸收，吸取；巴结；（水泵）空抽；n. 吮，吸，啜；（水流的）冲刷声,Greenfly can literally suck a plant dry.　蚜虫的确能把一株植物吸干。
3355,organisation,P3,W21–W30,,ˌɔrɡənɪˈzeɪʃən,n. 组织；团体（等于 organization）,Could such decentralized control work in a human organisation?　这种分权管理在人类组织中能够奏效吗？
3356,babe,P3,W21–W30,释义待核实，不进入核心练习,ˈbeɪb,释义待核实，不计入核心练习,
3357,checks,P3,W21–W30,释义待核实，不进入核心练习,ˈtʃɛks,释义待核实，不计入核心练习,
3358,reached,P3,W21–W30,释义待核实，不进入核心练习,ˈritʃt,释义待核实，不计入核心练习,
3359,becoming,P3,W21–W30,,bɪˈkʌmɪŋ,adj. 相配的；合适的；得体的 n. （变化过程的）形成，发生 v. 开始变得；成长为；取得资格；适合（某人）；使（人）显得漂亮（become 的现在分词）；adj. 相配的；合适的；得体的；n. （变化过程的）形成，发生,She was becoming confused.　她开始糊涂了。
3360,safari,P3,W21–W30,,səˈfɑri,n. （尤指在东非的）观兽旅行，游猎；<东非>长途旅行，旅游期间，外出期间；【名】 （Safari）（美、伊朗、英）萨法里（人名）,It arrived while I was on safari.　这是在我外出期间送达的。
3361,objective,P3,W21–W30,,əbˈdʒɛktɪv,n. 目的，目标；出击目标（尤指在军事攻击中)；（望远镜或显微镜中的）物镜；出击目标（尤指在军事攻击中）；宾格；adj. 客观的，不带个人情感的；客观存在的；宾格的；目标的,What is the main objective of this project?　这个项目的主要目标是什么？
3362,indicated,P3,W21–W30,释义待核实，不进入核心练习,ˈɪndəˌkeɪtəd,释义待核实，不计入核心练习,
3363,sugar,P3,W21–W30,,ˈʃʊɡɚ,n. 食糖；一匙糖，一块方糖；（植物、水果等所含的）糖；亲爱的；<非正式>麻醉药，毒品（尤指海洛因或二乙基麦角酰胺）；甜言蜜语；v. 给……加糖；美化（讨厌的事物）；（通过熬枫树汁）提取枫蜜（或枫糖）；（昆）在树干上涂撒糖、糖浆、啤酒等的混合物作蛾饵；int. （代替 shit，用于表示懊恼）糟糕，哎呀,Sugar is ubiquitous in the diet.　糖在饮食中到处可见。
3364,crew,P3,W21–W30,,ˈkru,n. 全体船员，全体机组人员；一组工作人员；一伙人，一帮人；全体划船队员；赛艇运动；<美，非正式>（尤指演奏车库音乐的）一群乐师；v. 当船员，当空乘人员；【名】 （Crew）（英、西）克鲁（人名）,In the distance the crew sighted land.　船员发现在远处有陆地。
3365,legs,P3,W21–W30,释义待核实，不进入核心练习,ˈlɛɡz,释义待核实，不计入核心练习,
3366,sam,P3,W21–W30,释义待核实，不进入核心练习,ˈsæm,释义待核实，不计入核心练习,
3367,stick,P3,W21–W30,,ˈstɪk,v. 粘，贴；刺，戳，插；（随便）摆放，放置；伸出，突出；卡住，钉住；<英，非正式>容忍，忍受；被接受，被众人采用；（牌戏中）不再要牌；停顿下来，没有进展；<非正式>（生气地）放弃（和打发）；<非正式>使支付，导致损失；n. 枯枝，枝条；条状物，棍状物；（用于某特定用途的）棍，条，签；球棍，球棒；变速杆，操纵杆；批评，惩罚；<非正式>边远地区（the sticks）；<非正式>（家具的）件；非常瘦的人（或四肢）；画着短细直线的；<非正式>球门柱（the sticks）；（股票）大宗死股；【名】 （Stick）（芬）斯蒂克（人名）,Stick up for what you believe.　你相信什么，就要捍卫它。
3368,securities,P3,W21–W30,释义待核实，不进入核心练习,sɪkˈjʊrətiz,释义待核实，不计入核心练习,
3369,allen,P3,W21–W30,释义待核实，不进入核心练习,ˈælən,释义待核实，不计入核心练习,
3370,pdt,P3,W21–W30,释义待核实，不进入核心练习,,释义待核实，不计入核心练习,
3371,relation,P3,W21–W30,,riˈleɪʃən,n. （人或物间的）联系；（国家、公司、组织等之间的）（正式）关系；<正式> 性关系；亲戚，亲属；讲述，叙述,The relation that exists when opposites cannot coexist.　对立面不能共存的关系。
3372,enabled,P3,W21–W30,释义待核实，不进入核心练习,ɛˈneɪbəld,释义待核实，不计入核心练习,
3373,genre,P3,W21–W30,,ˈʒɑnrə,n. 体裁，类型；风俗画；adj. 属于某类型的，按某种风格创作的；【名】 （Genre）（法）让尔（人名）,We have artist and genre annotation for the albums.　我们为专辑提供了艺术家和流派注释。
3374,slide,P3,W21–W30,,ˈslaɪd,v. （使）滑行，滑动；滑落；迅速熟练地进出；（使）快捷而悄声地移动；（价格等）下滑，下跌；逐渐败坏，开始出现问题；滑垒；n. 滑梯；滑道；滑行，滑动；（价格、数量等的）下降，跌落，减少；幻灯片；（情况）变糟，恶化，（人）出现问题；（显微镜的）载物玻璃片；（乐器或机器上的）滑动装置；（岩石，土等的）崩落；小发夹；（棒球）滑垒；（吉他）滑奏；无后帮凉鞋（或轻便鞋）,The dollar continued to slide.　美元继续下跌。
3375,montana,P3,W21–W30,释义待核实，不进入核心练习,mɑnˈtænə,释义待核实，不计入核心练习,
3376,volunteer,P3,W21–W30,,ˌvɑlənˈtɪr,n. 志愿者，义务工作者；自告奋勇者，主动做某事的人；志愿兵，义勇兵；自生植物；<法律>无因受益人；v. 自愿做，义务做，无偿做；志愿服役，志愿参军；主动提供（信息），主动说出（或建议）；自作主张地说，（未经当事人同意）举荐；adj. 志愿（者）的,I am an Olympic volunteer.　我是一位奥运志愿者。
3377,tested,P3,W21–W30,释义待核实，不进入核心练习,ˈtɛstɪd,释义待核实，不计入核心练习,
3378,rear,P3,W21–W30,,ˈrɪr,adv. 向后，在后面；n. （尤指建筑物或车辆等的）后部，背部（the rear）；（队列的）后方，后尾部队（或舰队）；<非正式>臀部，屁股（=rear end）；adj. 后方的，背部的,I got a ding in my rear fender.　我汽车后面的挡泥板撞瘪了一处。
3379,democratic,P3,W21–W30,,ˌdɛməˈkrætɪk,adj. 平等的，有民主精神的；民主政体的；（美国）民主党的,She ran for office on the Democratic ticket.　她作为民主党的候选人参加竞选。
3380,enhance,P3,W21–W30,,ɛnˈhæns,v. 增强，提高，改善,The White House is eager to protect and enhance that reputation.　白宫急于保护并提高那声望。
3381,switzerland,P3,W21–W30,释义待核实，不进入核心练习,ˈswɪtsɚlənd,释义待核实，不计入核心练习,
3382,exact,P3,W21–W30,,ɪɡˈzækt,adj. 确切的，精确的；严谨的，一丝不苟的；精密的，严密的；v. 强取，勒索；实施（报复）；造成重大苦难（或损失等）,I don't remember the exact words.　我不记得确切的话了。
3383,bound,P3,W21–W30,,ˈbaʊnd,adj. 必然的，肯定的；受约束的，有义务的；被……所限制的，被……所束缚的；要到……去的，驶往……的；装订好的，有封面的；（与……）紧密相连的，关系密切；准备就绪的；（语法要素）黏附的；v. 跳跃，蹦跳着走；形成……的边界，划界；限制，约束；突然增长，急剧上升；（尤指圆形的物体）弹回，弹开；n. 界限，限制；蹦跳，跳跃,The ship was bound for Italy.　这艘船是开往意大利的。
3384,parameter,P3,W21–W30,,pɚˈæmətɚ,n. 界限，范围；参数，变量；（统计）人口参数,"If you have enough RAM, set the value of this parameter as large as possible to decrease the indexing time dramatically.　如果你有足够的内存，请将该参数的值设置得尽可能大以显著减少索引时间。"
3385,adapter,P3,W21–W30,释义待核实，不进入核心练习,əˈdæptɚ,释义待核实，不计入核心练习,
3386,processor,P3,W21–W30,,ˈprɑˌsɛsɚ,n. （计算机的）处理器（机）；处理程序；加工机（者）；胶片冲洗公司，显影公司；文件处理者，文件经办人,You can download the file and edit it on your word processor.　你可以把文件下载，用文字处理系统做编辑。
3387,node,P3,W21–W30,释义待核实，不进入核心练习,ˈnoʊd,释义待核实，不计入核心练习,
3388,formal,P3,W21–W30,,ˈfɔrməl,adj. 庄重的，合乎礼仪的；（语言）正式的，规范的；合法的；整齐的，布置井然的；正统的，拘谨的；（教育或培训）正规的；形式上的，表面的；官方的，公开的；n. 正式的社交聚会；（女子的）正式礼服；【名】 （Formal）（法）福马尔（人名）,He wore formal evening dress.　他穿了正式的晚礼服。
3389,dimensions,P3,W21–W30,释义待核实，不进入核心练习,dɪˈmɛnʃənz,释义待核实，不计入核心练习,
3390,contribute,P3,W21–W30,,kənˈtrɪbjut,v. 捐赠，捐助；（为……）做贡献；促成，是……的原因之一；撰稿，投稿；发表意见，提议,Do you wish to contribute?　你想捐助吗？
3391,lock,P3,W21–W30,,ˈlɑk,v. 锁住，把……锁起来；固定，卡住；陷入，卷入（困境、争论、争执等）；被紧紧抓住（或抱住）；给（计算机资料）加密；过船闸；<文>对视；n. 锁；一缕头发；<文>头发；船闸；（摔跤中的）抱，夹；<英>前轮转向角度（=full lock）；（并列争球的）第二排前锋（=lock forward）；<美>必定成功的人（或事）（(a lock）；车锁，制动器；（机器部件等的）锁定；<美>（对某物的）完全控制；<古>枪栓；（计算机资料的）加密；<古>（交通）堵塞；【名】 （Lock）（美）洛克（人名）,The key doesn't fit the lock.　这把钥匙打不开这把锁。
3392,hockey,P3,W21–W30,,ˈhɑki,n. <英>曲棍球；<美>冰球；【名】 （Hockey）（英）霍基（人名）,He injured his knee playing hockey.　他打曲棍球时膝盖受伤。
3393,storm,P3,W21–W30,,ˈstɔrm,n. 暴风雨，暴风雪，风暴；（感情或反应的）爆发，迸发；强低气压天气，旋风；暴雨般的飞弹（或打击）；（军队的）强击，猛攻；<美>（防雨雪寒风的）外重窗；v. 猛烈攻击，突然袭击；气冲冲地走；非常生气地说，怒骂；暴风雨来临；迅速获得成功；（游戏或竞赛中）强有力并且胸有成竹地行动,A storm arose during the night.　夜间暴风雨大作。
3394,micro,P3,W21–W30,释义待核实，不进入核心练习,ˈmaɪˌkroʊ,释义待核实，不计入核心练习,
3395,colleges,P3,W21–W30,释义待核实，不进入核心练习,ˈkɑlɪdʒɪz,释义待核实，不计入核心练习,
3396,laptops,P3,W21–W30,释义待核实，不进入核心练习,ˈlæpˌtɑps,释义待核实，不计入核心练习,
3397,mile,P3,W21–W30,,ˈmaɪl,n. 英里；一英里赛跑；很长的距离；很多，远远地；英里；【名】 （Mile）（塞、匈、法）米莱（人名）,She lives just half a mile away.　她就住在半英里之外。
3398,showed,P3,W21–W30,释义待核实，不进入核心练习,ˈʃoʊd,释义待核实，不计入核心练习,
3399,challenges,P3,W21–W30,释义待核实，不进入核心练习,ˈtʃæləndʒɪz,释义待核实，不计入核心练习,
3400,editors,P3,W21–W30,释义待核实，不进入核心练习,ˈɛdɪtɚz,释义待核实，不计入核心练习,
3401,mens,P3,W21–W30,释义待核实，不进入核心练习,ˈmɛnz,释义待核实，不计入核心练习,
3402,threads,P3,W21–W30,释义待核实，不进入核心练习,ˈθrɛdz,释义待核实，不计入核心练习,
3403,bowl,P3,W21–W30,,ˈboʊl,n. 碗，盆；一碗之量；碗状物；<英>草地滚球；（草地滚球中的）木球，圆球 ；<美>椭圆形运动场，环形剧场 ；美式足球季后赛；盆地；v. 滚（球，箍或其他圆形物）；（板球等）投球；击中三柱门使（击球手）出局；迅速移动；打保龄球；（打保龄球）得（分）,She served him a bowl of beef stew.　她给他端了一碗炖牛肉。
3404,supreme,P3,W21–W30,,səˈprim,无；adj. 最高的，至高无上的；（政府、司法或军事机构）拥有最高权力的；极大的，极度的；（处罚，牺牲）涉及死的；杰出的；n. 奶油沙司,They took their appeal to the Supreme Court.　他们上诉到了最高法院。
3405,brothers,P3,W21–W30,释义待核实，不进入核心练习,ˈbrʌðɚz,释义待核实，不计入核心练习,
3406,recognition,P3,W21–W30,,ˌrɛkəɡˈnɪʃən,n. 承认，接受；表彰，赞誉；认出，识别；（政府对他国的）外交认可,She gained only minimal recognition for her work.　她的工作仅仅得到极少的赞誉。
3407,presents,P3,W21–W30,释义待核实，不进入核心练习,ˈprɛzənts,释义待核实，不计入核心练习,
3408,ref,P3,W21–W30,释义待核实，不进入核心练习,ˈrɛf,释义待核实，不计入核心练习,
3409,tank,P3,W21–W30,,ˈtæŋk,n. （储存液体或气体的）箱，罐，缸；一箱，一罐（的量）；坦克；人工蓄水池；<美，非正式> （警察局或监狱的）牢房；（养鱼、蛇等用的）玻璃容器，玻璃缸；水柜机车（tank engine 的简称）；紧身背心（多为羊毛的外罩）（tank top 的简称）；v. 彻底失败，破产；故意输掉比赛；给车辆加油；<英，非正式> 喝醉；<主苏格兰，非正式> 使惨败；把······贮放在柜（或箱，缸，罐）内；<英，非正式>乘车快速行进；【名】 （Tank）（德、土、阿塞、土库、挪）汤克（人名）,The tank became bogged down in mud.　坦克陷入了烂泥中。
3410,submission,P3,W21–W30,,səbˈmɪʃən,n. 屈服，投降；提交，呈递；提交的文件，呈递材料；<法律>（向法官提出的）看法，意见；<正式> 意见，建议；<古> 谦恭，温顺；（摔跤）制服,They prepared a report for submission to the council.　他们准备了一份报告要提交给理事会。
3411,dolls,P3,W21–W30,释义待核实，不进入核心练习,ˈdɑlz,释义待核实，不计入核心练习,
3412,estimate,P3,W21–W30,,ˈɛstəmət,v. 估计；判断，评价；n. 估计，估价；估价单；看法，判断,My estimate was bang on target.　我的估计完全准确。
3413,encourage,P3,W21–W30,,ɛnˈkɝɪdʒ,v. 鼓励，激励；鼓动，怂恿；刺激，促进,Parents encourage every activity imaginable.　父母鼓励一切可能的活动。
3414,navy,P3,W21–W30,,ˈneɪvi,n. 海军；深蓝色；舰队,She was dressed in navy blue.　她穿着深蓝色的衣服。
3415,kid,P3,W21–W30,,ˈkɪd,n. 小孩，年轻人；小山羊；小山羊皮革；v. 戏弄，开玩笑；欺骗，哄骗；（山羊）分娩；adj. 较年幼的；小山羊皮制的,She's a bright kid.　她是个聪明孩子。
3416,regulatory,P3,W21–W30,,ˈrɛɡjələˌtɔri,adj. 管理的，控制的，监管的,A regulatory agency should ensure that helium is used carefully.　应该有一个监管机构确保氦的使用是谨慎的。
3417,inspection,P3,W21–W30,,ˌɪnˈspɛkʃən,n. 视察；检查，审视,"On closer inspection , the notes proved to be forgeries.　经进一步检查发现钞票都是伪造的。"
3418,consumers,P3,W21–W30,释义待核实，不进入核心练习,kənˈsumɚz,释义待核实，不计入核心练习,
3419,cancel,P3,W21–W30,,ˈkænsəl,v. 取消（计划好的事情）；终止，废除；盖销，注销；（因素，情况）抵消，对消；n. 取消，撤销；邮票注销章，戳记；经修正的版面；【名】 （Cancel）（法）康塞尔（人名）,The customer called to cancel.　顾客打电话来取消了。
3420,limits,P3,W21–W30,释义待核实，不进入核心练习,ˈlɪməts,释义待核实，不计入核心练习,
3421,territory,P3,W21–W30,,ˈtɛrɪˌtɔri,n. 领土，版图，领地；（美国、加拿大等的）准州；（某些国家划分的）地区；（某一动物或人想控制的）领地，地盘；（某人负责的）区域，地区；（具有某种特性的）地区，地方；（知识等的）领域，范围；（体育运动中的）防守区,The war was carried into enemy territory.　战争已推进到敌方境内。
3422,transaction,P3,W21–W30,,trænˈzækʃən,n. 交易，买卖，业务；（学术团体会议的）议事录，公报；（人与人之间的）交流，相互影响；事务（元），事项,The transaction is completed by payment of the fee.　交易在支付费用之后就完成了。
3423,manchester,P3,W21–W30,释义待核实，不进入核心练习,ˈmænˌtʃɛstɚ,释义待核实，不计入核心练习,
3424,weapons,P3,W21–W30,释义待核实，不进入核心练习,ˈwɛpənz,释义待核实，不计入核心练习,
3425,paint,P3,W21–W30,,ˈpeɪnt,n. 油漆，涂料；绘画颜料（paints）；（已干的）油漆层，涂层；<非正式>化妆，涂脂抹粉；（计算机）（尤指模拟真画效果的）绘图功能；<美>花马，杂色马；（篮球）三秒区；v. （给……）上油漆，（给……）涂颜料；用油漆（或涂料）覆盖（paint sth. out）；（用颜料）绘画；涂，抹（嘴唇、指甲等）；（以某种方式）描绘，描写；（计算机）用绘图程序作图；（在雷达屏幕上）显示（飞机，车辆）；【名】 （Paint）（美）潘（人名）,The paint has a satin finish.　漆面像缎子一样光滑。
3426,delay,P3,W21–W30,,dɪˈleɪ,v. 推迟，延期；延误，耽搁；（故意）拖延，磨蹭；n. 延期，推迟；延误，耽搁；延迟器；【名】 （Delay）（美）德莱（人名）,Any delay would be fatal.　任何延误都可能导致失败。
3427,pilot,P3,W21–W30,,ˈpaɪlət,n. 飞行员；领航员；（船只的）领航员；（电视）试播节目；常燃小火；航海手册；<非正式>职业骑师；<古>向导；（火车头前端的）排障器；adj. 试点的；（电信）控制引导信号；v. 驾驶（飞行器）；领航；试验，试行；使（新法律）顺利通过；<文>带领，指引,Someday I'll be a pilot.　将来有一天我将成为一名飞行员。
3428,outlet,P3,W21–W30,,ˈaʊtˌlɛt,n. （情绪或精力的）发泄方式，发泄途径；排出口；商店，分销点；廉价经销店；从事大众媒体行业的公司；<美>电源插座,Sport became the perfect outlet for his aggression.　运动成为他攻击性心理的最佳出路。
3429,contributions,P3,W21–W30,释义待核实，不进入核心练习,ˌkɑntrəbˈjuʃənz,释义待核实，不计入核心练习,
3430,continuous,P3,W21–W30,,kənˈtɪnjuəs,adj. 连续不断的，持续的；（语法）进行式的；（函数）连续的,The continuous rain had saturated the soil.　连绵不断的雨把土地淋了个透。
3431,db,P3,W21–W30,释义待核实，不进入核心练习,,释义待核实，不计入核心练习,
3432,czech,P3,W21–W30,释义待核实，不进入核心练习,ˈtʃɛk,释义待核实，不计入核心练习,
3433,resulting,P3,W21–W30,释义待核实，不进入核心练习,rɪˈzʌltɪŋ,释义待核实，不计入核心练习,
3434,cambridge,P3,W21–W30,释义待核实，不进入核心练习,ˈkeɪmbrɪdʒ,释义待核实，不计入核心练习,
3435,initiative,P3,W21–W30,,ˌɪˈnɪʃətɪv,n. 措施，倡议；主动性，积极性；主动权；（美国某些州的）公民立法提案程序,We have the initiative; we intend to keep it.　我们拥有主动权；我们想要保持主动权。
3436,novel,P3,W21–W30,,ˈnɑvəl,n. （长篇）小说；adj. 新颖的，珍奇的；【名】 （Novel）（英、法、西）诺韦尔（人名）,Have you read her new novel?　你看过她新出的小说了吗？
3437,pan,P3,W21–W30,,ˈpæn,n. 平底锅；一锅的量；<美> 烤盘，盘状器皿；（天平的）秤盘；（淘金用的）淘选盘；炼锅；<英> 马桶；钢鼓（主要为演奏者用语）；土磐，磐层；洼地，晒盐池；（旧式枪的）火药池；摇摄动作；<美，非正式> 脸；v. 移动拍摄，摇摄；用淘金盘淘洗，淘金；<非正式> 严厉批评（书、电影、戏剧等）；在浅锅中烹调（食物）,"Oh hell, I've burned the pan.　真该死，我把锅烧煳了。"
3438,execution,P3,W21–W30,,ˌɛksəkˈjuʃən,n. 执行，实施，完成；处决，死刑；表演，制作；政治谋杀；没收债务人财产，扣押债务人；（法律文书或命令的）执行,"The idea was good, but the execution was poor.　这个主意倒不错，可实施情况不理想。"
3439,disability,P3,W21–W30,,ˌdɪsəˈbɪlɪti,n. 残疾，缺陷；无能力，障碍；残疾补贴,We all fear disability or infirmity.　我们都害怕伤残或体弱。
3440,increases,P3,W21–W30,释义待核实，不进入核心练习,ɪnˈkrisəz,释义待核实，不计入核心练习,
3441,ultra,P3,W21–W30,释义待核实，不进入核心练习,ˈʌltrə,释义待核实，不计入核心练习,
3442,winner,P3,W21–W30,,ˈwɪnɚ,n. 获胜的人（或队、动物等），优胜者；（体育比赛中）致胜的一分，制胜的进球；<非正式>可能成功的人（或事物），极好的人（或事物），成功的人（或事物）；获益者，赢家；（桥牌）能赢的牌；【名】 （Winner）（美、德、英）温纳（人名）,The winner scored 10 pts.　获胜者得了10分。
3443,idaho,P3,W21–W30,释义待核实，不进入核心练习,ˈaɪdəˌhoʊ,释义待核实，不计入核心练习,
3444,contractor,P3,W21–W30,,ˈkɑnˌtræktɚ,n. 承包商，立约人,It criticizes the main contractor for seriously erring in its estimates.　它批评主承包商在估算中严重出错。
3445,ph,P3,W21–W30,释义待核实，不进入核心练习,ˌpiˈeɪtʃ,释义待核实，不计入核心练习,
3446,episode,P3,W21–W30,,ˈɛpəˌsoʊd,n. 一段经历，一段时期；（电视剧或广播剧的）集，一集；疾病的发作，发病；插句，插段；（希腊悲剧中）两段合唱之间的部分,The final episode will be shown next Sunday.　最后一集将于下周日播放。
3447,examination,P3,W21–W30,,ɪɡˌzæməˈneɪʃən,n. 考试；审查，调查；医学检查；<法律>讯问，查问,Your proposals are still under examination.　你的提议仍在审查之中。
3448,potter,P3,W21–W30,释义待核实，不进入核心练习,ˈpɑtɚ,释义待核实，不计入核心练习,
3449,dish,P3,W21–W30,,ˈdɪʃ,n. 碟，盘；一盘食物；全部餐具（the dishes）；菜肴；碟状物，盘状物；性感的人；轮盘；抛物面天线；凹形容器；v. 说……的闲话；把（食物）装盘；<英，非正式>使（希望等）破灭；<美，非正式>闲谈；成盘形,It lapped milk from a dish.　它从一个盘子里舐食牛奶。
3450,plays,P3,W21–W30,释义待核实，不进入核心练习,ˈpleɪz,释义待核实，不计入核心练习,
3451,bulletin,P3,W21–W30,,ˈbʊlɪtən,n. （广播或电视中的）新闻简报；公告，布告；（机构或社团的）通讯，刊物；v. 通过公告公布或告知,"The Internet is the largest computer bulletin board in the world, and it's growing.　因特网是世界上最大的电子布告栏，并且仍在不断扩大。"
3452,ia,P3,W21–W30,释义待核实，不进入核心练习,ˈiə,释义待核实，不计入核心练习,
3453,pt,P3,W21–W30,释义待核实，不进入核心练习,,释义待核实，不计入核心练习,
3454,indicates,P3,W21–W30,释义待核实，不进入核心练习,ˈɪndɪˌkeɪts,释义待核实，不计入核心练习,
3455,modify,P3,W21–W30,,ˈmɑdəˌfaɪ,v. 修改，改进；修饰，限定；缓和，使温和；使改形，使转化；变（音）,"Once you modify this file, upload it via RAM.　一旦您修改了这个文件，通过 RAM 来上传它。"
3456,oxford,P3,W21–W30,释义待核实，不进入核心练习,ˈɑksfɚd,释义待核实，不计入核心练习,
3457,adam,P3,W21–W30,释义待核实，不进入核心练习,ˈædəm,释义待核实，不计入核心练习,
3458,truly,P3,W21–W30,,ˈtruli,adv. 真实地，如实地；真正地，完全地；诚挚地，真诚地；准确地；非常，很；【名】 （Truly）特鲁利（人名）,The war is well and truly over.　战争彻底结束了。
3459,epinions,P3,W21–W30,释义待核实，不进入核心练习,,释义待核实，不计入核心练习,
3460,painting,P3,W21–W30,,ˈpeɪntɪŋ,n. （一幅）画，绘画作品；绘画创作，绘画；粉刷，上油漆；v. 给……上油漆（或涂料）；（用颜料）绘，画；往（指甲、嘴唇等上）施化妆品（paint 的现在分词形式）；【名】 （Painting）（英）佩因廷（人名）,He is painting a huge volcano.　他正在画一座巨型火山。
3461,committed,P3,W21–W30,释义待核实，不进入核心练习,kəˈmɪtɪd,释义待核实，不计入核心练习,
3462,extensive,P3,W21–W30,,ɪkˈstɛnsɪv,adj. 广阔的；广泛的；巨大的，大量的；（农业）粗放（经营）的,Extensive repair work is being carried out.　大规模的修缮工作正在进行。
3463,affordable,P3,W21–W30,,əˈfɔrdəbəl,adj. 便宜的，付得起的,It could make extra training and instruction affordable.　这使人们负担得起额外的培训和指导费用。
3464,universe,P3,W21–W30,,ˈjunəˌvɝs,n. 宇宙，天地万物（the universe）；领域，体系；（已知宇宙以外的）宇宙,The universe is slowly yielding up its secrets.　宇宙慢慢地展现出它的秘密。
3465,candidate,P3,W21–W30,,ˈkændədeɪt,n. 候选人，申请者；有望体验（得到）……的人（物）；投考者，考生；攻读学位者,Neither candidate won outright.　两个候选人谁也没干脆利落地获胜。
3466,databases,P3,W21–W30,释义待核实，不进入核心练习,ˈdeɪtəˌbeɪsɪz,释义待核实，不计入核心练习,
3467,patent,P3,W21–W30,,ˈpætənt,n. 专利（权），专利证书；专利发明；adj. 受专利保护的，专利的；专利生产的，专利经销的；显而易见的，赤裸裸的；（寄生虫感染）明显的，显著的；（脉管、导管或孔）开放的，不闭合的；v. 获得……的专利权；授予专利,The device was protected by patent.　这一装置受专利保护。
3468,slot,P3,W21–W30,,ˈslɑt,n. （可投入东西的）狭长孔，狭槽；（在一系列事件中为某事安排的）时间，空档；（组织、团体等中的）位置，职位；v. 把……投入窄孔中，把……放到指定位置；为……安排时间，安置； 与……融洽相处，适应（生活方式）；<非正式>（足球运动员）准确射门进球；鹿的足迹（slots）；【名】 （Slot）（英、荷）斯洛特（人名）,I can slot you in between 3 and 4.　我可以把你插到第3和第4之间。
3469,psp,P3,W21–W30,释义待核实，不进入核心练习,,释义待核实，不计入核心练习,
3470,outstanding,P3,W21–W30,,ˌaʊtˈstændɪŋ,adj. 杰出的，优秀的；显著的，突出的；未解决的，未完成的；（款项）未支付的，未结清的,He is unarguably an outstanding man.　毋庸置疑，他是一个出色的人。
3471,ha,P3,W21–W30,释义待核实，不进入核心练习,ˈhɑ,释义待核实，不计入核心练习,
3472,eating,P3,W21–W30,释义待核实，不进入核心练习,ˈitɪŋ,释义待核实，不计入核心练习,
3473,perspective,P3,W21–W30,,pɚˈspɛktɪv,n. （观察问题的）视角，观点；透视（画）法；（几何）透视关系，投影比例；洞察力，判断力；景观，远景；角度；（声音）立体效果；adj. 透视的,I let things get out of perspective.　我没能正确地看待事物。
3474,planned,P3,W21–W30,释义待核实，不进入核心练习,ˈplænd,释义待核实，不计入核心练习,
3475,watching,P3,W21–W30,释义待核实，不进入核心练习,ˈwɑtʃɪŋ,释义待核实，不计入核心练习,
3476,lodge,P3,W21–W30,,ˈlɑdʒ,v. （使）固定，（使）卡住；（通常付住宿费地）借住，寄住，（为某人）提供住宿；存放，寄放（贵重物品）；正式提出（投诉、要求等）；铭记，留存；n. （公园或宅第的）门口小屋，门房；（大学、机构等的）门房，管理员室；（乡村或山间供狩猎者等使用的）小屋，小舍；（地方分会会员的）集会地，活动地；（河狸或水獭的）穴，窝；印第安锥形棚屋；（剑桥的）学院院长住宅；用于名字中宅，舍，旅馆；【名】 （Lodge）（美）洛奇（人名）,He has four weeks in which to lodge an appeal.　他有4周时间来正式提出上诉。
3477,messenger,P3,W21–W30,,ˈmɛsəndʒɚ,n. 送信人，邮递员，报信者；（体内传递信息和刺激的）信使；<古>先驱；v. <美>（用信使）送（文件，包裹）；【名】 （Messenger）（英）梅辛杰，（德）梅森格（人名）,He sent the order by messenger.　他通过邮递员发出订单。
3478,mirror,P3,W21–W30,,ˈmɪrɚ,n. 镜子；写照，真实反映；（计算机）镜像网点；榜样；vt. 反射，映照；反映；与……十分相似；（计算机）做……的镜像；（计算机）在（两个或数个硬盘）中做备份,The mirror was frosted up.　镜子蒙了一层霜。
3479,tournament,P3,W21–W30,,ˈtʊrnəmənt,n. 锦标赛，联赛；（中世纪的）骑士比武大会；阅兵式,She sprang a surprise by winning the tournament.　这次比赛她获得冠军，爆了个大冷门。
3480,consideration,P3,W21–W30,,kənˌsɪdɚˈeɪʃən,n. 考虑，斟酌；考虑因素；体贴，关心；报酬，酬金；（合同协议中的）对价，约因；<旧>重要（性）,This consideration was not unimportant.　这项考虑并非无关紧要。
3481,ds,P4,W31–W40,释义待核实，不进入核心练习,,释义待核实，不计入核心练习,
3482,discounts,P4,W31–W40,释义待核实，不进入核心练习,dɪˈskaʊnts,释义待核实，不计入核心练习,
3483,sterling,P4,W31–W40,释义待核实，不进入核心练习,ˈstɝlɪŋ,释义待核实，不计入核心练习,
3484,sessions,P4,W31–W40,释义待核实，不进入核心练习,ˈsɛʃənz,释义待核实，不计入核心练习,
3485,kernel,P4,W31–W40,,ˈkɝnəl,n. （坚果可食用的）仁，核；玉米粒；（陈述、观点、计划等的）核心，要点；（某物的）极小一部分，微量；（计算机操作系统的）核心程序；（语言学）核心句,Each corn kernel will make a loud pop when cooked.　每颗玉米粒炒熟的时候都会发出很响的爆裂声。
3486,stocks,P4,W31–W40,释义待核实，不进入核心练习,ˈstɑks,释义待核实，不计入核心练习,
3487,buyers,P4,W31–W40,释义待核实，不进入核心练习,ˈbaɪɚz,释义待核实，不计入核心练习,
3488,journals,P4,W31–W40,释义待核实，不进入核心练习,ˈdʒɝnəlz,释义待核实，不计入核心练习,
3489,gray,P4,W31–W40,释义待核实，不进入核心练习,ˈɡreɪ,释义待核实，不计入核心练习,
3490,catalogue,P4,W31–W40,,ˈkætəˌlɔɡ,n. 目录，目录册；一系列，一连串（坏事情）；<美>大学情况一览；v. 列入目录，编入目录；列举，记载,An illustrated catalogue accompanies the exhibition.　展览会有插图目录。
3491,ea,P4,W31–W40,释义待核实，不进入核心练习,,释义待核实，不计入核心练习,
3492,jennifer,P4,W31–W40,释义待核实，不进入核心练习,ˈdʒɛnəfɚ,释义待核实，不计入核心练习,
3493,antonio,P4,W31–W40,释义待核实，不进入核心练习,ænˈtoʊˌnioʊ,释义待核实，不计入核心练习,
3494,charged,P4,W31–W40,释义待核实，不进入核心练习,ˈtʃɑrdʒd,释义待核实，不计入核心练习,
3495,broad,P4,W31–W40,,ˈbrɔd,adj. 宽广的，宽阔的；……宽；咧开嘴的；广泛的，普遍的；大致的，概括的；明确的，明显的；粗俗滑稽的；口音重的；n. <美>对女人的粗俗称呼；宽阔部分；adv. 宽阔地,"He is tall, broad and muscular.　他身高体宽，肌肉发达。"
3496,taiwan,P4,W31–W40,释义待核实，不进入核心练习,ˌtaɪˈwɑn,释义待核实，不计入核心练习,
3497,und,P4,W31–W40,释义待核实，不进入核心练习,ˈʌnd,释义待核实，不计入核心练习,
3498,chosen,P4,W31–W40,释义待核实，不进入核心练习,ˈtʃoʊzən,释义待核实，不计入核心练习,
3499,demo,P4,W31–W40,释义待核实，不进入核心练习,ˈdɛmoʊ,释义待核实，不计入核心练习,
3500,greece,P4,W31–W40,释义待核实，不进入核心练习,ˈɡris,释义待核实，不计入核心练习,
3501,lg,P4,W31–W40,释义待核实，不进入核心练习,,释义待核实，不计入核心练习,
3502,swiss,P4,W31–W40,,ˈswɪs,adj. 瑞士的；瑞士人的；瑞士风格的；n. 瑞士人；n. （美）史威史（人名）,I was eating ham and Swiss cheese on rye.　我当时正在吃夹火腿和瑞士乳酪的黑麦面包。
3503,sarah,P4,W31–W40,释义待核实，不进入核心练习,ˈsɛrə,释义待核实，不计入核心练习,
3504,clark,P4,W31–W40,释义待核实，不进入核心练习,ˈklɑrk,释义待核实，不计入核心练习,
3505,labour,P4,W31–W40,,ˈleɪbɚ,adj. 支持工党的，与工党有关的；n. （英国）工党,Labour is ahead in the poll.　工党的得票数领先。
3506,hate,P4,W31–W40,,ˈheɪt,v. 厌恶，不喜欢；仇恨，憎恨；（表示不愿说某事，或客气地请求）不愿，不想；n. 憎恶，憎恨；<非正式> 所憎恶的人（或事物）；<非正式>所憎恶的人（或事物）；【名】 （Hate）（法）阿特（人名）,I hate unnecessary waste.　我憎恨不必要的浪费。
3507,terminal,P4,W31–W40,,ˈtɝmənəl,n. （火车、公共汽车或船的）终点站；航空终点站，航站楼；电脑终端；（电路的）端子，线接头；<英>晚期病人；（石油，天然气的）集散站；（建筑）界标，端饰，胸像柱；adj. （疾病） 致命的，不治的，晚期的；（病状）已达晚期的；逐步衰亡的，越来越糟的；终端的，末端的；极度的，极其的；学期的，期末的，按期的；（运输）终点（站）的；（动）末端的，远端的；（植）（花朵等）顶生的,The illness is usually terminal.　这种病通常为不治之症。
3508,publishers,P4,W31–W40,释义待核实，不进入核心练习,ˈpʌblɪʃɚz,释义待核实，不计入核心练习,
3509,nights,P4,W31–W40,释义待核实，不进入核心练习,ˈnaɪts,释义待核实，不计入核心练习,
3510,behalf,P4,W31–W40,,bɪˈhæf,n. 代表（on behalf of）；因为，为了……的利益（in/on behalf of）；就……而言，在……一方（on behalf of）,She was nominated to speak on our behalf.　她被指派代表我们发言。
3511,caribbean,P4,W31–W40,释义待核实，不进入核心练习,kɚˈɪbiən,释义待核实，不计入核心练习,
3512,liquid,P4,W31–W40,,ˈlɪkwəd,n. 液体，液态物；流音；adj. 液态的，液化的；（资金等）流动的，易变为现金的；流畅自如的，舒展的；明亮的，清澈的；清脆的，流畅的；（市场）活跃的；液态的，液化的;（资金等）流动的，易变为现金的,The liquid is then diluted.　然后液体就变稀了。
3513,rice,P4,W31–W40,,ˈraɪs,米饭；大米,We have rice for dinner.　我们晚餐吃米饭。
3514,nebraska,P4,W31–W40,释义待核实，不进入核心练习,nəˈbræskə,释义待核实，不计入核心练习,
3515,loop,P4,W31–W40,,ˈlup,n. 环形，环状物；循环胶片，循环磁带；（程序中）一套重复的指令；回线，回路；<英>（铁道或公路的）环线；<美，非正式>大环（指美国芝加哥市的商业中心）；<英>（可改道的）会车线；翻筋斗（一种飞行特技）；（滑冰）单刃转圈；v. 使成环，使绕成圈；成环形运动；播放一卷磁带，放一卷电影胶片，执行计算机指令；【名】 （Loop）（美、丹）劳鄱（人名）,"It's a circle, a loop.　它是一个圆，一个循环。"
3516,salary,P4,W31–W40,,ˈsælɚi,n. 薪金，薪水；v. <古> 给……薪金,His salary is now in six figures.　他的薪水现在是六位数。
3517,reservation,P4,W31–W40,,ˌrɛzɚˈveɪʃən,n. 保留，保护；（房间，座位等的）预订；（美国印第安人的）居留地，保留地；（野生动物）保护区；<法律>（财产转让的）权益保留；圣餐保留（指弥撒完毕后部分圣餐留给病人或作为礼拜之用）；存疑，保留；（罗马天主教高级圣职人员的）赦罪权的保留；（教皇的）任命权保留,We can hold your reservation for three days.　您的预订我们可以保留三天。
3518,foods,P4,W31–W40,释义待核实，不进入核心练习,ˈfudz,释义待核实，不计入核心练习,
3519,gourmet,P4,W31–W40,,ˈɡʊrˌmeɪ,n. 美食家；美食家；adj. （食物）美味的；提供美食的,The couple share a love of gourmet cooking.　这对夫妇都有烹饪美食的爱好。
3520,guard,P4,W31–W40,,ˈɡɑrd,n. 卫兵，警卫；看守，保卫，警戒；列车长；保护装置；（英国的）禁卫军；（篮球）后卫；（拳击运动员的）防御姿势；v. 守卫，保卫；看守，监视；警惕，防范；保护，维护；【名】 （Guard）（英）格尔德（人名）,You can't let your guard down.　你不能掉以轻心。
3521,properly,P4,W31–W40,,ˈprɑpɚli,adv. 正确地，适当地；得体地，恰当地；实际上，严格地说；彻底地，完全地,She couldn't digest food properly.　她无法正常消化食物。
3522,orleans,P4,W31–W40,释义待核实，不进入核心练习,ˈɔrliənz,释义待核实，不计入核心练习,
3523,saving,P4,W31–W40,,ˈseɪvɪŋ,n. （钱、时间或其他资源的）节约，节省；储蓄金，存款；<法律> 保留，例外；存钱；adj. 节约的，节省的；节俭的，省钱的；prep. 除了，除……外,I'm not very good at saving.　我不大攒得住钱。
3524,nfl,P4,W31–W40,释义待核实，不进入核心练习,ˌɛˌnɛˈfɛl,释义待核实，不计入核心练习,
3525,remaining,P4,W31–W40,,rɪˈmeɪnɪŋ,adj. 剩下的，遗留的；尚未使用、解决的；尚未发生的；v. 保持不变；遗留；尚待处理（remain 的现在分词）,There were only ten minutes remaining.　只剩下十分钟了。
3526,empire,P4,W31–W40,,ˈɛmpaɪɚ,n. 帝国；帝王统治，君权；n. 帝国；大企业，大集团；君权，最高统治权；【名】 （Empire）（法）昂皮尔（人名）,He ruled over a great empire.　他统治着一个大帝国。
3527,resume,P4,W31–W40,,rɪˈzum,v. 恢复（职位），回到（座位）；继续说，接着说；概述；（中断后）重新开始，继续；n. 梗概，摘要（résumé或resumé）；<美>简历，履历（résumé或resumé）,They thought that he should resume his kingly duties.　他们认为他应该继续履行君主的职责。
3528,twenty,P4,W31–W40,,ˈtwɛnti,n. 二十；二十年代；num. 二十；adj. 二十的,He was jailed for twenty years.　他被监禁了20年。
3529,newly,P4,W31–W40,,ˈnuli,adv. 最近；重新；以新的方式,I felt exalted and newly alive.　我感到兴高采烈，充满新的活力。
3530,raise,P4,W31–W40,,ˈreɪz,v. 提起，举起；（使）直立，站立；建造，树立（塑像等）；增加，提高；筹募，征集；提出，提起；引起，使出现；饲养，种植；抚养，养育；使自乘……次；比（对手）多下赌注；叫醒；使复活；终止，解除；与……取得联系；（海上人员）驶近能看见（陆地或其他船只）的地方；（免疫）刺激（抗血清、抗体等的）生成；n. <美>加薪；（扑克牌或勃莱格牌用语）赌注加码；（举重）（持杠铃时的）提，举；【名】 （Raise）（意、法、英、美）雷兹（人名）,Don't you raise your voice to me!　别对我高声大气！
3531,prepare,P4,W31–W40,,priˈpɛr,v. 使做好准备，把……预备好；（为……）做好准备；预备（饭菜），做（饭）；配制（药品或化学制品）；乐意做（be prepared to do sth.）；（在和弦中）预备（不和谐音）,I had no time to prepare.　我当时没时间准备。
3532,avatar,P4,W31–W40,释义待核实，不进入核心练习,ˈævəˌtɑr,释义待核实，不计入核心练习,
3533,gary,P4,W31–W40,释义待核实，不进入核心练习,ˈɡɛri,释义待核实，不计入核心练习,
3534,depending,P4,W31–W40,释义待核实，不进入核心练习,dɪˈpɛndɪŋ,释义待核实，不计入核心练习,
3535,illegal,P4,W31–W40,,ˌɪˈliɡəl,adj. 非法的，违法的；违规的；n. 非法移民，非法劳工,The deal may be ruled illegal.　这笔交易可能会被判定为非法。
3536,expansion,P4,W31–W40,,ɪkˈspænʃən,n. 扩大，扩张；扩充，展开；扩张物；膨胀,The company intends a slow-down in expansion.　公司准备放慢扩展速度。
3537,vary,P4,W31–W40,,ˈvɛri,v. （使）不同，（使）呈现差异；（根据情况而）变化，改变；改变，使……变化；变奏；【名】 （Vary）（英、法、罗、柬）瓦里（人名）,Her novels vary in length.　她的小说篇幅长短不一。
3538,hundreds,P4,W31–W40,释义待核实，不进入核心练习,ˈhʌndrədz,释义待核实，不计入核心练习,
3539,rome,P4,W31–W40,释义待核实，不进入核心练习,ˈroʊm,释义待核实，不计入核心练习,
3540,arab,P4,W31–W40,释义待核实，不进入核心练习,ˈærəb,释义待核实，不计入核心练习,
3541,lincoln,P4,W31–W40,释义待核实，不进入核心练习,ˈlɪŋkən,释义待核实，不计入核心练习,
3542,helped,P4,W31–W40,释义待核实，不进入核心练习,ˈhɛlpt,释义待核实，不计入核心练习,
3543,premier,P4,W31–W40,,prɛˈmɪr,adj. 首要的，最好的；最早的，最初的；n. 总理，首相；（加拿大的）省总理，地方总理；（澳大利亚州或地区的）省长,He has paid a visit to Australian Premier.　他拜访了澳大利亚总理。
3544,tomorrow,P4,W31–W40,,təˈmɑˌroʊ,明天,See you tomorrow.　明天见。
3545,purchased,P4,W31–W40,释义待核实，不进入核心练习,ˈpɝtʃəst,释义待核实，不计入核心练习,
3546,milk,P4,W31–W40,,ˈmɪlk,牛奶,Do you want milk in your tea?　你的茶里要加牛奶吗？
3547,decide,P4,W31–W40,,ˌdɪˈsaɪd,v. 影响（或决定）……的结果；断定，判定；使下决心；决定，选定；裁决，判决,It's up to you to decide.　这事由你来决定吧。
3548,consent,P4,W31–W40,,kənˈsɛnt,n. 许可，允许；同意，赞同；正式批准文件，批文；v. 赞同，准许，同意；【名】 （Consent）（美、法、荷）孔桑（人名）,He was under the age of consent.　他那时还不到同意年龄。
3549,drama,P4,W31–W40,,ˈdrɑmə,n. 剧本，戏剧；戏剧研究，戏剧艺术；戏剧性场面，戏剧性事件；激动，刺激；【名】 （Drama）（刚(金)）德拉马（人名）,What you need is a drama coach.　你需要的是一位戏剧指导。
3550,visiting,P4,W31–W40,释义待核实，不进入核心练习,ˈvɪzɪtɪŋ,释义待核实，不计入核心练习,
3551,performing,P4,W31–W40,释义待核实，不进入核心练习,pɚˈfɔrmɪŋ,释义待核实，不计入核心练习,
3552,downtown,P4,W31–W40,,ˌdaʊnˈtaʊn,adj. 市中心的，商业区的；adv. 向（在）市中心，向（在）城镇商业中心区；n. 城镇的中心区，商业区，闹市区,Parking can be tricky downtown.　在市中心停车会很难。
3553,keyboard,P4,W31–W40,,ˈkiˌbɔrd,n. （打字机或计算机的）键盘；（钢琴或风琴的）琴键；键盘乐器；v. 用键盘输入；用键盘操作,Tanya's hands rippled over the keyboard.　坦尼娅的双手在键盘上起伏摆动。
3554,contest,P4,W31–W40,,ˈkɑntɛst,n. 比赛，竞赛；争夺，竞争；争论，争执；v. 争辩，提出异议；争取赢得，角逐,The contest should be very keenly fought.　比赛应该争夺很激烈。
3555,collected,P4,W31–W40,释义待核实，不进入核心练习,kəˈlɛktəd,释义待核实，不计入核心练习,
3556,nw,P4,W31–W40,释义待核实，不进入核心练习,,释义待核实，不计入核心练习,
3557,bands,P4,W31–W40,释义待核实，不进入核心练习,ˈbændz,释义待核实，不计入核心练习,
3558,boot,P4,W31–W40,,ˈbut,n. 靴子；猛踢；（汽车的）行李箱，后备箱；车轮固定夹；解雇；再者，除此之外（to boot）；v. 猛踢；锁住（非法停车的轮子）；启动（电脑）；在车轮上装制动装置；解雇；（使）穿靴；【名】 （Boot）（英、美、荷、加、德、意、俄）布特（人名）,The computer won't boot.　计算机无法启动。
3559,suitable,P4,W31–W40,,ˈsutəbəl,a. 适宜的；恰当的；adj. 适宜的，合适的,The hunt is on for a suitable candidate.　正在物色合适的人选。
3560,ff,P4,W31–W40,释义待核实，不进入核心练习,,释义待核实，不计入核心练习,
3561,absolutely,P4,W31–W40,,ˌæbsəˈlutli,adv. 绝对地，完全地；确实地，极其；（强调同意或允许）当然，对极了；专制地，独裁地,That's absolutely right.　那是完全正确的。
3562,millions,P4,W31–W40,释义待核实，不进入核心练习,ˈmɪljənz,释义待核实，不计入核心练习,
3563,lunch,P4,W31–W40,,ˈlʌntʃ,n. 午餐，午饭；v. <正式>（尤指在餐馆）用午餐；请（人）吃午餐,Who's getting the lunch?　谁在做中午饭？
3564,audit,P4,W31–W40,,ˈɔdɪt,n. 审计，查……的账目；审查，审核；审计报告；v. 审计，查账；<美>旁听,Each year they audit our accounts and certify them as being true and fair.　每年他们都会审核我们的账目，以证明其准确合理。
3565,push,P4,W31–W40,,ˈpʊʃ,vt. 推；推动vi.推 n.推力；促进；n. （Push）（印）普石（人名）,She gave him a gentle push.　她轻轻地推了他一下。
3566,chamber,P4,W31–W40,,ˈtʃeɪmbɚ,n. 房间，室；会议厅，会所；议院；腔，膛；洞穴；<旧>卧室；法官办公室，律师事务所（chambers）；v. 把子弹送入弹膛；把……关在房间里；adj. 室内的；私人的，秘密的,"For many, the dentist's office remains a torture chamber.　对许多人来说，牙科诊室仍是一间行刑室。"
3567,guinea,P4,W31–W40,,ˈɡɪni,n. 几内亚；基尼（英国旧时金币名）,"Come, that finished the guinea-pigs!　好啊，这下豚鼠完蛋了！"
3568,findings,P4,W31–W40,释义待核实，不进入核心练习,ˈfaɪndɪŋz,释义待核实，不计入核心练习,
3569,muscle,P4,W31–W40,,ˈmʌsəl,n. 肌肉；体力，力气；权力，影响力；<非正式>身强力壮的男子（们）；v. 用力搬动；挤；<美，非正式> 以经济（或政治）压力迫使；加强,I've torn a calf muscle.　我拉伤了小腿肌肉。
3570,featuring,P4,W31–W40,释义待核实，不进入核心练习,ˈfitʃɚɪŋ,释义待核实，不计入核心练习,
3571,iso,P4,W31–W40,释义待核实，不进入核心练习,,释义待核实，不计入核心练习,
3572,implement,P4,W31–W40,,ˈɪmpləmənt,v. 执行，贯彻；为……提供工具；n. 工具，器具；<苏格兰>履行；手段,Leadership is about the ability to implement change.　领导才能是一种实行变革的能力。
3573,clicking,P4,W31–W40,释义待核实，不进入核心练习,ˈklɪkɪŋ,释义待核实，不计入核心练习,
3574,scheduled,P4,W31–W40,释义待核实，不进入核心练习,ˈskɛdʒʊld,释义待核实，不计入核心练习,
3575,polls,P4,W31–W40,释义待核实，不进入核心练习,ˈpoʊlz,释义待核实，不计入核心练习,
3576,typical,P4,W31–W40,,ˈtɪpəkəl,adj. 典型的，有代表性的；一贯的，平常的；不出所料，特有的；象征性的,This is your typical English pub.　这就是典型的英格兰酒吧。
3577,tower,P4,W31–W40,,ˈtaʊɚ,n. 塔，塔楼；（发送信号等的）塔台；塔状堆积物；高柜，高架子；高层建筑，办公大楼；立式机箱；伦敦塔（the Tower）；v. （比周围的人或物）高出许多，屹立；胜过，超过（其他人或机构）；（尤指猎鹰为捕抓猎物俯冲前）高飞，翱翔；【名】 （Tower）（英）托尔（人名）,The tower stands 30 metres high.　塔高30米。
3578,yours,P4,W31–W40,,ˈjʊrz,您真挚的〔用于信函的结尾〕；n. （Yours）（印、俄、美）尤尔（人名）,The final decision is yours.　最终的决定权属于你。
3579,sum,P4,W31–W40,,ˈsʌm,n. 金额，款项；算术，简单计算；总数，总和；全部，一切（尤指数量不大）；<英>计算失误；<英>计算费用；v. 概括，总结；求……的和，计算……的总数；【名】 （Sum）（英）萨姆，（柬）孙，（俄、德、捷）苏姆，（越）森（人名）,The sum was paid ex gratia.　这是所付的一笔特惠款。
3580,misc,P4,W31–W40,释义待核实，不进入核心练习,,释义待核实，不计入核心练习,
3581,calculator,P4,W31–W40,,ˈkælkjəˌleɪtɚ,n. 计算器,Can I borrow your calculator?　我可以借用你的计算器吗？
3582,significantly,P4,W31–W40,,sɪɡˈnɪfɪkəntli,adv. 显著地，相当数量地；值得注意的是（用于表示某事非常重要）；意味深长地，别有含意地,She paused significantly before she answered.　她在回答之前意味深长地停顿了一下。
3583,chicken,P4,W31–W40,,ˈtʃɪkən,n. 鸡；鸡肉；<非正式>胆小鬼，懦夫；（儿童玩的）比试胆量的游戏；adj. 没勇气的，胆小的；v. <非正式>因害怕而放弃，胆怯（chicken out）,The priest sacrificed a chicken.　牧师献祭了一只鸡。
3584,temporary,P4,W31–W40,,ˈtɛmpɚˌɛri,adj. 暂时的，临时的；短期的，短暂的；n. 临时雇员，临时工,His job here is only temporary.　他在这儿的工作只是暂时的。
3585,attend,P4,W31–W40,,əˈtɛnd,v. 随同，陪同；经常去，定期去(学校、教堂等)；伴随……而至，（作为结果）伴随；出席，参加；注意，专心；处理，照料；致力于,Which school do they attend?　他们上的是哪一所学校？
3586,shower,P4,W31–W40,,ˈʃaʊɚ,n. 淋浴器，花洒；淋浴间，淋浴室；淋浴，洗澡；阵雨，阵雪；（落下的东西）一大批，一阵； 流星雨；<美>（为即将结婚或分娩的女子举行的）送礼聚会；<英，非正式> 一群乌合之众，一群笨蛋；v. 淋浴，洗澡；洒落，（使）纷纷降落；朝......阵雨般地扔（大量小东西）（shower sb. with）；大量给予，慷慨给予,She usually sings in the shower.　她常常边冲澡边唱歌。
3587,alan,P4,W31–W40,释义待核实，不进入核心练习,ˈælən,释义待核实，不计入核心练习,
3588,sending,P4,W31–W40,释义待核实，不进入核心练习,ˈsɛndɪŋ,释义待核实，不计入核心练习,
3589,jason,P4,W31–W40,释义待核实，不进入核心练习,ˈdʒeɪsən,释义待核实，不计入核心练习,
3590,tonight,P4,W31–W40,,təˈnaɪt,adv. 在今晚，今夜；n. 今晚，今夜,I'll call you tonight.　我今晚将会打电话给你。
3591,dear,P4,W31–W40,,ˈdɪr,亲爱的；adj. 珍视的；(用于信函抬头名字或头衔前)亲爱的；昂贵的；n. （称呼所爱的人）亲爱的,"My dear girl, you're wrong.　我亲爱的姑娘，你错了。"
3592,sufficient,P4,W31–W40,,səˈfɪʃənt,adj. 足够的，充足的；（理由、条件）充足的，充分的,Is it available in sufficient quantity?　这东西能不能足量供应？
3593,holdem,P4,W31–W40,释义待核实，不进入核心练习,,释义待核实，不计入核心练习,
3594,shell,P4,W31–W40,,ˈʃɛl,n. （蛋、坚果、某些种子和某些动物的）壳；（甲虫的）鞘翅；（尤指建筑物等遭破坏后剩下的）框架，骨架；壳状物；（人的）表面性格，表面感情；空躯壳；（物理）壳层；炮弹；<美>子弹，弹药筒；轻型赛艇；内棺，粗制棺材；（剑的）护手；（计算机）SHELL PROGRAM 的简称；v. 剥……壳；炮轰；（从对方投手）大量得分,A snail's shell is spiral in form.　蜗牛壳呈螺旋形。
3595,province,P4,W31–W40,,ˈprɑvəns,n. （知识、兴趣、责任的）范围，领域；省；（由大主教负责管辖的）教省；外省，外地（the provinces）；<英> 北爱尔兰（the Province）；（古罗马总督统治的意大利境外的）行省,Guerrilla groups are active in the province.　游击队组织在该省活动。
3596,catholic,P4,W31–W40,,ˈkæθlɪk,adj. 普遍的，包容的；adj. 广泛的，包罗万象的；天主教的（Catholic）；n. 天主教教徒,Are they Catholic or Protestant?　他们是天主教徒还是新教徒？
3597,oak,P4,W31–W40,,ˈoʊk,n. 橡树，栎树；橡木，栎木；（栎木桶里陈年老酒的）烟香气；栎棕色；栎木家具，栎木制品；adj. 栎树的；栎木制的；【名】 （Oak）（英）奥克（人名）,An old oak tree once stood here.　以前这儿长着一棵老橡树。
3598,vat,P4,W31–W40,释义待核实，不进入核心练习,ˈvæt,释义待核实，不计入核心练习,
3599,awareness,P4,W31–W40,,əˈwɛrnəs,n. 认识，意识；感悟能力,The 1980s brought an awareness of green issues.　20世纪80年代有了环保意识。
3600,vancouver,P4,W31–W40,释义待核实，不进入核心练习,vænˈkuvɚ,释义待核实，不计入核心练习,
3601,governor,P4,W31–W40,,ˈɡʌvɚnɚ,n. 州长，省长，总督；理事，董事；<英>主管，机构负责人；<英，非正式>老板；调速器，调节器,He was governor of Iowa in the late 1970s.　他是20世纪70年代末爱荷华州的州长。
3602,beer,P4,W31–W40,,ˈbɪr,n. 啤酒；一杯（或一瓶，一罐）啤酒；根汁啤酒；【名】 （Beer）（法、德、俄、罗、捷、瑞典）贝尔，（英、西、南非）比尔（人名）,I brew my own beer.　我酿造自己的啤酒。
3603,seemed,P4,W31–W40,释义待核实，不进入核心练习,ˈsimd,释义待核实，不计入核心练习,
3604,contribution,P4,W31–W40,,ˌkɑntrəbˈjuʃən,n. 贡献，促成作用；捐款，捐助；（保险金、养老金等的）定期缴款；稿件，投稿,His contribution could be key.　他的贡献可能是最重要的。
3605,measurement,P4,W31–W40,,ˈmɛʒɚmənt,n. （通常以数字形式呈现的）测量结果；三围，（身材）尺寸；测量，计量；测量单位，度量制,Here is a rough-and-ready measurement.　这是一次马马虎虎的测量。
3606,swimming,P4,W31–W40,,ˈswɪmɪŋ,n. 游泳；目眩；adj. 游泳的；游泳用的；善于游泳的；晕眩的；v. 游泳；漂浮；旋转（swim 的 ing 形式）,She's never liked swimming.　她从不喜欢游泳。
3607,spyware,P4,W31–W40,释义待核实，不进入核心练习,ˈspaɪˌwɛr,释义待核实，不计入核心练习,
3608,formula,P4,W31–W40,,ˈfɔrmjələ,n. 计划，方案；配方，处方；公式，方程式；分子式，结构式；配方奶，代乳品；（特定场合的）惯用词语，套话；（影片、书籍等的）套路,The formula is jealously guarded.　对该配方戒备森严。
3609,constitution,P4,W31–W40,,ˌkɑnstəˈtuʃən,n. 宪法，章程；体质，体格；组成，结构,This system is enshrined in our Constitution.　我们的宪法使该制度神圣而不可侵犯。
3610,packaging,P4,W31–W40,,ˈpækɪdʒɪŋ,n. 包装材料，外包装；包装工作；包装，美化；v. 把……打包，把……装箱（以便出售）；包装（产品或想法等）；配套销售（商品）（package 的现在分词）,Attractive packaging can help to sell products.　精美的包装有助于产品的销售。
3611,solar,P4,W31–W40,,ˈsoʊlɚ,adj. 太阳的，和太阳有关的；（与）太阳能（有关）的；n. <英>（中世纪房屋的）屋顶室，顶层房间；【名】 （Solar）（法、英、意、西、塞、捷）索拉尔（人名）,Solar panels trap energy from the sun.　太阳能电池板吸收太阳能。
3612,jose,P4,W31–W40,释义待核实，不进入核心练习,ˌhoʊˈzeɪ,释义待核实，不计入核心练习,
3613,catch,P4,W31–W40,,ˈkætʃ,v. 接住；抓住，握住；逮住，捕获；发现，撞见；钩住，绊住；击中，碰到；得病，染病；引起，吸引（注意或兴趣）；（对某事）感到兴奋；搭乘，赶上；及时做（或谈等）；出席，观看；表现，再现；使措手不及；察觉，瞥见；听清，理解；突然意识到；盛住（液体）；（板球）使被接杀出局；（棒球中）当接球手；受（光）照射；（风或水）裹挟，推动；着火，燃烧；遭遇，陷入（困境）；固定，系牢；被（悬浮物）覆盖；n. 接（球等）；（鱼的）捕获量，捕获物；<旧>理想的对象；门闩，吊扣；（声息）哽塞；隐患，隐藏的困难；（乐）轮唱片段；传接球游戏；捉人游戏,Where did you catch the fish?　你在哪儿捕到了这条鱼？
3614,jane,P4,W31–W40,释义待核实，不进入核心练习,ˈdʒeɪn,释义待核实，不计入核心练习,
3615,pakistan,P4,W31–W40,释义待核实，不进入核心练习,ˈpækɪˌstæn,释义待核实，不计入核心练习,
3616,ps,P4,W31–W40,释义待核实，不进入核心练习,,释义待核实，不计入核心练习,
3617,reliable,P4,W31–W40,,rɪˈlaɪəbəl,adj. 可靠的，可信赖的；真实可信的，确凿的；（汽车、设备、系统等）耐用的，性能稳定的；n. 可靠的人（或物）,She was efficient and reliable.　她既能干又可靠。
3618,consultation,P4,W31–W40,,ˌkɑnsəlˈteɪʃən,n. 商讨，磋商，磋商会议；咨询，就诊；查找，查阅,David gives the first consultation gratis.　戴维免费提供第一次咨询。
3619,northwest,P4,W31–W40,,ˌnɔrθˈwɛst,n. 西北方；西北部；adj. （风）来自西北的；在西北部的；adv. 在西北，向西北，来自西北地,The northwest became the country's breadbasket.　西北地区成为了该国的粮仓。
3620,sir,P4,W31–W40,,ˈsɝ,n. 先生，长官（尤指对上级的尊称）；老师（学生对男教师的称呼）；先生，阁下（正式或商业信函开头的称呼）（Dear Sir）；爵士（用于爵士或准男爵名字之前）（Sir）；<美，非正式>决不，的确（no/yes sir）（同 siree）；【名】 （苏丹、德）西尔（人名）,"Are you ready to order, sir?　先生，可以点菜了吗？"
3621,doubt,P4,W31–W40,,ˈdaʊt,v. 怀疑，不确定；不信任；n. 怀疑，不确定,There was little doubt in my mind.　我心里几乎没有疑问。
3622,earn,P4,W31–W40,,ˈɝn,v. 赚得，挣钱；盈（利），生（利）；赢得，博得；【名】 （Earn）（泰）炎（人名）,He doesn't earn as much as me.　他挣的钱比我少。
3623,finder,P4,W31–W40,释义待核实，不进入核心练习,ˈfaɪndɚ,释义待核实，不计入核心练习,
3624,unable,P4,W31–W40,,əˈneɪbəl,adj. 不能胜任的，不会的,She is unable to conceive.　她不能怀孕。
3625,periods,P4,W31–W40,释义待核实，不进入核心练习,ˈpɪriədz,释义待核实，不计入核心练习,
3626,classroom,P4,W31–W40,,ˈklæsˌrum,n. 教室,She'd sent him outside the classroom.　她叫他到教室外面去。
3627,tasks,P4,W31–W40,释义待核实，不进入核心练习,ˈtæsks,释义待核实，不计入核心练习,
3628,democracy,P4,W31–W40,,dɪˈmɑkrəsi,n. 民主政体；民主国家；民主，民主精神,
3629,attacks,P4,W31–W40,释义待核实，不进入核心练习,əˈtæks,释义待核实，不计入核心练习,
3630,kim,P4,W31–W40,释义待核实，不进入核心练习,ˈkɪm,释义待核实，不计入核心练习,
3631,wallpaper,P4,W31–W40,释义待核实，不进入核心练习,ˈwɔlˌpeɪpɚ,释义待核实，不计入核心练习,
3632,merchandise,P4,W31–W40,,ˈmɝtʃənˌdaɪz,n. 商品，货品；相关商品，指定商品；v. （用广告等方式）推销（商品或服务）；推介，宣传（思想，人）；<古>从商,Retailers can return defective merchandise.　零售商可以退回有瑕疵的商品。
3633,const,P4,W31–W40,释义待核实，不进入核心练习,,释义待核实，不计入核心练习,
3634,resistance,P4,W31–W40,,rɪˈzɪstəns,n. 反对，抵制；抵抗，反抗；抵抗力，免疫力；阻力；电阻；（敌占区的）秘密抵抗组织,The defenders put up a strong resistance.　保卫者进行了顽强的抵抗。
3635,doors,P4,W31–W40,释义待核实，不进入核心练习,ˈdɔrz,释义待核实，不计入核心练习,
3636,symptoms,P4,W31–W40,释义待核实，不进入核心练习,ˈsɪmptəmz,释义待核实，不计入核心练习,
3637,resorts,P4,W31–W40,释义待核实，不进入核心练习,rɪˈzɔrts,释义待核实，不计入核心练习,
3638,biggest,P4,W31–W40,释义待核实，不进入核心练习,ˈbɪɡəst,释义待核实，不计入核心练习,
3639,memorial,P4,W31–W40,,məˈmɔriəl,adj. 纪念的，追悼的；记忆的；n. 纪念碑，纪念馆；纪念品，纪念物；纪念仪式；请愿书；记录，年代记,The town raised a memorial to those killed in the war.　这座小镇为战争中牺牲的人树立了一座纪念碑。
3640,visitor,P4,W31–W40,,ˈvɪzɪtɚ,n. 访问者，参观者；（网站的）浏览者；客队队员（visitors）；候鸟；<英>（大学或其他学术机构的）督察员,I wasn't expecting a visitor.　我没有预期会有访客。
3641,twin,P4,W31–W40,,ˈtwɪn,n. 双胞胎之一，孪生儿之一；两个极相似的事物之一，两个非常相像的人中的一个；（有一对单人床的）双人间；双引擎飞机；孪晶体；双子星座（the Twins）；adj. 双胞胎的，孪生的；成对的，成双的；双重的，相关联的，同时出现的；<英>（镇或市）友好的，姐妹的；（植物）双生的；（卧室）有两张单人床的；（晶体）孪晶的；v. 使结成姐妹城市，使结成友好城市；使（两人或两事物）紧密结合，使相连；生双胞胎,I can't tell one twin from the other.　我分不出双胞胎中谁是谁。
3642,forth,P4,W31–W40,,ˈfɔrθ,adv. 向前，向外；自…以后；ForthForth语言；adv. 离去，外出；（带）来，（拿）出；自……以后，向前；产生，得出,She brought forth a son.　她生了个儿子。
3643,insert,P4,W31–W40,,ˌɪnˈsɝt,v. 插入，嵌入；（在文章中）添加，加插；使参与（活动）；（肌肉或其他器官）附着于（尤指移动部分）；n. 插入物；（尤指）插页，附加页；（电影等的）插入镜头,"For every resource, insert one row into this table.　对于每个资源，在这个表中插入一行。"
3644,baltimore,P4,W31–W40,释义待核实，不进入核心练习,ˈbɔltəˌmɔr,释义待核实，不计入核心练习,
3645,gateway,P4,W31–W40,释义待核实，不进入核心练习,ˈɡeɪˌtweɪ,释义待核实，不计入核心练习,
3646,ky,P4,W31–W40,释义待核实，不进入核心练习,,释义待核实，不计入核心练习,
3647,dont,P4,W31–W40,释义待核实，不进入核心练习,,释义待核实，不计入核心练习,
3648,alumni,P4,W31–W40,,əˈlʌmˌnaɪ,n. 校友，毕业生（alumnus 的复数）；n. 校友，毕业生（alumnus 的复数）,Five Year Alumni Reunion is coming.　五年校友聚会就要到了。
3649,drawing,P4,W31–W40,,ˈdrɔɪŋ,n. 图画，素描画；绘画（艺术），制图技巧；抽签，抽奖；图画，素描画；v. 画；拉；吸引（draw 的现在分词）,She did a drawing of me.　她为我画了张素描。
3650,candidates,P4,W31–W40,释义待核实，不进入核心练习,ˈkændədeɪts,释义待核实，不计入核心练习,
3651,charlotte,P4,W31–W40,释义待核实，不进入核心练习,ˈʃɑrlət,释义待核实，不计入核心练习,
3652,ordered,P4,W31–W40,释义待核实，不进入核心练习,ˈɔrdɚd,释义待核实，不计入核心练习,
3653,biological,P4,W31–W40,,ˌbaɪəˈlɑdʒɪkəl,adj. 生物的，生物学的，生命的；亲生的；含酶的；生化武器的,Many biological processes are controlled by hormones.　许多生物变化过程都是由激素控制的。
3654,fighting,P4,W31–W40,,ˈfaɪtɪŋ,n. 战斗，打斗；adj. 作战用的；好战的，好斗的；适于打斗的；表现出斗志的；v. 与……作斗争，坚决反对；努力争取，为……而斗争；打仗，作战（fight 的现在分词形式）,Fighting has been ferocious.　战斗一直很激烈。
3655,transition,P4,W31–W40,,trænˈzɪʃən,n. 过渡，转变；（分子生物）转换；（乐）临时转调；（物理）跃迁，转变；v. 转变，过渡,The transition from school to work can be difficult.　从在学校念书到上班工作，这一转变有时候可真不容易。
3656,happens,P4,W31–W40,释义待核实，不进入核心练习,ˈhæpənz,释义待核实，不计入核心练习,
3657,preferences,P4,W31–W40,释义待核实，不进入核心练习,ˈprɛfɚənsɪz,释义待核实，不计入核心练习,
3658,spy,P4,W31–W40,,ˈspaɪ,n. 间谍，密探；暗中监视者；v. 从事间谍活动；突然看见，认出；秘密监视；探明，查明；adj. （卫星、飞机）执行间谍任务的,He was denounced as a foreign spy.　有人告发他是外国间谍。
3659,romance,P4,W31–W40,,roʊˈmæns,n. （通常指短暂的）浪漫史，爱情关系，风流韵事；爱情，恋爱；传奇色彩，浪漫情调；（对某物的）迷恋，钟情；爱情故事；传奇故事；浪漫曲；v. 向……求爱，追求（某人）；夸张，渲染；讨好，奉承；adj. （语言）罗曼语的,This is a slow-burn romance.　这是一场发展缓慢的恋情。
3660,instrument,P4,W31–W40,,ˈɪnstrəmənt,n. 器械；乐器；仪器；促成某事的人（或事物），手段；受利用（或控制）的人，工具；文据，正式法律文件；v. 给……装备测量仪器,Is he learning an instrument?　他在学习演奏乐器吗？
3661,bruce,P4,W31–W40,释义待核实，不进入核心练习,ˈbrus,释义待核实，不计入核心练习,
3662,split,P4,W31–W40,,ˈsplɪt,v. （使）分裂，（使）产生分歧；（使）分开，分成（不同部分）；（使）撕裂；分担，分享；划破，割破；结束关系，分手；<非正式>迅速离开；使（原子）产生核裂变；<英，非正式>告发，揭发；<非正式>（头）剧痛；n. 裂口，裂缝；分离，分裂，分歧；分配，份额；区分，不同；劈叉；分开（或切开）的东西；<美>错层式房屋；分段耗时；<美>平局，连续打成平局的比赛；adj. 分裂的,Let's split this fifty-fifty.　咱们把这平分了吧。
3663,themes,P4,W31–W40,释义待核实，不进入核心练习,ˈθimz,释义待核实，不计入核心练习,
3664,powers,P4,W31–W40,释义待核实，不进入核心练习,ˈpaʊɚz,释义待核实，不计入核心练习,
3665,heaven,P4,W31–W40,,ˈhɛvən,n. 天堂，天国；<非正式>极乐之地，极乐；<文>天空；神，诸神；与上帝同享永福；int. （表示惊讶或强调）天哪,His rule was ordained by heaven.　他的统治是天命的。
3666,br,P4,W31–W40,释义待核实，不进入核心练习,,释义待核实，不计入核心练习,
3667,bits,P4,W31–W40,释义待核实，不进入核心练习,ˈbɪts,释义待核实，不计入核心练习,
3668,pregnant,P4,W31–W40,,ˈprɛɡnənt,adj. 怀孕的，妊娠的；意味深长的，意义重大的,She's six months pregnant.　她怀孕六个月了。
3669,twice,P4,W31–W40,,ˈtwaɪs,adv. 两次；两倍，强（或好、难）的多,I visited once or twice.　我参观过一两次。
3670,classification,P4,W31–W40,,ˌklæsəfəˈkeɪʃən,n. 分类，分级；类别，级别；（动植物等的）分类学，分类法；（图书馆的书、磁带、杂志等的）分类系统，编目,The classification based on DNA seems to be much more reliable.　基于 DNA 的分类似乎更可靠。
3671,focused,P4,W31–W40,释义待核实，不进入核心练习,ˈfoʊkəst,释义待核实，不计入核心练习,
3672,egypt,P4,W31–W40,释义待核实，不进入核心练习,ˈidʒəpt,释义待核实，不计入核心练习,
3673,physician,P4,W31–W40,,fəˈzɪʃən,n. 医生，（尤指）内科医生；抚慰者,The physician may prescribe but not administer the drug.　内科医师可以开处方但不可发药。
3674,hollywood,P4,W31–W40,释义待核实，不进入核心练习,ˈhɑliˌwʊd,释义待核实，不计入核心练习,
3675,bargain,P4,W31–W40,,ˈbɑrɡən,n. 便宜货，减价品；协议，交易；v. 讨价还价，谈判,She has an eye for a bargain.　她善识便宜货。
3676,wikipedia,P4,W31–W40,释义待核实，不进入核心练习,ˈwɪkiˌpiˌdiə,释义待核实，不计入核心练习,
3677,cellular,P4,W31–W40,,ˈsɛljəlɚ,adj. 由细胞组成的，细胞的；（电话系统）蜂窝状的，蜂窝式的；（毛毯、背心等织物）织成网眼的；由小单位元（部分）组成的，分格式的；n. 移动电话,Many toxic effects can be studied at the cellular level.　许多毒性作用在细胞阶段就可加以研究。
3678,norway,P4,W31–W40,释义待核实，不进入核心练习,ˈnɔrˌweɪ,释义待核实，不计入核心练习,
3679,vermont,P4,W31–W40,释义待核实，不进入核心练习,vɚˈmɑnt,释义待核实，不计入核心练习,
3680,asking,P4,W31–W40,释义待核实，不进入核心练习,ˈæskɪŋ,释义待核实，不计入核心练习,
3681,blocks,P4,W31–W40,释义待核实，不进入核心练习,ˈblɑks,释义待核实，不计入核心练习,
3682,normally,P4,W31–W40,,ˈnɔrməli,adv. 通常，平常；正常地；正交地,Her heart is beating normally.　她心跳正常。
3683,lo,P4,W31–W40,释义待核实，不进入核心练习,ˈloʊ,释义待核实，不计入核心练习,
3684,spiritual,P4,W31–W40,,ˈspɪrɪˌtʃuəl,adj. 精神的，心灵的；宗教的；（人）高尚的，不为物欲所动的；n. （原为美国黑人所唱的）圣歌，灵歌,He is the spiritual leader of the world's Catholics.　他是世界天主教的宗教领袖。
3685,hunting,P4,W31–W40,,ˈhʌntɪŋ,n. 打猎，狩猎；搜寻，寻找；摆动，不规则振荡；adj. 打猎的；v. 打猎，猎取；搜寻，搜索；追踪，追捕（hunt 的现在分词形式）,Police are hunting his killer.　警方正在追捕杀害他的凶手。
3686,diabetes,P4,W31–W40,,ˌdaɪəˈbitiz,n. 糖尿病，多尿症,He suffered from diabetes and gastric ulcers.　他患有糖尿病和胃溃疡。
3687,suit,P4,W31–W40,,ˈsut,n. 套装，西装；（从事特定活动时穿的）成套服装；诉讼；同花色的一组纸牌；<非正式>（企业或机构中的）高级管理人员；一套蓬帆；追求（常指求婚）；<文>（向当权者提出的）请愿，请求；v. （服装、风格、颜色）使显得漂亮，与……相配；对（某人）方便，满足（某人）需要，合（某人）心意；适合，适宜；随自己的意愿，随性子；<美>（尤指为特定的活动）穿衣,I was wearing my tweed suit.　我那时穿着我的花呢套装。
3688,ml,P4,W31–W40,释义待核实，不进入核心练习,,释义待核实，不计入核心练习,
3689,shift,P4,W31–W40,,ˈʃɪft,v. （使）移动，（使）转移；（使）转换到（另一个人或另一事物）；（使）改变意见（或信仰等）；<英，非正式>赶快；<美>换（挡）；（计算机）移位；按（计算机键盘上的）Shift 键；<英，非正式>摆脱，消除；<英，非正式>（尤指大量）销售，出售；<英，非正式>狼吞虎咽地吃；<古>含糊其辞，拐弯抹角；n. 改变，转变；轮班工作时间；轮班工作的人；（计算机键盘上的）Shift 键；（计算机）移位；<美>（机动车的）换挡装置；宽松直筒连衣裙（=shift dress）；<史>长而宽松的内衣；（建筑）错位；（美橄）（开赛前）球员位置的变换；（天文）（光谱线的）偏移；语音演变（sound shift 的简称）；<古>计谋，诡计,Could you help me shift some furniture?　你能帮我挪几件家具吗？
3690,chip,P4,W31–W40,,ˈtʃɪp,n. 炸薯条，炸薯片；芯片；碎块，碎屑；缺口，豁口；筹码；撮球，切球；木条；v. 打破，弄缺；（尤指用工具）削下，凿下；切成细条；撮球，挑球,The cup had a small chip.　这个杯子有个小缺口。
3691,res,P4,W31–W40,释义待核实，不进入核心练习,ˈreɪz,释义待核实，不计入核心练习,
3692,sit,P4,W31–W40,,ˈsɪt,v. 坐下，就座；能容纳，可坐（……人）；为……做模特；<美>（比赛）不用（某选手）；（狗等动物）蹲坐；处在，坐落在； 担任职务，当委员；开会，开庭；<英>参加（考试）；照看小孩；n. 坐的一段时间；<古>（衣服的）合身；【名】 （Sit）（美、加）西特（人名）,'Sit still!' she thundered.　“坐着别动！”她怒喝道。
3693,bodies,P4,W31–W40,释义待核实，不进入核心练习,ˈbɑdiz,释义待核实，不计入核心练习,
3694,photographs,P4,W31–W40,释义待核实，不进入核心练习,ˈfoʊtəˌɡræfs,释义待核实，不计入核心练习,
3695,cutting,P4,W31–W40,,ˈkʌtɪŋ,n. 剪报；插枝，插条；狭窄通道，路堑；切割，切断；割下的东西；adj. 尖酸刻薄的；严寒的，刺骨的；锋利的；v. 切割；凿成；剪短；把……切碎；划破（cut 的现在分词）,He's always cutting class.　他总是旷课。
3696,wow,P4,W31–W40,释义待核实，不进入核心练习,ˈwaʊ,释义待核实，不计入核心练习,
3697,simon,P4,W31–W40,释义待核实，不进入核心练习,ˈsaɪmən,释义待核实，不计入核心练习,
3698,writers,P4,W31–W40,释义待核实，不进入核心练习,ˈraɪtɚz,释义待核实，不计入核心练习,
3699,marks,P4,W31–W40,释义待核实，不进入核心练习,ˈmɑrks,释义待核实，不计入核心练习,
3700,flexible,P4,W31–W40,,ˈflɛksəbəl,adj. 灵活的；柔韧的，易弯曲的,The talks can succeed if both sides are flexible and serious.　如果双方都灵活并且认真，这些会谈就能成功。
3701,loved,P4,W31–W40,释义待核实，不进入核心练习,ˈlʌvd,释义待核实，不计入核心练习,
3702,favourites,P4,W31–W40,释义待核实，不进入核心练习,,释义待核实，不计入核心练习,
3703,mapping,P4,W31–W40,释义待核实，不进入核心练习,ˈmæpɪŋ,释义待核实，不计入核心练习,
3704,numerous,P4,W31–W40,,ˈnumɚəs,adj. 众多的，许多的,Numerous marriages now end in divorce.　现在许多婚姻都以离婚而告终。
3705,relatively,P4,W31–W40,,ˈrɛlətɪvli,adv. 相当地，相对地,The job is relatively poorly paid.　相对而言，这工作报酬很低。
3706,birds,P4,W31–W40,释义待核实，不进入核心练习,ˈbɝdz,释义待核实，不计入核心练习,
3707,satisfaction,P4,W31–W40,,ˌsætəsˈfækʃən,n. 满意，称心；（对需求或欲望的）满足；（抗议、投诉等的）妥善处理；乐事，快事；<法律>（债务等的）清偿，（义务等的）履行；赔偿，补偿；<史>通过决斗维护荣誉的机会；（基督教神学）基督替世人赎罪,He was purring with satisfaction.　他满足地轻声低语。
3708,represents,P4,W31–W40,释义待核实，不进入核心练习,ˌrɛprɪˈzɛnts,释义待核实，不计入核心练习,
3709,char,P4,W31–W40,,ˈtʃɑr,v. （使）烧焦，烧黑；打杂，当清洁工；n. 烧焦物；清洁女工；（非正式）茶；红点鲑；（Char）（美）查尔（人名）,I'd like the char broiled steak.　我要炭火烤的牛排。
3710,indexed,P4,W31–W40,释义待核实，不进入核心练习,ˈɪndɛkst,释义待核实，不计入核心练习,
3711,pittsburgh,P4,W31–W40,释义待核实，不进入核心练习,ˈpɪtsbɚɡ,释义待核实，不计入核心练习,
3712,superior,P4,W31–W40,,suˈpɪriɚ,adj. （规模或实力）更大的，更强的，(在品质上)更好的；（尤用于广告中指产品或服务）高质量的，优质的；上级的，（在级别、重要性或职位上）更高的；有优越感的，高傲的，傲慢的；在其他器官之上的；（字母，数字，符号）上标的；（花的子房）上位的，（子房）在萼上的；n. 上级，上司；<正式>优胜者，高手；修道院院长（或其他宗教机构的负责人）；（印刷）上标字母（或数字、符号）,Finch gave a superior smile.　芬奇富有优越感地一笑。
3713,preferred,P4,W31–W40,释义待核实，不进入核心练习,prəˈfɝd,释义待核实，不计入核心练习,
3714,saved,P4,W31–W40,释义待核实，不进入核心练习,ˈseɪvd,释义待核实，不计入核心练习,
3715,paying,P4,W31–W40,释义待核实，不进入核心练习,ˈpeɪɪŋ,释义待核实，不计入核心练习,
3716,cartoon,P4,W31–W40,,kɑrˈtun,n. 漫画，讽刺画；动画片，卡通片；草图，底图；v. 给……画漫画；画漫画,They visited the Cartoon Museum.　他们参观了卡通博物馆。
3717,shots,P4,W31–W40,释义待核实，不进入核心练习,ˈʃɑts,释义待核实，不计入核心练习,
3718,intellectual,P4,W31–W40,,ˌɪntəˈlɛktʃuəl,adj. 智力的，理智的；才智超群的；需智力的；思想的，思维的；n. 知识分子,"He was an intellectual, scholarly man.　他是一个聪明博学的人。"
3719,moore,P4,W31–W40,释义待核实，不进入核心练习,ˈmʊr,释义待核实，不计入核心练习,
3720,granted,P4,W31–W40,释义待核实，不进入核心练习,ˈɡræntəd,释义待核实，不计入核心练习,
3721,choices,P4,W31–W40,释义待核实，不进入核心练习,ˈtʃɔɪsəz,释义待核实，不计入核心练习,
3722,carbon,P4,W31–W40,,ˈkɑrbən,n. 碳；复写纸；炭精棒；碳纤维；adj. 碳的，碳处理的；【名】 （Carbon）（英）卡本，（西）卡尔翁，（法）卡尔邦（人名）,Carbon has a valency of 4.　碳的化合价是4价。
3723,spending,P4,W31–W40,释义待核实，不进入核心练习,ˈspɛndɪŋ,释义待核实，不计入核心练习,
3724,comfortable,P4,W31–W40,,ˈkʌmfɚtəbəl,adj. 令人舒适的；感到舒服的，安逸的；自信的，自在的；富裕的，宽裕的；满意的；易取胜的，轻松领先的；（病、伤后）疼痛减缓的，状况良好的；足够的；n. <美>温暖的盖被,You'll be quite comfortable here.　你在这里会很舒服的。
3725,magnetic,P4,W31–W40,,mæɡˈnɛtɪk,adj. 磁的，磁性的；磁化的；有吸引力的，有魅力的；（航向）根据磁北测定的,The mineral is weakly magnetic.　这种矿石有轻微的磁性。
3726,interaction,P4,W31–W40,,ˌɪntɚˈækʃən,n. 互动，交流；相互影响，相互作用,They scored higher on social interaction.　他们在社交互动方面得分更高。
3727,listening,P4,W31–W40,释义待核实，不进入核心练习,ˈlɪsənɪŋ,释义待核实，不计入核心练习,
3728,effectively,P4,W31–W40,,ɪˈfɛktɪvli,adv. 有效地；实际上,The region was effectively independent.　该地区实际上是独立的。
3729,registry,P4,W31–W40,释义待核实，不进入核心练习,ˈrɛdʒɪstri,释义待核实，不计入核心练习,
3730,crisis,P4,W31–W40,,ˈkraɪsəs,adj. 用于处理危机的；n. 危机，紧要关头；决定性时刻，关键时刻；（病情的）转折点，危象,There was a crisis looming.　危机迫在眉睫。
3731,outlook,P4,W31–W40,,ˈaʊtˌlʊk,n. 展望；态度，观点；景色；vt. 比……好看；用目光压倒；vi. 朝外看,The outlook is pretty grim.　前景令人甚感忧虑。
3732,massive,P4,W31–W40,,ˈmæsɪv,adj. 大而重的，结实的；非常严重的；大量的，大规模的；<非正式>特别成功的，非常有影响的；（岩石或地层）均匀构造的，大块的；（矿物）外观非晶质的；<英，非正式>极好的，非常妙的；n. <英，非正式>（某一地区的年轻人群体）嬉蹦音乐迷（或丛林爵士音乐迷）,We ran up a massive hotel bill.　我们累积了大笔的旅馆费。
3733,denmark,P4,W31–W40,释义待核实，不进入核心练习,ˈdɛnˌmɑrk,释义待核实，不计入核心练习,
3734,employed,P4,W31–W40,释义待核实，不进入核心练习,ɛmˈplɔɪd,释义待核实，不计入核心练习,
3735,bright,P4,W31–W40,,ˈbraɪt,adj. 明亮的；鲜艳的；聪明的；欢快的，有活力的；光明的，有希望的；清晰嘹亮的；n. <美>前大灯，头灯；明亮醒目的颜色；adv. <文>光亮地，明亮地,His bright eyes sparkled.　他明亮的双眼炯炯有神。
3736,treat,P4,W31–W40,,ˈtrit,v. 对待，看待；治疗，医治；请客，招待；（利用化学物质或反应）处理，保护；把……看作，把……视为；处理，探讨，论述；做使自己快乐的事；把（某物）给某人以示好感；提供（娱乐）；（尤指与对手）商谈，谈判；n. （不同一般的）乐事，享受；款待，招待；请客，做东；<美>甜食；（尤指不经常吃的）美味佳肴；【名】 （Treat）特里特（人名）,None of us knew how to treat her.　我们中没有任何人知道该如何对待她。
3737,header,P4,W31–W40,释义待核实，不进入核心练习,ˈhɛdɚ,释义待核实，不计入核心练习,
3738,cs,P4,W31–W40,释义待核实，不进入核心练习,,释义待核实，不计入核心练习,
3739,poverty,P4,W31–W40,,ˈpɑvɚti,n. 贫穷，贫困；<正式>贫乏，低劣；个人财产权的放弃（作为宗教誓约的一部分）,He ended his days in poverty.　他在贫穷中度过余生。
3740,formed,P4,W31–W40,释义待核实，不进入核心练习,ˈfɔrmd,释义待核实，不计入核心练习,
3741,piano,P4,W31–W40,,piˈænoʊ,n. 钢琴；n. （Piano）人名；（法、意、葡）皮亚诺,The piano was in good condition.　这台钢琴状况良好。
3742,echo,P4,W31–W40,,ˈɛkoʊ,n. 回声，回音，余音绕梁；重复，附和，共鸣；相似之处，再现；回声插入；（话语结构和内容的）重复；（桥牌）回声信号；v. 回响，发出回声；重复，附和,The hills sent back a faint echo.　座座山丘传来微弱的回声。
3743,que,P4,W31–W40,释义待核实，不进入核心练习,ˈkju,释义待核实，不计入核心练习,
3744,grid,P4,W31–W40,,ˈɡrɪd,n. 网格，方格；栅栏；输电网，电力网；赛车起跑线；美式橄榄球球场，橄榄球赛；（控制）栅极；计算机联网；v. 使……构成网格状，布置成网格结构,The grid reference is C8.　地图上的坐标方格数字为C8。
3745,sheets,P4,W31–W40,释义待核实，不进入核心练习,ˈʃits,释义待核实，不计入核心练习,
3746,patrick,P4,W31–W40,释义待核实，不进入核心练习,ˈpætrɪk,释义待核实，不计入核心练习,
3747,experimental,P4,W31–W40,,ɪkˌspɛrɪˈmɛntəl,adj. 实验性的，试验性的；<古>根据经验的，经验上的,The equipment is still at the experimental stage.　这种设备仍处于试验阶段。
3748,puerto,P4,W31–W40,释义待核实，不进入核心练习,ˈpwɛrˌtoʊ,释义待核实，不计入核心练习,
3749,revolution,P4,W31–W40,,ˌrɛvəˈluʃən,n. （思想、工作方式等的）彻底变革；（使用武力、暴力的）革命；旋转；旋转一周；（马克思主义）共产主义革命（The Revolution）；循环,The unrest erupted into revolution.　动乱爆发为革命。
3750,consolidation,P4,W31–W40,,kənˌsɑləˈdeɪʃən,n. 巩固；合并,The most surprising bout of consolidation and revival has been in Latin America.　最令人惊讶的整合与复活发生在拉丁美洲。
3751,displays,P4,W31–W40,释义待核实，不进入核心练习,dɪsˈpleɪz,释义待核实，不计入核心练习,
3752,plasma,P4,W31–W40,释义待核实，不进入核心练习,ˈplæzmə,释义待核实，不计入核心练习,
3753,allowing,P4,W31–W40,释义待核实，不进入核心练习,əˈlaʊɪŋ,释义待核实，不计入核心练习,
3754,earnings,P4,W31–W40,,ˈɝnɪŋz,n. 薪水，工资，收入；利润，收益,He trebled his earnings in two years.　他在两年间收入增加了两倍。
3755,voip,P4,W31–W40,释义待核实，不进入核心练习,,释义待核实，不计入核心练习,
3756,mystery,P4,W31–W40,,ˈmɪstɚi,n. 难以理解（或解释）的事物，奥秘；神秘的人（或事物）；不可思议；疑案小说（或电影、戏剧）；（宗教信仰的）奥义，真谛；圣餐礼；adj. 神秘的，身份不明的,She's a lady of mystery.　她是一个神秘的女人。
3757,landscape,P4,W31–W40,,ˈlændˌskeɪp,n. （陆上，尤指乡村的）风景，景色；形势，情形；（陆上或乡村）风景画；横向打印格式；v. 对……做景观美化，美化……的环境；从事景观美化工作；adj. 横向列印的,"The landscape had a stark, unworldly beauty.　那景色有一种简朴、超凡的美。"
3758,dependent,P4,W31–W40,,dɪˈpɛndənt,adj. 依赖的，依靠的；取决于；有瘾的；n. 受供养者,The area is heavily dependent on tourism.　这个地区非常依赖旅游业。
3759,mechanical,P4,W31–W40,,məˈkænɪkəl,adj. 机械（方面）的；机械般的，呆板的；精通机械的；机械学的，力学的；独家灌录权的；n. 技工，机修工；劳工，工匠,The breakdown was due to a mechanical failure.　抛锚是机械故障造成的。
3760,journey,P4,W31–W40,,ˈdʒɝni,n. 旅行，旅程；历程，过程；v. 旅行；【名】 （Journey）（英）朱尼，朱妮（人名）,The long journey tired him.　漫长的旅程使他疲倦。
3761,delaware,P4,W31–W40,释义待核实，不进入核心练习,ˈdɛləˌwɛr,释义待核实，不计入核心练习,
3762,bidding,P4,W31–W40,,ˈbɪdɪŋ,n. （尤指拍卖中的）出价；（拍卖时买方）报出的价钱；投标；吩咐，要求；叫牌；v. 出价；投标，竞标；努力争取（bid 的现在分词）,Several companies remained in the bidding.　有几家公司仍在竞价。
3763,consultants,P4,W31–W40,释义待核实，不进入核心练习,kənˈsʌltənts,释义待核实，不计入核心练习,
3764,risks,P4,W31–W40,释义待核实，不进入核心练习,ˈrɪsks,释义待核实，不计入核心练习,
3765,banner,P4,W31–W40,,ˈbænɚ,n. 横幅标语；（网页上的）横幅广告；信仰，准则；旗帜；adj. 极好的，出色的；v. 在（头版的）通栏大字标题下刊登（新闻报道等）,I felt the banner rip as we were pushed in opposite directions.　当我们被挤向相反的方向的时候，我感到横幅撕裂了。
3766,applicant,P4,W31–W40,,ˈæplɪkənt,n. 申请人,The applicant was irredeemably incompetent.　申请人无可救药地不合格。
3767,charter,P4,W31–W40,,ˈtʃɑrtɚ,n. 宪章，章程；特许状，许可证；不完善，漏洞；包租，租赁；v. 包租，租用；特许成立，给予……特权；adj. （临时）租用的,The charter proclaimed that all states would have their own government.　宪章规定，各州皆允建立各自的政府。
3768,fig,P4,W31–W40,释义待核实，不进入核心练习,ˈfɪɡ,释义待核实，不计入核心练习,
3769,barbara,P4,W31–W40,释义待核实，不进入核心练习,ˈbɑrbɚə,释义待核实，不计入核心练习,
3770,cooperation,P4,W31–W40,,koʊˌɑpɚˈeɪʃən,n. 合作，协作；协助，配合,Cooperation equals success.　合作意味着成功。
3771,counties,P4,W31–W40,释义待核实，不进入核心练习,ˈkaʊntiz,释义待核实，不计入核心练习,
3772,acquisition,P4,W31–W40,,ˌækwəˈzɪʃən,n. 学得，习得；（金钱、财物等的）获取；购买，添置，增添物；收购，购置的产业,"Indeed, ease of acquisition is the problem.　事实上，容易获得是个问题。"
3773,ports,P4,W31–W40,释义待核实，不进入核心练习,ˈpɔrts,释义待核实，不计入核心练习,
3774,implemented,P4,W31–W40,释义待核实，不进入核心练习,ˈɪmpləˌmɛntəd,释义待核实，不计入核心练习,
3775,sf,P4,W31–W40,释义待核实，不进入核心练习,,释义待核实，不计入核心练习,
3776,directories,P4,W31–W40,释义待核实，不进入核心练习,daɪˈrɛktɚiz,释义待核实，不计入核心练习,
3777,recognized,P4,W31–W40,释义待核实，不进入核心练习,ˈrɛkəɡˌnaɪzd,释义待核实，不计入核心练习,
3778,dreams,P4,W31–W40,释义待核实，不进入核心练习,ˈdrimz,释义待核实，不计入核心练习,
3779,blogger,P4,W31–W40,释义待核实，不进入核心练习,ˈblɔɡɚ,释义待核实，不计入核心练习,
3780,notification,P4,W31–W40,,ˌnoʊtəfəˈkeɪʃən,n. 通知；通知单，通知书；通告，布告,You should receive (a) notification of our decision in the next week.　关于我们的决定，下周你会接到通知。
3781,kg,P4,W31–W40,释义待核实，不进入核心练习,,释义待核实，不计入核心练习,
3782,licensing,P4,W31–W40,释义待核实，不进入核心练习,ˈlaɪsənsɪŋ,释义待核实，不计入核心练习,
3783,stands,P4,W31–W40,释义待核实，不进入核心练习,ˈstændz,释义待核实，不计入核心练习,
3784,teach,P4,W31–W40,,ˈtitʃ,v. 教授，讲授；教会，训练；教育，使懂得（情理）；<非正式>劝诫，教训；n. <非正式>教师；【名】 （Teach）蒂奇（人名）,Could you teach me to do that?　你能教我干那活儿吗？
3785,occurred,P4,W31–W40,释义待核实，不进入核心练习,əˈkɝd,释义待核实，不计入核心练习,
3786,textbooks,P4,W31–W40,释义待核实，不进入核心练习,ˈtɛkstˌbʊks,释义待核实，不计入核心练习,
3787,rapid,P4,W31–W40,,ˈræpəd,adj. 快的，迅速的；（移动，活动）快速的；n. 急流，湍滩；高速交通工具，高速交通网,The disease is spreading at a rapid rate.　这种疾病正在迅速蔓延。
3788,pull,P4,W31–W40,,ˈpʊl,vt. 拉；拖n.拉;牵引力；n. （美、英、法、德、加、瑞）普尔（人名）,He can still pull the girls.　他仍然能让姑娘们着迷。
3789,hairy,P4,W31–W40,释义待核实，不进入核心练习,ˈhɛri,释义待核实，不计入核心练习,
3790,diversity,P4,W31–W40,,dɪˈvɝsɪti,n. 多样性，多样化；不同，差异,Two of our greatest strengths are diversity and community.　我们的两个最大优点是多样性和团体精神。
3791,cleveland,P4,W31–W40,释义待核实，不进入核心练习,ˈklivlənd,释义待核实，不计入核心练习,
3792,ut,P4,W31–W40,释义待核实，不进入核心练习,,释义待核实，不计入核心练习,
3793,reverse,P4,W31–W40,,rɪˈvɝs,v. 逆转，彻底改变（决定、政策、趋势等）；撤销，推翻（法庭判决）；颠倒，反转；交换，互换（位置、功能）；<美>承认错误，放弃（立场）；倒（车）；（发动机）反向运转；<英>打对方付费的电话；使（铅字，图案）印成白或浅色；n. 相对，相反（the reverse）；逆向，逆转；倒车挡；<正式>失败，挫折；反面，背面；（翻开的书）左手页，（活页文件的）背面；（硬币或奖牌）反面图案（或刻字）；（美式橄榄球）反向传球，变位传球；adj. 相反的，反向的；背面的，反面的；（半导体结的外加电压）反向的；（地层）逆断的，冲断的；反身的,"In the south, the reverse applies.　在南方，情况相反。"
3794,deposit,P4,W31–W40,,dəˈpɑzɪt,v. 放下，放置；储蓄；存放，寄存；沉积，沉淀；支付（押金、订金或预缴费用）；n. 沉积物，沉积层；订金；押金；存款；竞选保证金,A 10% deposit is payable in advance.　须预付10%的押金。
3795,seminar,P4,W31–W40,,ˈsɛməˌnɑr,n. 研讨会，培训会；（大学的）专题讨论课，研讨班,The seminar was to discuss diversification of agriculture.　该研讨会讨论的是农业多种经营。
3796,investments,P4,W31–W40,释义待核实，不进入核心练习,ˌɪnˈvɛstmənts,释义待核实，不计入核心练习,
3797,latina,P4,W31–W40,释义待核实，不进入核心练习,lɑˈtinə,释义待核实，不计入核心练习,
3798,nasa,P4,W31–W40,释义待核实，不进入核心练习,ˈnæsə,释义待核实，不计入核心练习,
3799,wheels,P4,W31–W40,释义待核实，不进入核心练习,ˈwilz,释义待核实，不计入核心练习,
3800,specify,P4,W31–W40,,ˈspɛsəˌfaɪ,v. 明确指出；具体说明；把……列入说明书,"For the effect, you need to specify a size, with the horizontal size first, and then the vertical size.　为实现这个效果，您需要指定一个尺寸，首先是水平尺寸，然后是垂直尺寸。"
3801,accessibility,P4,W31–W40,释义待核实，不进入核心练习,ˌæksɛsəˈbɪlɪti,释义待核实，不计入核心练习,
3802,dutch,P4,W31–W40,释义待核实，不进入核心练习,ˈdʌtʃ,释义待核实，不计入核心练习,
3803,sensitive,P4,W31–W40,,ˈsɛnsətɪv,adj. 过敏的，易受影响的；灵敏的；善解人意的，体恤的；（问题、话题）敏感的，须谨慎对待的；机密的，保密的；理解的，意识到的；（对艺术、音乐、文学等）感受力强的，有悟性的；需保护的；小心谨慎的；（照相材料）感光的；（市场）脆弱的；神经过敏的，敏感的；n. 具有超自然通灵能力的人,You're far too sensitive.　你也太敏感了。
3804,templates,P4,W31–W40,释义待核实，不进入核心练习,ˈtɛmpləts,释义待核实，不计入核心练习,
3805,formats,P4,W31–W40,释义待核实，不进入核心练习,ˈfɔrˌmæts,释义待核实，不计入核心练习,
3806,tab,P4,W31–W40,,ˈtæb,n. 拉环，拉手；标签，检索凸舌；账单，费用；符号乐谱（tablature 的简称）；跳格键，制表键；新文件，新网页；<非正式>（毒品）药片，药丸；<英，非正式>香烟；（航空）调整片，补翼；（剧院中的）蝴蝶幕（tableau curtains 的简称）；<美，非正式>通俗小报；v. <美>选定，认定；给……贴标签；使用制表键；把（数据）列成表格（tabulate 的简称）；abbr. <澳新>博彩机构理事会（Totalizator Agency Board）；伤寒及副伤寒甲乙菌苗 （Typhoid-paratyphoid A and B vaccine）,The icon on this tab is a beanie.　这个标签上的图标是一个无檐小便帽。
3807,depends,P4,W31–W40,释义待核实，不进入核心练习,dɪˈpɛndz,释义待核实，不计入核心练习,
3808,boots,P4,W31–W40,释义待核实，不进入核心练习,ˈbuts,释义待核实，不计入核心练习,
3809,holds,P4,W31–W40,释义待核实，不进入核心练习,ˈhoʊldz,释义待核实，不计入核心练习,
3810,router,P4,W31–W40,,ˈrutɚ,n. [计] 路由器；刳刨者,AAA should be enabled on the router.　AAA 在路由器上应该被启用。
3811,concrete,P4,W31–W40,,kənˈkrit,adj. 确实的，具体的；实在的，有形的；混凝土的；物质的；n. 混凝土；v. 用混凝土覆盖（或做成）；<旧>（使）凝固，（使）凝结；使真实（化），使具体（化）,I had no concrete evidence.　我当时没有明确而具体的证据。
3812,si,P4,W31–W40,释义待核实，不进入核心练习,ˈsi,释义待核实，不计入核心练习,
3813,editing,P4,W31–W40,释义待核实，不进入核心练习,ˈɛdətɪŋ,释义待核实，不计入核心练习,
3814,poland,P4,W31–W40,释义待核实，不进入核心练习,ˈpoʊlənd,释义待核实，不计入核心练习,
3815,folder,P4,W31–W40,释义待核实，不进入核心练习,ˈfoʊldɚ,释义待核实，不计入核心练习,
3816,womens,P4,W31–W40,释义待核实，不进入核心练习,,释义待核实，不计入核心练习,
3817,css,P4,W31–W40,释义待核实，不进入核心练习,,释义待核实，不计入核心练习,
3818,completion,P4,W31–W40,,kəmˈpliʃən,n. 完成，结束；成功前传；<英>（房地产等）完成交易，完成交割,The project is nearing completion.　这项工程就要竣工了。
3819,upload,P4,W31–W40,释义待核实，不进入核心练习,ˈʌˌploʊd,释义待核实，不计入核心练习,
3820,pulse,P4,W31–W40,,ˈpʌls,n. 脉搏，脉率； 强劲的音乐节拍，律动；（声波、光波或电流的）脉冲；（生化）（供细胞培养的）冲量；<文> 冲动；共有立场，心态；（喻）（活力或组织的）核心；（可食用的）豆子；v. （有节奏地）搏动，跳动；产生节奏；洋溢着，充满（激情等）；用脉冲调制（波，光束）；应用脉冲信号于（装置）；（生化）用同位素脉冲标记（培养中的细胞）（pulse-label 的简称）；有节奏地驱动（食物搅拌机）,Ann's pulse quickened in alarm.　安的脉搏因惊恐而加快了。
3821,universities,P4,W31–W40,释义待核实，不进入核心练习,ˌjunəˈvɝsətiz,释义待核实，不计入核心练习,
3822,technique,P4,W31–W40,,tɛkˈnik,n. 技巧，工艺；（尤指体育或艺术方面的）技巧，技术,She showed her students the technique.　她向学生演示了那个技巧。
3823,contractors,P4,W31–W40,释义待核实，不进入核心练习,ˈkɑnˌtræktɚz,释义待核实，不计入核心练习,
3824,voting,P4,W31–W40,,ˈvoʊtɪŋ,n. 投票；选举；v. 投票；选举（vote 的现在分词）,X denotes those not voting.　X表示那些没有投票的。
3825,courts,P4,W31–W40,释义待核实，不进入核心练习,ˈkɔrts,释义待核实，不计入核心练习,
3826,notices,P4,W31–W40,释义待核实，不进入核心练习,ˈnoʊtəsəz,释义待核实，不计入核心练习,
3827,subscriptions,P4,W31–W40,释义待核实，不进入核心练习,səbˈskrɪpʃənz,释义待核实，不计入核心练习,
3828,calculate,P4,W31–W40,,ˈkælkjəˌleɪt,v. 计算，核算；预测，推测,This formula is used to calculate the area of a circle.　这个公式用于计算圆的面积。
3829,mc,P4,W31–W40,释义待核实，不进入核心练习,mɪk,释义待核实，不计入核心练习,
3830,detroit,P4,W31–W40,释义待核实，不进入核心练习,dɪˈtrɔɪt,释义待核实，不计入核心练习,
3831,alexander,P4,W31–W40,释义待核实，不进入核心练习,ˌæləɡˈzændɚ,释义待核实，不计入核心练习,
3832,broadcast,P4,W31–W40,,ˈbrɔdˌkæst,v. 散布，传播（信息等）；播撒（种子等）；广播，播送；n. 电视节目，广播节目；广播，播出；adj. 广播（或电视）节目的,The programme was broadcast nationally.　这个节目曾在全国播放过。
3833,converted,P4,W31–W40,释义待核实，不进入核心练习,kənˈvɝtɪd,释义待核实，不计入核心练习,
3834,metro,P4,W31–W40,,ˈmɛˌtroʊ,麦德龙；n. 麦德龙（德国最大的零售批发超市集团）；巴黎地铁；n. （metro）地铁；大都市,"Excuse me, where can I take metro line 8?　抱歉，哪里可以乘地铁八号线？"
3835,toshiba,P4,W31–W40,释义待核实，不进入核心练习,toʊˈʃibə,释义待核实，不计入核心练习,
3836,anniversary,P4,W31–W40,,ˌænəˈvɝsɚi,n. 周年纪念（日）,It's our anniversary.　今天是我们的周年纪念日。
3837,improvements,P4,W31–W40,释义待核实，不进入核心练习,ˌɪmˈpruvmənts,释义待核实，不计入核心练习,
3838,strip,P4,W31–W40,,ˈstrɪp,v. 除去，撕掉（外皮或表层）；夺去，剥夺（地位，权力，财产）；脱衣服，脱光……的衣服；表演脱衣舞；为（奶牛）收奶；拆卸，拆开（机器、车辆或引擎 ）；<美>拆散（汽车等）卖零件；使空无一物，搬光（家具、设备等）；（使）（螺丝或齿轮）受损；（为利润）出售（公司资产）；分离（债券的）息票使二者分开出售；（子弹出膛时因膛面磨损而）不旋转；n. （纸、金属、织物等）条，带；带状地带；<英>（比赛时穿的）队服，球衣；商业街；脱衣舞；连环漫画；<英>（定时播出的）广播节目；飞机跑道；【名】 （Strip）（俄、美）史地鄱（人名）,The runway is simply a strip of grass.　所谓跑道不过是一长条草地而已。
3839,specification,P4,W31–W40,,ˌspɛsɪfɪˈkeɪʃən,n. 规格，规范，明细单，说明书；明确说明，详述；（申请专利用的）发明物说明书,The office was furnished to a high specification.　办公室是按高规格装潢的。
3840,pearl,P4,W31–W40,,ˈpɝl,n. 珍珠；珍珠母；珠状物；极其优秀的人，珍贵的东西；人造珍珠；珠灰色；珍珠项链，珍珠首饰（pearls）；v. <文>成珠状滴；使呈珠灰色，使呈蓝灰色；（潜水）采珍珠；用珍珠装饰；adj. 珍珠般的；镶珍珠的,His pearl could be displayed in a museum.　他的珍珠可以在博物馆里展出。
3841,accident,P4,W31–W40,,ˈæksədənt,n. 交通事故，车祸；（不幸的）意外遭遇，不测事件；意外，偶然的事；运气，机遇；大便（或小便）失禁；（亚里士多德思想中的）非本质属性,He was killed in an accident.　他死于一次车祸。
3842,nick,P4,W31–W40,,ˈnɪk,vt. 刻痕于；挑毛病；用刻痕记；n. 刻痕；缺口；vi. 刻痕；狙击,He'll end up in the nick.　他早晚得进局子。
3843,accessible,P4,W31–W40,,ækˈsɛsəbəl,adj. 可到达的，可进入的；易得到的，可使用的；可以理解的，易懂的；平易近人的，随和的；易受影响的,The museum is easily accessible by car.　开车可以方便地到达博物馆。
3844,accessory,P4,W31–W40,,ækˈsɛsɚi,n. 附件，配件；装饰品，配饰；同谋，从犯；adj. 辅助的，副的；附属的；同谋的,He was charged with being an accessory to murder.　他被控为谋杀罪的从犯。
3845,resident,P4,W31–W40,,ˈrɛzɪdənt,n. 居民，住户；（旅馆的）住宿者；<美>住院医生；<美> 寄宿制学校学生；<史>（英国政府派驻半独立国家的） 特派代表；驻外特工；留鸟，无迁徙习性的蝴蝶（或其他动物）；adj. （在某地）居住的，居留的；常驻的；属于（某个群体）的；（鸟、蝴蝶等）非迁徙性的；（计算机程序、文件等在存储器中）驻留的,They cover preventative care for the local resident.　他们为当地居民提供预防保健服务。
3846,plot,P4,W31–W40,,ˈplɑt,n. 阴谋，密谋；情节；（专用的）小块地；（表现两个变量关系的）图表；<美>图表，地图；<美>底层平面图；v. 密谋，暗中策划；（在地图上）画出，标出；构思（情节）；绘制（曲线）；绘制（图表）；在图表上标记，布置；用图表说明；计划，制订；【名】 （Plot）（捷、法）普洛特，普洛（人名）,Can you follow the plot so far?　你到目前能理解这个情节吗？
3847,qty,P4,W31–W40,释义待核实，不进入核心练习,,释义待核实，不计入核心练习,
3848,possibly,P4,W31–W40,,ˈpɑsəbli,adv. 可能，或许；（用于强调惊讶或震惊）怎么，究竟；怎么可能，绝不可能（用于否定句，表强调）；能不能，能否（用于礼貌地请求）；尽量，尽可能,I can't possibly meet that deadline.　我不可能如期完成。
3849,airline,P4,W31–W40,,ˈɛrˌlaɪn,n. 航空公司；输气管（air line）；航线；adj. 航线的,The airline regrets any inconvenience.　航空公司对所造成的任何不便表示歉意。
3850,typically,P4,W31–W40,,ˈtɪpɪkli,adv. 典型地，有代表性地；一般，通常；一向如此地，不出所料地,Sarah has typically Irish fair skin.　莎拉有着典型爱尔兰人的白皮肤。
3851,representation,P4,W31–W40,,ˌrɛprəzɛnˈteɪʃən,n. 代理人，代表；描绘，表现；表示，象征；表现物（尤指画或模型）；<正式>抗议，陈述；（感知理论用语）表象,A graphical representation of results is shown in figure 1.　图1中显示了结果的图解表示。
3852,regard,P4,W31–W40,,rɪˈɡɑrd,v. 认为，把……看作；<正式>（尤指以某种方式）注视，凝视；<古>注意，留心；<古>与……有关，涉及；n. <正式> 尊重，敬佩；<正式> 关心，关注；注视，凝视；（用于信函结尾或转达问候）致意，问候（regards）；【名】 （Regard）（西、意）雷加德，（法）勒加尔（人名）,I regard this as a serious matter.　我认为这是一件重要的事情。
3853,pump,P4,W31–W40,,ˈpʌmp,n. 泵，抽水机；<英>平底鞋，轻软舞鞋；<美>高跟无带女鞋；抽吸，泵送；（生理）泵（指特定离子逆浓度梯度进行的跨膜主动运输机制）；v. 用泵（或泵样器官等）输送；快速上下（或内外）运动；涌出，涌流；<非正式> 盘问，套问；<非正式> 让某人使用大量药物；<非正式> 举重（pump iron）；给......洗胃；<非正式> 不断制造（pump out）；<非正式>大量增加（pump up）；<非正式>接连发射；【名】 （Pump）（美、俄、印、泰、加）蓬普（人名）,The pump sucks air out through the valve.　气泵通过阀门把空气抽出去。
3854,exists,P4,W31–W40,释义待核实，不进入核心练习,ɪɡˈzɪsts,释义待核实，不计入核心练习,
3855,arrangements,P4,W31–W40,释义待核实，不进入核心练习,ɚˈeɪndʒmənts,释义待核实，不计入核心练习,
3856,smooth,P4,W31–W40,,ˈsmuð,adj. （表面）光滑的，平坦的，平整的；顺利的，无困难的；（动作等）流畅的，（骑马、航行等）平稳的；（人）圆滑的，八面玲珑的；（液体混合物）均匀的，不结块的；（声音）圆润的，悦耳的；（味道、气味等）醇和的，不烈的；（网球拍或软式壁球拍无线结的一面）光面，滑面；v. 抚平，弄平滑；轻轻地涂擦（液体、面霜等）；解决问题，消除困难；修改（图表、曲线等）以减少不规则现象；缓和；使优雅；n. 平滑部分,Its skin feels really smooth.　它的皮摸起来真光滑。
3857,conferences,P4,W31–W40,释义待核实，不进入核心练习,ˈkɑnfɚənsəz,释义待核实，不计入核心练习,
3858,uniprotkb,P4,W31–W40,释义待核实，不进入核心练习,,释义待核实，不计入核心练习,
3859,strike,P4,W31–W40,,ˈstraɪk,"v. 击，撞；（用手或武器等）打；罢工；突然想到，突然意识到；突击，袭击，进攻；（疾病、灾难等）侵袭；让（某人）觉得；引起（强烈感情）；达成，达到；行进；（时钟）敲响；发现（黄金，矿物，石油）；铸造，冲制；删除；踢球，击球；使处于特定状态；摆出（姿态）；照在……上；弹奏，奏出；划（火柴）, 击出（火星）；拆除（帐篷、帆等）；生根，附着；（渔）急拉钓线把鱼钩住；来到；n. 罢工，罢市，罢课；袭击，攻击；击，踢；（石油等宝贵资源的）发现；（投出的）好球；（棒球中的）击空；（十柱保龄球）一投全倒；不利因素；拒绝，抗拒；（地层、断层等地质特征的）走向；【名】 （Strike）（美、俄、秘）斯特赖克（人名）",A strike has shut the factory.　罢工使工厂停业。
3860,consumption,P4,W31–W40,,kənˈsʌmpʃən,n. 消费，消耗；食用，引用，吸入；专用；<旧>肺痨，肺结核,Energy consumption rises as countries industrialize.　能源消耗随着各国工业化而增加。
3861,birmingham,P4,W31–W40,释义待核实，不进入核心练习,ˈbɝmɪŋˌhæm,释义待核实，不计入核心练习,
3862,flashing,P4,W31–W40,释义待核实，不进入核心练习,ˈflæʃɪŋ,释义待核实，不计入核心练习,
3863,lp,P4,W31–W40,释义待核实，不进入核心练习,ˌɛlˈpi,释义待核实，不计入核心练习,
3864,narrow,P4,W31–W40,,ˈnɛroʊ,adj. 狭窄的，狭小的；（想法、态度或信仰）狭隘的；勉强的，（成败）差距很小的；（种类或数目）有限的，范围小的；严格的，精确的；（标音）严式的；（语音）窄的；v. （人的眼睛）眯起来；使缩小，压缩；使变窄，变窄；n. 海峡；狭窄部分,He turned into a narrow street.　他拐进了一条狭窄的街道。
3865,afternoon,P4,W31–W40,,ˌæftɚˈnun,下午,I study in the afternoon.　我下午学习。
3866,threat,P4,W31–W40,,ˈθrɛt,n. 威胁，恐吓；构成威胁的人（或事物）；凶兆，征兆；（律）恐吓，威胁,Inflation is a constant threat.　通货膨胀是一种持续的威胁。
3867,surveys,P4,W31–W40,释义待核实，不进入核心练习,sɚˈveɪz,释义待核实，不计入核心练习,
3868,sitting,P4,W31–W40,释义待核实，不进入核心练习,ˈsɪtɪŋ,释义待核实，不计入核心练习,
3869,putting,P4,W31–W40,释义待核实，不进入核心练习,ˈpʌtɪŋ,释义待核实，不计入核心练习,
3870,consultant,P4,W31–W40,,kənˈsʌltənt,n. 顾问；高级顾问医师，会诊医师；咨询者,She is a consultant to the government.　她是政府顾问。
3871,controller,P4,W31–W40,,kənˈtroʊlɚ,n. 控制器；管理员；主计长,Her official designation is Financial Controller.　她的正式职务是财务总监。
3872,ownership,P4,W31–W40,,ˈoʊnɚˌʃɪp,n. 所有权，物主身份,He was chafing under the company's new ownership.　他对公司新的所有制很是恼火。
3873,committees,P4,W31–W40,释义待核实，不进入核心练习,kəˈmɪtiz,释义待核实，不计入核心练习,
3874,legislative,P4,W31–W40,,ˈlɛdʒəˌsleɪtɪv,adj. 立法的；（与）立法机关（有关）的,Today's hearing was just the first step in the legislative process.　今天的听证会仅仅是立法程序的第一步。
3875,researchers,P4,W31–W40,释义待核实，不进入核心练习,ˈrisɚtʃɚz,释义待核实，不计入核心练习,
3876,vietnam,P4,W31–W40,释义待核实，不进入核心练习,viˌɛtˈnɑm,释义待核实，不计入核心练习,
3877,trailer,P4,W31–W40,,ˈtreɪlɚ,n. 拖车，挂车；（卡车或货车的）载货挂车；<美>旅行拖车，活动房屋；（电影或电视节目的）预告片；无篷大车；运船平底驳船；拖尾物，蔓生物（尤指蔓生植物）；追踪者；v. 预告（电影，节目）；用拖车运输；乘拖车式活动房屋旅行,Driving a tractor-trailer is not an easy job.　驾驶一辆牵引式挂车不是一项容易的工作。
3878,anne,P4,W31–W40,释义待核实，不进入核心练习,ˈæn,释义待核实，不计入核心练习,
3879,castle,P4,W31–W40,,ˈkæsəl,n. 城堡，堡垒；（国际象棋中的）车；豪宅；v. （国际象棋中）王车易位；置……于城堡中；【名】 （Castle）（英）卡斯尔（人名）,The castle was bathed in moonlight.　城堡沐浴在月光里。
3880,gardens,P4,W31–W40,释义待核实，不进入核心练习,ˈɡɑrdənz,释义待核实，不计入核心练习,
3881,missed,P4,W31–W40,释义待核实，不进入核心练习,ˈmɪst,释义待核实，不计入核心练习,
3882,malaysia,P4,W31–W40,释义待核实，不进入核心练习,məˈleɪʒə,释义待核实，不计入核心练习,
3883,unsubscribe,P4,W31–W40,释义待核实，不进入核心练习,ənsəbˈskraɪb,释义待核实，不计入核心练习,
3884,antique,P4,W31–W40,,ænˈtik,adj. 古老的，古董的；老式的，过时的；（木器表面罩漆工艺）仿古的，古式的；年久的，破旧的；n. 古物，古董；古式（尤指古希腊、古罗马的雕刻、建筑等）；西文粗体字体；v. 以仿古式样制作；觅购古玩,This isn't a genuine antique—you've been done.　这不是真正的古董—你上当了。
3885,labels,P4,W31–W40,释义待核实，不进入核心练习,ˈleɪbəlz,释义待核实，不计入核心练习,
3886,willing,P4,W31–W40,,ˈwɪlɪŋ,adj. 愿意的，乐意的；乐于相助的，积极肯干的；出于自愿的，志愿的；v. 希望，想要（某事发生）；凭意志促使……做某事；立遗嘱遗赠（will 的现在分词形式）；【名】 （Willing）（德、芬、瑞典）维林，（英）威林（人名）,I'm willing to give it a shot.　我愿意试试。
3887,bio,P4,W31–W40,释义待核实，不进入核心练习,ˌbaɪˈoʊ,释义待核实，不计入核心练习,
3888,molecular,P4,W31–W40,,məˈlɛkjəlɚ,adj. 分子的，与分子有关的,But these cylinders cling together at a molecular level.　但是这些圆柱体在分子水平上是紧密结合的。
3889,acting,P4,W31–W40,释义待核实，不进入核心练习,ˈæktɪŋ,释义待核实，不计入核心练习,
3890,heads,P4,W31–W40,释义待核实，不进入核心练习,ˈhɛdz,释义待核实，不计入核心练习,
3891,stored,P4,W31–W40,释义待核实，不进入核心练习,ˈstɔrd,释义待核实，不计入核心练习,
3892,exam,P4,W31–W40,,ɪɡˈzæm,n. 考试；试卷；<美>医学检查,The exam was a real killer.　这考试可真费劲。
3893,logos,P4,W31–W40,释义待核实，不进入核心练习,ˈloʊˌɡoʊz,释义待核实，不计入核心练习,
3894,residence,P4,W31–W40,,ˈrɛzɪdəns,n. 住宅，住所；居住，定居；（在某国的）居住权，居留许可；（大学的）学生宿舍楼,The flag flies when the Queen is in residence.　女王的王宫及驻跸处均有国旗飘扬。
3895,attorneys,P4,W31–W40,释义待核实，不进入核心练习,əˈtɝniz,释义待核实，不计入核心练习,
3896,antiques,P4,W31–W40,释义待核实，不进入核心练习,ænˈtiks,释义待核实，不计入核心练习,
3897,density,P4,W31–W40,,ˈdɛnsəti,n. 稠密，密集；密度,The region has a very high population density.　这一地区人口密度很高。
3898,hundred,P4,W31–W40,,ˈhʌndrəd,n. 一百；许多，数量大；一百美元（英镑）的纸币；百位数；（表示24小时制的整点）一点、两点、三点等整；（板球）击球手获得的一百（或以上）的得分；adj. 一百的；许多的,A hundred cents make one euro.　一百分币等于一欧元。
3899,ryan,P4,W31–W40,释义待核实，不进入核心练习,ˈraɪən,释义待核实，不计入核心练习,
3900,operators,P4,W31–W40,释义待核实，不进入核心练习,ˈɑpɚˌeɪtɚz,释义待核实，不计入核心练习,
3901,strange,P4,W31–W40,,ˈstreɪndʒ,adj. 奇怪的，不寻常的；陌生的，不熟悉的；令人局促不安的，令人不自在的，令人难受的；（亚原子粒子）有奇异性非零值的，奇异性的；adv. 奇怪地，不寻常地；【名】 （Strange）（英）斯特兰奇，（瑞典、塞）斯特朗格（人名）,Then a strange thing happened.　接着一件怪事发生了。
3902,sustainable,P4,W31–W40,,səˈsteɪnəbəl,adj. （计划、方法、体制）可持续的，持续性的；（自然资源）可持续的，不破坏环境的 ；站得住脚的,The farming methods of ants are at least sustainable.　蚂蚁的养殖方式至少是可持续的。
3903,philippines,P4,W31–W40,释义待核实，不进入核心练习,ˈfɪləˌpinz,释义待核实，不计入核心练习,
3904,statistical,P4,W31–W40,,stəˈtɪstɪkəl,adj. 统计的，统计学的,They discussed the statistical significance of the results.　他们讨论了这些结果在统计学上的意义。
3905,beds,P4,W31–W40,释义待核实，不进入核心练习,ˈbɛdz,释义待核实，不计入核心练习,
3906,mention,P4,W31–W40,,ˈmɛnʃən,v. 提到，谈到；提名，推荐；传令嘉奖，提名表扬；n. 提及，说起，写上一笔；提名表扬；【名】 （Mention）（法）芒雄（人名）,He made no mention of her work.　他根本没提她的工作。
3907,innovation,P4,W31–W40,,ˌɪnəˈveɪʃən,n. 新事物，新方法；革新，创新,His greatest innovation was the use of interchangeable parts.　他最伟大的创新是使用了可互换部件。
3908,pcs,P4,W31–W40,释义待核实，不进入核心练习,ˌpiˈsiz,释义待核实，不计入核心练习,
3909,employers,P4,W31–W40,释义待核实，不进入核心练习,ɛmˈplɔɪɚz,释义待核实，不计入核心练习,
3910,grey,P4,W31–W40,,ˈɡreɪ,adj. 灰色的；（头发）灰白的，花白的；（面色）苍白的；（天气）昏暗的，阴沉的；单调乏味的，毫无吸引力的；阴郁的，暗淡的；老年人的；不明确的，难以处理的；（金融或贸易活动）不在官方统计数字之内的，灰色的；<南非>（与）民族杂居区（相关）的，黑人白人杂居区的；n. 灰色，灰色颜料；灰色衣服；灰白头发；灰马，白马；v. （头发）变灰白，变花白；（人，群体）变老，老化；成为灰色，变得昏暗；使变成灰色,I'll take the grey jacket.　我要那件灰色夹克衫。
3911,parallel,P4,W31–W40,,ˈpɛrəˌlɛl,n. （人或事物的）相似的手法，共同点；相似的人（或物）；（地球的）纬线，纬圈；（印刷）平行符号；v. 与……相似；与……同时发生；与……并行；与……相当，比得上；adv. 与……平行,The road runs parallel to the river.　这条路和这条河是平行的。
3912,honda,P4,W31–W40,释义待核实，不进入核心练习,ˈhɔndə,释义待核实，不计入核心练习,
3913,amended,P4,W31–W40,释义待核实，不进入核心练习,əˈmɛndɪd,释义待核实，不计入核心练习,
3914,operate,P4,W31–W40,,ˈɑpɚˌeɪt,v. 操纵，操作（机器或设备）；（机器等）运转，运行 ；管理，经营（企业、部门等）；（组织或公司）运营；（使）运行，（使）工作；起作用，发生影响；（以某种方式）行事；开刀，动手术；（士兵或警察在某地区）行动，执行公务,How do accounting records operate?　结算记录是如何运作的？
3915,bills,P4,W31–W40,释义待核实，不进入核心练习,ˈbɪlz,释义待核实，不计入核心练习,
3916,bold,P4,W31–W40,,ˈboʊld,adj. 大胆自信的，敢于冒险的；冒失的，鲁莽的；明显的，轮廓突出的；粗体的，黑体的；<文>陡峭的；n. 黑体，粗体；【名】 （Bold）（英、德、罗、捷、瑞典）博尔德（人名）,In 1960 this was a bold move.　在1960年，这是一个大胆的举动。
3917,bathroom,P4,W31–W40,,ˈbæˌθrum,n. 浴室，盥洗室；<美>卫生间，厕所；（尤指成套出售的）浴室用具,The bathroom floor was awash.　浴室地板浸在水中。
3918,stable,P4,W31–W40,,ˈsteɪbəl,adj. 稳定的，牢固的；稳重的，沉稳的；（化学结构或物理状态）稳定的；n. 马厩；（属同一马主或驯马师的）一群赛马；（在同一地方工作或训练的）一批人，（同一公司生产的）系列产品；赛马训练场；v. 使（马）入厩，把（马）拴在马厩,"Mentally, she is not very stable.　她的心理状态不十分稳定。"
3919,opera,P4,W31–W40,,ˈɑprə,n. 歌剧演出，歌剧表演；歌剧团，歌剧院；歌剧艺术，歌剧剧本；【名】 （Opera）（意）奥佩拉（人名）,I quite like opera.　我很喜欢歌剧。
3920,definitions,P4,W31–W40,释义待核实，不进入核心练习,ˌdɛfəˈnɪʃənz,释义待核实，不计入核心练习,
3921,von,P4,W31–W40,释义待核实，不进入核心练习,ˈvɔn,释义待核实，不计入核心练习,
3922,doctors,P4,W31–W40,释义待核实，不进入核心练习,ˈdɑktɚz,释义待核实，不计入核心练习,
3923,lesson,P4,W31–W40,,ˈlɛsən,n. 一节课，一课时；教学单元，（课本中的）课；经验，教训；（教堂礼拜中的）《圣经》选读；vt. <古>给……上课；教训，训诫,I've got a piano lesson later today.　今天晚些时候我有一堂钢琴课。
3924,cinema,P4,W31–W40,,ˈsɪnəmə,n. 电影院；电影（the cinema）；电影业，电影艺术；【名】 （Cinema）（意）奇内马（人名）,He took her to the cinema.　他带她去看电影了。
3925,asset,P4,W31–W40,,ˈæˌsɛt,n. 有利条件，有价值的人或物；资产，财产；【名】（Asset）（法）阿塞（人名）,She'll be an asset to the team.　她将是这个队的骨干。
3926,ag,P4,W31–W40,释义待核实，不进入核心练习,ˈæɡ,释义待核实，不计入核心练习,
3927,scan,P4,W31–W40,,ˈskæn,vt. 细看，审视；粗略看，浏览；扫描检查（物体或身体部位等）；（机器或计算机程序）扫描，察看；将（文件、照片等）扫描进计算机；（用声呐或雷达）扫描，扫掠；（诗）符合格律，韵节合拍；用（光束）扫描；电视扫描；n. 快速查阅，浏览；（医疗）扫描检查；扫描图；胎儿扫描检查,A brain scan revealed the blood clot.　脑部扫描检查发现了那个血块。
3928,elections,P4,W31–W40,释义待核实，不进入核心练习,ɪˈlɛkʃənz,释义待核实，不计入核心练习,
3929,drinking,P4,W31–W40,释义待核实，不进入核心练习,ˈdrɪŋkɪŋ,释义待核实，不计入核心练习,
3930,reaction,P4,W31–W40,,riˈækʃən,n. 反应，回应；反应能力（reactions）；（药物或食物引起的）不良反应；化学反应；反作用力；（对旧观念等的）抗拒；反动，守旧,Their reaction dismayed him.　他们的反应使他感到惊愕。
3931,blank,P4,W31–W40,,ˈblæŋk,adj. 空白的，空的；茫然的，毫无表情的；单调的，无活动的；断然的，彻底的；n. 空白处，空格；（头脑或记忆）一片空白；空弹；（金属或木头的）坯件，坯料；v. 成为空白，不记得；<英>冷落，不理睬；<美>阻止（对方）得分；切割（金属坯件）；封锁,Do we have a blank video ?　我们有空白录像带吗？
3932,enhanced,P4,W31–W40,释义待核实，不进入核心练习,ɛnˈhænst,释义待核实，不计入核心练习,
3933,entitled,P4,W31–W40,释义待核实，不进入核心练习,ɛnˈtaɪtəld,释义待核实，不计入核心练习,
3934,severe,P4,W31–W40,,səˈvɪr,adj. 十分严重的，极为恶劣的；艰巨的，严峻的；（惩罚、批评）严厉的，重的；严厉的，苛刻的；不加装饰的，朴素的,The patient suffered severe brain trauma.　患者的大脑受到严重损伤。
3935,generate,P4,W31–W40,,ˈdʒɛnɚˌeɪt,v. 产生，引起,We need someone to generate new ideas.　我们需要有人出新主意。
3936,stainless,P4,W31–W40,,ˈsteɪnləs,adj. 不锈的，防锈的；无污点的；（人，名声）纯洁的，无瑕的；n. 不锈钢,It's possible to weld stainless steel to ordinary steel.　将不锈钢和普通钢焊接在一起是可能的。
3937,newspapers,P4,W31–W40,释义待核实，不进入核心练习,ˈnuzˌpeɪpɚz,释义待核实，不计入核心练习,
3938,hospitals,P4,W31–W40,释义待核实，不进入核心练习,ˈhɑˌspɪtəlz,释义待核实，不计入核心练习,
3939,vi,P4,W31–W40,释义待核实，不进入核心练习,ˈvaɪ,释义待核实，不计入核心练习,
3940,deluxe,P4,W31–W40,释义待核实，不进入核心练习,dəˈlʌks,释义待核实，不计入核心练习,
3941,humor,P4,W31–W40,,ˈhjumɚ,n. 幽默，诙谐；心情；vt. 迎合，迁就；顺应,The movie mixes broad humor with romance.　那部电影把粗俗幽默和浪漫故事结合在一起。
3942,aged,P4,W31–W40,,ˈeɪdʒd,adj. ……岁的；年老的，年迈的；老化的；（马，农畜）超过成熟年龄的；n. 老年人（the aged）；v. 变老，老化；（使）显老；（使）变陈（age 的过去式和过去分词形式）,The camp is for youngsters aged 8 to 14.　这次夏令营是为8至14岁的少年儿童安排的。
3943,monitors,P4,W31–W40,释义待核实，不进入核心练习,ˈmɑnətɚz,释义待核实，不计入核心练习,
3944,exception,P4,W31–W40,,ɪkˈsɛpʃən,n. 例外，除外,There is one exception to this general principle.　这个一般性原则有一例外。
3945,lived,P4,W31–W40,释义待核实，不进入核心练习,ˈlɪvd,释义待核实，不计入核心练习,
3946,duration,P4,W31–W40,,ˌdʊˈreɪʃən,n. 持续，持续时间,They were incarcerated for the duration of the war.　他们在战争期间被监禁。
3947,bulk,P4,W31–W40,,ˈbʌlk,n. 主体，大部分；庞大的身躯，肥硕的体形；（巨大的）容积，体积；adj. 大批的，大宗的；v. 使（产品）数量显得很大；结合（待售的股票或商品）,It's cheaper to buy in bulk.　大批购买便宜些。
3948,successfully,P4,W31–W40,,səkˈsɛsfəli,adv. 成功地；顺利地,Shareholders successfully scuttled the deal.　股东成功地阻止了这桩交易。
3949,indonesia,P4,W31–W40,释义待核实，不进入核心练习,ˌɪndoʊˈniʒə,释义待核实，不计入核心练习,
3950,pursuant,P4,W31–W40,释义待核实，不进入核心练习,pɚˈsuənt,释义待核实，不计入核心练习,
3951,sci,P4,W31–W40,释义待核实，不进入核心练习,ˈsi,释义待核实，不计入核心练习,
3952,fabric,P4,W31–W40,,ˈfæbrɪk,n. 布料，织物；构造，结构；（汽车的）车身，（飞机的）机身,The fabric moulds to the body.　这种织物很贴身。
3953,edt,P4,W31–W40,释义待核实，不进入核心练习,,释义待核实，不计入核心练习,
3954,visits,P4,W31–W40,释义待核实，不进入核心练习,ˈvɪzɪts,释义待核实，不计入核心练习,
3955,primarily,P4,W31–W40,,praɪˈmɛrəli,adv. 主要地，首要地，根本地,"As ever, the meals are primarily fish-based.　像往常那样，餐餐以鱼类为主。"
3956,tight,P4,W31–W40,,ˈtaɪt,adj. 牢固的，不松动的；紧身的；拉紧的，绷紧的；严厉的，严格的；紧的，拮据的；密集的，挤满的；亲密的，紧密的；急转的，陡的；憋闷的，不适的；紧张的，生气的；势均力敌的；困难的，棘手的；准确的，紧凑的；<非正式>吝啬的；<非正式>醉醺醺的；结实的；adv. 紧紧地，牢固地；【名】 （Tight）泰特（人名）,The rope was stretched tight.　这绳子拉得很紧。
3957,domains,P4,W31–W40,释义待核实，不进入核心练习,doʊˈmeɪnz,释义待核实，不计入核心练习,
3958,capabilities,P4,W31–W40,释义待核实，不进入核心练习,ˌkeɪpəˈbɪlətiz,释义待核实，不计入核心练习,
3959,pmid,P4,W31–W40,释义待核实，不进入核心练习,,释义待核实，不计入核心练习,
3960,contrast,P4,W31–W40,,ˈkɑntræst,n. 差异，对比；对照物，明显不同的事物；（摄影或绘画中的）颜色反差，明暗对比；（电视屏幕的）图像明暗对比度，反差；v. 对比，对照；显出明显的差异，形成对比,There is also an artful contrast of shapes.　还有一种不同形状的巧妙对比。
3961,recommendation,P4,W31–W40,,ˌrɛkəmənˈdeɪʃən,n. 正式建议，提议；推荐，介绍；<美>推荐信,I got the job on the strength of your recommendation.　由于您的推荐，我得到了那份工作。
3962,flying,P4,W31–W40,,ˈflaɪɪŋ,adj. 能飞的；飞身做出的；快速运动的；短暂的；n. 飞行；v. 飞；飞行，航行；驾驶（飞行器）；快速移动；（时间）飞逝（fly 的现在分词）,The train was flying along.　火车飞驰着。
3963,recruitment,P4,W31–W40,,rəˈkrutmənt,n. 招募，招聘；（自然种群）增长；（生理）募集（反应、现象）,You've been in graduate recruitment for five years.　你已经从事毕业生招聘工作五年了。
3964,sin,P4,W31–W40,,ˈsɪn,n. （违背宗教或道德的）罪，罪恶；过错，过失；v. 犯戒律，犯过失；亵渎，冒犯（上帝，人，原则）（sin against）；abbr. 正弦（sine 的缩写）,Treachery was the ultimate sin.　背叛曾是弥天大罪。
3965,berlin,P4,W31–W40,释义待核实，不进入核心练习,bɚˈlɪn,释义待核实，不计入核心练习,
3966,cute,P4,W31–W40,,ˈkjut,adj. 漂亮的，可爱的；<美>性感迷人的；<美>精明的，机灵的；<美，非正式>矫揉造作的,Bears are cute.　熊是可爱的。
3967,organized,P4,W31–W40,,ˈɔrɡəˌnaɪzd,adj. 有组织的，系统的；参加工会的；有条理的，有安排的；（人）有条理的，高效的；v. 组织，筹备；安排，处理；规划，管理（organize 的过去式和过去分词）,The conference was very well organized.　这次会议组织得很好。
3968,ba,P4,W31–W40,释义待核实，不进入核心练习,ˌbiˈeɪ,释义待核实，不计入核心练习,
3969,para,P4,W31–W40,释义待核实，不进入核心练习,ˈpɛrə,释义待核实，不计入核心练习,
3970,siemens,P4,W31–W40,释义待核实，不进入核心练习,ˈsimənz,释义待核实，不计入核心练习,
3971,adoption,P4,W31–W40,,əˈdɑpʃən,n. 采用，接受；<英>推选；正式通过；选择；收养，领养,She put the baby up for adoption.　她提出要让人收养那个婴儿。
3972,improving,P4,W31–W40,释义待核实，不进入核心练习,ˌɪmˈpruvɪŋ,释义待核实，不计入核心练习,
3973,cr,P4,W31–W40,释义待核实，不进入核心练习,,释义待核实，不计入核心练习,
3974,expensive,P4,W31–W40,,ɪkˈspɛnsɪv,adj. 花钱多的，昂贵的；（错误或决定）代价高的,Skiing gear can be expensive.　滑雪用具有时会很昂贵。
3975,meant,P4,W31–W40,释义待核实，不进入核心练习,ˈmɛnt,释义待核实，不计入核心练习,
3976,capture,P4,W31–W40,,ˈkæptʃɚ,v. 俘获，捕获；夺取，占领；吸引，引起；记录，体现；拍摄，录制；吃掉（国际象棋棋子）；使（数据）保存于电脑中；俘获（原子，亚原子粒）；（河流）袭夺；n. 捕获，被捕获；被捕获的人（或物）；占领，攻占；夺取，抢占；（数据）存储,He managed to evade capture.　他设法逃脱了抓捕。
3977,pounds,P4,W31–W40,释义待核实，不进入核心练习,ˈpaʊndz,释义待核实，不计入核心练习,
3978,buffalo,P4,W31–W40,,ˈbʌfəˌloʊ,n. 野牛，犎牛；水牛；牛胭鱼；v. 为难，使困惑；<美，非正式>吓唬，威吓；【名】 （Buffalo）（英）布法罗（人名）,Once there were 70 million buffalo on the plains.　在这片平原上曾经生活着7000万头水牛。
3979,organisations,P4,W31–W40,释义待核实，不进入核心练习,ˌɔrɡənɪˈzeɪʃənz,释义待核实，不计入核心练习,
3980,plane,P4,W31–W40,,ˈpleɪn,n. 飞机；（几何学中的）平面；（物体的）平面；（穿过或连接物体的）虚构平面；（存在、思想或发展）水平；木工刨，刨子；悬铃木；翼面；adj. 平的，平坦的；二维平面的，二维空间的；v. 滑翔；擦着水面疾驶；刨平；刨除；<罕>乘飞机旅行,A plane passed low overhead.　一架飞机从头上低空飞过。
3981,pg,P4,W31–W40,释义待核实，不进入核心练习,,释义待核实，不计入核心练习,
3982,explained,P4,W31–W40,释义待核实，不进入核心练习,ɪksˈpleɪnd,释义待核实，不计入核心练习,
3983,seed,P4,W31–W40,,ˈsid,n. 种子，籽；<美>（苹果或橙子等的）果核，籽；<旧> 精液，精子（常为幽默用法）；<古，文>（古时用语，原用于《圣经》中）子嗣，子孙；（感情、过程的）起源，开端；（网球、羽毛球等体育项目中的）种子选手， 种子队；晶粒，晶种；辐射管，镭管；v. 给（蔬菜，水果）去籽（去核），给......脱籽；选定......为种子选手（或种子队）；在（地里）播种；（植物）结籽，脱籽；（植物）自播；（喻）使萌芽，使发展；用晶粒物质使冷凝（结晶）（尤指促云化雨）；adj. 用作种子的,The top seed won comfortably.　头号种子选手轻松获胜。
3984,programmes,P4,W31–W40,释义待核实，不进入核心练习,,释义待核实，不计入核心练习,
3985,desire,P4,W31–W40,,dɪˈzaɪɚ,n. 愿望，欲望，渴望；情欲，性欲；v. 渴望，想望；<正式>要求，请求；被……吸引，对……产生性欲；【名】 （Desire）（英、刚）德西雷（人名）,We all desire health and happiness.　我们都渴望健康和幸福。
3986,expertise,P4,W31–W40,,ˌɛkspɚˈtiz,n. 专长，专门技能（知识）；专家的意见,Griffith's expertise is in writing legal briefs.　格里菲思的专长在于撰写法律案情摘要。
3987,mechanism,P4,W31–W40,,ˈmɛkəˌnɪzəm,n. 机械装置，机件；途径，方法；（生物体内的）机制，构造；机械论；（产生自然现象等的）物理过程,Pain acts as a natural defence mechanism.　疼痛算是一种自然防护机制的作用。
3988,camping,P4,W31–W40,,ˈkæmpɪŋ,n. 露营，野营；v. 露营，野营；借住，暂住；盘踞，据守（camp 的现在分词）,Do you go camping ?　你去野营度假吗？
3989,ee,P4,W31–W40,释义待核实，不进入核心练习,ˈi,释义待核实，不计入核心练习,
3990,jewellery,P4,W31–W40,,ˈdʒuəlri,n. 珠宝，首饰,All her jewellery was in pawn.　她把首饰全典当了。
3991,meets,P4,W31–W40,释义待核实，不进入核心练习,ˈmits,释义待核实，不计入核心练习,
3992,welfare,P4,W31–W40,,ˈwɛlˌfɛr,n. 幸福，安康；福利救济，社会福利；（给失业者和穷人的）福利救济金；adj. 福利的；接受社会救济的,Welfare provides a cushion against hardship.　福利给困苦提供了一个缓解。
3993,peer,P4,W31–W40,,ˈpɪr,n. 同龄人，同等地位的人，相匹敌的人；（英国）贵族；v. 凝视，费力地看；隐现；<古>看见；<古>匹敌；【名】 （Peer）（美、爱、英）皮尔（人名）,She gets on well with her peer group.　她和同龄人相处融洽。
3994,caught,P4,W31–W40,释义待核实，不进入核心练习,ˈkɑt,释义待核实，不计入核心练习,
3995,eventually,P4,W31–W40,,ɪˈvɛntʃəwəli,adv. 最终，结果,The camera eventually tracked away.　摄影机最终将镜头推远。
3996,marked,P4,W31–W40,,ˈmɑrkt,adj. 明显的，显著的（比较级 more marked，最高级 most marked）；打上标记的，有记号的；（语言学）有标记的；（牌戏作弊）背面有标记的；成为攻击对象的，处境危险的；v. 做标记于；打分数；使有污点（mark 的过去式和过去分词）,"The door is marked ""Private.""　门上写着“闲人免进”。"
3997,driven,P4,W31–W40,释义待核实，不进入核心练习,ˈdrɪvən,释义待核实，不计入核心练习,
3998,measured,P4,W31–W40,释义待核实，不进入核心练习,ˈmɛʒɚd,释义待核实，不计入核心练习,
3999,medline,P4,W31–W40,释义待核实，不进入核心练习,,释义待核实，不计入核心练习,
4000,bottle,P4,W31–W40,,ˈbɑtəl,n. 瓶子；一瓶（的量）；酒；奶瓶，乳饮品；<英，非正式>信心，勇气；<非正式>酒癖，嗜酒；v. 装瓶；<非正式>用玻璃瓶砸；<英，非正式>丧失勇气，泄气,Shall I open another bottle?　要不要我再开一瓶？
4001,agreements,P4,W31–W40,释义待核实，不进入核心练习,əˈɡrimənts,释义待核实，不计入核心练习,
4002,considering,P4,W31–W40,,kənˈsɪdɚɪŋ,prep. 考虑到，鉴于；conj. 考虑到，鉴于；adv. <非正式>从各方面考虑，通盘考虑,We're considering buying a new car.　我们在考虑买一辆新车。
4003,innovative,P4,W31–W40,,ˈɪnəˌveɪtɪv,adj. 革新的，新颖的；富有革新精神的,Why are so few companies truly innovative?　为什么真正创新的公司如此之少？
4004,marshall,P4,W31–W40,释义待核实，不进入核心练习,ˈmɑrʃəl,释义待核实，不计入核心练习,
4005,massage,P4,W31–W40,,məˈsɑʒ,n. 按摩，推拿；v. 按摩，推拿；窜改；用………揉擦（皮肤、头发等）,Massage will help the pain.　按摩能减轻疼痛。
4006,rubber,P4,W31–W40,,ˈrʌbɚ,n. 橡胶，合成橡胶；<英> 橡皮擦；<英> 黑板擦；<美，非正式> 避孕套；<美，非正式> 橡胶套鞋；（桥牌或板球的）一盘，决胜局；（棒球比赛中投手站的）投手板；多轮决胜负的比赛（如三局两胜）；adj. 橡胶制成的；v. 扭转脖子看，好奇地引颈而望,The boy was wearing rubber-soled shoes.　这个男孩儿穿着橡胶底的鞋。
4007,conclusion,P4,W31–W40,,kənˈkluʒən,n. 结论，推论；结局，结尾；缔结，商定；（根据所给前提得出的）命题,What led you to this conclusion?　你是如何得出这个结论的？
4008,closing,P4,W31–W40,释义待核实，不进入核心练习,ˈkloʊzɪŋ,释义待核实，不计入核心练习,
4009,tampa,P4,W31–W40,释义待核实，不进入核心练习,ˈtæmpə,释义待核实，不计入核心练习,
4010,thousand,P4,W31–W40,,ˈθaʊzənd,num. （数字）一千；许许多多，数以千计；千位数；pron. 成千上万,A thousand people were there.　那里有一千人。
4011,meat,P4,W31–W40,,ˈmit,n. 肉类，（某种）食用肉；重要的部分，有趣的部分；<美>棒球球棒等物体最粗的部分；<古>食物；果肉，坚果仁，（蛋的）可食用部分,Wine vinegar tenderizes meat.　酒醋能让肉变得软嫩。
4012,legend,P4,W31–W40,,ˈlɛdʒənd,n. 传说，传奇故事；传奇人物；（标志、徽记、硬币等物品上的）刻印文字，铭文；（图片或地图的）文字说明，图例；adj. 十分出名的；【名】 （Legend）（英）莱金德，（西）莱亨德（人名）,She was a legend in her own lifetime.　她在世的时候就是一个传奇人物。
4013,grace,P4,W31–W40,,ˈɡreɪs,- n. 优雅；恩惠；慈悲；魅力；- vt. 使优美；Gracen. 格雷斯（女子名）,She moves with feline grace.　她走路时有如猫一般的优雅。
4014,susan,P4,W31–W40,释义待核实，不进入核心练习,ˈsuzən,释义待核实，不计入核心练习,
4015,ing,P4,W31–W40,释义待核实，不进入核心练习,ˈɪŋ,释义待核实，不计入核心练习,
4016,ks,P4,W31–W40,释义待核实，不进入核心练习,,释义待核实，不计入核心练习,
4017,adams,P4,W31–W40,释义待核实，不进入核心练习,ˈædəmz,释义待核实，不计入核心练习,
4018,python,P4,W31–W40,,ˈpaɪθɑn,巨蟒；大蟒；n. 蚺，巨蟒；（Python）皮同（希腊神话中的巨蟒）；（Python）一种计算机高级编程语言；（Python）（瑞士、法、美、印、伊朗）皮东（人名）,He opened up a cage and lifted out a 6ft python.　他打开一个笼子，提起了一条6英尺长的蟒蛇。
4019,monster,P4,W31–W40,,ˈmɑnstɚ,n. 怪兽，怪物；残忍的人，恶魔；小恶棍，捣蛋鬼；巨大的东西，庞然大物；难以驾驭的人，难以掌控的事物；畸形动物（或植物）；adj. 很受欢迎的；庞大的，巨大的；v. 严厉批评，斥责,"Sarah jokingly called her ""my monster.""　萨拉开玩笑地叫她“我的怪物。”"
4020,alex,P4,W31–W40,释义待核实，不进入核心练习,ˈæləks,释义待核实，不计入核心练习,
4021,bang,P4,W31–W40,,ˈbæŋ,n. 突然的巨响；重击，猛撞；刘海（bangs）；v. 猛敲，砰然重击；猛摔；很响地使劲关上；（意外地）撞击；与……性交；砰砰作响；adv. 恰好，正好；完全，彻底；突然，猛然,A balloon suddenly went bang.　一只气球突然砰地一声爆了。
4022,villa,P4,W31–W40,,ˈvɪlə,n. 度假别墅；（城内的）豪宅；（附有土地的）乡间宅第，庄园；【名】 （Villa）（西）比利亚，（英、法、葡、罗、意、芬、刚、瑞典）维拉（人名）,The villa sleeps 10.　这幢别墅可供10人住宿。
4023,bone,P4,W31–W40,,ˈboʊn,n. 骨，骨头；骨质；基本结构，基本（bones）；v. 挑刺，剔骨头；施骨肥于；（与某人）性交；（为应付考试）临时突击；adv. 非常，完全地,The dog was gnawing a bone.　那狗在啃骨头。
4024,columns,P4,W31–W40,释义待核实，不进入核心练习,ˈkɑləmz,释义待核实，不计入核心练习,
4025,disorders,P4,W31–W40,释义待核实，不进入核心练习,dɪˈsɔrdɚz,释义待核实，不计入核心练习,
4026,bugs,P4,W31–W40,释义待核实，不进入核心练习,ˈbʌɡz,释义待核实，不计入核心练习,
4027,collaboration,P4,W31–W40,,kəˌlæbɚˈeɪʃən,n. 合作，协作；勾结，通敌；合作成果,It was a collaboration that produced extremely useful results.　这是一次带来极其有益的成果的合作。
4028,hamilton,P4,W31–W40,释义待核实，不进入核心练习,ˈhæməltən,释义待核实，不计入核心练习,
4029,detection,P4,W31–W40,,dɪˈtɛkʃən,n. 察觉，发现；侦破（案件）,"Many problems, however, escape detection.　然而许多问题却未被察觉。"
4030,ftp,P4,W31–W40,释义待核实，不进入核心练习,ˌɛfˌtiˈpi,释义待核实，不计入核心练习,
4031,cookies,P4,W31–W40,释义待核实，不进入核心练习,ˈkʊkiz,释义待核实，不计入核心练习,
4032,inner,P4,W31–W40,,ˈɪnɚ,adj. 内部的，靠近中心的；内心的，未表达出来的；存在于性格中的，骨子里的；隐蔽的，内在的；n. 内部，内里；靶子内圈；命中靶子内圈的一发,His bedroom's his inner sanctum.　卧房是他的内室。
4033,formation,P4,W31–W40,,fɔrˈmeɪʃən,n. 组成物；构成；形成，产生；编队，队形；（社会、政治等的）形态,That's key to understanding planet formation.　这是理解行星形成的关键。
4034,tutorial,P4,W31–W40,,tuˈtɔriəl,adj. 导师的，辅导的；n. 导师辅导课；学习指南，教程,An online tutorial is provided.　在线辅导可供查阅。
4035,med,P4,W31–W40,释义待核实，不进入核心练习,ˈmɛd,释义待核实，不计入核心练习,
4036,engineers,P4,W31–W40,释义待核实，不进入核心练习,ˌɛndʒəˈnɪrz,释义待核实，不计入核心练习,
4037,entity,P4,W31–W40,,ˈɛntəti,n. 实体，独立存在体,These countries can no longer be viewed as a single entity.　这些国家不能再被看成是一个单独的实体。
4038,cruises,P4,W31–W40,释义待核实，不进入核心练习,ˈkruzɪz,释义待核实，不计入核心练习,
4039,gate,P4,W31–W40,,ˈɡeɪt,【名】 （Gate）（英）盖特，（法、瑞典）加特（人名）；n. 大门；登机口；闸门，阀门；（体育比赛的）观众人数；（体育比赛的）门票收入；comb. ……门事件（表示政治丑闻）(-gate),He pushed open the garden gate.　他推开了花园的门。
4040,holder,P4,W31–W40,,ˈhoʊldɚ,n. 持有者，占有者；支托物；小农，小佃农；【名】 （Holder）（英、罗、瑞典、德）霍尔德（人名）,Doing so will entitle the ticket holder to unlimited free parking.　这样做可以使持票人享有无限的免费停车权。
4041,proposals,P4,W31–W40,释义待核实，不进入核心练习,prəˈpoʊzəlz,释义待核实，不计入核心练习,
4042,moderator,P4,W31–W40,释义待核实，不进入核心练习,ˈmɑdɚˌeɪtɚ,释义待核实，不计入核心练习,
4043,sw,P4,W31–W40,释义待核实，不进入核心练习,,释义待核实，不计入核心练习,
4044,tutorials,P4,W31–W40,释义待核实，不进入核心练习,tuˈtɔriəlz,释义待核实，不计入核心练习,
4045,settlement,P4,W31–W40,,ˈsɛtəlmənt,n. （解决争端的）协议，和解；定居点，聚居地 ；殖民，开拓； <法律>（关于钱财转让的）协议（书）；（欠款的）支付，偿付；（地面或建筑物的）下沉，下陷；（按照协议规定收到的）金额；定居行动；结算，清账；解决，处理；<美>部落，村落,They mediated a settlement.　他们找到了一个解决方案。
4046,portugal,P4,W31–W40,释义待核实，不进入核心练习,ˈpɔrtʃəɡəl,释义待核实，不计入核心练习,
4047,lawrence,P4,W31–W40,释义待核实，不进入核心练习,ˈlɔrəns,释义待核实，不计入核心练习,
4048,roman,P4,W31–W40,,ˈroʊmən,n. 古罗马人 a.罗马的；n. 罗马人；古罗马语；adj. 罗马的；罗马人的,Mars was the Roman god of war.　马尔斯是古罗马战神。
4049,duties,P4,W31–W40,释义待核实，不进入核心练习,ˈdutiz,释义待核实，不计入核心练习,
4050,valuable,P4,W31–W40,,ˈvæljəbəl,adj. 值钱的，贵重的；有益的，宝贵的；重要的，珍贵的；可估价的；n. 贵重品,"Luckily, nothing valuable was stolen.　幸运的是，没有贵重物品失窃。"
4051,tone,P4,W31–W40,,ˈtoʊn,n. 语气，腔调，口吻；气氛，基调，风格；（尤指乐器或电子音响设备的）音质，音色；色调，明暗；强健状况，（尤指肌肉的）紧实度；（电话或应答机等发出的）声音信号；（音乐）全音，音程；（说话的）声调，音调；（生理）神经纤维的正常活动状态；v. 使强健，使结实；与……协调，与……相配；（用化学溶液使黑白照片在润色时）变色；用某种调子说；【名】 （Tone）（罗、塞、乍）托内，（英）托恩（人名）,Her flippant tone irked him.　她轻佻的语调使他很生气。
4052,collectables,P4,W31–W40,释义待核实，不进入核心练习,,释义待核实，不计入核心练习,
4053,ethics,P4,W31–W40,,ˈɛθɪks,n. 行为准则，道德原则；伦理学，道德学,It is a question of the relation of ethics to economics.　这是个道德和经济之间关系的问题。
4054,forever,P4,W31–W40,,fɚˈɛvɚ,adv. 永远；完全地，永恒地；<非正式>长久地；<非正式>老是，没完没了地；万岁（用在物或人名后，表示支持的口号）；n. 极长的时间，永恒；adj. 长期的，永久的,I'll love you forever!　我永远爱你！
4055,dragon,P4,W31–W40,,ˈdræɡən,n. （传说中的）西方的龙；恶龙；悍妇，母夜叉；<澳>蜥蜴（=flying dragon）；【名】 （Dragon）（匈）德劳贡，（英、法、芬、罗、匈）德拉贡（人名）,Welcome to dragon tower.　欢迎您光临龙塔。
4056,busy,P4,W31–W40,,ˈbɪzi,v. 使自己忙于；adj. 繁忙的，忙碌的；热闹的；全神贯注的；占线的；繁琐的，杂乱的；n. 警官，警察,Are you busy next Monday ?　下周一你忙吗？
4057,captain,P4,W31–W40,,ˈkæptən,n. 队长，首领；上尉，上校；船长，机长；<美>警局副官，消防署中队长；v. 率队，指挥,The captain keeps a log.　船长记航海日志。
4058,fantastic,P4,W31–W40,,fænˈtæstɪk,adj. 极好的，非常棒的；极大的，极高的；不切实际的，异想天开的；奇异的，怪诞的,You've got the job? Fantastic!　你得到那工作了？太好了！
4059,imagine,P4,W31–W40,,ˌɪˈmædʒən,v. 想象，设想；料想，认为；误以为，胡乱猜想,I can just imagine his reaction.　我完全可以想象出他的反应。
4060,brings,P4,W31–W40,释义待核实，不进入核心练习,ˈbrɪŋz,释义待核实，不计入核心练习,
4061,heating,P4,W31–W40,,ˈhitɪŋ,n. （尤指从经济角度考虑的）供暖，暖气供应；供暖系统，暖气设备；v. 加热，使变暖；<古>激起，使激动（heat 的现在分词形式）,The heating is on a time switch.　暖气靠定时开关自动供热。
4062,leg,P4,W31–W40,,ˈlɛɡ,n. 腿；动物腿，腿肉；裤腿；家具的腿，支撑柱条；（旅程或赛程的）一段，一程；<非正式>（球，尤指高尔夫球）力度不够；<非正式>（产品或想法的）持久流行或成功；（板球）腿侧区；叉状物的一分支；<古>屈膝礼；comb. 有……腿的(-legged)；v. （撑船者）用腿蹬洞顶或洞壁使（船）通过运河隧洞,His leg was getting better.　他的腿在渐渐恢复。
4063,neck,P4,W31–W40,,ˈnɛk,n. 颈项，脖子；衣领，领口；（物体的）细长部分，颈部；狭长地带，狭长水域；（动物的）颈肉；（赛马）以微弱优势（获胜），险（胜）；<非正式>在这一带，在某人的地区；<英>受到惩罚（批评）；（喻）（对责任或过失的）背负；（剖）颈；（蕨、苔藓或菌类的）茎部；v. 搂着脖子亲吻，相拥互吻；<英，非正式>一口喝下（某物，尤指酒）；（因拉伸而）变狭，变细；【名】 （Neck）（德、意、英）内克（人名）,He broke his neck in the fall.　他摔断了脖子。
4064,hd,P4,W31–W40,释义待核实，不进入核心练习,,释义待核实，不计入核心练习,
4065,wing,P4,W31–W40,,ˈwɪŋ,n. （鸟、昆虫或蝙蝠的）翅膀，翼；（飞机的）机翼；（建筑的）侧翼，耳房，厢房，配楼；（舞台的）侧面，侧翼（the wings）；（组织或政党的）派系，翼；<英>（汽车等的）挡泥板，翼子板；（运动场的）边沿；飞行徽章；禽类翅膀，（尤指供食用的）鸡翅；空军联队；（鸟或昆虫）在飞行中；（蝙蝠或翼手龙的）翼膜；翅膀（指飞翔的能力、手段或快速）；（剖）翼状部，翼状结构，翅状部；（植）翼瓣，翅，气囊；侧翼部队；一群鸻（鸟）；（冰球、足球等运动中的）边锋，侧翼队员；v. 飞，飞行；被迅速送往；擦伤（尤指手臂或翅膀）；用力扔（某物）；射伤（鸟的）翅膀；【名】 （Wing）（英、印尼）温（人名）,"Mead calls the group ""rabidly right-wing.""　米德把该团体称为“激进右翼团体”。"
4066,governments,P4,W31–W40,释义待核实，不进入核心练习,ˈɡʌvɚmənts,释义待核实，不计入核心练习,
4067,purchasing,P4,W31–W40,释义待核实，不进入核心练习,ˈpɝtʃəsɪŋ,释义待核实，不计入核心练习,
4068,scripts,P4,W31–W40,释义待核实，不进入核心练习,ˈskrɪpts,释义待核实，不计入核心练习,
4069,abc,P4,W31–W40,释义待核实，不进入核心练习,ˈeɪˌbiˌsi,释义待核实，不计入核心练习,
4070,stereo,P4,W31–W40,,ˈstɛriˌoʊ,n. 立体声，立体声效果；立体声音响设备（器材）；（摄影）立体视镜；（印刷）铅版（stereotype 的简称）；adj. 立体声的（stereophonic 的简称）；立体的，体视镜的，有立体感觉的（stereoscopic 的简称）,He put some jazz on the stereo.　他用立体声音响播放了一点爵士乐。
4071,appointed,P4,W31–W40,释义待核实，不进入核心练习,əˈpɔɪntɪd,释义待核实，不计入核心练习,
4072,taste,P4,W31–W40,,ˈteɪst,n. 味道，滋味；味觉；爱好，兴趣；（个人）喜欢的事物（tastes）；鉴赏力，品味；体验，尝试；（某段经历造成的）感觉，感受；（用来品尝的）一点儿，少量，一口；（用于短语，表示某人的言行举止等）得当，不得当；v. 尝起来；尝出……的味道；尝，品尝；（短暂地）体验，领略，经历；意识到，感觉到；【名】 （Taste）（法）塔斯特（人名）,The salads taste too vinegary.　这色拉的味道太酸了。
4073,dealing,P4,W31–W40,释义待核实，不进入核心练习,ˈdilɪŋ,释义待核实，不计入核心练习,
4074,commit,P4,W31–W40,,kəˈmɪt,v. 犯（罪、错）；调拨，投入；（使）承诺，承担义务；郑重承诺，忠于；把……关进医院（监狱），监禁；传唤（某人）到法院受审；订婚，决定与（某人）保持长期感情；把……托付给,He won't commit.　他不会承诺。
4075,tiny,P4,W31–W40,,ˈtaɪni,adj. 极小的，微小的；n. <非正式>幼童；【名】 （Tiny）（葡、印）蒂尼（人名）,The living room is tiny.　这间起居室极小。
4076,operational,P4,W31–W40,,ˌɑpɚˈeɪʃənəl,adj. （机器、设备等）正常运转的，可使用的；操作的，运营的，业务的；军事行动的；操作论的，操作主义的,The new airport is now fully operational.　新机场现在可全面投入运营。
4077,rail,P4,W31–W40,,ˈreɪl,n. 铁路系统；铁轨，轨道；栏杆，扶手；（挂物用的）横杆；（赛马或赛狗场的）围栏；（镶板门或上下推拉窗的）横档，冒头；冲浪板（或帆板的）边缘；（电子）定电位导体轨；秧鸡；v. 用栏杆把……围起，把……隔开；<正式>谴责，抱怨；由铁路运送（货物）；（风帆冲浪用语）斜板滑行,"Raw materials and labour come by ship , rail or road.　从水上、铁路和公路运来原料和工人。"
4078,airlines,P4,W31–W40,释义待核实，不进入核心练习,ˈɛrˌlaɪnz,释义待核实，不计入核心练习,
4079,liberal,P4,W31–W40,,ˈlɪˌbɝəl,adj. 思想开明的；自由主义的，支持变革的；（加拿大、英国等国）自由党的；慷慨的，大量给予的；通识（教育）的，文科的；不确切的，不拘泥字面的；自由主义神学的；n. 思想开明的人；自由主义者，支持变革的人；（加拿大、英国等国的）自由党党员，自由党支持者；【名】 （Liberal）（葡）利贝拉尔（人名）,I'm not a bleeding heart liberal.　我不是一个假装同情只说不做的自由主义者。
4080,livecam,P4,W31–W40,释义待核实，不进入核心练习,,释义待核实，不计入核心练习,
4081,jay,P4,W31–W40,释义待核实，不进入核心练习,ˈdʒeɪ,释义待核实，不计入核心练习,
4082,trips,P4,W31–W40,释义待核实，不进入核心练习,ˈtrɪps,释义待核实，不计入核心练习,
4083,gap,P4,W31–W40,,ˈɡæp,n. 缝隙，缺口；（时间上的）间隔；空白，缺漏；隔阂，差距,His death left an enormous gap in my life.　他去世给我的生活留下巨大的空白。
4084,sides,P4,W31–W40,释义待核实，不进入核心练习,ˈsaɪdz,释义待核实，不计入核心练习,
4085,tube,P4,W31–W40,,ˈtub,n. （金属、塑料、玻璃等材料制的）管，管子；管状物；（装柔软物质的）软管；管状器官；<英>（伦敦）地铁；<美>电视机（the tube）；紧身女衣；<澳，非正式>一听（或一罐）啤酒；阴极射线管，电视显像管；<美>热离子管；（散浪头下的）空心浪；<非正式>香烟；v. 用管道运输；<英，非正式>乘地铁；使成管状；玩内胎漂流；<非正式>（给做过喉剖开术的人或动物）插管（以助呼吸）,I work in the extruded tube business.　我在挤压管行业工作。
4086,turns,P4,W31–W40,释义待核实，不进入核心练习,ˈtɝnz,释义待核实，不计入核心练习,
4087,corresponding,P4,W31–W40,,ˌkɔrəˈspɑndɪŋ,adj. 相应的，相关的；v. 类似于，相当于；通信；相一致，符合（correspond 的现在分词形式）,I have been corresponding with several experts in the field.　我一直与这个领域的几位专家保持通信。
4088,descriptions,P4,W31–W40,释义待核实，不进入核心练习,dɪˈskrɪpʃənz,释义待核实，不计入核心练习,
4089,cache,P4,W31–W40,释义待核实，不进入核心练习,ˈkæʃ,释义待核实，不计入核心练习,
4090,belt,P4,W31–W40,,ˈbɛlt,n. 腰带，皮带；传送带；地带；v. 用腰带系紧；狠打，猛击；（尤指出于惩罚用皮带）抽打，打击（某人）；<非正式>飞驰；【名】 （Belt）（英、法、德、西）贝尔特（人名）,Was she wearing a seat belt?　她系着座椅安全带吗？
4091,jacket,P4,W31–W40,,ˈdʒækət,n. 夹克衫，短上衣；书皮，护封；<英> 马铃薯皮；（机器或设备的）绝热罩，隔离罩；碟片套；（海上采油平台的）支架；v. 给……装护套；给……穿短上衣；<非正式>打,I'll take the grey jacket.　我要那件灰色夹克衫。
4092,determination,P4,W31–W40,,dɪˌtɝməˈneɪʃən,n. 决心，坚定；决定，裁定；测定，确定；<法律>（财产权、利息的）终止,Her determination never wavered.　她的决心从未动摇过。
4093,animation,P4,W31–W40,,ˌænəˈmeɪʃən,n. 活力，生气，热烈；动画片，动画游戏；动画制作,The films are a mix of animation and full-length features.　这些电影是动画和情节长片的混合体。
4094,oracle,P4,W31–W40,,ˈɔrəkəl,n. （古希腊传达神谕的）牧师，女祭司；（古希腊）神示所；神谕，神示；能提供宝贵信息的人（或书）；预言机,They consulted the oracle at Delphi.　他们在德尔斐神示所向神请示。
4095,er,P4,W31–W40,释义待核实，不进入核心练习,ɚ,释义待核实，不计入核心练习,
4096,matthew,P4,W31–W40,释义待核实，不进入核心练习,ˈmæθju,释义待核实，不计入核心练习,
4097,lease,P4,W31–W40,,ˈlis,n. 租约，租契；v. 出租，租用,They lease the land from a local farmer.　他们从当地一位农场主手中租得这块土地。
4098,productions,P4,W31–W40,释义待核实，不进入核心练习,prəˈdʌkʃənz,释义待核实，不计入核心练习,
4099,aviation,P4,W31–W40,,ˌeɪviˈeɪʃən,n. 航空，飞行（术）；航空工业，飞机工业,The man had genius and had made his mark in the aviation world.　那位男士拥有天赋，而且在航空界已经成名。
4100,hobbies,P4,W31–W40,释义待核实，不进入核心练习,ˈhɑbiz,释义待核实，不计入核心练习,
4101,proud,P4,W31–W40,,ˈpraʊd,adj. 自豪的，得意的；令人自豪的；傲慢的，自负的；自尊的，自重的；秀丽的，壮观的；凸出的，隆起的；（肌肉）愈合伤口四周赘生的；（动物）有力量的，精力充沛的；【名】 （Proud）（英）普劳德（人名）,I'm proud of my Italian roots.　我为我的意大利血统感到骄傲。
4102,excess,P4,W31–W40,,ˈɛkˌsɛs,n. 超过，过量；越轨行为，暴行；无节制，无度；（保险中的）免赔额；adj. 过多的，超额的；额外的，附加的,Excess food is stored as fat.　多余的食物作为脂肪贮存起来。
4103,disaster,P4,W31–W40,,dɪˈzæstɚ,n. 灾难，灾害；祸患，灾难性事物；彻底的失败,A disaster was narrowly averted.　及时防止了一场灾难。
4104,console,P4,W31–W40,,ˈkɑnsoʊl,vt. 安慰；慰藉；n. 控制台，仪表盘；电视机（或收音机）柜；风琴的操作部分；（带装饰的）支架，支托；【名】 （Console）（意、罗）孔索莱（人名）,I can console myself with the fact that I'm not alone.　我可以用不只我一个人的这种事实来安慰自己。
4105,commands,P4,W31–W40,释义待核实，不进入核心练习,kəˈmændz,释义待核实，不计入核心练习,
4106,jr,P4,W31–W40,释义待核实，不进入核心练习,ˈdʒunjɚ,释义待核实，不计入核心练习,
4107,telecommunications,P4,W31–W40,,ˌtɛləkəmˌjunəˈkeɪʃənz,n. 电信，电讯,The news gave a fillip to the telecommunications sector.　这个消息给电信部门注了一剂强心针。
4108,instructor,P4,W31–W40,释义待核实，不进入核心练习,ˌɪnˈstrʌktɚ,释义待核实，不计入核心练习,
4109,giant,P4,W31–W40,,ˈdʒaɪənt,n. （传说中的）巨人；高大健壮的人；巨兽，巨型植物；大公司，大国；卓越人物，伟人；（天文）巨星；adj. 巨大的，伟大的,He's a giant of a man.　他是个巨人。
4110,achieved,P4,W31–W40,释义待核实，不进入核心练习,əˈtʃivd,释义待核实，不计入核心练习,
4111,injuries,P4,W31–W40,释义待核实，不进入核心练习,ˈɪndʒɚiz,释义待核实，不计入核心练习,
4112,shipped,P4,W31–W40,释义待核实，不进入核心练习,ˈʃɪpt,释义待核实，不计入核心练习,
4113,seats,P4,W31–W40,释义待核实，不进入核心练习,ˈsits,释义待核实，不计入核心练习,
4114,approaches,P4,W31–W40,释义待核实，不进入核心练习,əˈproʊtʃəz,释义待核实，不计入核心练习,
4115,biz,P4,W31–W40,释义待核实，不进入核心练习,ˈbɪz,释义待核实，不计入核心练习,
4116,alarm,P4,W31–W40,,əˈlɑrm,n. 警报；警报器；闹钟；惊恐，担忧；v. 使不安，使恐慌；给（门等）安装警报器,An alarm bell went off.　警钟响了。
4117,voltage,P4,W31–W40,,ˈvoʊltədʒ,n. 电压，伏特数,The current lags behind the voltage.　电流滞后于电压。
4118,anthony,P4,W31–W40,释义待核实，不进入核心练习,ˈænθəni,释义待核实，不计入核心练习,
4119,nintendo,P4,W31–W40,释义待核实，不进入核心练习,nɪnˈtɛndoʊ,释义待核实，不计入核心练习,
4120,usual,P4,W31–W40,,ˈjuʒəwəl,adj. 通常的，惯常的；n. 常事（the usual）；<非正式>常喝的饮料（尤指酒）（the usual）,He came home later than usual.　他回家比平时晚了些。
4121,loading,P4,W31–W40,释义待核实，不进入核心练习,ˈloʊdɪŋ,释义待核实，不计入核心练习,
4122,stamps,P4,W31–W40,释义待核实，不进入核心练习,ˈstæmps,释义待核实，不计入核心练习,
4123,appeared,P4,W31–W40,释义待核实，不进入核心练习,əˈpɪrd,释义待核实，不计入核心练习,
4124,franklin,P4,W31–W40,释义待核实，不进入核心练习,ˈfræŋklɪn,释义待核实，不计入核心练习,
4125,angle,P4,W31–W40,,ˈæŋɡəl,n. 盎格鲁人；n. 盎格鲁人,An iron bar stuck out at an angle.　一根铁条成一定角度地突出来。
4126,rob,P4,W31–W40,,ˈrɑb,v. 抢劫，盗取；使丧失，剥夺；<英>（足球）夺（对手）的球；<非正式> 敲……竹杠,She turned to Rob for solace.　她到罗布那儿寻求慰藉。
4127,vinyl,P4,W31–W40,释义待核实，不进入核心练习,ˈvaɪnəl,释义待核实，不计入核心练习,
4128,highlights,P4,W31–W40,释义待核实，不进入核心练习,ˈhaɪˌlaɪts,释义待核实，不计入核心练习,
4129,mining,P4,W31–W40,,ˈmaɪnɪŋ,n. 采矿，采矿业,They were mining for gold.　他们在开采黄金。
4130,designers,P4,W31–W40,释义待核实，不进入核心练习,dɪˈzaɪnɚz,释义待核实，不计入核心练习,
4131,melbourne,P4,W31–W40,释义待核实，不进入核心练习,ˈmɛlbɚn,释义待核实，不计入核心练习,
4132,ongoing,P4,W31–W40,,ˈɑnˌɡoʊɪŋ,adj. 持续存在的，仍在进行的，不断发展的,The police investigation is ongoing.　警方的调查在持续进行中。
4133,worst,P4,W31–W40,,ˈwɝst,adj. 最差的，最糟的，最严重的；adv. 最差地，最糟地，最严重地；n. 最坏的人（或事），最糟的情况,Nikolai's English was much the worst.　尼柯莱的英语糟糕透了。
4134,imaging,P4,W31–W40,释义待核实，不进入核心练习,ˈɪmɪdʒɪŋ,释义待核实，不计入核心练习,
4135,betting,P4,W31–W40,,ˈbɛtɪŋ,n. 打赌，赌博；赛马赌注登记人提供的投注赔率；v. 打赌，赌博；（非正式）敢说，断言（bet 的现在分词）,The betting is that he'll get his own way.　他很可能会得逞。
4136,scientists,P4,W31–W40,释义待核实，不进入核心练习,ˈsaɪəntɪsts,释义待核实，不计入核心练习,
4137,liberty,P4,W31–W40,,ˈlɪbɚˌti,n. 自由，自由权；（某种）合法权利；冒犯行为（或言语），失礼；意志自由，选择自由；<非正式> 自以为是的言语，专断的行动；（水手的）上岸休假；【名】 （Liberty）（英）利伯蒂（人名）,You are at liberty to say what you like.　你尽可畅所欲言。
4138,wyoming,P4,W31–W40,释义待核实，不进入核心练习,ˌwaɪˈoʊmɪŋ,释义待核实，不计入核心练习,
4139,blackjack,P4,W31–W40,释义待核实，不进入核心练习,ˈblækˌdʒæk,释义待核实，不计入核心练习,
4140,argentina,P4,W31–W40,释义待核实，不进入核心练习,ˌɑrdʒənˈtinə,释义待核实，不计入核心练习,
4141,era,P4,W31–W40,,ˈɛrə,n. 时代，年代，纪元；【名】 （Era）（意、芬、印）埃拉（人名）,It's the end of an era.　这是一个时代的终结。
4142,convert,P4,W31–W40,,ˈkɑnvɚt,v. （使）转变，（使）转换；（使）改变信仰，（使）皈依；（达阵后）得附加分；使……迷上，使……热衷于；n. 皈依宗教者，改变信仰者；刚迷上……的人，最近开始热衷于……的人；【名】 （Convert）（法）孔韦尔（人名）,"She, too, was a convert to Roman Catholicism.　她也改信罗马天主教了。"
4143,possibility,P4,W31–W40,,ˌpɑsəˈbɪləˌti,n. 可能，可能性；可能的选项，可能的途径；发展前景，潜能；可能发生的事；机会，契机,It's a theoretical possibility.　这是理论上存在的可能性。
4144,analyst,P4,W31–W40,,ˈænəlɪst,n. 分析者，化验员；心理分析师,My analyst warned me that I liked married men too much.　我的心理分析师警告过我太喜欢已婚男人。
4145,commissioner,P4,W31–W40,,kəˈmɪʃənɚ,n. （政府部门的）首长，长官；（委员会的）委员，专员；警察局局长；〈北美〉体育组织的行政管理人，干事,The implication of the question is that a more curious commissioner would have found a way to get the tape.　这个问题意味着，更具有好奇心的委员会想出办法拿到录音带。
4146,dangerous,P4,W31–W40,,ˈdeɪndʒɚəs,adj. 危险的，有威胁的,The man is armed and dangerous.　这个男子有枪，是个危险分子。
4147,garage,P4,W31–W40,,ɡɚˈɑʒ,n. 车库；加油站，汽车修理厂；车库音乐；v. 把……送入车库（或修车厂）；【名】 （Garage）（阿拉伯）贾拉杰（人名）,Tim climbed on to the garage roof.　蒂姆爬到车库的房顶上。
4148,exciting,P4,W31–W40,,ɪkˈsaɪtɪŋ,adj. 令人兴奋的，令人激动的；惊险刺激的（尤指无法预知下一步将发生什么）；v. 使兴奋，使激动；激发，引起（excite 的现在分词形式）,"""Golly,"" he says, ""Isn't it exciting!""　他说，“天哪！这真是太令人兴奋了！”"
4149,reliability,P4,W31–W40,,riˌlaɪəˈbɪləti,n. 可靠性；可信度,The incident cast doubt on her motives and reliability.　这件事使人怀疑她有何动机，以及她是否可靠。
4150,thongs,P4,W31–W40,释义待核实，不进入核心练习,,释义待核实，不计入核心练习,
4151,gcc,P4,W31–W40,释义待核实，不进入核心练习,,释义待核实，不计入核心练习,
4152,unfortunately,P4,W31–W40,,ənˈfɔrtʃənətli,adv. 不幸地，遗憾地；<正式>不恰当地，不合适地,"I can't make it, unfortunately.　很遗憾，我来不及。"
4153,respectively,P4,W31–W40,,rɪˈspɛktɪvli,adv. 分别地，依次地,Their sons were three and six respectively.　他们的儿子们分别是3岁和6岁。
4154,volunteers,P4,W31–W40,释义待核实，不进入核心练习,ˌvɑlənˈtɪrz,释义待核实，不计入核心练习,
4155,attachment,P4,W31–W40,,əˈtætʃmənt,n. 附加设备，附属物；（邮件）附件；文件附件；喜欢，依恋；（临时的）隶属，委派；信念，拥护；连接，连接物；扣押,"For simplicity, use only one attachment for our test.　为方便起见，我们的测试仅使用一个附件。"
4156,ringtone,P4,W31–W40,,ˈrɪŋˌtoʊn,n. 手机铃声【搭配】cell phone ringtone 手机铃声；n. 铃声，手机铃声,Find the song that you want to make into a ringtone.　选一首你要制作铃声的歌曲。
4157,finland,P4,W31–W40,释义待核实，不进入核心练习,ˈfɪnˌlænd,释义待核实，不计入核心练习,
4158,morgan,P4,W31–W40,释义待核实，不进入核心练习,ˈmɔrɡən,释义待核实，不计入核心练习,
4159,derived,P4,W31–W40,释义待核实，不进入核心练习,dɚˈaɪvd,释义待核实，不计入核心练习,
4160,pleasure,P4,W31–W40,,ˈplɛʒɚ,n. 快乐，满足，欣慰；乐事，趣事；（尤指工作、职责之外的）娱乐，消遣；adj. 游乐的，非公务的；v. 从……中获得乐趣；（使）高兴,He agreed with obvious pleasure.　他同意了，显然很高兴。
4161,honor,P4,W31–W40,,ˈɑnɚ,n. 荣誉；信用；头衔；vt. 尊敬（等于 honour）；给……以荣誉,Japan never had that honor.　日本从来没有过这样的荣誉。
4162,asp,P4,W31–W40,释义待核实，不进入核心练习,ˈæsp,释义待核实，不计入核心练习,
4163,oriented,P4,W31–W40,,ˈɔriˌɛntəd,adj. 以……为方向的，重视……的（=orientated）；v. 朝向，面对，使适合；定向放置（某物）；使熟悉，帮助适应（orient 的过去式和过去分词）,Our whole programme is spiritually oriented but not religious.　我们的整个节目以精神而不是宗教为导向。
4164,eagle,P4,W31–W40,,ˈiɡəl,n. 鹰，雕；鹰击（比标准杆少打两杆）；（尤指作为美国标志的，或曾作罗马和法国军旗的）鹰状图形；<美>（曾在美国通行的价值10美元的）鹰徽金币；v. （高尔夫）在（某洞）上打出老鹰球；【名】 （Eagle）伊格尔（人名）,An eagle circled high overhead.　一只鹰在头顶上空盘旋。
4165,desktops,P4,W31–W40,释义待核实，不进入核心练习,ˈdɛskˌtɑps,释义待核实，不计入核心练习,
4166,pants,P4,W31–W40,,ˈpænts,n. <美> 裤子；<英> 内裤，短裤；<英，非正式> 废物，劣质品；adj. <英，非正式>无价值的，低劣的；裤子的；v. 气喘，喘息；喘着气说；渴望（pant 的第三人称单数形式）,"Ted, did you poop in your pants?　泰德，你是不是拉在裤子里了？"
4167,columbus,P4,W31–W40,释义待核实，不进入核心练习,kəˈlʌmbəs,释义待核实，不计入核心练习,
4168,nurse,P4,W31–W40,,ˈnɝs,n. 护士；<旧>保姆，奶妈；保育虫；（保护其他作物的）防护作物；沙锥齿鲨；v. 看护，照料；细心打理；调养，调治；喂奶，哺乳；吃奶；怀有；慢慢地喝；爱惜地搂抱；<旧>（在某种特定条件下）被抚养长大；（台球，斯诺克）聚球，使球互相靠拢；【名】 （Nurse）（美、爱）纳斯（人名）,The nurse cleaned the wound.　护士清洗了伤口。
4169,prayer,P4,W31–W40,,ˈprɛr,n. 祷文，祷词；祈祷，祷告；祈祷仪式，祈祷会（prayers）；愿望，祈望；极小的机会，极小的可能性,They knelt in prayer.　他们跪下祈祷。
4170,appointment,P4,W31–W40,,əˈpɔɪntmənt,n. 约会，约定；任命，委派；职务，职位；家具，陈设,The appointment is at 3 p.m.　约会定于下午3点。
4171,workshops,P4,W31–W40,释义待核实，不进入核心练习,ˈwɝkˌʃɑps,释义待核实，不计入核心练习,
4172,hurricane,P4,W31–W40,,ˈhɝəˌkeɪn,n. 飓风；爆发,Sometimes a nor'easter can be worse than a hurricane.　一场东北风暴有时比一次飓风还糟糕。
4173,quiet,P4,W31–W40,,ˈkwaɪət,adj. 轻声的，安静的；不出声的；沉默寡言的，文静的；寂静的，平静的；不受打扰的，悠然的；（感情）不外露的，不张扬的；秘密的，私下的；（颜色、服饰）素净的，朴素大方的；清淡的；n. 安静，静谧；v. <美>（使）平静，安静；<美>消除，减轻（恐惧），平息（抱怨）,It's been quiet so far.　到目前为止还是安静的。
4174,luck,P4,W31–W40,,ˈlʌk,n. 幸运，好运；机遇，运气；成功；v. <非正式>凑巧碰上；<美，非正式>靠运气成功；【名】 （Luck）（英）勒克，（法）吕克，（德、瑞典）卢克（人名）,Isn't that a piece of luck ?　那难道不是有点运气？
4175,postage,P4,W31–W40,,ˈpoʊstədʒ,n. 邮资，邮费；一定面额的邮票；邮寄，邮递,For foreign orders postage is extra.　对于国外订单，邮资是另计的。
4176,producer,P4,W31–W40,,prəˈdusɚ,n. 生产者制造商，生产公司（国）；（人或物）造成者，生产者；（电影、广播戏剧、歌剧等的）制片主任，监制人；（音乐录音的）监制人；发生器,Libya is a major oil producer.　利比亚是主要石油生产国之一。
4177,represented,P4,W31–W40,释义待核实，不进入核心练习,ˌrɛprɪˈzɛntɪd,释义待核实，不计入核心练习,
4178,mortgages,P4,W31–W40,释义待核实，不进入核心练习,ˈmɔrɡədʒəz,释义待核实，不计入核心练习,
4179,dial,P4,W31–W40,,ˈdaɪəl,v. 拨号；n. 钟面，仪表盘；调节器；（老式电话机的）拨号盘；<英，非正式>（人的）脸；【名】 （Dial）（英）戴尔（人名）,I can't get a dial tone on this phone.　我在这部电话上听不到拨号音。
4180,responsibilities,P4,W31–W40,释义待核实，不进入核心练习,riˌspɑnsəˈbɪlətiz,释义待核实，不计入核心练习,
4181,cheese,P4,W31–W40,,ˈtʃiz,n. 干酪，奶酪；（拍照时让人微笑的用语）笑一笑；大人物，大亨；截然不同；（表示不同情）抱歉啦，真倒霉；带皮的乳酪块；<英>（黏稠度像乳酪的）膏，酱；原装乳酪样的扁圆物（如九柱戏等游戏中使用的木圆盘）；<非正式>过分的温情；v. <英，非正式>激怒，使厌烦；停止,There's mould on the cheese.　干酪发霉了。
4182,comic,P4,W31–W40,,ˈkɑmɪk,adj. 滑稽的，好笑的；喜剧的；n. 喜剧演员；连环漫画,Grodin is a fine comic actor.　格罗丁是一位好的滑稽演员。
4183,carefully,P4,W31–W40,,ˈkɛrfəli,adv. 小心地，仔细地,He carefully knotted his tie.　他仔细地打着领带。
4184,jet,P4,W31–W40,,ˈdʒɛt,n. 喷气式飞机；喷射流；煤玉，黑玉；喷嘴，喷射口；v. 乘喷气式飞机旅行；喷射,He had arrived from Key West by jet.　他已乘喷气式飞机从基韦斯特来了。
4185,productivity,P4,W31–W40,,ˌproʊdəkˈtɪvəti,n. 生产率，生产力,We need to increase productivity.　我们需要提高生产力。
4186,investors,P4,W31–W40,释义待核实，不进入核心练习,ˌɪnˈvɛstɚz,释义待核实，不计入核心练习,
4187,crown,P4,W31–W40,,ˈkraʊn,n. 王冠，冕；王位，王权（the crown）；王国政府，王国（the Crown）；冠军宝座，桂冠；头顶，帽顶；顶部；5先令的英国旧币；（受损牙齿的）人造冠；v. 为……加冕，立……为王；形成……顶部，给……加顶；使圆满，使完美；（在牙齿上）镶人造冠；<非正式>打……的头部；（分娩时胎儿的头）露顶；【名】 （Crown）（英）克朗（人名）,She is determined to retain her Wimbledon crown.　她决心卫冕她的温布尔登网球赛的冠军宝座。
4188,par,P4,W31–W40,释义待核实，不进入核心练习,ˈpɑr,释义待核实，不计入核心练习,
4189,underground,P4,W31–W40,,ˈʌndɚˌɡraʊnd,adv. 在地（面）下；；隐蔽地，隐匿地；在地（面）下；adj. 地（面）下的；秘密的，地下的；标新立异的，小众的；v. 铺（电缆）于地下；；铺（电缆）于地下,I always travel by underground.　我总是乘地铁。
4190,diagnosis,P4,W31–W40,,ˌdaɪəɡˈnoʊsəs,n. 诊断，判断,They are waiting for the doctor's diagnosis.　他们正在等待医生的诊断结论。
4191,maker,P4,W31–W40,释义待核实，不进入核心练习,ˈmeɪkɚ,释义待核实，不计入核心练习,
4192,crack,P4,W31–W40,,ˈkræk,v. 破裂，裂开；崩溃，垮掉；砸开，砸碎；破译，解决；重击，猛击；（使）发出爆裂声，劈啪作响；（嗓音）变嘶哑；说（笑话），开（玩笑）；阻止，打击；开瓶，（尤指）开瓶饮酒；使（碳氢化合物）裂化；n. 裂缝，裂纹；缝隙，窄缝；瑕疵，缺点；爆裂声，噼啪声；尝试，试图；破解信息，破解码；俏皮话，粗鲁的话；重击，猛击；好时光，友好愉快的交谈；嗓音变哑；强效可卡因；<非正式>股沟；adj. 优秀的，训练有素的,The ice started to crack.　冰开始裂了。
4193,principle,P4,W31–W40,,ˈprɪnsəpəl,n. （行为）准则，（道德）原则；道义，正直；基本原则，基本法则；（机器等或自然界的）原理，定律；（宗教或政治的）主义，信条；起源，本原；本质，实质；（化）成分，要素,It's not just a matter of principle.　这不仅仅是个原则问题。
4194,picks,P4,W31–W40,释义待核实，不进入核心练习,ˈpɪks,释义待核实，不计入核心练习,
4195,vacations,P4,W31–W40,释义待核实，不进入核心练习,veɪˈkeɪʃənz,释义待核实，不计入核心练习,
4196,gang,P4,W31–W40,,ˈɡæŋ,n. （青少年的）帮派，团伙；犯罪团伙；一群（体力劳动者）；<非正式>一伙（常聚会的朋友）；（安装在一起的）一套开关，插座（或其他电气、机械装置）；v. 成群，结伙；将（电气设备或机器）连接，编组；【名】 （Gang）（英）甘，（法）冈，（罗）甘格（人名）,Police suspect a local gang.　警方怀疑当地的一个不良帮派。
4197,semester,P4,W31–W40,,səˈmɛstɚ,n. 学期，半学年,Do you think you'll pledge this semester?　这学期你想加入大学生联谊会吗？
4198,calculated,P4,W31–W40,释义待核实，不进入核心练习,ˈkælkjəˌleɪtɪd,释义待核实，不计入核心练习,
4199,applies,P4,W31–W40,释义待核实，不进入核心练习,əˈplaɪz,释义待核实，不计入核心练习,
4200,casinos,P4,W31–W40,释义待核实，不进入核心练习,kəˈsinoʊz,释义待核实，不计入核心练习,
4201,appearance,P4,W31–W40,,əˈpɪrəns,n. 露面，演出；出庭，到场；外表，外观；表面现象，假象；出现；起源，问世；表现；出版，广播,Don't be fooled by his appearance.　不要被他的外表所蒙蔽。
4202,smoke,P4,W31–W40,,ˈsmoʊk,n. （燃烧所产生的）烟，烟雾；吸烟，抽烟；<非正式>（抽的）香烟，（吸的）毒品； <英，非正式>（伦敦之类的）大城市（the Smoke）；无常的事物；v. 吸烟，吸毒品；（作为习惯）抽烟；冒烟，冒气；用烟熏制；（战斗或竞赛中）彻底击败；<美，非正式>开枪杀死（某人）；<美，非正式>用力快击（球）；弥漫,Someone came out for a smoke.　有人为了吸烟而出来了。
4203,apache,P4,W31–W40,释义待核实，不进入核心练习,əˈpætʃi,释义待核实，不计入核心练习,
4204,filters,P4,W31–W40,释义待核实，不进入核心练习,ˈfɪltɚz,释义待核实，不计入核心练习,
4205,incorporated,P4,W31–W40,释义待核实，不进入核心练习,ˌɪnˈkɔrpɚˌeɪtɪd,释义待核实，不计入核心练习,
4206,nv,P4,W31–W40,释义待核实，不进入核心练习,,释义待核实，不计入核心练习,
4207,craft,P4,W31–W40,,ˈkræft,n. 工艺，手艺；船，艇，飞行器；诡计，骗术；行业，职业；手工艺品；v. 精心制作；【名】 （Craft）（英、德、罗）克拉夫特（人名）,I'll just learn this craft.　我就学那个手艺了。
4208,cake,P4,W31–W40,,ˈkeɪk,n. 饼状食物，饼；块，小块；<非正式>轻而易举的事；钱或资产总额；蛋糕；v. （用会变干的东西厚厚地）覆盖；（干后）结成硬块；【名】 （Cake）（英）凯克，（塞）察凯（人名）,This cake is very filling.　这种饼很能填饱肚子。
4209,notebooks,P4,W31–W40,释义待核实，不进入核心练习,ˈnoʊtˌbʊks,释义待核实，不计入核心练习,
4210,apart,P4,W31–W40,,əˈpɑrt,adv. （空间或时间）相隔，相距；拆开，成碎片；解体，崩溃；分开，分离；与众不同地，独特地；除了……外；远远地；adj. 意见不一致的，有分歧的；分开的；与众不同的,The dogs tore the fox apart.　几条狗把那只狐狸撕成了碎片。
4211,fellow,P4,W31–W40,,ˈfɛloʊ,n. 小伙子，家伙；同伴，同事，同学；研究员；男朋友；（研究期间领取津贴的）研究生；<英>（大学的）董事；（学术或专业团体）会员；对等者，对手；adj. 同类的，同伴的；【名】 （Fellow）（美、英、印）费洛（人名）,He's a nice old fellow.　他这位老兄人不错。
4212,blind,P4,W31–W40,,ˈblaɪnd,adj. 失明的，盲的；未察觉的，视而不见的；未加思考的，莫名的（形容感情强烈）；（拐角）看不见的，隐蔽的；无窗的，无门的；（行动）未掌握一定信息的；<英，非正式>丝毫的，一丁点儿的；盲飞的；（植物）无芽的，无顶生花的；v. 使变瞎，使失明；使眼花，使目眩；蒙蔽，使无辨别力；n. 窗帘，（尤指）卷帘；<美>（狩猎时的）埋伏处，伏击处；借口，幌子,He was a teacher of the blind.　他过去是位教盲人的老师。
4213,lounge,P4,W31–W40,,ˈlaʊndʒ,n. （机场等的）等候室；（旅馆、俱乐部等的）休息室；（私宅中的）起居室，客厅；<英>休闲，游荡；<美>躺椅，沙发；<英>雅座酒吧；<美>鸡尾酒酒吧；v. 懒洋洋地站（或坐、躺）着；<英>百无聊赖地消磨（打发）时间,"He appeared in the lounge brandishing a knife.　他出现在休息室,挥舞着一把刀。"
4214,mad,P4,W31–W40,,ˈmæd,adj. 生气的，气愤的；极愚蠢的，很不明智的；混乱的，失控的；疯癫的，患精神病的；狂热的，着迷的,He's mad about you.　他对你疯迷。
4215,algorithm,P4,W31–W40,释义待核实，不进入核心练习,ˈælɡɚˌɪðəm,释义待核实，不计入核心练习,
4216,semi,P4,W31–W40,释义待核实，不进入核心练习,ˈsɛmi,释义待核实，不计入核心练习,
4217,coins,P4,W31–W40,释义待核实，不进入核心练习,ˈkɔɪnz,释义待核实，不计入核心练习,
4218,andy,P4,W31–W40,释义待核实，不进入核心练习,ˈændi,释义待核实，不计入核心练习,
4219,gross,P4,W31–W40,,ˈɡroʊs,adj. 总的，毛的；严重的，极端的；粗鲁的；肥胖难看的，臃肿的；大范围的，粗略的；（高尔夫球的得分）实际所得的；明显的；让人恶心的；adv. 总共，全部；v. 总共赚得,They eat flies? What a gross-out!　他们吃苍蝇？真恶心！
4220,strongly,P4,W31–W40,,ˈstrɔŋli,adv. 坚定地；强有力地；强烈地（说服）；（气味）浓重地,I would strongly advise against it.　我会强烈建议不要这样做。
4221,cafe,P4,W31–W40,,kəˈfeɪ,n. 咖啡馆；小餐馆,Music blares out from every cafe.　每一间咖啡馆都传出刺耳的音乐声。
4222,valentine,P4,W31–W40,,ˈvælənˌtaɪn,n. 情人节贺卡，情人节礼物；（情人节向其赠送礼物的）情人,Will you be my valentine?　你愿意当我的情人吗？
4223,hilton,P4,W31–W40,释义待核实，不进入核心练习,ˈhɪltən,释义待核实，不计入核心练习,
4224,ken,P4,W31–W40,释义待核实，不进入核心练习,ˈkɛn,释义待核实，不计入核心练习,
4225,proteins,P4,W31–W40,释义待核实，不进入核心练习,ˈproʊˌtinz,释义待核实，不计入核心练习,
4226,horror,P4,W31–W40,,ˈhɔrɚ,n. 震惊，恐惧；惧怕，憎恶；恐怖性；极其不愉快的（或可怕的）经历；恐怖故事（或电影等）；<非正式>调皮捣蛋的孩子,It's a spoof on horror movies.　这是对恐怖片的滑稽模仿。
4227,su,P4,W31–W40,释义待核实，不进入核心练习,ˈsu,释义待核实，不计入核心练习,
4228,exp,P4,W31–W40,释义待核实，不进入核心练习,,释义待核实，不计入核心练习,
4229,familiar,P4,W31–W40,,fəˈmɪljɚ,adj. 熟悉的；常见的，普通的；非正式的，随和的；过分亲密的，随便的；n. （与女巫共居的）妖精；知交，密友；（在教皇或主教家服务的）仆人；【名】 （Familiar）（西）法米利亚尔（人名）,The town was weirdly familiar.　这个城镇怪面熟的。
4230,capable,P4,W31–W40,,ˈkeɪpəbəl,adj. 有能力的；有本领的，能干的；可以……的，容许……的,She's a very capable speaker.　她是一个非常有能力的演说者。
4231,douglas,P4,W31–W40,释义待核实，不进入核心练习,ˈdʌɡləs,释义待核实，不计入核心练习,
4232,debian,P4,W31–W40,释义待核实，不进入核心练习,ˈdɛˌbiən,释义待核实，不计入核心练习,
4233,till,P4,W31–W40,,ˈtɪl,prep. 直到，到……为止；<苏格兰>向，朝；conj. 直到，到……为止；n. （商店等处的）现金出纳机，收银机；<英，非正式>（大商店中的）交款处，收银枱；（商店或银行）放钱的抽屉，收银盒；（地质）冰碛（物）,We're open till 6 o'clock.　我们营业到6点钟。
4234,involving,P4,W31–W40,释义待核实，不进入核心练习,ˌɪnˈvɑlvɪŋ,释义待核实，不计入核心练习,
4235,pen,P4,W31–W40,,ˈpɛn,n. 笔，钢笔；（圈养动物用的）围栏，圈；（计算机上使用的）电子笔；<美>监狱；<英，非正式>处罚，（尤指足球的）点球；墨水；雌天鹅；（动）（枪乌贼的）羽状壳；（西印度群岛）农庄，大农场；（潜艇等战舰的）隐蔽坞，掩藏坞；国际笔会（国际诗人，剧作家，编辑，散文家和小说家协会）（PEN）；秘鲁新索尔（PEN）；v. 写，撰写；（把……）关起来，圈起来；【名】 （Pen）（法）庞，（俄、塞、英、意）佩恩，（柬）宾（人名）,Can I borrow a pen please?　我可以借支笔吗？
4236,investing,P4,W31–W40,释义待核实，不进入核心练习,ˌɪnˈvɛstɪŋ,释义待核实，不计入核心练习,
4237,christopher,P4,W31–W40,释义待核实，不进入核心练习,ˈkrɪstəfɚ,释义待核实，不计入核心练习,
4238,admission,P4,W31–W40,,ædˈmɪʃən,n. 承认，供认；允许进入（加入），进入权；录取，录取人数；入场费；入院治疗（检查）；入场人数；入院病人,Admission is by invitation only.　凭请柬入场。
4239,epson,P4,W31–W40,释义待核实，不进入核心练习,ˈɛpsən,释义待核实，不计入核心练习,
4240,shoe,P4,W31–W40,,ˈʃu,n. 鞋；马蹄铁；刹车蹄片；（尤指照相机上的）插口；（尤指雪橇滑板的）金属箍；柱脚，桩靴；（巴卡拉纸牌或其他纸牌戏的）发牌盒；他人的处境（shoes）；v. 给（马）钉蹄铁；穿鞋（或靴）（be shod）；用金属片包覆；为（轮子）装轮胎；【名】 （Shoe）休（姓氏）,The shoes go on the shoe shelf.　鞋子应该放在鞋架上。
4241,elected,P4,W31–W40,释义待核实，不进入核心练习,ɪˈlɛktəd,释义待核实，不计入核心练习,
4242,carrying,P4,W31–W40,释义待核实，不进入核心练习,ˈkæriɪŋ,释义待核实，不计入核心练习,
4243,victory,P4,W31–W40,,ˈvɪktɚi,n. 胜利，成功，获胜；【名】 （Victory）（西）维多利，（英）维克托里（人名）,The team looks set for victory.　看来这个队能赢。
4244,sand,P4,W31–W40,,ˈsænd,n. 沙，沙子；沙堆，沙地；沙滩，沙漠（sands）；沙石层，沙层；（尤指大于0.06毫米的沙粒构成的）沉积沙土；沙土色，浅黄灰色；<美，非正式>坚定，刚毅；v. （用砂纸或打磨机）磨光；撒沙于，铺沙于；使撒沙似地布满；给……掺沙子；【名】 （Sand）（英、德、意、芬、罗、捷、挪、瑞典）桑德，（法）桑（人名）,She traced a line in the sand.　她在沙地上画了一条线。
4245,madison,P4,W31–W40,释义待核实，不进入核心练习,ˈmædəsən,释义待核实，不计入核心练习,
4246,terrorism,P4,W31–W40,,ˈtɛrɚˌɪzəm,n. 恐怖主义,We need to unite against terrorism.　我们需要团结起来反对恐怖主义。
4247,joy,P4,W31–W40,,ˈdʒɔɪ,n. 欢欣，高兴；使人高兴的人（或物），乐趣；成功，满足；v. 感到高兴，感到欣喜,I exulted and wept for joy.　我欢欣鼓舞，流下了快乐的泪水。
4248,editions,P4,W31–W40,释义待核实，不进入核心练习,ɪˈdɪʃənz,释义待核实，不计入核心练习,
4249,cpu,P4,W31–W40,释义待核实，不进入核心练习,ˌsiˌpiˈju,释义待核实，不计入核心练习,
4250,mainly,P4,W31–W40,,ˈmeɪnli,adv. 主要地，首要地；大部分，大多,Police work is mainly routine.　警察的工作主要都是按常规的。
4251,ethnic,P4,W31–W40,,ˈɛθnɪk,adj. （有关）种族的，民族的；少数民族的；具有民族特色的，异国风味的；既非基督教亦非犹太教的，异教徒的；n. 少数民族成员，某民族群体的人,Ethnic tensions among the republics could lead to civil war.　各共和国之间紧张的民族关系可能导致内战。
4252,ran,P4,W31–W40,释义待核实，不进入核心练习,ˈræn,释义待核实，不计入核心练习,
4253,parliament,P4,W31–W40,,ˈpɑrləmənt,"n. 议会, 国会；n. 议会，国会；英国议会（包括下议院和上议院）（Parliament）；一届议会（会期）",They bulldozed the tax through Parliament.　他们使税收提案在议会强行通过。
4254,actor,P4,W31–W40,,ˈæktɚ,n. 演员；像在演戏的人；（行动或过程）参与者,Grodin is a fine comic actor.　格罗丁是一位好的滑稽演员。
4255,finds,P4,W31–W40,释义待核实，不进入核心练习,ˈfaɪndz,释义待核实，不计入核心练习,
4256,seal,P4,W31–W40,,ˈsil,n. 印章，图章；表示确认的事物；密封装置，密封物；密封，密封状态；水止，水封（根据排污管道深度U形管中防止臭气上升的存水）；封蜡，火漆；封蜡模（印），封铅模（印）；海豹；海豹皮；装饰性的背面涂胶水的邮票（印花）；（美国海军）海豹特种部队士兵（SEAL）；v. 封上（信封）；密封（容器）；确定，使成定局；给……涂上保护层；（给文件）加封，盖印；封锁；（为避免烹调时失去过多水分，将食物放在热油中）快速煎炸；猎捕海豹；【名】 （Seal）西尔（人名）,The letter bore the president's seal.　信上盖有总统的印章。
4257,situations,P4,W31–W40,释义待核实，不进入核心练习,ˌsɪtʃuˈeɪʃənz,释义待核实，不计入核心练习,
4258,fifth,P4,W31–W40,,ˈfɪfθ,adj. 第五的；五分之一的；n. 第五；五分之一；num. 第五,Today is the fifth (of May).　今天是（五月）五号。
4259,allocated,P4,W31–W40,释义待核实，不进入核心练习,ˈæləˌkeɪtɪd,释义待核实，不计入核心练习,
4260,citizen,P4,W31–W40,,ˈsɪtəzən,n. 市民，城镇居民；公民，国民,She became a US citizen.　她成了美国公民。
4261,vertical,P4,W31–W40,,ˈvɝtɪkəl,adj. 垂直的，直立的；纵向的；不同层次（或等级）的；（某类产品从生产到销售各个阶段）纵向结构的；（尤指疾病或遗传特性传递）代代相传的；（解剖）颅顶的，头顶的；<古>顶点的，最高点的；n. 垂直线，垂直面，竖直位置；竖杆；垂直高度差,There was a vertical drop to the ocean.　至海洋有一段垂直落差。
4262,corrections,P4,W31–W40,释义待核实，不进入核心练习,kɚˈɛkʃənz,释义待核实，不计入核心练习,
4263,structural,P4,W31–W40,,ˈstrʌktʃɚəl,adj. 建筑结构的；建筑用的；结构（或构造）上的,It's a structural revolution.　这是一场结构革命。
4264,municipal,P4,W31–W40,,mjuˈnɪsəpəl,adj. 城市的，市政的；自治城市的，地方自治的；内政的,The municipal authorities gave the go-ahead for the march.　市政当局批准了此次游行。
4265,describes,P4,W31–W40,释义待核实，不进入核心练习,dɪˈskraɪbz,释义待核实，不计入核心练习,
4266,prize,P4,W31–W40,,ˈpraɪz,n. 奖品，奖项；非常珍贵的人（或物），十分重要的人（或物）；<史>（海战中）缴获的敌船；adj. 可获奖的，优等的；作为奖品的；获奖的；有奖的；<英，非正式>完全的；非常重要的，珍贵的；v. 珍视，高度重视；<美>撬开；竭力打探（消息等）,She stepped up to receive her prize.　她走上前去领奖。
4267,sr,P4,W31–W40,释义待核实，不进入核心练习,ˈsinjɚ,释义待核实，不计入核心练习,
4268,occurs,P4,W31–W40,释义待核实，不进入核心练习,əˈkɝz,释义待核实，不计入核心练习,
4269,jon,P4,W31–W40,释义待核实，不进入核心练习,ˈdʒɑn,释义待核实，不计入核心练习,
4270,absolute,P4,W31–W40,,ˈæbsəˌlut,adj. 完全的，纯粹的；绝对的，无疑的；十足的；不受任何限制的，专制独裁的；（结构）独立的；n. 绝对真理，绝对原则,There are no absolute rules.　没有绝对的准则。
4271,disabilities,P4,W31–W40,释义待核实，不进入核心练习,dɪsəˈbɪlətiz,释义待核实，不计入核心练习,
4272,consists,P4,W31–W40,释义待核实，不进入核心练习,kənˈsɪsts,释义待核实，不计入核心练习,
4273,anytime,P4,W31–W40,释义待核实，不进入核心练习,ˈɛniˌtaɪm,释义待核实，不计入核心练习,
4274,substance,P4,W31–W40,,ˈsʌbstəns,n. 物质，材料；主旨，主要内容；重要性；真实性，可信性；毒品；财富，财产；实质，（实在的）东西；<哲> 实体；可靠，稳定；（哲）实体,Clay is a plastic substance.　黏土是可塑物质。
4275,prohibited,P4,W31–W40,释义待核实，不进入核心练习,proʊˈhɪbətəd,释义待核实，不计入核心练习,
4276,addressed,P4,W31–W40,释义待核实，不进入核心练习,əˈdrɛst,释义待核实，不计入核心练习,
4277,lies,P4,W31–W40,释义待核实，不进入核心练习,ˈlaɪz,释义待核实，不计入核心练习,
4278,pipe,P4,W31–W40,,ˈpaɪp,"n. 管子，管道；烟斗；管乐器；（管风琴的）音管；（苏格兰的）风笛（pipes）；（人或动物的）叫声，歌声；葡萄酒桶；（计算机）管线命令；符号""|""；v. 用管道运输；传送，播送（音乐、录音）；用管乐器吹奏；（吹长口哨）召集，召唤；高声说话，尖声唱；在食品（尤指蛋糕）上裱花；（为衣服或室内陈设品）拷边，滚边；插枝繁殖；【名】 （Pipe）（匈）皮佩，（英）派普（人名）",He puffed (away) on his pipe.　他（一口一口地）吸着烟斗。
4279,soldiers,P4,W31–W40,释义待核实，不进入核心练习,ˈsoʊldʒɚz,释义待核实，不计入核心练习,
4280,nr,P4,W31–W40,释义待核实，不进入核心练习,,释义待核实，不计入核心练习,
4281,guardian,P4,W31–W40,,ˈɡɑrdiən,n. 监护人；守卫者，保护者；（方济各会隐修院的）院长；adj. 守护的；【名】 （Guardian）（西）瓜尔迪安（人名）,Destiny's legal guardian was her grandmother.　德斯蒂妮的法定监护人是她的祖母。
4282,lecture,P4,W31–W40,,ˈlɛktʃɚ,n. 讲座，讲课，演讲；训斥，告诫；v. （尤指在大学里）开讲座，讲课；训斥，告诫,I found her lecture very obscure.　我觉得她的讲座非常费解。
4283,simulation,P4,W31–W40,,ˌsɪmjəˈleɪʃən,n. 模拟，仿造物；假装，冒充,Training includes realistic simulation of casualty procedures.　训练包括伤亡处理程序的实际模拟。
4284,layout,P4,W31–W40,,ˈleɪˌaʊt,n. 布局，设计；版面编排，版面设计；布置的东西，陈列品,The layout is hard to fault ergonomically.　这一设计从工效学方面看几乎无懈可击。
4285,initiatives,P4,W31–W40,释义待核实，不进入核心练习,ˌɪˈnɪʃətɪvz,释义待核实，不计入核心练习,
4286,ill,P4,W31–W40,,ˈɪl,adj. 有病的，不舒服的；坏的，有害的；不友好的，不友善的；不吉祥的，不利的；adv. 坏，恶劣地；艰难地，几乎不；不友好地，不友善地；不祥地；n. 问题，困难；伤害，厄运；病人，患者,He looks dreadfully ill.　他看上去病得非常严重。
4287,concentration,P4,W31–W40,,ˌkɑnsənˈtreɪʃən,n. 专心，专注；关注，重视；集中，聚集；含量，浓度,She frowned with concentration.　她全神贯注，紧锁双眉。
4288,classics,P4,W31–W40,释义待核实，不进入核心练习,ˈklæsɪks,释义待核实，不计入核心练习,
4289,lbs,P4,W31–W40,释义待核实，不进入核心练习,ˈpaʊndz,释义待核实，不计入核心练习,
4290,lay,P4,W31–W40,,ˈleɪ,v. 安放，放置；铺放，铺设；下（蛋），产（卵）；<英>摆放（餐具）；提出，提交；使处于特定状态；制定计划或设圈套；下赌注；安排，决定（戏剧、小说情节）的场景；阻止（某物）从地面扬起；安葬（某人）；使倒伏，击倒；（摆好木、柴或煤）生火；沿（特定航线）航行；修整，编整（树篱）；与（某人）性交；n. 诗，民歌；（某物的）位置，方向；地势，地貌；（捻绳索时每股的）捻向；产卵，产卵期；<非正式>性伙伴；adj. 外行的，非专业的；平信徒的，在俗的,He lay wakeful all night.　他躺在床上彻夜未眠。
4291,interpretation,P4,W31–W40,,ˌɪnˌtɝprɪˈteɪʃən,n. 解释，理解；表演，演奏，艺术处理；口译,History is always a matter of interpretation.　历史总是一个诠释的问题。
4292,horses,P4,W31–W40,释义待核实，不进入核心练习,ˈhɔrsəz,释义待核实，不计入核心练习,
4293,lol,P4,W31–W40,释义待核实，不进入核心练习,ˈlɔl,释义待核实，不计入核心练习,
4294,dirty,P4,W31–W40,,ˈdɝti,adj. 肮脏的；下流的；卑鄙的，不诚实的；暗淡的；<美，非正式>吸毒的；v. 弄脏，使变脏；变脏；adv. 很，非常；卑鄙地，不诚实地,Don't get your dress dirty!　别把你的连衣裙弄脏了！
4295,deck,P4,W31–W40,,ˈdɛk,n. 甲板，舱面；（船或公共汽车的）层；<美>一副牌；（屋后供休息的）木制平台；（唱机的）盘装置，（音响系统的）走带机构；v. 装饰，打扮；<非正式>用力击倒；装甲板；【名】 （Deck）（英、法、德）德克（人名）,My cabin is on deck C.　我的舱位在C层甲板。
4296,wayne,P4,W31–W40,释义待核实，不进入核心练习,ˈweɪn,释义待核实，不计入核心练习,
4297,donate,P4,W31–W40,,ˈdoʊˌneɪt,v. 捐赠，赠送；献（血），捐献（器官）,They should donate at the registration point.　他们应该在注册登记处捐款。
4298,taught,P4,W31–W40,释义待核实，不进入核心练习,ˈtɔt,释义待核实，不计入核心练习,
4299,bankruptcy,P4,W31–W40,,ˈbæŋkrəpsi,n. 道德的沦丧；破产，倒闭,The company was overextended and faced bankruptcy.　这家公司扩张过度而面临破产。
4300,mp,P4,W31–W40,释义待核实，不进入核心练习,,释义待核实，不计入核心练习,
4301,worker,P4,W31–W40,,ˈwɝkɚ,n. 工作者，工作人员；劳工，工人；工作做得……的人；工人阶级（the workers）；工蜂，工蚁；【名】 （Worker）沃克（姓氏）,She was a zealous worker for charity.　她是个热衷于慈善事业的工作者。
4302,optimization,P4,W31–W40,释义待核实，不进入核心练习,ɑptəməˈzeɪʃən,释义待核实，不计入核心练习,
4303,alive,P4,W31–W40,,əˈlaɪv,adj. 活着的；仍然存在的；活跃的，充满活力的；热闹的；尚未失败，仍有成功机会；注意到的,"He's still alive, isn't he?　他还活着，是吗？"
4304,temple,P4,W31–W40,,ˈtɛmpəl,n. 庙宇，寺院；太阳穴，鬓角；犹太教堂；教堂，礼拜堂（尤指法国新教教堂）；<美>（寺庙举行的）宗教仪式；耶路撒冷古神殿，犹太古圣殿（the Temple）；律师协会会所（the Temple）；被视为圣灵的殿堂的物体（尤指人的身体）；专供某种活动之用的场所；边撑，伸幅器；【名】 （Temple）坦普尔（人名）,We go to temple on Saturdays.　我们每个星期六去寺庙。
4305,substances,P4,W31–W40,释义待核实，不进入核心练习,ˈsʌbstənsəz,释义待核实，不计入核心练习,
4306,prove,P4,W31–W40,,ˈpruv,vt. 证明vi.结果是，原来是；v. 证实，证明；证明是，结果是；显示（自己的）才干（或勇气）（prove oneself）；<法律> 检验，认证（遗嘱）；（用数学或科学原理）证明，验算；试（枪），查验；（面团）发酵,What are you trying to prove ?　你想证明什么？
4307,discovered,P4,W31–W40,释义待核实，不进入核心练习,dɪˈskʌvɚd,释义待核实，不计入核心练习,
4308,wings,P4,W31–W40,释义待核实，不进入核心练习,ˈwɪŋz,释义待核实，不计入核心练习,
4309,breaks,P4,W31–W40,释义待核实，不进入核心练习,ˈbreɪks,释义待核实，不计入核心练习,
4310,genetic,P4,W31–W40,,dʒəˈnɛtɪk,adj. 基因的，遗传学的；有共同起源的,Eye colour shows more than your genetic inheritance.　眼睛的颜色显示的不只是你基因的遗传特征。
4311,restrictions,P4,W31–W40,释义待核实，不进入核心练习,riˈstrɪkʃənz,释义待核实，不计入核心练习,
4312,participating,P4,W31–W40,释义待核实，不进入核心练习,pɑrˈtɪsəˌpeɪtɪŋ,释义待核实，不计入核心练习,
4313,waters,P4,W31–W40,释义待核实，不进入核心练习,ˈwɔtɚz,释义待核实，不计入核心练习,
4314,promise,P4,W31–W40,,ˈprɑməs,v. 承诺，保证；使很可能，预示；指望，期待（promise oneself）；<古>把（某人，尤指女人）许配给；有指望，有前途；n. 承诺，诺言；前途，指望；迹象，预示,"I'll call you back, I promise.　我会给你回电话的，我保证。"
4315,thin,P4,W31–W40,,ˈθɪn,adj. 薄的，细的；（人或身体部分）瘦的；（毛发）稀疏的；（液体）稀的，不粘稠的；能见度高的；（空气）稀薄的；（解释、观点、陈述等）站不住脚的，缺乏说服力的；（笑容）勉强的，淡淡的；（声音）尖细的；（数目或数量）少的，小量的；微弱的，暗淡的；（字体）细体的；（登山）难找到手攀（或脚踏）处的；v. （掺水等）使稀薄，使变淡；（头发）变稀疏；（使）（拥挤的人群、植物、物品等）变稀少，散去；（使）变薄，（使）变稀；给……间苗，间开；（使）变瘦；（高尔夫）打（球的）中上部位；adv. 薄薄地,The sheets have worn thin.　床单已经磨薄了。
4316,exhibition,P4,W31–W40,,ˌɛksəˈbɪʃən,n. 展览，展出；表现，展示；<美>表演赛；<英>奖学金,The exhibition is held annually.　这个展览每年举行一次。
4317,prefer,P4,W31–W40,,prəˈfɝ,v. 更喜爱，宁可；<法律>举报，提出（控告）；<古>提拔（某人），提升,I prefer walking to climbing.　我喜欢散步多于喜欢爬山。
4318,ridge,P4,W31–W40,,ˈrɪdʒ,n. 山脊，山脉；屋脊；隆起部分，脊状突起；（大气层的）高压脊，高压带；v. 使隆起，使形成脊状；（表面）成脊状，起皱；【名】 （Ridge）（英）里奇（人名）,The fawn ran to the top of the ridge.　那只小鹿跑上山脊。
4319,cabinet,P4,W31–W40,,ˈkæbənət,n. 内阁；储藏柜，陈列柜；<古>私人小房间，密室；机箱，机壳；adj. 内阁的,The china was displayed in a glass cabinet.　瓷器陈列在玻璃柜里。
4320,modem,P4,W31–W40,,ˈmoʊdəm,n. 调制解调器（等于 modulator-demodulator）,He sent his work to his publishers by modem.　他通过调制解调器把作品发给他的出版商。
4321,harris,P4,W31–W40,释义待核实，不进入核心练习,ˈhɛrɪs,释义待核实，不计入核心练习,
4322,mph,P4,W31–W40,释义待核实，不进入核心练习,ˌɛmˌpiˈeɪtʃ,释义待核实，不计入核心练习,
4323,bringing,P4,W31–W40,释义待核实，不进入核心练习,ˈbrɪŋɪŋ,释义待核实，不计入核心练习,
4324,sick,P4,W31–W40,,ˈsɪk,adj. 生病的，患病的；病人的；恶心的，想吐的；不快的，恼怒的；厌倦的，厌烦的；（情感）强烈得令人不适的；（人）变态的，病态的；（故事、笑话等）令人毛骨悚然的，病态的；不祥的；（喻）（组织，体系，社团）面临严重问题的，不景气的；<非正式> 极好的；渴望的；n. 病人（the sick）；<英，非正式> 呕吐物；v. <英，非正式> 呕吐；放狗咬；<非正式> 派某人去追击（或监视、陪伴）,I dread being sick.　我特别害怕生病。
4325,dose,P4,W31–W40,,ˈdoʊs,n. 一剂，一服；一次，一点；花柳病；v. 给……服药；掺入；【名】 （Dose）（英）多斯，（德）多泽，（意、西、葡、塞）多塞（人名）,It is dangerous to exceed the recommended dose.　超过建议使用的剂量会有危险。
4326,evaluate,P4,W31–W40,,ɪˈvæljuˌeɪt,v. 评价，评估，估值；求（方程式，公式，函数）的数值,The market situation is difficult to evaluate.　市场形势难以评估。
4327,tiffany,P4,W31–W40,释义待核实，不进入核心练习,ˈtɪfəni,释义待核实，不计入核心练习,
4328,tropical,P4,W31–W40,,ˈtrɑpɪkəl,adj. 热带的，热带地区的；（天气）湿热的,She exits into the tropical storm.　她走出去，进入热带风暴。
4329,collect,P4,W31–W40,,kəˈlɛkt,v. 聚集，聚积；收集，采集；收藏；领取，接走；募捐，募集；使镇定，使集中思想；赢得，获得；收，收取；<古>推断，推论；<非正式>和……互撞，和……发生冲突；n. （某些基督教仪式上的）短祷文；<非正式>打赢的赌，赢钱的赌注；adj. 对方付通话费的,I used to collect stamps.　我过去曾经集邮。
4330,bet,P4,W31–W40,,ˈbɛt,v. 打赌，赌博；<非正式>敢肯定；n. 下注；赌金；预计，猜想；<非正式>有可能成功的人选（或备选行动）；abbr. 在……之间（between）,He had a bet on the horses.　他在那些马上下了赌注。
4331,composition,P4,W31–W40,,ˌkɑmpəˈzɪʃən,n. 成分构成，成分；（音乐、艺术、诗歌的）作品；创作，作曲；构图；作文,"We had to write a composition on the subject ""My Pet.""　我们得就“我的宠物”这个主题写一篇作文。"
4332,toyota,P4,W31–W40,释义待核实，不进入核心练习,toʊˈjoʊtə,释义待核实，不计入核心练习,
4333,streets,P4,W31–W40,释义待核实，不进入核心练习,ˈstrits,释义待核实，不计入核心练习,
4334,nationwide,P4,W31–W40,,ˌneɪʃənˈwaɪd,adj. 全国性的，全国各地的；adv. 在全国,The company has over 500 stores nationwide.　这家公司在全国各地有500多家商店。
4335,vector,P4,W31–W40,,ˈvɛktɚ,n. 矢量，向量；（传染疾病的）介体；（飞机的）航线，航向；克隆载体；带菌者；单行矩阵，单列矩阵；（计算机）模型；v. 引导（飞机）,"That vector is called a ""null vector"".　那种矢量就叫做”零矢量“。"
4336,definitely,P4,W31–W40,,ˈdɛfənətli,adv. 肯定地，当然；明确地，确定地,I definitely remember sending the letter.　我记得这封信肯定发出去了。
4337,shaved,P4,W31–W40,释义待核实，不进入核心练习,ˈʃeɪvd,释义待核实，不计入核心练习,
4338,turning,P4,W31–W40,释义待核实，不进入核心练习,ˈtɝnɪŋ,释义待核实，不计入核心练习,
4339,buffer,P4,W31–W40,,ˈbʌfɚ,n. 起缓冲作用的人（物）；<英，非正式>老家伙，老头；缓冲存储器，缓存；（铁路机车头尾的）缓冲器，减震器；（用于擦亮表面的）抛光工具；v. 保护（某物）；缓解，缓冲；存储，缓存（数据等）,Turkey and Greece were buffer states against the former Soviet Union.　土耳其和希腊是反苏国家与前苏联之间的缓冲国。
4340,purple,P4,W31–W40,,ˈpɝpəl,adj. 紫色的，紫红色的；（作品）词藻华丽的，华而不实的；帝王的；n. 紫色，紫红色；紫色衣服（或料子）；（古罗马，拜占庭）紫色衣服（the purple）；（从某些软体动物提取的）深红色染料；（古罗马）要职，高位，拥有特权的职位（the purple）；（红衣主教的）大红袍（the purple）；v. （使）成紫色，（使）发紫,She was dressed in purple.　她穿一身紫色衣裳。
4341,existence,P4,W31–W40,,ɛɡˈzɪstəns,n. 存在，实有；生存，生活，生活方式；<古>存在物，实体,I lead a pretty mundane existence.　我过着相当平淡的生活。
4342,commentary,P4,W31–W40,,ˈkɑmənˌtɛri,n. 现场解说，实况报道；评注性著作，评论文；讨论，评论；说明，写照,You can hear commentary on the game at halftime.　你可在中场休息时听到对比赛的评论。
4343,larry,P4,W31–W40,释义待核实，不进入核心练习,ˈlɛri,释义待核实，不计入核心练习,
4344,limousines,P4,W31–W40,释义待核实，不进入核心练习,ˈlɪməˌzinz,释义待核实，不计入核心练习,
4345,developments,P4,W31–W40,释义待核实，不进入核心练习,dɪˈvɛləpmənts,释义待核实，不计入核心练习,
4346,def,P4,W31–W40,释义待核实，不进入核心练习,,释义待核实，不计入核心练习,
4347,immigration,P4,W31–W40,,ˌɪməˈɡreɪʃən,n. 移民（入境）；移民人数；移民局入境检查，移民局入境检查处,He called for much stricter curbs on immigration.　他呼吁对移民实行更为严格的限制。
4348,destinations,P4,W31–W40,释义待核实，不进入核心练习,ˌdɛstəˈneɪʃənz,释义待核实，不计入核心练习,
4349,lets,P4,W31–W40,释义待核实，不进入核心练习,ˈlɛts,释义待核实，不计入核心练习,
4350,mutual,P4,W31–W40,,ˈmjutʃuəl,adj. 相互的，彼此的；共同的，共有的；（保险公司、建筑协会等）互助的；n. 互助公司,We met at the home of a mutual friend.　我们在彼此都认识的朋友家中会面。
4351,pipeline,P4,W31–W40,,ˈpaɪˌplaɪn,n. （常指地下的）输送管道；（供应货物、信息等的）渠道，途径；研发生产系统（the pipeline）；（计算机）流水线；（冲浪用语）大浪的空心部分；v. 用管道输送；（计算机）运用流水线技术设计,They made a pipeline blow up test.　他们做了一个管线爆破试验。
4352,necessarily,P4,W31–W40,,ˌnɛsəˈsɛrəli,adv. 必定，必然；必要地,Biggest doesn't necessarily mean best.　最大的不一定是最好的。
4353,syntax,P4,W31–W40,,ˈsɪnˌtæks,n. 句法，句法规则；（计算机语言的）句法，语构；句子结构分析法；句法学,This is a strategy called double syntax.　这是一种称为双重语法的策略。
4354,li,P4,W31–W40,释义待核实，不进入核心练习,ˈli,释义待核实，不计入核心练习,
4355,attribute,P4,W31–W40,,ˈætrəbˌjut,v. 把……归因于；认为是……所作；认为……具有某种特质；n. 属性，特质；标志，象征；定语,Each level should have exactly one caption attribute.　每个级别都应该有一个标题属性。
4356,prison,P4,W31–W40,,ˈprɪzən,n. 监狱，牢房；监禁，监狱制度；难以脱身的地方（或处境），牢笼；v. <文>禁锢，关押；【名】 （Prison）（德）普里松（人名）,The prison is infested with rats.　那座监狱里鼠满为患。
4357,skill,P4,W31–W40,,ˈskɪl,n. 技巧， 技艺；（特定的）技术，技能；v. 培训（工人）；【名】 （Skill）（瑞典）希尔（人名）,They competed with skill and tenacity.　他们竞争靠的是技术和顽强意志。
4358,chairs,P4,W31–W40,释义待核实，不进入核心练习,ˈtʃɛrz,释义待核实，不计入核心练习,
4359,nl,P4,W31–W40,释义待核实，不进入核心练习,,释义待核实，不计入核心练习,
4360,everyday,P4,W31–W40,释义待核实，不进入核心练习,ˌɛvriˈdeɪ,释义待核实，不计入核心练习,
4361,apparently,P4,W31–W40,,əˈpɛrəntli,adv. 据说，显然；似乎，好像,His erudition was apparently endless.　他显然学识渊博。
4362,surrounding,P4,W31–W40,,sɚˈaʊndɪŋ,adj. 周围的，附近的；n. 周围环境（surroundings）；v. 围绕，环绕；包围，围住；与……紧密相连（或相关）（surround 的现在分词形式）,The farm and surrounding area was flooded.　农场和周围地区遭洪水淹没。
4363,mountains,P4,W31–W40,释义待核实，不进入核心练习,ˈmaʊntənz,释义待核实，不计入核心练习,
4364,moves,P4,W31–W40,释义待核实，不进入核心练习,ˈmuvz,释义待核实，不计入核心练习,
4365,popularity,P4,W31–W40,,ˌpɑpjəˈlɛrəti,n. 流行，普及，受欢迎,His popularity has slipped recently.　近来他已不如过去那样受欢迎。
4366,inquiry,P4,W31–W40,,ˌɪnˈkwaɪˌri,n. 询问，疑问；调查，审查； 探查，探询,The inquiry is by no means cut and dried.　调查之事远未盖棺定论。
4367,ethernet,P4,W31–W40,释义待核实，不进入核心练习,ˈiθɚˌnɛt,释义待核实，不计入核心练习,
4368,checked,P4,W31–W40,释义待核实，不进入核心练习,ˈtʃɛkt,释义待核实，不计入核心练习,
4369,exhibit,P4,W31–W40,,ɪɡˈzɪbɪt,v. 表现出；卖弄，炫耀；提出（证据等）；展览，展出；n. 展品；（法庭上出示的）证物；<美>展览，展出,This exhibit was kindly loaned by the artist's family.　这件展品是艺术家的家人惠借而展出的。
4370,throw,P4,W31–W40,,ˈθroʊ,v. 投，掷，抛，扔；掷（色子），掷出（色子的点数）；随手扔下（某物）；猛推，使劲撞；急伸，猛动（身体部位）；使迅猛地摔倒在地；使突然陷入；使困惑，使惊奇；把……拉成坯；投射（光或影子）；使嗓音听起来像来自他人（或别处）；故意输掉（比赛）；扳动（开关、操作杆等）；将……关进（监狱等）；大发脾气；（挥拳）猛击；举办（聚会）；投入，投身（于）；将……投向（某人）；（车辆）突然换挡；<美，非正式>成功完成；迅速放置（或立起）；（马）脱落（蹄铁）；（动物）下仔；（在车床上）车（木料等）；捻（丝等）成线；n. 投，掷；投射距离；套，罩；摔倒对手；<非正式>每一份（花费）；（地质）落差，位移；速转装置，旋转工具；摆动；（指针的）行程；冒险,I never throw anything away.　我从来不扔任何东西。
4371,trend,P4,W31–W40,,ˈtrɛnd,n. 趋势，动态；时尚，风尚；热门话题；v. <美>趋向，倾向；（尤指地理特征的）走向；成为热门话题,This is a growing trend.　这是一个不断增长的趋势。
4372,sierra,P4,W31–W40,释义待核实，不进入核心练习,siˈɛrə,释义待核实，不计入核心练习,
4373,visible,P4,W31–W40,,ˈvɪzəbəl,adj. 看得见的；明显的，引人注目的；（进出口贸易）有形商品的；（物理）（光）可见的；现有的，可得到的；n. 有形进出口货物（visibles）,He showed no visible sign of emotion.　他丝毫不露声色。
4374,cats,P4,W31–W40,释义待核实，不进入核心练习,ˈkæts,释义待核实，不计入核心练习,
4375,desert,P4,W31–W40,,ˈdɛzɚt,n. 沙漠，荒漠；荒凉的地方；应得的赏罚；v. 离弃，舍弃（某地）；抛弃，遗弃（某人）；背弃，放弃；擅离，开小差；突然丧失；adj. 无人居住的，荒凉的；像沙漠的,Somalia is mostly desert.　索马里大部分地区都是荒漠。
4376,postposted,P4,W31–W40,释义待核实，不进入核心练习,,释义待核实，不计入核心练习,
4377,ya,P4,W31–W40,释义待核实，不进入核心练习,ˈjɑ,释义待核实，不计入核心练习,
4378,oldest,P4,W31–W40,释义待核实，不进入核心练习,ˈoʊldəst,释义待核实，不计入核心练习,
4379,rhode,P4,W31–W40,释义待核实，不进入核心练习,ˈroʊd,释义待核实，不计入核心练习,
4380,nba,P4,W31–W40,释义待核实，不进入核心练习,ˌɛnˌbiˈeɪ,释义待核实，不计入核心练习,
4381,busty,P4,W31–W40,释义待核实，不进入核心练习,ˈbʌsti,释义待核实，不计入核心练习,
4382,coordinator,P4,W31–W40,,koʊˈɔrdəˌneɪtɚ,n. 协调人，统筹者,The campaign needs an effective coordinator.　这场运动需要一个强有力的协调人。
4383,obviously,P4,W31–W40,,ˈɑbviəsli,adv. （用于强调）显然，显而易见；明显地,She was obviously in a mood.　显然她心情不好。
4384,mercury,P4,W31–W40,,ˈmɝkjɚi,n. 水星；墨丘利（罗马十二主神之一）；n. （mercury）汞，水银；（温度计）水银柱；<古>信使,What's the chemical symbol for mercury?　水银的化学符号是什么？
4385,steven,P4,W31–W40,释义待核实，不进入核心练习,ˈstivən,释义待核实，不计入核心练习,
4386,handbook,P4,W31–W40,,ˈhændˌbʊk,n. 手册，指南,The handbook is available on the Web.　这本手册互联网上有。
4387,greg,P4,W31–W40,释义待核实，不进入核心练习,ˈɡrɛɡ,释义待核实，不计入核心练习,
4388,navigate,P4,W31–W40,,ˈnævəˌɡeɪt,v. 导航，引路；航行于，横渡；穿过，穿越；驾驶，操纵；浏览；（有效地）处理；(鱼、动物或昆虫)找到正确的行动方向；绕过,"I'll drive, and you can navigate.　我开车，你引路。"
4389,worse,P4,W31–W40,,ˈwɝs,adj. 更糟的，更坏的，更差的；（病得）更厉害的；adv. 更坏，更差，更糟；更糟的是，更倒霉的是；n. 更糟的事，更恶劣的情况,"Oh well, it could be worse.　哎，算了，情况本可能会更糟的。"
4390,summit,P4,W31–W40,,ˈsʌmət,n. （政府间的）首脑会议，峰会；山顶，顶峰；（成就的）顶点，最高点；最高阶层；adj. 最高级的，政府首脑的；v. 登上（顶峰）,We raced them to the summit.　我们和他们一路赛跑到最高点。
4391,victims,P4,W31–W40,释义待核实，不进入核心练习,ˈvɪktəmz,释义待核实，不计入核心练习,
4392,epa,P4,W31–W40,释义待核实，不进入核心练习,ˌiˌpiˈeɪ,释义待核实，不计入核心练习,
4393,spaces,P4,W31–W40,释义待核实，不进入核心练习,ˈspeɪsəz,释义待核实，不计入核心练习,
4394,fundamental,P4,W31–W40,,ˌfʌndəˈmɛntəl,adj. 根本的，基本的；必需的，必不可少的；不能再分的；n. 基本原理；基音，基频,Hard work is fundamental to success.　勤奋工作是成功的基础。
4395,burning,P4,W31–W40,释义待核实，不进入核心练习,ˈbɝnɪŋ,释义待核实，不计入核心练习,
4396,escape,P4,W31–W40,,ɪˈskeɪp,v. 逃跑，逃脱；逃避，摆脱；避开，避免（疾病或受伤等）；泄露，逸出；不自觉地说出；被遗忘，被忽略；去度假；退出；n. 逃跑，逃离；逃避现实，暂时解脱；漏出，逸出；Esc退出键；度假；逃跑工具，逃跑方法；野化的植物（或宠物）,The man made his escape.　那个人逃走了。
4397,coupons,P4,W31–W40,释义待核实，不进入核心练习,ˈkuˌpɔnz,释义待核实，不计入核心练习,
4398,somewhat,P4,W31–W40,,ˌsʌmˈwʌt,adv. 稍微，有点；pron. 几分；某物,He has a somewhat donnish air about him.　他身上有点学究气。
4399,receiver,P4,W31–W40,,rəˈsivɚ,n. （电话）听筒；（无线电或电视）接收器，接收机；（法庭指定的）破产接管人；收受者，收件人；买卖赃物者，收赃人；接球手，外接手；接受罐，聚集器；（安置枪栓并与枪管等部件相连接的）机闸,He crashed down the telephone receiver.　他砰的一声将电话听筒摔下来。
4400,substantial,P4,W31–W40,,səbˈstænʃəl,adj. 大量的，价值巨大的；牢固的，结实的；基本的，实质性的；（饭菜）丰盛的；重要的，真实的；有地位的，富有的；n. 重要材料,He ate a substantial breakfast.　他吃了一顿丰盛的早餐。
4401,tr,P4,W31–W40,释义待核实，不进入核心练习,,释义待核实，不计入核心练习,
4402,progressive,P4,W31–W40,,prəˈɡrɛsɪv,adj. 进步的，先进的；逐步发生的，逐步发展的；向前移动的；（音乐）现代的，新潮的；（税制，税种）累进的；（动词）进行式的；（纸牌游戏，舞蹈）搭档轮换的；n. 进步分子，改革派人士；进行时（或体）；（印刷）分色打样,One prominent symptom of the disease is progressive loss of memory.　这种病的一个突出症状是记忆的逐步丧失。
4403,cialis,P4,W31–W40,释义待核实，不进入核心练习,ˌsiˈɑləs,释义待核实，不计入核心练习,
4404,bb,P4,W31–W40,释义待核实，不进入核心练习,,释义待核实，不计入核心练习,
4405,boats,P4,W31–W40,释义待核实，不进入核心练习,ˈboʊts,释义待核实，不计入核心练习,
4406,glance,P4,W31–W40,,ˈɡlæns,v. 一瞥，看一眼；浏览；击中.......后弹开，擦过；反光， 闪烁；（球类运动用语）轻擦，轻抹（球，以调整其方向）；斜击（球）；提到，影射；n. 一瞥，很快的一看；（光的）闪烁，闪耀；（板球）斜击；（铅、铜或其他金属的）辉矿类，硫化矿类；<文>（光的）闪烁，闪耀；【名】 （Glance） （美、俄、澳）格兰斯（人名）,She shot him an angry glance.　她很生气，瞪了他一眼。
4407,scottish,P4,W31–W40,释义待核实，不进入核心练习,ˈskɑtɪʃ,释义待核实，不计入核心练习,
4408,championship,P4,W31–W40,,ˈtʃæmpiənˌʃɪp,n. 锦标赛；冠军称号，冠军地位；捍卫，拥护,She seems set fair to win the championship.　她似乎具备夺冠的条件。
4409,arcade,P4,W31–W40,,ɑrˈkeɪd,n. 拱廊；(上有顶盖的）拱廊式街道；室内购物商场；（有投币游戏机的）游乐中心，电子游戏厅；【名】 （Arcade）（西、法）阿卡德（人名）,We jump on our bikes and peddle off to the arcade.　我们跳上我们单车，骑车去拱廊。
4410,richmond,P4,W31–W40,释义待核实，不进入核心练习,ˈrɪtʃmənd,释义待核实，不计入核心练习,
4411,sacramento,P4,W31–W40,释义待核实，不进入核心练习,ˌsækrəˈmɛntoʊ,释义待核实，不计入核心练习,
4412,impossible,P4,W31–W40,,ˌɪmˈpɑsəbəl,adj. 不可能的，办不到的；（境况）极其艰难的；（人）难以对付的；n. 不可能的事（the impossible）,It's mathematically impossible.　这在数学上是不可能的。
4413,ron,P4,W31–W40,释义待核实，不进入核心练习,ˈrɑn,释义待核实，不计入核心练习,
4414,russell,P4,W31–W40,释义待核实，不进入核心练习,ˈrʌsəl,释义待核实，不计入核心练习,
4415,tells,P4,W31–W40,释义待核实，不进入核心练习,ˈtɛlz,释义待核实，不计入核心练习,
4416,obvious,P4,W31–W40,,ˈɑbviəs,adj. 明显的，显然的；明确表示的，毫不掩饰的；平淡无奇的，缺乏想象力的；合情合理的，当然的,It was glaringly obvious.　这是非常明显的。
4417,fiber,P4,W31–W40,,ˈfaɪbɚ,n. 纤维（等于 fibre）；n. (Fiber) （匈）菲贝尔（人名）,The wings are made of a polythene film stretched over a carbon fiber frame.　机翼是由铺在碳纤维框架上的聚乙烯薄膜制成的。
4418,depression,P4,W31–W40,,dɪˈprɛʃən,n. 抑郁，沮丧；萧条（期），不景气；低气压；凹陷，浅坑；俯角，俯视角,Depression is treatable.　抑郁症是可治愈的。
4419,graph,P4,W31–W40,,ˈɡræf,n. 图表，曲线图；坐标图；代表声音单位（或其他言语特征）的书写符号；v. 用图表表示；【名】 （Graph）（英）格拉夫（人名）,The graph below shows the results.　下图显示了结果。
4420,covering,P4,W31–W40,,ˈkʌvɚɪŋ,n. 遮盖物，覆盖层；v. 遮盖，覆盖（cover 的现在分词）,I'm covering for Jane while she's on leave.　简休假期间我顶替她工作。
4421,platinum,P4,W31–W40,释义待核实，不进入核心练习,ˈplætnəm,释义待核实，不计入核心练习,
4422,judgment,P4,W31–W40,,ˈdʒʌdʒmənt,n. 判断，看法；判断力，识别力；判决，裁决；报应，天谴,His judgment was unreliable.　他的判断是不可靠的。
4423,bedrooms,P4,W31–W40,释义待核实，不进入核心练习,ˈbɛˌdrumz,释义待核实，不计入核心练习,
4424,talks,P4,W31–W40,释义待核实，不进入核心练习,ˈtɔks,释义待核实，不计入核心练习,
4425,filing,P4,W31–W40,释义待核实，不进入核心练习,ˈfaɪlɪŋ,释义待核实，不计入核心练习,
4426,foster,P4,W31–W40,,ˈfɑstɚ,福斯特（姓或男名）；n. （美、加）福斯特（人名）；v. （foster）助长，培养；养育，抚育；收养；抱（希望等）,Mr. Foster romped home with 141 votes.　福斯特先生以141票轻松获胜。
4427,modeling,P4,W31–W40,释义待核实，不进入核心练习,ˈmɑdəˌlɪŋ,释义待核实，不计入核心练习,
4428,passing,P4,W31–W40,,ˈpæsɪŋ,n. （时间、岁月的）流逝，推移；（事物的）结束，（人的）亡故；（议案、法律等的）通过，批准；（体育比赛中的）传球；经过，路过；adj. 暂时的，瞬间的；经过的，过往的；（考试、测验等的）及格的；（时间）流逝的；仓促的，随便的；（相似性）微小的；粗略的，不详的；传球的，与传球有关的；adv. 极其，非常,I hailed a passing taxi.　我招呼了一辆路过的出租车。
4429,awarded,P4,W31–W40,释义待核实，不进入核心练习,əˈwɔrdɪd,释义待核实，不计入核心练习,
4430,testimonials,P4,W31–W40,释义待核实，不进入核心练习,ˌtɛstəˈmoʊniəlz,释义待核实，不计入核心练习,
4431,trials,P4,W31–W40,释义待核实，不进入核心练习,ˈtraɪəlz,释义待核实，不计入核心练习,
4432,tissue,P4,W31–W40,,ˈtɪsˌju,n. 薄绢；薄纸巾;组织；n. 纸巾，面巾纸；（动物或植物的细胞）组织；（用于包装易碎物品的）薄纸，绵纸；薄纱，薄织物；（罗织编造的）一套，一系列,The cat plays with tissue.　猫咪玩着纸巾。
4433,nz,P4,W31–W40,释义待核实，不进入核心练习,,释义待核实，不计入核心练习,
4434,memorabilia,P4,W31–W40,释义待核实，不进入核心练习,ˌmɛmɚəˈbiljə,释义待核实，不计入核心练习,
4435,clinton,P4,W31–W40,释义待核实，不进入核心练习,ˈklɪntən,释义待核实，不计入核心练习,
4436,masters,P4,W31–W40,释义待核实，不进入核心练习,ˈmæstɚz,释义待核实，不计入核心练习,
4437,bonds,P4,W31–W40,释义待核实，不进入核心练习,ˈbɑndz,释义待核实，不计入核心练习,
4438,cartridge,P4,W31–W40,释义待核实，不进入核心练习,ˈkɑrtrədʒ,释义待核实，不计入核心练习,
4439,alberta,P4,W31–W40,释义待核实，不进入核心练习,ælˈbɝtə,释义待核实，不计入核心练习,
4440,explanation,P4,W31–W40,,ˌɛkspləˈneɪʃən,n. 解释，说明；解释性说法，说明性文字；理由，原因,I'd like an explanation.　我想要一个解释。
4441,folk,P4,W31–W40,,ˈfoʊk,n. 人们；家人，双亲；民间音乐；诸位，大伙儿；adj. 民俗的，传统的；流传民间的，普通百姓的；【名】 （Folk）（英、匈、捷）福克（人名）,The entertainment was provided by a folk band.　这个文娱节目由民歌乐队演出。
4442,org,P4,W31–W40,释义待核实，不进入核心练习,ˈɔrɡ,释义待核实，不计入核心练习,
4443,commons,P4,W31–W40,释义待核实，不进入核心练习,ˈkɑmənz,释义待核实，不计入核心练习,
4444,cincinnati,P4,W31–W40,释义待核实，不进入核心练习,ˌsɪnsəˈnæti,释义待核实，不计入核心练习,
4445,subsection,P4,W31–W40,释义待核实，不进入核心练习,ˈsʌbsɛkʃən,释义待核实，不计入核心练习,
4446,fraud,P4,W31–W40,,ˈfrɔd,n. 欺诈，骗局，诡计；骗子；伪劣品，冒牌货；【名】 （Fraud）（法）弗罗（人名）,He's a fraud and a cheat.　他是一个骗子。
4447,electricity,P4,W31–W40,,ɪˌlɛkˈtrɪsəti,n. 电，电流，电力；强烈感情,It works by electricity.　这是电动的。
4448,permitted,P4,W31–W40,释义待核实，不进入核心练习,pɚˈmɪtɪd,释义待核实，不计入核心练习,
4449,spectrum,P4,W31–W40,,ˈspɛktrəm,n. 范围，幅度；光谱；波谱，频谱；余象,You can't jump down the spectrum.　你不能从（信念）范围上跳下来。
4450,arrival,P4,W31–W40,,ɚˈaɪvəl,n. 到达，到来；到达者，加入者；产生，出现,His arrival caught me by surprise.　他的到来让我感到意外。
4451,okay,P4,W31–W40,,ˌoʊˈkeɪ,int. 好，行；adj. 可以；对；不错的；安全的；adv. 可以；对；很好地,Is it okay if I come by myself?　我独自来行吗？
4452,pottery,P4,W31–W40,,ˈpɑtɚi,n. 陶器；陶土，黏土；制陶，陶艺；陶瓷厂；陶瓷之都（斯塔福德郡特伦特河畔斯托克市周边地区，为英国陶瓷工业基地）（the Potteries）,I've been taking classes in pottery.　我一直在上陶器制作技术课。
4453,emphasis,P4,W31–W40,,ˈɛmfəsəs,n. 重要性，重点强调；重读，强调；（表达的）强有力,The course has a vocational emphasis.　这门课程着重职业培训。
4454,roger,P4,W31–W40,释义待核实，不进入核心练习,ˈrɑdʒɚ,释义待核实，不计入核心练习,
4455,aspect,P4,W31–W40,,ˈæˌspɛkt,n. 方面，特色；朝向，方位；外表，外观；（动词的）体；v. （行星与另一天体）形成角度关系,They were royally received in every aspect.　他们在各个方面都受到了隆重接待。
4456,workplace,P4,W31–W40,,ˈwɝkˌpleɪs,n. （办公室，工厂）等工作场所；（办公室，工厂）等工作场所,The problem of ageism in the workplace often goes unrecognized.　工作场所的年龄歧视问题常被忽视。
4457,awesome,P4,W31–W40,,ˈɑsəm,adj. 让人惊叹的，令人敬畏的；非常棒的，极佳的,Wow! That's totally awesome!　哇！真是棒极了！
4458,mexican,P4,W31–W40,释义待核实，不进入核心练习,ˈmɛksəkən,释义待核实，不计入核心练习,
4459,confirmed,P4,W31–W40,释义待核实，不进入核心练习,kənˈfɝmd,释义待核实，不计入核心练习,
4460,counts,P4,W31–W40,释义待核实，不进入核心练习,ˈkaʊnts,释义待核实，不计入核心练习,
4461,priced,P4,W31–W40,释义待核实，不进入核心练习,ˈpraɪst,释义待核实，不计入核心练习,
4462,wallpapers,P4,W31–W40,释义待核实，不进入核心练习,ˈwɔlˌpeɪpɚz,释义待核实，不计入核心练习,
4463,hist,P4,W31–W40,释义待核实，不进入核心练习,,释义待核实，不计入核心练习,
4464,crash,P4,W31–W40,,ˈkræʃ,v. 撞车，坠毁；猛撞，发出巨响；破产，倒闭，暴跌；（计算机）瘫痪，死机；（在体育比赛中）惨败；过夜，入睡；心脏停止跳动；不请自来，偷偷混入（派对）；闯红灯；n. 撞车事故，失事；巨响，碰撞声；（计算机）瘫痪，死机；破产，暴跌；（做毛巾、窗帘等用的）粗布；adj. 应急的，速成的,"We're going to crash, aren't we?　我们要坠毁了，是不是？"
4465,lift,P4,W31–W40,,ˈlɪft,v. 提起，举起；抬起（身体某一部位）；空运；解除，撤销；高兴起来，使更愉快；消散，消失；偷盗，盗窃；剽窃，抄袭；挖出，拔起（蔬菜或植物）；提高（嗓音）；提高，增加；使更有趣；（个人、运动队的）晋级；赢得（奖品或比赛）；n. 电梯，升降机；免费搭车，搭便车；鼓舞，振奋；抬，提；（空气的）升力，提升力；（飞机的）最大提升重量；高飞（投出的球触地反弹时急速上升）；后跟垫，插跟,There is a lift to all floors.　有电梯通往各层楼。
4466,desired,P4,W31–W40,释义待核实，不进入核心练习,dɪˈzaɪɚd,释义待核实，不计入核心练习,
4467,inter,P5,W41–W50,释义待核实，不进入核心练习,ˌɪnˈtɝ,释义待核实，不计入核心练习,
4468,closer,P5,W41–W50,释义待核实，不进入核心练习,ˈkloʊsɚ,释义待核实，不计入核心练习,
4469,assumes,P5,W41–W50,释义待核实，不进入核心练习,əˈsumz,释义待核实，不计入核心练习,
4470,heights,P5,W41–W50,释义待核实，不进入核心练习,ˈhaɪts,释义待核实，不计入核心练习,
4471,shadow,P5,W41–W50,,ˈʃæˌdoʊ,n. 阴影，影子；暗处，阴影处（=shadows）；黑眼圈；坏影响；茫然，悲伤；一点点，丝毫；大不如从前的人（或事物）；虚幻的事物，不可能得到的东西；形影不离的人（或动物）；暗地跟踪者，尾随者；（跟随别人学习的）实习生；眼影（eyeshadow 的简称）；庇护；幽灵；v. 被……阴影笼罩，投阴影于；暗地跟踪；跟随……实地学习（或参观）；<英>（反对党成员）担任影子内阁大臣；adj. 影子内阁的,A shadow fell across her face.　一片阴影掠过她的脸庞。
4472,riding,P5,W41–W50,释义待核实，不进入核心练习,ˈraɪdɪŋ,释义待核实，不计入核心练习,
4473,infection,P5,W41–W50,,ˌɪnˈfɛkʃən,n. 传染病；感染；玷污，污染,Cholera is a bacterial infection.　霍乱是一种由细菌引起的感染。
4474,firefox,P5,W41–W50,释义待核实，不进入核心练习,ˈfaɪɚˌfɔks,释义待核实，不计入核心练习,
4475,lisa,P5,W41–W50,释义待核实，不进入核心练习,ˈlisə,释义待核实，不计入核心练习,
4476,expense,P5,W41–W50,,ɪkˈspɛns,n. 代价，费用；业务费用，报销（expenses）；需要花钱的东西，花销的东西；v. <非正式>把……记入费用账户；向……收取费用；被花掉,Running a car is a big expense.　养一辆车开销很大。
4477,grove,P5,W41–W50,,ˈɡroʊv,n. 树丛，小树林；果树林，果园；（用于街道名）街，路（Grove）；【名】 （Grove）格鲁夫（人名）,"I might as well recommend you to go to the ""Grove"".　我倒不如推荐你去 “Grove”。"
4478,eligibility,P5,W41–W50,释义待核实，不进入核心练习,ˌɛlɪdʒəˈbɪlɪti,释义待核实，不计入核心练习,
4479,venture,P5,W41–W50,,ˈvɛntʃɚ,- vt. 敢于；- vi. 冒险；投机；- n. 冒险；风险；企业,Grace was flushed with the success of the venture.　格雷斯为这次成功冒险感到兴奋。
4480,clinic,P5,W41–W50,,ˈklɪnɪk,n. 诊所，门诊部；门诊时间；临床实习；讲习班；（医院的）科，室；减免费用的专业服务机构；健康讲座,He is being treated at the London clinic.　他正在伦敦一家私人诊所接受治疗。
4481,korean,P5,W41–W50,释义待核实，不进入核心练习,ˌkɔˈriən,释义待核实，不计入核心练习,
4482,healing,P5,W41–W50,,ˈhilɪŋ,n. 康复；自然（祈祷）疗法；v. 治疗（heal 的现在分词）；adj. 能治愈的,A muscle tear will leave a scar after healing.　肌肉撕裂在治愈后会留下伤疤。
4483,princess,P5,W41–W50,,ˈprɪnsɛs,n. （除女王或王后外的）王室女成员，（尤指）公主；王妃，王公贵族夫人；（受宠溺而自以为优越的）娇小姐；<英，非正式>大小姐；小国女君主；出众的妇女（或事物），巾帼英雄；【名】 （Princess）（英）普琳西丝（人名）,Princess Anne topped the guest list.　安妮公主的名字位于来宾名单之首。
4484,mall,P5,W41–W50,,ˈmɔl,n. 购物中心，步行商业区；（有遮蔽设施的）步行道，散步场所；铁圈球球场；【名】 （Mall）（美、瑞）迈勒（人名）,Let's go to the mall.　我们去商场吧。
4485,entering,P5,W41–W50,释义待核实，不进入核心练习,ˈɛntɚɪŋ,释义待核实，不计入核心练习,
4486,packet,P5,W41–W50,,ˈpækət,n. <英>包装盒，包装袋；<英>（扁平的）小包裹；<美>（通常内容物仅够用一次的）小袋，小包（=sachet）；<美>文件包；信息包，数据包；<英，非正式>一笔巨款；<英>男性的性器官；v. 把..……打包,He went out to buy a packet of cigarettes.　他出去买了一包香烟。
4487,spray,P5,W41–W50,,ˈspreɪ,n. 喷雾液体，喷剂；喷雾器；喷，喷涂；喷雾状物；浪花，飞沫；（用作装饰的）小树枝，小花枝；（戴在身上的）一簇花，枝状饰物；v. 喷，喷洒（液体）；（使）飞溅，（使）飞散；喷农药；在……上喷涂料（或油漆）；向……扫射（子弹）；用于体育运动中踢（或击、扔）（方向不定或不准的球）；撒尿（以示领地占有）；（臭鼬）用臭液弄湿；【名】 （Spray）（英）斯普雷（人名）,I bought a spray to kill the weeds.　我买了一种喷剂可以除草。
4488,studios,P5,W41–W50,释义待核实，不进入核心练习,ˈstudiˌoʊz,释义待核实，不计入核心练习,
4489,involvement,P5,W41–W50,,ˌɪnˈvɑlvmənt,n. 参与，介入；投入，沉迷；暧昧关系，恋爱关系,One of the main themes of TQM is employee involvement.　全员质量管理的一个主要原则之一是雇员参与。
4490,dad,P5,W41–W50,,ˈdæd,n. 爸(儿语)；n. 爸爸；爹爹；n. （Dad）人名；（孟、巴基、阿富）达德；（泰）达,"Thanks Dad, you're an angel.　谢谢爸爸，你是个大好人。"
4491,buttons,P5,W41–W50,释义待核实，不进入核心练习,ˈbʌtənz,释义待核实，不计入核心练习,
4492,placement,P5,W41–W50,,ˈpleɪsmənt,n. 布置，摆放；（某人的）安置，安顿；实习工作；收容所，安置所；定位球,The course includes a placement in Year 3.　本课程第3年有实习课。
4493,observations,P5,W41–W50,释义待核实，不进入核心练习,ˌɑbzɚˈveɪʃənz,释义待核实，不计入核心练习,
4494,vbulletin,P5,W41–W50,释义待核实，不进入核心练习,,释义待核实，不计入核心练习,
4495,funded,P5,W41–W50,释义待核实，不进入核心练习,ˈfʌndəd,释义待核实，不计入核心练习,
4496,thompson,P5,W41–W50,释义待核实，不进入核心练习,ˈtɑmpsən,释义待核实，不计入核心练习,
4497,winners,P5,W41–W50,释义待核实，不进入核心练习,ˈwɪnɚz,释义待核实，不计入核心练习,
4498,extend,P5,W41–W50,,ɪkˈstɛnd,v. 延伸；扩大，延长；持续；包括，波及；提供，表示；伸出；使竭尽全力；对……估价；继承（面向对象语言中的一种概念）,The caves extend for some 12 miles.　这些洞穴延伸约12英里。
4499,roads,P5,W41–W50,释义待核实，不进入核心练习,ˈroʊdz,释义待核实，不计入核心练习,
4500,subsequent,P5,W41–W50,,ˈsʌbsəkwənt,adj. 随后的，接着的；（河，谷）后成的,Subsequent events confirmed our doubts.　后来发生的事证实了我们的怀疑。
4501,pat,P5,W41–W50,,ˈpæt,v. 轻拍（以示喜爱、赞同或安慰）；轻拍（以引起注意或检查安放好的物品）；爱抚（狗或马等动物）；轻拍抚平，轻拍成形；拍干；n. （表示友善的）轻拍；小块（黄油等）；adj. （回答或解释）脱口而出的，敷衍的,He longed for Pat to phone.　他期盼着帕特来电话。
4502,dublin,P5,W41–W50,释义待核实，不进入核心练习,ˈdʌblɪn,释义待核实，不计入核心练习,
4503,rolling,P5,W41–W50,释义待核实，不进入核心练习,ˈroʊlɪŋ,释义待核实，不计入核心练习,
4504,fell,P5,W41–W50,释义待核实，不进入核心练习,ˈfɛl,释义待核实，不计入核心练习,
4505,motorcycle,P5,W41–W50,,ˈmoʊtɚˌsaɪkəl,n. 摩托车；v. 骑摩托车,Stefano used a motorcycle to herd the sheep.　斯蒂芬诺骑一辆摩托车驱赶羊群。
4506,yard,P5,W41–W50,,ˈjɑrd,n. 码（长度单位，等于 3 英尺或 0.91 米）；（尤指沙等建筑材料的）平方码，立方码；（某种用途的）区域，场地；（小屋的）后院，院子；<北美> 庭院花园；<西印度> 包括房子的庭院；<南非> 出租庭院；城市小区；帆桁；<美，非正式> 100美元，百元钞票；<英，非正式> 苏格兰场（the Yard）；（尤指牙买加侨民之间所指的）祖国，牙买加（Yard）；<美> 庭院花园；v. <美> 把（木材）堆放（或运至）场内；把（家畜）驱入圈栏；（麋鹿）冬令集居；【名】 （Yard）（英）亚德（人名）,Which door leads to the yard?　哪扇门通向庭院？
4507,disclosure,P5,W41–W50,,dɪsˈkloʊʒɚ,n. 披露，泄密；透露的秘闻，公开的事情,"Patient disclosure, facilitated by the therapist, seems also to facilitate the process of normalizing.　在治疗师的帮助下，病人的倾诉似乎也促进了正常化的进程。"
4508,establishment,P5,W41–W50,,ɪˈstæblɪʃmənt,n. 建立，设立；权势集团，现存体制；企业，公共机构，家庭；结婚；英国国教，苏格兰长老会,The hotel is a comfortable and well-run establishment.　这家旅馆环境舒适且经营良好。
4509,memories,P5,W41–W50,释义待核实，不进入核心练习,ˈmɛmɚiz,释义待核实，不计入核心练习,
4510,nelson,P5,W41–W50,释义待核实，不进入核心练习,ˈnɛlsən,释义待核实，不计入核心练习,
4511,te,P5,W41–W50,释义待核实，不进入核心练习,ˈti,释义待核实，不计入核心练习,
4512,arrived,P5,W41–W50,释义待核实，不进入核心练习,ɚˈaɪvd,释义待核实，不计入核心练习,
4513,creates,P5,W41–W50,释义待核实，不进入核心练习,kriˈeɪts,释义待核实，不计入核心练习,
4514,faces,P5,W41–W50,释义待核实，不进入核心练习,ˈfeɪsəz,释义待核实，不计入核心练习,
4515,tourist,P5,W41–W50,,ˈtʊrəst,n. 旅行者，观光客；<英>（在国外参加）巡回比赛的运动队队员；经济舱；adj. 旅游者的，游客的；v. <罕>旅行,A passing tourist snapped the incident.　一个过路的游客把这件事拍了下来。
4516,av,P5,W41–W50,释义待核实，不进入核心练习,ˌeɪˈvi,释义待核实，不计入核心练习,
4517,mayor,P5,W41–W50,,ˈmeɪɚ,n. （英格兰、威尔士和北爱尔兰由议员选举产生的）镇长，市长；（美国、加拿大等国家公众选举的）市长；【名】 （Mayor）（英）梅厄，（法、西、俄）马约尔（人名）,The mayor kicked off the party.　市长揭开了宴会的序幕。
4518,murder,P5,W41–W50,,ˈmɝdɚ,n. 谋杀，凶杀；<非正式>困难的事，讨厌的事；一群乌鸦；v. 谋杀，凶杀；糟蹋，毁坏；<非正式>彻底击败；<非正式>对……大发雷霆；<非正式>贪婪地吃（或喝）,She confessed to the murder.　她供认犯了谋杀罪。
4519,sean,P5,W41–W50,释义待核实，不进入核心练习,ˈʃɔn,释义待核实，不计入核心练习,
4520,adequate,P5,W41–W50,,ˈædəkwət,adj. 足够的，适当的，合乎需要的；（品质）足够好的，令人满意的；（质量）达到要求的，勉强过关的,Make sure that the firm's insurance cover is adequate.　要确保该公司的保险保障是足够的。
4521,senator,P5,W41–W50,,ˈsɛnətɚ,n. 参议员，（古罗马的）元老院议员，（大学理事会的）理事；<苏格兰>庭长；【名】 （Senator）（瑞典、斯威）塞纳托尔（人名）,She openly flaunted her affair with the senator.　她公开夸耀与参议员的恋情。
4522,yield,P5,W41–W50,,ˈjild,v. 产生（收益、效益等），产生（结果）；出产（天然产品，农产品，工业产品）；屈服，让步；放弃，让出；给（大路上的车辆）让路；（受压）活动，弯曲，折断；<正式>被……替代；请（某人）讲话；停止争论；n. 产量；收益，利润，红利（或股息）率,He may yield control.　他可能放弃控制权。
4523,presentations,P5,W41–W50,释义待核实，不进入核心练习,ˌprɛzənˈteɪʃənz,释义待核实，不计入核心练习,
4524,grades,P5,W41–W50,释义待核实，不进入核心练习,ˈɡreɪdz,释义待核实，不计入核心练习,
4525,cartoons,P5,W41–W50,释义待核实，不进入核心练习,kɑrˈtunz,释义待核实，不计入核心练习,
4526,pour,P5,W41–W50,,ˈpɔr,v. 倾倒，倒出；（给……）斟，倒（饮料等）；倾泻，涌流；（人，物）接踵而至，纷至沓来；（雨）倾盆而下；大量注入（资金），捐献（pour sth. into）；倾诉，倾吐（pour sth. out）；穿上（紧身衣）（pour oneself into）；n. 灌，注；倾泻；倾盆大雨；【名】 （Pour）（美、捷）保尔（人名）,Shall I pour?　我来倒好吗？
4527,digest,P5,W41–W50,,daɪˈdʒɛst,v. 理解，领悟；消化；n. 文摘，摘要；分解物，提炼物,She couldn't digest food properly.　她无法正常消化食物。
4528,reg,P5,W41–W50,释义待核实，不进入核心练习,ˈrɛɡ,释义待核实，不计入核心练习,
4529,lodging,P5,W41–W50,释义待核实，不进入核心练习,ˈlɑdʒɪŋ,释义待核实，不计入核心练习,
4530,tion,P5,W41–W50,释义待核实，不进入核心练习,,释义待核实，不计入核心练习,
4531,dust,P5,W41–W50,,ˈdʌst,n. 沙尘；灰尘；粉末；尘雾；除尘，掸灰；<文>尸骨，遗骸；<文>凡身，肉体；v. 擦去……的灰尘；把粉末撒于；<美，非正式>狠揍，杀死（某人）；【名】 （Dust）（德、俄）杜斯特（人名）,Chickens pecked in the dust.　小鸡们在尘土中啄食。
4532,hence,P5,W41–W50,,ˈhɛns,adv. 因此；之后,"Hence, the Jovian planets are often called giants.　因此，木星行星通常被称为巨行星。"
4533,wiki,P5,W41–W50,释义待核实，不进入核心练习,ˈwɪˌki,释义待核实，不计入核心练习,
4534,entirely,P5,W41–W50,,ɪnˈtaɪɚli,adv. 完全地，完整地；仅仅，只,I entirely agree with you.　我完全同意你的看法。
4535,replaced,P5,W41–W50,释义待核实，不进入核心练习,ˌriˈpleɪst,释义待核实，不计入核心练习,
4536,radar,P5,W41–W50,,ˈreɪˌdɑr,n. 雷达，无线电探测系统；（人的）直觉感知能力，（对因素或潮流等的）敏感性；【名】 （Radar）拉达尔（人名）,They located the ship by radar.　他们通过雷达确定了船只的位置。
4537,rescue,P5,W41–W50,,ˈrɛskju,v. 营救，援救；拯救，挽救（生意等）；<非正式>防止……丢失（或遭丢弃），取回；n. 营救，救援；营救行动,We had given up hope of rescue.　我们那时已经放弃了获救的希望。
4538,undergraduate,P5,W41–W50,,ˌʌndɚˈɡrædʒəwət,n. 大学本科生，大学肄业生；adj. 大学本科生的，大学肄业生的,"Every day, there's going to be a TA in the undergraduate lounge.　每天都会有一名助教在本科休息室里。"
4539,losses,P5,W41–W50,释义待核实，不进入核心练习,ˈlɔsəz,释义待核实，不计入核心练习,
4540,combat,P5,W41–W50,,ˈkɑmbæt,n. 战斗，搏斗；争论，反对；v. 与……作斗争；防止，减轻；adj. 战斗的；为……斗争的,It was the end of a long combat.　那是一场长时间搏斗的结束。
4541,reducing,P5,W41–W50,释义待核实，不进入核心练习,rəˈdusɪŋ,释义待核实，不计入核心练习,
4542,stopped,P5,W41–W50,释义待核实，不进入核心练习,ˈstɑpt,释义待核实，不计入核心练习,
4543,occupation,P5,W41–W50,,ˌɑkjəˈpeɪʃən,n. 工作，职业；消遣，业余活动；（尤指军队的）占领，控制；（房屋等地方的）居住，使用；adj. <英>仅供土地占有者使用的,Parachuting is a dangerous occupation.　跳伞是一种危险的消遣。
4544,lakes,P5,W41–W50,释义待核实，不进入核心练习,ˈleɪks,释义待核实，不计入核心练习,
4545,butt,P5,W41–W50,释义待核实，不进入核心练习,ˈbʌt,释义待核实，不计入核心练习,
4546,donations,P5,W41–W50,释义待核实，不进入核心练习,doʊˈneɪʃənz,释义待核实，不计入核心练习,
4547,associations,P5,W41–W50,释义待核实，不进入核心练习,əˌsoʊsiˈeɪʃənz,释义待核实，不计入核心练习,
4548,citysearch,P5,W41–W50,释义待核实，不进入核心练习,ˈsɪtiˌsɝtʃ,释义待核实，不计入核心练习,
4549,closely,P5,W41–W50,,ˈkloʊsli,adv. 仔细地，严密地；（联系）紧密地；秘密地，暗中地；（时间或位置上）接近地，不远地；相似地，不相上下地,He closely guarded her identity.　他严密地保守她的身份。
4550,radiation,P5,W41–W50,,ˌreɪdiˈeɪʃən,n. 辐射，放射线；辐射的热（或能量等）；放射疗法；辐射形进化，发散状分化,The sun's radiation penetrates the skin.　太阳的辐射能透进皮肤。
4551,diary,P5,W41–W50,,ˈdaɪɚi,n. 日记；<英>日程簿；专栏,Eleanor began to keep a diary.　埃莉诺开始记日记了。
4552,seriously,P5,W41–W50,,ˈsɪriəsli,adv. 严重地，恶劣地；严肃地，认真地；说正经的，说实在的；<非正式>真的，当真；<非正式>非常，极其,I wish you'd take me seriously.　我希望你认真对待我的话。
4553,kings,P5,W41–W50,释义待核实，不进入核心练习,ˈkɪŋz,释义待核实，不计入核心练习,
4554,shooting,P5,W41–W50,,ˈʃutɪŋ,n. 枪击，枪杀（事件）；射击（运动），打猎；拍摄；狩猎权；狩猎场；得分；adj. 射击的；枪击事件的；拍摄的；抽痛的，剧痛的；快速移动（或生长）的；v. 射击；拍摄；射门，投篮（shoot 的现在分词）,They go shooting in Scotland.　他们上苏格兰去打猎。
4555,kent,P5,W41–W50,释义待核实，不进入核心练习,ˈkɛnt,释义待核实，不计入核心练习,
4556,adds,P5,W41–W50,释义待核实，不进入核心练习,ˈædz,释义待核实，不计入核心练习,
4557,nsw,P5,W41–W50,释义待核实，不进入核心练习,,释义待核实，不计入核心练习,
4558,ear,P5,W41–W50,,ˈir,n. 耳朵；灵敏的听力；倾听；穗；耳状物；【名】 （Ear）（柬）伊（人名）,He tweaked Guy's ear roughly.　他粗暴地扯盖伊的耳朵。
4559,flags,P5,W41–W50,释义待核实，不进入核心练习,ˈflæɡz,释义待核实，不计入核心练习,
4560,pci,P5,W41–W50,释义待核实，不进入核心练习,,释义待核实，不计入核心练习,
4561,baker,P5,W41–W50,释义待核实，不进入核心练习,ˈbeɪkɚ,释义待核实，不计入核心练习,
4562,launched,P5,W41–W50,释义待核实，不进入核心练习,ˈlɔntʃt,释义待核实，不计入核心练习,
4563,elsewhere,P5,W41–W50,,ˈɛlˌswɛr,adv. 在别处，去别处；pron. 别处，别的地方,Prices are higher here than elsewhere.　这里的价格比其他地方高。
4564,pollution,P5,W41–W50,,pəˈluʃən,n. 污染；污染物；噪音污染，（夜间扰人的）强烈灯光,Pollution can aggravate asthma.　污染会使气喘加重。
4565,conservative,P5,W41–W50,,kənˈsɝvətɪv,adj. 保守的；保守派的，保守主义的（认为政府应该实行政治保守主义）；（衣着）守旧的，传统的；低估的；保守党的；不愿冒险的，谨慎的；n. 保守者，因循守旧者；保守党党员，保守党支持者,Her style of dress was never conservative.　她的服装式样一点儿也不保守。
4566,guestbook,P5,W41–W50,释义待核实，不进入核心练习,,释义待核实，不计入核心练习,
4567,shock,P5,W41–W50,,ˈʃɑk,n. 令人震惊的事；吃惊，震惊；休克；电击，触电；减震器；（对经济、传统、生活方式的）冲击，撞击；（爆炸、地震等引起的）剧烈震动；浓密的头发；愤怒，生气；冲击力 ；（竖放在地里促使谷物更快晒干和成熟的）禾束堆；v. 使震惊，使难以置信；（言语或行为）（使）愤慨，（使）生气；使触电，使遭电击；使恐惧（或厌恶）；使生理休克；把......堆成禾束堆；adj. 令人震惊的，令人大感意外的（尤用于新闻报道）；浓密的，蓬乱的,He's in for a shock!　他很快就会感到震惊的！
4568,effectiveness,P5,W41–W50,,ɪˈfɛktɪvnəs,n. 有效性，效力,"But on the general effectiveness of the social cure, Rosenberg is less persuasive.　但是在社会疗法的普遍有效性的问题上，罗森博格反倒没有那么令人信服。"
4569,walls,P5,W41–W50,释义待核实，不进入核心练习,ˈwɔlz,释义待核实，不计入核心练习,
4570,abroad,P5,W41–W50,,əˈbrɔd,adv. 在国外，到国外；<旧>在室外，到室外；<正式> 广为流传，广为人知；行动自由；<古> 未击中目标，出错；n. 外国,She worked abroad for a year.　她在国外工作了一年。
4571,ebony,P5,W41–W50,释义待核实，不进入核心练习,ˈɛbəni,释义待核实，不计入核心练习,
4572,tie,P5,W41–W50,,ˈtaɪ,v. （用线、绳索等）系，扎，捆；将……系在……上，系牢；打结；使相联系；束缚；（比赛中）打成平局；用系材（或横杆）连接；用连结线连接（音符）；连音演奏（两个音符）；n. 领带，领结；（绑扎东西用的）带子，绳子；纽带，联系；束缚；平局；<英>淘汰赛；<美>枕木，轨枕；延音连接线；系带鞋；系梁；【名】 （Tie）狄（人名）,He fidgeted with his tie.　他不停摆弄他的领带。
4573,ward,P5,W41–W50,,ˈwɔrd,n. 病房，病室；（城镇或村庄的）区，选区；被监护人（尤指儿童）；<美>牢房；<古>监视，看守；（锁内）齿凸（wards）；<史>城堡内空地，堡场；v. 接受（病人）入病房；<古>看守，保护；【名】 （Ward）沃德（人名）,Mr. Ward wasn't a rogue at all.　沃德先生根本不是个无赖。
4574,drawn,P5,W41–W50,释义待核实，不进入核心练习,ˈdrɔn,释义待核实，不计入核心练习,
4575,arthur,P5,W41–W50,释义待核实，不进入核心练习,ˈɑrθɚ,释义待核实，不计入核心练习,
4576,ian,P5,W41–W50,释义待核实，不进入核心练习,ˈiən,释义待核实，不计入核心练习,
4577,visited,P5,W41–W50,释义待核实，不进入核心练习,ˈvɪzɪtɪd,释义待核实，不计入核心练习,
4578,roof,P5,W41–W50,,ˈruf,n. 屋顶，车顶；（洞穴、矿井等的）顶部；口腔顶部，上腭；住处，栖身之处；（价格或工资的）最高限度，上限；v. 给......盖上屋顶；覆遮，遮蔽；【名】 （Roof）（英）鲁夫（人名）,How long would the roof hold?　这屋顶还能支撑多久？
4579,walker,P5,W41–W50,释义待核实，不进入核心练习,ˈwɔkɚ,释义待核实，不计入核心练习,
4580,demonstrate,P5,W41–W50,,ˈdɛmənˌstreɪt,v. 证明；示范，演示；表露；游行，示威,We want to demonstrate our commitment to human rights.　我们想表明我们对人权的信念。
4581,atmosphere,P5,W41–W50,,ˈætməsˌfɪr,n. （包围地球或其他行星的）大气，大气层；（房间或其他场所内的）空气；气氛，环境；情调，感染力,The atmosphere was electric.　气氛很热烈。
4582,suggests,P5,W41–W50,释义待核实，不进入核心练习,səˈdʒɛsts,释义待核实，不计入核心练习,
4583,kiss,P5,W41–W50,,ˈkɪs,v. 亲吻，接吻；轻拂，轻触；用唇轻触（以示敬意）；（球）轻轻擦过（另一球）；n. 吻，接吻；（一球与另一球的）轻擦；【名】 （Kiss）（美、匈牙利、罗马尼亚）基什（人名）,Maria blew him a kiss.　玛丽亚给了他一个飞吻。
4584,beast,P5,W41–W50,,ˈbist,n. 野兽，猛兽，牲畜；凶暴残忍的人，道德败坏的人；（具有某种特性的）东西，货色,The beast in him came up.　他兽性大发。
4585,ra,P5,W41–W50,释义待核实，不进入核心练习,ˈrɑ,释义待核实，不计入核心练习,
4586,operated,P5,W41–W50,释义待核实，不进入核心练习,ˈɑpɚˌeɪtəd,释义待核实，不计入核心练习,
4587,experiment,P5,W41–W50,,ɪkˈspɛrəmənt,n. 实验，试验；尝试，实践；v. 进行实验，做试验；试，尝试,I decided to conduct an experiment.　我决定做一项实验。
4588,targets,P5,W41–W50,释义待核实，不进入核心练习,ˈtɑrɡəts,释义待核实，不计入核心练习,
4589,overseas,P5,W41–W50,,ˌoʊvɚˈsiz,adj. 外国的，海外的；adv. 在国外，在海外,Nearly half the students come from overseas.　几乎一半学生来自海外。
4590,purchases,P5,W41–W50,释义待核实，不进入核心练习,ˈpɝtʃəsəz,释义待核实，不计入核心练习,
4591,dodge,P5,W41–W50,,ˈdɑdʒ,v. 闪开，躲开；巧妙躲避，施计回避；按变换序列鸣钟；（冲洗或放大时）局部遮光；n. 逃避的诡计，骗人的伎俩；躲闪；【名】 （Dodge）（美）道奇（人名）,She still drives her trusty old Dodge.　她依然开她那辆牢靠的旧道奇车。
4592,counsel,P5,W41–W50,,ˈkaʊnsəl,n. 忠告，建议；辩护律师；<古>咨询，磋商；v. 建议，劝告（做……）；为……提供咨询，给……提供建议；商讨，提出忠告,He had always been able to count on her wise counsel.　他总是能够指望她明智的忠告。
4593,federation,P5,W41–W50,,ˌfɛdɚˈeɪʃən,n. 联邦政府，联邦；联合会；结成联邦（或联盟）,In the future we envision a federation of companies.　我们设想将来会有公司联盟。
4594,pizza,P5,W41–W50,,ˈpitsə,n. 比萨饼（一种涂有乳酪和番茄酱的意大利式有馅烘饼）；（Pizza）（意）皮扎（人名）,They pigged out on pizza.　他们猛抢着吃比萨饼。
4595,invited,P5,W41–W50,释义待核实，不进入核心练习,ˌɪnˈvaɪtəd,释义待核实，不计入核心练习,
4596,yards,P5,W41–W50,释义待核实，不进入核心练习,ˈjɑrdz,释义待核实，不计入核心练习,
4597,assignment,P5,W41–W50,,əˈsaɪnmənt,n. 作业，任务；（工作等的）分配，指派；（财产、权利的）转让,I had set myself a tough assignment.　我给自己定了一项艰巨任务。
4598,chemicals,P5,W41–W50,释义待核实，不进入核心练习,ˈkɛmɪkəlz,释义待核实，不计入核心练习,
4599,gordon,P5,W41–W50,释义待核实，不进入核心练习,ˈɡɔrdən,释义待核实，不计入核心练习,
4600,mod,P5,W41–W50,释义待核实，不进入核心练习,ˈmɔd,释义待核实，不计入核心练习,
4601,farmers,P5,W41–W50,释义待核实，不进入核心练习,ˈfɑrmɚz,释义待核实，不计入核心练习,
4602,rc,P5,W41–W50,释义待核实，不进入核心练习,,释义待核实，不计入核心练习,
4603,queries,P5,W41–W50,释义待核实，不进入核心练习,ˈkwɪriz,释义待核实，不计入核心练习,
4604,bmw,P5,W41–W50,释义待核实，不进入核心练习,ˌbiˌɛmˈdʌbəlju,释义待核实，不计入核心练习,
4605,rush,P5,W41–W50,,ˈrʌʃ,v. 冲，奔；把（某人或某物）迅速送往；赶紧做，仓促做；催促，使赶紧；（水、液体等）快速流动；（因感到尴尬）某人的脸/面颊涨红；向……猛冲，猛攻；<美>（大学生联谊会通过举办聚会等）招纳，招收（新会员）；办理手续加入（大学生联谊会）；（美橄）突袭（对方队员，尤指枢纽前卫）；（美式橄榄中）跑动带（球）；仓促生产并分发，匆匆出售（rush something out）；n. （尤指一群人的）冲，奔；（空气、水等）湍流；匆忙，赶紧；（人流或交通的）高峰时间（the rush）；（很多人）争做，急需；迸发的情绪，情绪迸发；（因吸食毒品或因兴奋事物产生的）一阵激动；工作样片（rushes）；灯心草（常用来编筐）；（美橄）突袭对方队员（尤指枢纽前卫）；（美式橄榄球中的）跑动带球；（大学生联谊会的）招新活动；（美国大学生联谊会的）纳新活动（时间）；【名】 （Rush）（英）拉什（人名）,You can't rush a search.　你不能匆忙做搜寻工作。
4606,ukraine,P5,W41–W50,释义待核实，不进入核心练习,juˈkreɪn,释义待核实，不计入核心练习,
4607,absence,P5,W41–W50,,ˈæbsəns,n. 缺席，缺勤，不在；缺乏，没有；缺席期间，休假期间；不注意,His absence went unremarked.　没有人注意到他不在场。
4608,nearest,P5,W41–W50,释义待核实，不进入核心练习,ˈnɪrəst,释义待核实，不计入核心练习,
4609,cluster,P5,W41–W50,,ˈklʌstɚ,n. 组，簇；星团；一连串同类事件；（聚集在同一地方的）一群人；（计算机磁盘上的）丛集，群集；辅音群，辅音连缀；基；v. 群聚，聚集；（数据点）具近似数值；【名】 （Cluster）（英）克拉斯特（人名）,Each atomic cluster is made up of neutrons and protons.　每个原子团簇是由中子和质子组成的。
4610,vendors,P5,W41–W50,释义待核实，不进入核心练习,ˈvɛndɚz,释义待核实，不计入核心练习,
4611,mpeg,P5,W41–W50,释义待核实，不进入核心练习,ˈɛmˌpɛɡ,释义待核实，不计入核心练习,
4612,whereas,P5,W41–W50,,wɛˈræz,conj. （表示对比）但是，然而；鉴于（用于文件的开头）；n. 序言，开场白；条件语句,"Some of the studies show positive results, whereas others do not.　有一些研究结果令人满意，然而其他的则不然。"
4613,yoga,P5,W41–W50,,ˈjoʊɡə,n. 瑜伽，瑜伽术； 瑜伽派（印度哲学派别）,I do yoga twice a week.　我一周做两次瑜伽。
4614,serves,P5,W41–W50,释义待核实，不进入核心练习,ˈsɝvz,释义待核实，不计入核心练习,
4615,woods,P5,W41–W50,释义待核实，不进入核心练习,ˈwʊdz,释义待核实，不计入核心练习,
4616,surprise,P5,W41–W50,,sɚˈpraɪz,n. 不寻常的事件，意外之事；惊奇，惊讶；令某人意外惊喜的事物（如礼物、旅行等）；出其不意（出人意料）的方法；让人大吃一惊的人；（鸣钟术）一种复杂的敲奏编钟的方法；v. 使（某人）吃惊；意外发现，当场抓获，突然袭击；给……惊喜，使喜出望外；int. 感到惊奇吧！,She looked up in surprise.　她惊讶地抬起头。
4617,lamp,P5,W41–W50,,ˈlæmp,n. 灯，光源；（用于医疗和科研的）发热灯，照射器；灵感的源泉；v. 照明，照亮；<文>发光；灯下捕猎（尤指捕兔）；【名】 （Lamp）（英、德、匈、瑞典）兰普（人名）,The lamp has a heavy base.　这盏灯的底座很沉。
4618,rico,P5,W41–W50,释义待核实，不进入核心练习,ˈrikoʊ,释义待核实，不计入核心练习,
4619,partial,P5,W41–W50,,ˈpɑrʃəl,adj. 部分的，不完全的；偏袒的，不公平的；偏爱的；n. （乐）分音，泛音,I might be accused of being partial.　我可能会被人指责是偏袒的。
4620,shoppers,P5,W41–W50,释义待核实，不进入核心练习,ˈʃɑpɚz,释义待核实，不计入核心练习,
4621,phil,P5,W41–W50,释义待核实，不进入核心练习,ˈfɪl,释义待核实，不计入核心练习,
4622,everybody,P5,W41–W50,,ˈɛvriˌbɑdi,pron. 每个人，人人,The news heartened everybody.　这个消息鼓舞了每个人。
4623,couples,P5,W41–W50,释义待核实，不进入核心练习,ˈkʌpəlz,释义待核实，不计入核心练习,
4624,nashville,P5,W41–W50,释义待核实，不进入核心练习,ˈnæʃvɪl,释义待核实，不计入核心练习,
4625,ranking,P5,W41–W50,,ˈræŋkɪŋ,adj. 上级的；头等的；超群的；n. 等级；地位；v. 排列；归类于（rank 的 ing 形式）,She has retained her No.1 world ranking.　她保住了自己世界第一的排名。
4626,jokes,P5,W41–W50,释义待核实，不进入核心练习,ˈdʒoʊks,释义待核实，不计入核心练习,
4627,cst,P5,W41–W50,释义待核实，不进入核心练习,,释义待核实，不计入核心练习,
4628,http,P5,W41–W50,释义待核实，不进入核心练习,ˌeɪtʃˌtiˌtiˈpi,释义待核实，不计入核心练习,
4629,ceo,P5,W41–W50,释义待核实，不进入核心练习,ˌsiˌiˈoʊ,释义待核实，不计入核心练习,
4630,simpson,P5,W41–W50,释义待核实，不进入核心练习,ˈsɪmpsən,释义待核实，不计入核心练习,
4631,twiki,P5,W41–W50,释义待核实，不进入核心练习,,释义待核实，不计入核心练习,
4632,sublime,P5,W41–W50,释义待核实，不进入核心练习,səˈblaɪm,释义待核实，不计入核心练习,
4633,counseling,P5,W41–W50,释义待核实，不进入核心练习,ˈkaʊnsəlɪŋ,释义待核实，不计入核心练习,
4634,palace,P5,W41–W50,,ˈpæləs,n. 王宫，（官位极高者的）府邸；住在王宫里的人，王室（the Palace）；大厦，豪宅；adj. 王宫的，（总统）官邸的；与政府人员有关的,We drove through the palace gates.　我们驱车驶过重重宫门。
4635,acceptable,P5,W41–W50,,ækˈsɛptəbəl,adj. 可接受的，（大多数人）认同的；合意的，令人满意的；尚可的，勉强的；可容忍的，可允许的,"The food was acceptable, but no more.　食物还可以，但说不上很好。"
4636,satisfied,P5,W41–W50,,ˈsætəsˌfaɪd,adj. 满意的，满足的；确信的，信服的；v. 使满意；满足（要求、需要等）；使确信（satisfy 的过去式和过去分词形式）,We are not satisfied with these results.　我们对这些结果不满意。
4637,glad,P5,W41–W50,,ˈɡlæd,adj. 高兴的；感激的；乐意的，非常愿意的；令人愉快的，充满欢乐的；v. <古>取悦，使高兴；n. <非正式>唐菖蒲属植物，唐菖蒲,I'm glad you came along.　有你跟我一起来，我很高兴。
4638,wins,P5,W41–W50,释义待核实，不进入核心练习,ˈwɪnz,释义待核实，不计入核心练习,
4639,measurements,P5,W41–W50,释义待核实，不进入核心练习,ˈmɛʒɚmənts,释义待核实，不计入核心练习,
4640,verify,P5,W41–W50,,ˈvɛrəˌfaɪ,v. 核实，查证；证明，证实,An external auditor will verify the accounts.　外部审计员将核实这些账目。
4641,globe,P5,W41–W50,,ˈɡloʊb,n. 地球，世界；地球仪；球体，球状物；v. （使）成球状,He still wheels and deals around the globe.　他仍在世界各地钻营谋取。
4642,trusted,P5,W41–W50,释义待核实，不进入核心练习,ˈtrʌstɪd,释义待核实，不计入核心练习,
4643,copper,P5,W41–W50,,ˈkɑpɚ,n. 铜；铜钱，铜币；<非正式>警察；灰蝶，铜色蝶；adj. 紫铜色的，红棕色的；vt. 用铜包，给……镀铜,Copper pipe is sold in lengths.　铜管按长度出售。
4644,milwaukee,P5,W41–W50,释义待核实，不进入核心练习,mɪlˈwɔki,释义待核实，不计入核心练习,
4645,rack,P5,W41–W50,,ˈræk,n. 架子，支架；（固定台球球位的）三角框；一局台球比赛；（旧时的）拉肢刑具（the rack）；（机器的）齿条，齿轨；（羊、猪等带前肋的）颈脊肉；一对鹿角；<美，非正式>床；毁灭，毁坏；（吉他等乐器的）数字音响效果装置；伸长快步（指马侧蹄几乎同时依次抬起、四蹄偶尔同时离地的步态）；v. 折磨，使痛苦；<史>对……施以肢刑；把……放在架子里（或架子上）；<美>（台球比赛开局前）将球摆成三角形；用齿条及小齿轮传动；（从酒桶渣滓中）抽取（葡萄酒，啤酒等）；<澳，非正式>走开，离去（rack off）；（马）伸长快步跑，轻快小跑；<古>不合理地提高（租金）；<古>（云）随风飘动；【名】 （Rack）（法、德、意、匈）拉克（人名）,A luggage rack is a sensible option.　行李架是个明智的选择。
4646,medication,P5,W41–W50,,ˌmɛdəˈkeɪʃən,n. 药物，药品；药物治疗,Medication is used sparingly.　药物治疗使用得很少。
4647,warehouse,P5,W41–W50,,ˈwɛrˌhaʊs,n. 仓库，货栈，货仓；仓储式批发商店，仓储式零售商店；v. 将（商品）存库，使入库；<美，非正式>将（某人，尤其是犯人或精神病患者）安置在条件差的仓库式的收容所中,The gang did a warehouse and a supermarket.　那帮匪徒抢劫了一个仓库和一家超级市场。
4648,shareware,P5,W41–W50,释义待核实，不进入核心练习,ˈʃɛrˌwɛr,释义待核实，不计入核心练习,
4649,ec,P5,W41–W50,释义待核实，不进入核心练习,,释义待核实，不计入核心练习,
4650,rep,P5,W41–W50,释义待核实，不进入核心练习,ˈrɛp,释义待核实，不计入核心练习,
4651,dicke,P5,W41–W50,释义待核实，不进入核心练习,ˈdɪk,释义待核实，不计入核心练习,
4652,kerry,P5,W41–W50,释义待核实，不进入核心练习,ˈkɛri,释义待核实，不计入核心练习,
4653,receipt,P5,W41–W50,,rɪˈsit,n. 发票，收据；<正式>收到，接收；(企业、银行、政府等）收到的款项，收入（receipts）；v. 在（账单）上注明收讫字样,"Can I have a receipt, please?　请给我开个收据，好吗？"
4654,supposed,P5,W41–W50,释义待核实，不进入核心练习,səˈpoʊzd,释义待核实，不计入核心练习,
4655,ordinary,P5,W41–W50,,ˈɔrdəˌnɛri,adj. 普通的，平常的；平淡无奇的，平庸的；（尤指法官、主教）常任的，本身有权的；n. 常见的人（或事物）（the ordinary）；<英>常任法官；管区长，教区长（the Ordinary）；（罗马天主教）常规弥撒（Ordinary）；礼拜式规程书典（Ordinary）；（纹章）普通图记；普通股（ordinary share 的简称）；<美>（前轮大后轮小的）老式自行车,The meal was very ordinary.　这顿饭平常得很。
4656,nobody,P5,W41–W50,,ˈnoʊˌbɑˌdi,pron. 没有人（=no one）；n. 小人物,"Remarkably, nobody was killed.　竟然没有死人，真是万幸。"
4657,ghost,P5,W41–W50,,ˈɡoʊst,n. 鬼，幽灵；（尤指对可怕事物的）记忆，回忆；一丝，一点；（电视或计算机屏幕上的）重像，重影；v. 代人写作，为人代笔；（平稳不费力地）滑行；作祟于,It wasn't a ghost; it was a real person.　那不是鬼魂，是实实在在的人。
4658,violation,P5,W41–W50,,vaɪəˈleɪʃən,n. （对法律、协议、原则等的）违背，违反；侵权行为，（对人权的）侵犯； （对某物的）损毁，（对圣地的）亵渎；强奸,To deprive the boy of his education is a violation of state law.　剥夺这个男孩的受教育权是一种违反州法律的行为。
4659,configure,P5,W41–W50,,kənˈfɪɡjɚ,v. 安装，装配；（计算机）配置，设定,But you need to configure it.　但是，您需要配置它。
4660,stability,P5,W41–W50,,stəˈbɪlɪti,n. 稳定（性），稳固（性）；坚定，恒心,It was a time of political stability and progress.　那是一个政治稳定和进步的时期。
4661,mit,P5,W41–W50,释义待核实，不进入核心练习,ˌɛˌmaɪˈti,释义待核实，不计入核心练习,
4662,applying,P5,W41–W50,释义待核实，不进入核心练习,əˈplaɪɪŋ,释义待核实，不计入核心练习,
4663,southwest,P5,W41–W50,,ˌsaʊθˈwɛst,n. 西南方；adj. 西南的；adv. 往西南；来自西南,Then the southwest wind began to blow.　接着西南风开始刮起来了。
4664,boss,P5,W41–W50,,ˈbɑs,n. 上司，领导，领班；圆形装饰物，浮雕装饰；牛犊，奶牛；v. 发号施令，对……颐指气使；当首领；adj. 很好的，出色的,His boss has a foul temper.　他的老板脾气很坏。
4665,pride,P5,W41–W50,,ˈpraɪd,n. 自豪（感）；自尊（心）；傲慢，自负；<文>最佳状态，全盛期；狮群；引以为傲的人（或事物）；v. 以……自豪（pride oneself on/upon）；【名】 （Pride）（英）普赖德（人名）,Her pride was hurt.　她的自尊心受到了伤害。
4666,institutional,P5,W41–W50,,ˌɪnstɪˈtuʃənəl,adj. 机构的，慈善机构的；制度的，惯例的；根深蒂固的；（广告）营造声誉而非为销售额的,Certain institutional and practical norms had become established as well.　一些体制和实际的准则也被建立起来了。
4667,expectations,P5,W41–W50,释义待核实，不进入核心练习,ˌɛkspɛkˈteɪʃənz,释义待核实，不计入核心练习,
4668,independence,P5,W41–W50,,ˌɪndɪˈpɛndəns,n. 独立，自主；（国家的）独立；（国家或地区的）政治独立日期,He values his independence.　他珍惜他的独立自主。
4669,knowing,P5,W41–W50,释义待核实，不进入核心练习,ˈnoʊɪŋ,释义待核实，不计入核心练习,
4670,reporter,P5,W41–W50,,rɪˈpɔrtɚ,n. 记者，通讯员,He is a 24-year-old trainee reporter.　他是一个24岁的实习记者。
4671,metabolism,P5,W41–W50,,məˈtæbəˌlɪzəm,n. 新陈代谢,"If you skip breakfast, your metabolism slows down.　你如果不吃早饭，新陈代谢速度会减慢。"
4672,keith,P5,W41–W50,释义待核实，不进入核心练习,ˈkiθ,释义待核实，不计入核心练习,
4673,champion,P5,W41–W50,,ˈtʃæmpiən,n. 冠军，第一名；拥护者，斗士；v. 捍卫，拥护，支持；adj. <英，非正式>极好的；冠军的，得一等奖的,Kasparov became world champion.　卡斯帕罗夫成了世界冠军。
4674,cloudy,P5,W41–W50,释义待核实，不进入核心练习,ˈklaʊdi,释义待核实，不计入核心练习,
4675,linda,P5,W41–W50,释义待核实，不进入核心练习,ˈlɪndə,释义待核实，不计入核心练习,
4676,ross,P5,W41–W50,释义待核实，不进入核心练习,ˈrɑs,释义待核实，不计入核心练习,
4677,personally,P5,W41–W50,,ˈpɝsənəli,adv. 就个人而言；亲自地，本人地；当面地，直接地；个别地，单个地；私人地，私下里；无礼地，冒犯地,I write personally to each inquirer.　我亲自给每位问讯者回信。
4678,chile,P5,W41–W50,释义待核实，不进入核心练习,ˈtʃɪli,释义待核实，不计入核心练习,
4679,anna,P5,W41–W50,释义待核实，不进入核心练习,ˈænə,释义待核实，不计入核心练习,
4680,plenty,P5,W41–W50,,ˈplɛnti,n. 富裕，充裕；pron. 大量，众多；adv. 大量，很多；<非正式>非常，十分；<非正式>足够有余,We talked plenty about our kids.　我们谈了很多关于孩子的事。
4681,solo,P5,W41–W50,,ˈsoʊˌloʊ,adj. 单独的，独自的；独奏的，单人表演的；（击球时）垒上无跑垒员的；（摩托车）没有跨斗的；n. 单人表演，单飞，独自完成的事情；单人纸牌戏，惠斯特纸牌戏；惠斯特纸牌戏中为赢五圈牌的叫牌；没有跨斗的摩托车；v. 独奏，独唱；单独飞行；单人攀登,She is licensed to fly solo.　她已获准单飞。
4682,sentence,P5,W41–W50,,ˈsɛntəns,n. 句子，句；判决，判刑；命题；v. 判决，宣判，判刑,What does this sentence mean?　这个句子是什么意思？
4683,throat,P5,W41–W50,,ˈθroʊt,n. 喉咙，咽喉；喉部，颈前部；咽喉状部分（尤指狭窄通道、进出管路）；<文>嗓音，嗓门，歌喉；（肋材、锚臂或前后帆等的）弯曲处，凹口；v. 用喉音说,Symptoms include a sore throat.　症状包括嗓子疼。
4684,ignore,P5,W41–W50,,ˌɪɡˈnɔr,v. 佯装未见，不理睬；忽视，对……不予理会；<法律>（因证据不足）驳回（诉讼）,We cannot afford to ignore this warning.　我们对这个警告绝不能等闲视之。
4685,maria,P5,W41–W50,释义待核实，不进入核心练习,mɚˈiə,释义待核实，不计入核心练习,
4686,uniform,P5,W41–W50,,ˈjunəˌfɔrm,n. 制服，校服；<非正式>穿制服的警官；（某一群体的人穿的）典型服装，特有服装；（无线电通讯）字母 U 的代码；adj. 全部相同的，始终如一的；制服式的；v. 使一致；使穿制服,Do you have to wear uniform ?　你非得穿制服不可吗？
4687,excellence,P5,W41–W50,,ˈɛksələns,n. 杰出，卓越；<古>优点，美德,Bresson is par excellence the Catholic filmmaker.　布雷森是个非常出色的天主教电影制作人。
4688,wealth,P5,W41–W50,,ˈwɛlθ,n. 财富；富有；大量,She was jealous of his wealth.　她嫉妒他的富有。
4689,tall,P5,W41–W50,,ˈtɔl,adj. 高的，高大的；（用于指高度）有……高的，身高……的；过分的，夸大的；（饮料）含少量酒精的；【名】 （Tall）（芬、罗、瑞典）塔尔，（英）托尔（人名）,She was tall and slim.　她是个瘦高个儿。
4690,rm,P5,W41–W50,释义待核实，不进入核心练习,,释义待核实，不计入核心练习,
4691,somewhere,P5,W41–W50,,ˈsʌmˌwɛr,adv. 在某处；到某处；n. 某个地方,I know it's here somewhere!　我肯定它在这儿某个地方！
4692,vacuum,P5,W41–W50,,ˈvækjum,n. 真空，真空容器；真空吸尘器；空白，空虚；（用真空吸尘器所做的）清洁，清扫；v. 用真空吸尘器打扫；adj. 利用真空的；真空的；产生真空的,Vacuum cleaners work by suction.　真空吸尘器靠抽吸除尘。
4693,dancing,P5,W41–W50,,ˈdænsɪŋ,n. 跳舞；舞蹈；v. 跳舞；跳跃，雀跃；（某物）摆动，摇晃（dance 的现在分词）,Let's go dancing tonight.　我们今晚去跳舞吧。
4694,attributes,P5,W41–W50,释义待核实，不进入核心练习,ˈætrəbˌjuts,释义待核实，不计入核心练习,
4695,recognize,P5,W41–W50,,ˈrɛkəɡˌnaɪz,v. 认识，辨别出；承认，意识到；（正式或在法律上）认可，承认；赞赏，公认；表扬，表彰；（会议或辩论主席）邀请……发言；（计算机等）自动识别（声音、印刷字体等）,I recognize my own shortcomings.　我承认我自己的那些缺点。
4696,brass,P5,W41–W50,,ˈbræs,n. 黄铜；铜管乐器；黄铜器，黄铜饰品；<非正式>高级官员，高级军官；<英，非正式>钱；【名】 （Brass）（英、法、德）布拉斯（人名）,Brass doesn't rust.　黄铜不生锈。
4697,writes,P5,W41–W50,释义待核实，不进入核心练习,ˈraɪts,释义待核实，不计入核心练习,
4698,plaza,P5,W41–W50,,ˈplɑzə,n. （城市中的露天）广场；<美>购物中心，商业区；<美>（城际干道沿线的）服务区；<美>（进入城际干道的）收费站；【名】 （Plaza）（英）普拉扎，（西、葡）普拉萨（人名）,You can walk down Sproul Plaza.　你可以沿着斯普劳尔广场走下去。
4699,pdas,P5,W41–W50,释义待核实，不进入核心练习,,释义待核实，不计入核心练习,
4700,outcomes,P5,W41–W50,释义待核实，不进入核心练习,ˈaʊtˌkʌmz,释义待核实，不计入核心练习,
4701,survival,P5,W41–W50,,sɚˈvaɪvəl,n. 继续生存，存活，幸存；遗留物，幸存物，残存物；adj. 幸存的，赖以生存的，救生用的,It was a matter of simple survival.　这完全是能不能生存的问题。
4702,quest,P5,W41–W50,,ˈkwɛst,n. <文>（长久或辛勤的）寻求，探求；（中世纪传奇故事中骑士的）探险；v. <文>探寻，寻求；【名】 （Quest）（德）奎斯特（人名）,His quest for perfection is relentless.　他对完美的追求是不懈的。
4703,publish,P5,W41–W50,,ˈpʌblɪʃ,v. 出版，发行（书、杂志等）；（作家、 音乐家等）发表（自己的作品），使（作品）出版；（在互联网上）发表；（在报纸或杂志上）刊登，登载；公布，公开；颁布（法令），宣读（法令，结婚预告）；<法律>向第三方传布（诽谤）,They publish reference books.　他们出版参考书。
4704,sri,P5,W41–W50,释义待核实，不进入核心练习,ˈʃri,释义待核实，不计入核心练习,
4705,screening,P5,W41–W50,,ˈskrinɪŋ,n. （电影的）放映，（电视节目的）播放；评估，甄别，检查（疾病或其他情况）；筛谷物筛出的瘪谷与杂质（screenings）；屏蔽；v. 检查，筛查（以确定是否患病）；检测（体内违禁药物）；隐藏，遮蔽（screen 的现在分词）,It's hard to ignore social media as a screening tool.　我们很难忽视社交媒体作为一种审查工具的作用。
4706,toe,P5,W41–W50,,ˈtoʊ,n. （人的）脚趾，（兽、鸟的）趾；（袜、鞋等的）足尖部；端部，尖部；（高尔夫球的）球棒尖；坡脚，基脚，堤脚；（曲线的）趾区；肉质根部；v. 用脚尖推（或触碰、踢、踩）；足尖朝内（或外）行走；（一对车轮）前束（或反前束，后束）；（高尔夫）用球棒尖击（球）；【名】 （Toe）托埃（人名）,Ouch! You trod on my toe!　哎哟！你踩着我的脚指头了！
4707,thumbnail,P5,W41–W50,释义待核实，不进入核心练习,ˈθʌmˌneɪl,释义待核实，不计入核心练习,
4708,trans,P5,W41–W50,释义待核实，不进入核心练习,ˈtrænz,释义待核实，不计入核心练习,
4709,jonathan,P5,W41–W50,释义待核实，不进入核心练习,ˈdʒɑnəθən,释义待核实，不计入核心练习,
4710,whenever,P5,W41–W50,,wɛˈnɛvɚ,conj. 无论何时，无论什么情况；每当；什么时间都行；不知什么时候；adv. 究竟什么时候；不论何时，随便什么时候,We try to help whenever possible.　只要有可能我们都尽量帮忙。
4711,nova,P5,W41–W50,释义待核实，不进入核心练习,ˈnoʊvə,释义待核实，不计入核心练习,
4712,lifetime,P5,W41–W50,,ˈlaɪfˌtaɪm,n. 一生，终生；寿命，有效期，使用期；很长一段时间；adj. 一生的，终身的,You've given a lifetime of service to athletics.　你一生致力于体育事业。
4713,api,P5,W41–W50,释义待核实，不进入核心练习,ˌeɪˌpiˈaɪ,释义待核实，不计入核心练习,
4714,pioneer,P5,W41–W50,,ˌpaɪəˈnɪr,n. 拓荒者；先锋；（前苏联等共产党国家的）少年先锋队队员；（先头部队的）工兵；<爱尔兰>（天主教禁欲团体）完全禁欲先锋联盟的成员；先锋号（Pioneer）；adj. 先驱的；拓荒的；v. 做先锋，倡导；开辟（道路）,What if I am a pioneer or even a genius?　要是我是个开拓者，甚至是个天才怎么办？
4715,booty,P5,W41–W50,释义待核实，不进入核心练习,ˈbuti,释义待核实，不计入核心练习,
4716,forgotten,P5,W41–W50,释义待核实，不进入核心练习,fɚˈɡɑtən,释义待核实，不计入核心练习,
4717,acrobat,P5,W41–W50,,ˈækrəˌbæt,n. 杂技演员；善用（智力或艺术）技巧者；善于随机应变者,"Don't worry, he's an acrobat.　别担心，他是个杂技演员。"
4718,plates,P5,W41–W50,释义待核实，不进入核心练习,ˈpleɪts,释义待核实，不计入核心练习,
4719,acres,P5,W41–W50,释义待核实，不进入核心练习,ˈeɪkɚz,释义待核实，不计入核心练习,
4720,venue,P5,W41–W50,,ˈvɛnju,n. （事件的）发生地点，（活动的）场所；<英，法律>审判地（指郡或区）,We're still trying to decide on a venue.　我们仍然在设法选定一个会场。
4721,athletic,P5,W41–W50,释义待核实，不进入核心练习,æθˈlɛtɪk,释义待核实，不计入核心练习,
4722,thermal,P5,W41–W50,,ˈθɝməl,adj. 热的，热量的；（衣服）保暖的，御寒的；（水）天然温热的；地热的，地温的（同 geothermal）；n. 上升的热气流；保暖衣服，保暖内衣（thermals）； 上升的热气流,He was found by a police helicopter using thermal imaging equipment.　他被一架警用直升飞机用热成像设备找到了。
4723,essays,P5,W41–W50,释义待核实，不进入核心练习,ɛˈseɪz,释义待核实，不计入核心练习,
4724,behaviour,P5,W41–W50,,bɪˈheɪvjɚ,n. 行为，举止，态度；活动方式，特点，特性；习惯,Their behaviour was noxious.　他们的行为令人生厌。
4725,vital,P5,W41–W50,,ˈvaɪtəl,adj. 至关重要的，必不可少的；生机勃勃的，充满活力的；生命的，维持生命所必需的；n. 身体的重要内脏，维持生命的重要器官（vitals）；【名】 （Vital）维塔尔（人名）,It's vital to zap stress fast.　快速消除压力非常重要。
4726,telling,P5,W41–W50,释义待核实，不进入核心练习,ˈtɛlɪŋ,释义待核实，不计入核心练习,
4727,fairly,P5,W41–W50,,ˈfɛrli,adv. 相当地，颇；公平地，公正地；<旧>（用以强调）完全，简直；令人愉快地，让人喜欢地；【名】 （Fairly）（英）费尔利（人名）,Our plans are fairly elastic.　我们的计划有相当大的灵活性。
4728,coastal,P5,W41–W50,,ˈkoʊstəl,adj. 近海的，沿海的,The coastal route had been mined.　沿海道路上布了地雷。
4729,config,P5,W41–W50,释义待核实，不进入核心练习,,释义待核实，不计入核心练习,
4730,cf,P5,W41–W50,释义待核实，不进入核心练习,,释义待核实，不计入核心练习,
4731,charity,P5,W41–W50,,ˈtʃɛrɪti,n. 慈善组织，慈善机构；慈善事业；仁慈，宽厚；赈济，施舍,Do you give much to charity?　慈善捐助你捐得多吗？
4732,intelligent,P5,W41–W50,,ˌɪnˈtɛlədʒənt,adj. 聪明的；有智力的；智能的,She's formidably intelligent.　她聪明绝顶。
4733,edinburgh,P5,W41–W50,释义待核实，不进入核心练习,ˈɛdənbɚoʊ,释义待核实，不计入核心练习,
4734,vt,P5,W41–W50,释义待核实，不进入核心练习,,释义待核实，不计入核心练习,
4735,excel,P5,W41–W50,,ɪkˈsɛl,v. 精通，擅长；超过，胜过,Academically he began to excel.　他开始在学术上脱颖而出。
4736,modes,P5,W41–W50,释义待核实，不进入核心练习,ˈmoʊdz,释义待核实，不计入核心练习,
4737,obligation,P5,W41–W50,,ˌɑbləˈɡeɪʃən,n. （法律上或道义上的）义务，责任；恩惠，人情债；（承诺付款等的）合同，契约；必须要做的事情,We have a moral obligation to protect the environment.　我们有道义责任保护环境。
4738,campbell,P5,W41–W50,释义待核实，不进入核心练习,ˈkæmbəl,释义待核实，不计入核心练习,
4739,wake,P5,W41–W50,,ˈweɪk,v. 唤醒，醒来；唤起，激起；<爱尔兰，美>（方）为（死者）守夜，为……守灵；警觉；n. （葬礼前后的）守夜，守灵；（航行中的船等留下的）尾流，航迹；【名】 （Wake）（英）韦克（人名）,"You have to wake up now, baby.　你现在得醒了，宝贝儿。"
4740,stupid,P5,W41–W50,,ˈstupəd,adj. 笨的，傻的，脑子不好使的；欠考虑的，糊涂的；（用以加强语气）讨厌的，恼人的，无聊的；（因醉、累等）不省人事的，神思恍惚的；n. 傻瓜，笨蛋,"I'm not stupid, you know.　你要知道，我不是傻子。"
4741,harbor,P5,W41–W50,,ˈhɑrbɚ,n. 港，海港；避难所；v. 庇护；窝藏；怀有；为……提供庇护；入港停泊；居住，生存；n. （Harbor）（美）哈伯（人名）,The Statue of Liberty towers stands above the harbor of New York.　自由女神像耸立在纽约港的上空。
4742,hungary,P5,W41–W50,释义待核实，不进入核心练习,ˈhʌŋɡɚi,释义待核实，不计入核心练习,
4743,traveler,P5,W41–W50,释义待核实，不进入核心练习,ˈtrævəlɚ,释义待核实，不计入核心练习,
4744,urw,P5,W41–W50,释义待核实，不进入核心练习,,释义待核实，不计入核心练习,
4745,segment,P5,W41–W50,,ˈsɛɡmənt,n. 部分，片段；（市场）细分的部分；（水果或花自然形成的）瓣，（昆虫的）节； 球缺，弓形；（直线或弧线上两点间的）段；（特定广播或电视节目的）时间段；某一时段单独播放的节目；音段；v. 分割，划分；（细胞）分裂,There is the market segment.　这就是细分市场。
4746,realize,P5,W41–W50,,ˈriəˌlaɪz,v. 了解，意识到；（所担心的事）发生，产生（be realized）；实现（目标、梦想等）；（充分）发挥出自己的潜力； 把（概念等）具体表现出来；用（语言特征）表达；对（记谱不全的乐曲）做完整兑谱改编；获得（金钱，利润）；变现，变卖（资产）,Only later did she realize her mistake.　只是到了后来她才意识到自己的错误。
4747,regardless,P5,W41–W50,,rəˈɡɑrdləs,adv. 不顾，不加理会；不管怎样，无论如何；adj. 不管的，不注意的,The club welcomes all new members regardless of age.　俱乐部对所有新成员不分年龄一律欢迎。
4748,lan,P5,W41–W50,释义待核实，不进入核心练习,ˈlæn,释义待核实，不计入核心练习,
4749,enemy,P5,W41–W50,,ˈɛnəmi,n. 敌人，反对者；敌国，敌军；大敌，危害物；adj. 敌人的，敌方的,The enemy are on the march.　敌人正在行军途中。
4750,puzzle,P5,W41–W50,,ˈpʌzəl,v. 使困惑，使迷惑；（因迷惑而）苦思，冥思苦想；（通过苦苦思索）解决（或弄清楚），理出头绪（puzzle sth. out）；n. 测验智力（或知识）的游戏（或玩具，问题）；拼图游戏，拼图玩具；令人费解的人（或事物），难题,The rise in accidents remains a puzzle.　事故的增多仍是个谜。
4751,rising,P5,W41–W50,释义待核实，不进入核心练习,ˈraɪzɪŋ,释义待核实，不计入核心练习,
4752,aluminum,P5,W41–W50,,əˈlumənəm,铝；n. 铝,She sat on that aluminum throne ever since.　自那以后，她就一直坐在那个铝制的宝座上。
4753,wells,P5,W41–W50,释义待核实，不进入核心练习,ˈwɛlz,释义待核实，不计入核心练习,
4754,wishlist,P5,W41–W50,释义待核实，不进入核心练习,ˈwɪʃlɪst,释义待核实，不计入核心练习,
4755,opens,P5,W41–W50,释义待核实，不进入核心练习,ˈoʊpənz,释义待核实，不计入核心练习,
4756,insight,P5,W41–W50,,ˈɪnˌsaɪt,n. 洞悉，了解；洞察力；【名】 （Insight）（英）因赛特（人名）,What is needed is insight into the dynamics of the social system.　所需要的就是对社会制度反动力的洞悉。
4757,sms,P5,W41–W50,释义待核实，不进入核心练习,ˌɛˌsɛˈmɛs,释义待核实，不计入核心练习,
4759,restricted,P5,W41–W50,,riˈstrɪktəd,adj. （大小或数量）有限的，很小的；（指能做的事）有限的，受限制的；受（法规）制约的，受控制的；不对公众开放的；（文件）保密的，限于内部传阅的；（病毒繁殖速率）被限制的；（DNA）因限制酶酶切的；v. 限制，限定（数量、范围等）；约束，限制（行动或活动）；（以法规）限制（restrict 的过去式和过去分词）,Fog severely restricted visibility.　浓雾严重影响了能见度。
4760,republican,P5,W41–W50,,rɪˈpʌblɪkən,"- adj. 共和国的, 共和政体的；- n. 拥护共和政体者, 共和主义者；名 词:",The Republican Right despise him.　共和党右翼分子看不起他。
4761,secrets,P5,W41–W50,释义待核实，不进入核心练习,ˈsikrəts,释义待核实，不计入核心练习,
4762,lucky,P5,W41–W50,,ˈlʌki,adj. 幸运的，走运的；吉祥的,The 'lucky' tag stuck for years.　“幸运儿”这个诨名叫了好多年。
4763,latter,P5,W41–W50,,ˈlætɚ,adj. （两者之中的）后者的；末期的，后期的；n. （两者之间的）后者（the latter）；【名】 （Latter）（英、德、捷）拉特（人名）,The latter point is the most important.　后面提及的那一点是最重要的。
4764,merchants,P5,W41–W50,释义待核实，不进入核心练习,ˈmɝtʃənts,释义待核实，不计入核心练习,
4765,thick,P5,W41–W50,,ˈθɪk,adj. 厚的，粗的；有……厚的；（衣服）厚重的，暖和的 ；（字体）粗体的；茂密的，繁茂的；（毛发）浓密的；（烟、云、雾等）浑浊的，能见度低的；（液体）稠的，浓的；<非正式> 愚钝的，笨的；（尤指由于疾病、酗酒而使头脑）隐痛的，思路不清的；充满的，弥漫的；（因为难过等而嗓音）沙哑的，低沉的；（口音）重的，难听懂的；亲密无间的，交情厚的；n. 在……最激烈时，在……最紧张的时刻（the thick）；adv. 厚地，浓密地；大量地,He had thick black hair.　他有着浓密乌黑的头发。
4766,trailers,P5,W41–W50,释义待核实，不进入核心练习,ˈtreɪlɚz,释义待核实，不计入核心练习,
4767,repeat,P5,W41–W50,,rɪˈpit,重复,"Could you repeat that, please?　请问你能重复一下吗？"
4768,syndrome,P5,W41–W50,,ˈsɪnˌdroʊm,n. 综合征，征群，综合症状；（特定情形下人的）典型负面特征；【名】 （Syndrome）辛德罗姆（人名）,This syndrome is associated with frequent coughing.　这种综合征与经常咳嗽有关。
4769,philips,P5,W41–W50,释义待核实，不进入核心练习,ˈfɪləps,释义待核实，不计入核心练习,
4770,attendance,P5,W41–W50,,əˈtɛndəns,n. 出席人数；出席，出勤；考勤情况；提供帮助（in attendance）,His attendance record was spotty.　他的出勤记录时好时差。
4771,penalty,P5,W41–W50,,ˈpɛnəlti,n. （因违反法律、规定或合同而受到的）处罚，刑罚；（行为、环境带来的）不利后果，苦难；（体育运动中对犯规者的）判罚，处罚；（足球、橄榄球及类似运动中的）罚球；（桥牌）（叫牌者未完成定约时的）罚分,He was fouled inside the penalty area.　在罚球区内对方队员对他犯规。
4772,drum,P5,W41–W50,,ˈdrʌm,n. 鼓；大桶；敲击声；鼓状物；<史>军鼓手；<英，非正式>一套房间，（公寓）套间；<澳，非正式>（可靠的）内部消息；（18世纪末、19世纪初流行的）傍晚茶会，下午茶会；v. 不停地击打；击鼓，打鼓；【名】 （Drum）（美、俄、澳等）德拉姆（人名）,"When you beat the drum, you feel good.　当你击鼓时，你感觉良好。"
4773,glasses,P5,W41–W50,释义待核实，不进入核心练习,ˈɡlæsəz,释义待核实，不计入核心练习,
4774,enables,P5,W41–W50,释义待核实，不进入核心练习,ɛˈneɪbəlz,释义待核实，不计入核心练习,
4775,nec,P5,W41–W50,释义待核实，不进入核心练习,ˈnɛk,释义待核实，不计入核心练习,
4776,iraqi,P5,W41–W50,释义待核实，不进入核心练习,ˌɪˈræki,释义待核实，不计入核心练习,
4777,builder,P5,W41–W50,,ˈbɪldɚ,n. 建筑者；建立者,He thinks like a builder.　他像建筑者一样思考。
4778,vista,P5,W41–W50,释义待核实，不进入核心练习,ˈvɪstə,释义待核实，不计入核心练习,
4779,jessica,P5,W41–W50,释义待核实，不进入核心练习,ˈdʒɛsɪkə,释义待核实，不计入核心练习,
4780,chips,P5,W41–W50,释义待核实，不进入核心练习,ˈtʃɪps,释义待核实，不计入核心练习,
4781,terry,P5,W41–W50,释义待核实，不进入核心练习,ˈtɛri,释义待核实，不计入核心练习,
4782,flood,P5,W41–W50,,ˈflʌd,v. （使）淹没；泛滥；大量涌来，大量涌去；（感觉或回忆）涌上心头；（光线）倾泻，照亮；（使）溢流；（产后等）子宫出血过多，月经过多；n. 洪水，水灾；大批，大量（的人或事物）；<文>（海洋、江河等）大水体；【名】 （Flood）（美、英、加）弗勒德（人名）,The flood waters slowly retreated.　洪水慢慢地消退。
4783,foto,P5,W41–W50,释义待核实，不进入核心练习,,释义待核实，不计入核心练习,
4784,ease,P5,W41–W50,,ˈiz,n. 容易；舒适，自在；v. 减轻，缓和，放松；缓缓移动；使容易；降低；使离职；熟悉,This should help ease the pain.　这该有助于减轻痛苦。
4785,arguments,P5,W41–W50,释义待核实，不进入核心练习,ˈɑrɡjəmənts,释义待核实，不计入核心练习,
4786,amsterdam,P5,W41–W50,释义待核实，不进入核心练习,ˈæmstɚˌdæm,释义待核实，不计入核心练习,
4787,orgy,P5,W41–W50,释义待核实，不进入核心练习,ˈɔrdʒi,释义待核实，不计入核心练习,
4788,arena,P5,W41–W50,,ɚˈinə,n. 竞技场，圆形剧场；斗争场所，活动舞台；【名】 （Arena）（英）阿里纳，（意、西、葡、德）阿雷纳（人名）,"A 20,000-seat arena with a retractable roof is planned.　一个可容纳2万名观众、带伸缩顶棚的竞技场正在规划中。"
4789,adventures,P5,W41–W50,释义待核实，不进入核心练习,ædˈvɛntʃɚz,释义待核实，不计入核心练习,
4790,pupils,P5,W41–W50,释义待核实，不进入核心练习,ˈpjupəlz,释义待核实，不计入核心练习,
4791,stewart,P5,W41–W50,释义待核实，不进入核心练习,ˈstuɚt,释义待核实，不计入核心练习,
4792,announcement,P5,W41–W50,,əˈnaʊnsmənt,n. 公告；（报纸上的）布告；宣布,He was floored by the announcement.　他被这个通告震惊得不知所措。
4793,tabs,P5,W41–W50,释义待核实，不进入核心练习,ˈtæbz,释义待核实，不计入核心练习,
4794,outcome,P5,W41–W50,,ˈaʊtˌkʌm,n. 结果，效果,The outcome was still in doubt.　结果仍不确定。
4795,xx,P5,W41–W50,释义待核实，不进入核心练习,,释义待核实，不计入核心练习,
4796,appreciate,P5,W41–W50,,əˈpriʃiˌeɪt,v. 欣赏，鉴赏；理解，明白；感谢，感激；升值，增值,I'd appreciate some help.　如果有人帮忙我将非常感激。
4797,expanded,P5,W41–W50,释义待核实，不进入核心练习,ɪkˈspændəd,释义待核实，不计入核心练习,
4798,casual,P5,W41–W50,,ˈkæʒəwəl,adj. 休闲的，便装的；随便的，非正式的；漫不经心的，随意的；临时的，短期的；碰巧的，偶然的；不认真的，马虎的；不定期的，偶尔的；感情不深的，疏远的；n. 便服，便装（casuals）；临时工；<英>散漫青年；待命士兵,The boy was cheeky and casual.　这个男孩嘻皮笑脸、随随便便。
4799,grown,P5,W41–W50,释义待核实，不进入核心练习,ˈɡroʊn,释义待核实，不计入核心练习,
4800,polish,P5,W41–W50,,ˈpɑlɪʃ,adj. 波兰的，波兰人的，波兰语的，n.波兰语；adj. 波兰的；n. 波兰人；波兰语,She's fluent in Polish.　她的波兰语很流利。
4801,lovely,P5,W41–W50,,ˈlʌvli,adj. 可爱的，迷人的；令人愉快的，美好的；亲切和善的；<英，非正式>（用于表示对某事物感到恼火）天哪；<英，非正式>（用于表示对某事满意）好极了；n. <非正式>美女，佳人；可爱的东西,"You look lovely, Marcia.　你看起来很美，马西娅。"
4802,extras,P5,W41–W50,释义待核实，不进入核心练习,ˈɛkstrəz,释义待核实，不计入核心练习,
4803,gm,P5,W41–W50,释义待核实，不进入核心练习,ˌdʒiˈɛm,释义待核实，不计入核心练习,
4804,centres,P5,W41–W50,释义待核实，不进入核心练习,ˈsɛntɚz,释义待核实，不计入核心练习,
4805,jerry,P5,W41–W50,释义待核实，不进入核心练习,ˈdʒɛri,释义待核实，不计入核心练习,
4806,clause,P5,W41–W50,,ˈklɔz,n. 从句，分句；（法律文件的）条款；【名】 （Clause）（法）克洛斯（人名）,The final clause in the contract will be left untouched.　合同的最后一项条款将不作改动。
4807,smile,P5,W41–W50,,ˈsmaɪl,v. 微笑；微笑着说，以微笑表示；现出（笑容）；觉得好笑，觉得高兴；惠及，赞许；n. 微笑，笑容；一脸笑意，喜滋滋的（all smiles）；【名】 （Smile）（俄、印、美）斯米莱（人名）,She gave a mocking smile.　她嘲讽地笑了笑。
4808,lands,P5,W41–W50,释义待核实，不进入核心练习,ˈlændz,释义待核实，不计入核心练习,
4809,ri,P5,W41–W50,释义待核实，不进入核心练习,,释义待核实，不计入核心练习,
4810,troops,P5,W41–W50,,ˈtrups,n. [军]部队；[军]军队（troop 的复数形式）,The troops landed at dawn.　部队已在黎明登陆。
4811,indoor,P5,W41–W50,,ˈɪnˌdɔr,adj. 室内的，户内的,Central heating is bad news for indoor plants.　中央供暖系统不利于室内植物。
4812,bulgaria,P5,W41–W50,释义待核实，不进入核心练习,bəlˈɡɛriə,释义待核实，不计入核心练习,
4813,armed,P5,W41–W50,,ˈɑrmd,adj. 武装的；有扶手的；有防卫器官的（指动物）；n. （Armed）人名；（科摩）阿米德,Armed guards wrestled with the intruder.　武装警卫和闯入者扭打起来。
4814,broker,P5,W41–W50,,ˈbroʊkɚ,n. 经纪人，中间人；v. 协调，安排；【名】 （Broker）（英）布罗克，（俄）布罗克尔（人名）,He was a high-earning broker with money to burn.　他是一个收入高得花不完的经纪人。
4815,charger,P5,W41–W50,,ˈtʃɑrdʒɚ,n. 充电器【搭配】battery charger电池充电器；n. 充电器；军马；袭击者；委托者；控诉者,He forgot the charger for his mobile phone.　他忘了带手机充电器。
4816,regularly,P5,W41–W50,,ˈrɛɡjəlɚli,adv. 定期地，有规律地；频繁地，经常地；均匀地，匀称地；（语法）变化规律地,I go jogging fairly regularly.　我差不多经常练习慢跑。
4817,believed,P5,W41–W50,释义待核实，不进入核心练习,bɪˈlivd,释义待核实，不计入核心练习,
4818,pine,P5,W41–W50,,ˈpaɪn,n. 松树；松木；……松（用于其他科针叶类树木名称中）；……松（用于某方面类似松树而与松树无关的植物名称中）；有松针香味；<非正式>凤梨；v. （因死亡、离别） 难过，悲伤；苦苦思念；<古>为……悲哀，哀悼；渴望，苦苦盼望（尤指不太可能拥有的东西）；【名】 （Pine）派因（人名）,Pine is brittle and breaks.　松木硬脆易折。
4819,cooling,P5,W41–W50,释义待核实，不进入核心练习,ˈkulɪŋ,释义待核实，不计入核心练习,
4820,tend,P5,W41–W50,,ˈtɛnd,v. 倾向于，往往会；照顾，护理；走向，趋向；<美>招待，照料（商店、酒吧等的顾客）,I tend to work in bursts.　我的工作劲头往往是一阵一阵的。
4821,gulf,P5,W41–W50,,ˈɡʌlf,n. 海湾；鸿沟，分歧；波斯湾；（地面的）裂口，深渊,A crisis was rapidly developing in the Gulf.　海湾危机迅速加剧。
4822,rt,P5,W41–W50,释义待核实，不进入核心练习,,释义待核实，不计入核心练习,
4823,rick,P5,W41–W50,释义待核实，不进入核心练习,ˈrɪk,释义待核实，不计入核心练习,
4824,trucks,P5,W41–W50,释义待核实，不进入核心练习,ˈtrʌks,释义待核实，不计入核心练习,
4825,cp,P5,W41–W50,释义待核实，不进入核心练习,,释义待核实，不计入核心练习,
4826,mechanisms,P5,W41–W50,释义待核实，不进入核心练习,ˈmɛkəˌnɪzəmz,释义待核实，不计入核心练习,
4827,divorce,P5,W41–W50,,dɪˈvɔrs,n. 离婚；离婚判决；分开，脱离；v. 与（某人）离婚；使分离，割裂,Divorce is bad for children.　离婚对孩子不好。
4828,laura,P5,W41–W50,释义待核实，不进入核心练习,ˈlɔrə,释义待核实，不计入核心练习,
4829,shopper,P5,W41–W50,释义待核实，不进入核心练习,ˈʃɑpɚ,释义待核实，不计入核心练习,
4830,tokyo,P5,W41–W50,释义待核实，不进入核心练习,ˈtoʊkiˌoʊ,释义待核实，不计入核心练习,
4831,partly,P5,W41–W50,,ˈpɑrtli,adv. 部分地，在某种程度上,He was only partly responsible for the accident.　他对这次事故只负有部分责任。
4832,nikon,P5,W41–W50,释义待核实，不进入核心练习,ˈnaɪˌkɑn,释义待核实，不计入核心练习,
4833,customize,P5,W41–W50,释义待核实，不进入核心练习,ˈkʌstəˌmaɪz,释义待核实，不计入核心练习,
4834,tradition,P5,W41–W50,,trəˈdɪʃən,n. 传统，惯例；传统故事，传说，传统信仰；和著名历史人物有共同品质的人；（神学）圣传,This region is steeped in tradition.　这个地区有着深厚的传统。
4835,candy,P5,W41–W50,,ˈkændi,坎迪（女名）；n. 坎迪（女子名）,Who wants the last piece of candy?　谁想要这最后一块糖？
4836,pills,P5,W41–W50,释义待核实，不进入核心练习,ˈpɪlz,释义待核实，不计入核心练习,
4837,tiger,P5,W41–W50,释义待核实，不进入核心练习,ˈtaɪɡɚ,释义待核实，不计入核心练习,
4838,donald,P5,W41–W50,释义待核实，不进入核心练习,ˈdɑnəld,释义待核实，不计入核心练习,
4839,folks,P5,W41–W50,释义待核实，不进入核心练习,ˈfoʊks,释义待核实，不计入核心练习,
4840,sensor,P5,W41–W50,,ˈsɛnsɚ,n. （探测光、热、压力等的）传感器，敏感元件，探测设备,A sensor channels the light signal along an optical fibre.　传感器沿光导纤维输送光信号。
4841,exposed,P5,W41–W50,释义待核实，不进入核心练习,ɪkˈspoʊzd,释义待核实，不计入核心练习,
4842,telecom,P5,W41–W50,,ˈtɛləkɑm,n. 电信，电讯（telecommunications 的缩略形式）；电信业；电信公司；电信学；通过电信发送的信息,The entire telecom sector has been suffering from a lack of sales.　整个电信部门一直在经受销售不景气之苦。
4843,hunt,P5,W41–W50,,ˈhʌnt,v. 打猎，猎取；搜寻，搜索；追踪，追捕；（骑马用猎犬）猎（狐）；摆动，振荡；n. 搜索，寻找；打猎，狩猎；（英国）猎狐活动；（英国经常举行猎狐运动的）猎狐队伍；猎区，狩猎场；摆动，振荡；【名】 （Hunt）（美）安（人名）,There will be a hunt on Boxing Day.　节礼日将有猎狐活动。
4844,angels,P5,W41–W50,释义待核实，不进入核心练习,ˈeɪndʒəlz,释义待核实，不计入核心练习,
4845,deputy,P5,W41–W50,,ˈdɛpjəti,n. 代理人，副手，副职；代表，议员；（美国协助地方治安官办案的）警官；adj. 副的；代理的,Who has she designated (as) her deputy?　她委任了谁为她的副手？
4846,indicators,P5,W41–W50,释义待核实，不进入核心练习,ˈɪndəˌkeɪtɚz,释义待核实，不计入核心练习,
4847,sealed,P5,W41–W50,释义待核实，不进入核心练习,ˈsild,释义待核实，不计入核心练习,
4848,thai,P5,W41–W50,释义待核实，不进入核心练习,ˈtaɪ,释义待核实，不计入核心练习,
4849,emissions,P5,W41–W50,释义待核实，不进入核心练习,ɪˈmɪʃənz,释义待核实，不计入核心练习,
4850,physicians,P5,W41–W50,释义待核实，不进入核心练习,fəˈzɪʃənz,释义待核实，不计入核心练习,
4851,loaded,P5,W41–W50,释义待核实，不进入核心练习,ˈloʊdɪd,释义待核实，不计入核心练习,
4852,fred,P5,W41–W50,释义待核实，不进入核心练习,ˈfrɛd,释义待核实，不计入核心练习,
4853,complaint,P5,W41–W50,,kəmˈpleɪnt,n. 抱怨；n. 抱怨，投诉；不满的缘由，抱怨的问题；疾病，不适,You have no grounds for complaint.　你没有理由抱怨。
4854,scenes,P5,W41–W50,释义待核实，不进入核心练习,ˈsinz,释义待核实，不计入核心练习,
4855,experiments,P5,W41–W50,释义待核实，不进入核心练习,ɪkˈspɛrəmənts,释义待核实，不计入核心练习,
4856,balls,P5,W41–W50,释义待核实，不进入核心练习,ˈbɔlz,释义待核实，不计入核心练习,
4857,afghanistan,P5,W41–W50,释义待核实，不进入核心练习,æfˈɡænəˌstæn,释义待核实，不计入核心练习,
4858,dd,P5,W41–W50,释义待核实，不进入核心练习,,释义待核实，不计入核心练习,
4859,boost,P5,W41–W50,,ˈbust,v. 使增长，推动；<美，非正式>偷窃；宣扬，推广；n. 推动，促进；广告，宣扬；【名】 （Boost）（英）布斯特，（德）博斯特（人名）,We need a big win to boost our confidence.　我们需要一个大的胜利来增强我们的自信心。
4860,spanking,P5,W41–W50,释义待核实，不进入核心练习,ˈspæŋkɪŋ,释义待核实，不计入核心练习,
4861,scholarship,P5,W41–W50,,ˈskɑlɚˌʃɪp,n. 奖学金；学问，学术,He went to drama school on a scholarship.　他靠奖学金上了戏剧学校。
4862,governance,P5,W41–W50,,ˈɡʌvɚnəns,n. 统治方式，管理方法,"By most measures, corporate governance has become a lot tighter and more rigorous since the 1970s.　从大多数标准来看，自上世纪70年代以来，公司治理已经变得越来越严苛。"
4863,mill,P5,W41–W50,,ˈmɪl,n. 磨坊，磨粉厂；工厂，制造厂；<非正式> 一百万；磨粉机，磨麪机；<美>密尔，厘；机器，铣床；<非正式>引擎；<非正式>一百万；v. （用磨粉机）碾碎，磨成粉；（一大群人）闲逛，转悠；碾（轧，铣）（金属）；轧出（硬币的）边纹；使（羊毛或其他动物纤维）缩绒（或缩呢）；【名】 （Mill）米尔（人名）,His father worked shifts in a steel mill.　他的父亲在一家钢铁厂轮班工作。
4864,founded,P5,W41–W50,释义待核实，不进入核心练习,ˈfaʊndɪd,释义待核实，不计入核心练习,
4865,supplements,P5,W41–W50,释义待核实，不进入核心练习,ˈsʌpləmənts,释义待核实，不计入核心练习,
4866,chronic,P5,W41–W50,,ˈkrɑnɪk,adj. （疾病）慢性的，长期的；（问题）一直有的，反复出现的；难以根除的，积习难改的；<英，非正式>糟透的，拙劣的；【名】 （Chronic）（英）克罗尼克（人名）,He was suffering from chronic bronchitis.　他患有慢性支气管炎。
4867,icons,P5,W41–W50,释义待核实，不进入核心练习,ˈaɪˌkɑnz,释义待核实，不计入核心练习,
4868,moral,P5,W41–W50,,ˈmɔrəl,adj. 有关道德的；基于道德的，道义上的；品行端正的，有道德的；伦理的；能辨别是非的；n. 道德准则（标准）；寓意，道德上的教训；【名】 （Moral）（德、法、西、葡、土）莫拉尔（人名）,I overcame my moral scruples.　我抛开了道德方面的顾虑。
4869,den,P5,W41–W50,释义待核实，不进入核心练习,ˈdɛn,释义待核实，不计入核心练习,
4870,catering,P5,W41–W50,释义待核实，不进入核心练习,ˈkeɪtɚɪŋ,释义待核实，不计入核心练习,
4871,aud,P5,W41–W50,释义待核实，不进入核心练习,ˈɔd,释义待核实，不计入核心练习,
4872,finger,P5,W41–W50,,ˈfɪŋɡɚ,n. 手指；（手套的）手指部分；（酒在杯中的深度）一指宽；指状物；竖中指；指针；v. 用手指触摸；<美>告发，告密；拨弄（乐器）；用某种指法演奏（乐曲）；给（乐谱）标明指法符号；【名】 （Finger）（英、德、捷）芬格，（俄）芬格尔（人名）,She wiggled her finger.　她摆动着手指头。
4873,keeps,P5,W41–W50,释义待核实，不进入核心练习,ˈkips,释义待核实，不计入核心练习,
4874,pound,P5,W41–W50,,ˈpaʊnd,n. 磅（重量单位）；英镑（英国货币单位）；一英镑纸币（或硬币），一镑纸币（或硬币）；英镑与外币的比值（the pound）；（流浪猫狗的）收留所，待领场；（违规停放车辆的）临时扣押场；镑（英国以外某些国家的货币单位）；井号键；<古> 拘留所，监禁所；重击，重击声；v. 连续重击，猛打；（心脏）剧烈地跳动；（头）剧痛；脚步声沉重地走（跑）；连续轰炸，猛烈袭击；捣碎，击碎；长时间苦干；<美，非正式> 快速地喝；<非正式> 彻底打败（对手）；大声播放；监禁，拘留,They cost two dollars a pound.　这些东西每磅两元。
4875,locate,P5,W41–W50,,ˈloʊˌkeɪt,v. 确定……的位置，探明；设立，建立；迁居，开办公司；位于（be located in）,Now we need a way to locate this anchor.　现在我们需要一种方法来定位这个锚点。
4876,camcorder,P5,W41–W50,释义待核实，不进入核心练习,ˈkæmˌkɔrdɚ,释义待核实，不计入核心练习,
4877,pl,P5,W41–W50,释义待核实，不进入核心练习,,释义待核实，不计入核心练习,
4878,trained,P5,W41–W50,释义待核实，不进入核心练习,ˈtreɪnd,释义待核实，不计入核心练习,
4879,burn,P5,W41–W50,,ˈbɝn,v. 燃烧，消耗；烧坏，烧毁，烧焦；晒伤，晒黑；火辣辣地发痛，发烫；发光，发亮；激怒；刻录；渴望；迅速移动；n. 灼伤，烧伤，烧痕；肌肉酸痛感；小溪；【名】 （Burn）（英）伯恩（人名）,Turn the heat down or it'll burn.　把炉火开小一些，不然就烧焦了。
4880,implementing,P5,W41–W50,释义待核实，不进入核心练习,ˈɪmpləˌmɛntɪŋ,释义待核实，不计入核心练习,
4881,roses,P5,W41–W50,释义待核实，不进入核心练习,ˈroʊzɪz,释义待核实，不计入核心练习,
4882,labs,P5,W41–W50,释义待核实，不进入核心练习,ˈlæbz,释义待核实，不计入核心练习,
4883,ourselves,P5,W41–W50,,aʊɚˈsɛlvz,pron. 我们自己；我们亲自,We had the pool all to ourselves.　这个游泳池完全供我们自己使用。
4884,bread,P5,W41–W50,,ˈbrɛd,面包,I eat bread for breakfast.　我早餐吃面包。
4885,tobacco,P5,W41–W50,,təˈbæˌkoʊ,n. 烟草，烟叶；烟草制品；烟草植株；抽烟,His breath reeked of tobacco.　他满嘴烟臭味。
4886,wooden,P5,W41–W50,,ˈwʊdən,adj. 木制的；（行为）僵硬的，呆板的；木头似的，木头特性的,They sat on wooden boxes.　他们坐在木箱上。
4887,motors,P5,W41–W50,释义待核实，不进入核心练习,ˈmoʊtɚz,释义待核实，不计入核心练习,
4888,tough,P5,W41–W50,,ˈtʌf,adj. （物质，物体）坚韧的，坚固的；（政策或行动）强硬的，严厉的；吃苦耐劳的，坚韧不拔的；顽固的，固执的；困难的，棘手的；艰难的，困苦的，难熬的；（食物）老的，不易切开的，嚼不动的；（人）粗暴的，粗鲁的；（地区）充满暴力与犯罪的；不幸的，倒霉的，活该（表示不同情）；n. 恶棍；v. 坚持，忍受，忍耐,"She is bright, tough and spunky.　她聪明、顽强而且干劲十足。"
4889,roberts,P5,W41–W50,释义待核实，不进入核心练习,ˈrɑbɚts,释义待核实，不计入核心练习,
4890,incident,P5,W41–W50,,ˈɪnsədənt,n. 事件，事故；（两国间的）冲突，严重摩擦；<法律>（职务、财产等所有物的）附属特权；adj. 由……产生的；<法律>附属的；入射的,That incident sparked it off.　那一事件引发了它。
4891,gonna,P5,W41–W50,释义待核实，不进入核心练习,ˈɡɑnə,释义待核实，不计入核心练习,
4892,dynamics,P5,W41–W50,,daɪˈnæmɪks,n. 动力学，力学；动力；（乐曲的）力度变化；（团体或体系内部的）变革动力,"As the article explains, forest dynamics affects pedodiversity.　正如文章所解释的，森林动态会影响土壤多样性。"
4893,lie,P5,W41–W50,,ˈlaɪ,v. 平躺，平卧；位于，坐落在；存在，在于；处于，保持（某种状态）；（尤用于墓碑上的文字中）长眠；（比赛时）名列，排名；撒谎，编造谎言；（物体）平放在……上，平放着；朝……方向；造成假象，不可靠；（尤指不快或困难之事）将发生，在等待；（光、云、雾等）存在，展现；（诉讼，控告，索赔）可受理，可立案；n. 方向，位置；谎言，谎话；（动物的）穴，（鸟的）巢；【名】 （Lie）（罗、挪、瑞典）利，（中）李（普通话·威妥玛）（人名）,"It was a lie, tout court.　那只不过是谎言。"
4894,crm,P5,W41–W50,释义待核实，不进入核心练习,ˌsiˌɑˈrɛm,释义待核实，不计入核心练习,
4895,rf,P5,W41–W50,释义待核实，不进入核心练习,,释义待核实，不计入核心练习,
4896,conversation,P5,W41–W50,,ˌkɑnvɚˈseɪʃən,n. （非正式的）谈话，交谈；<旧>社交，交际,She was engrossed in conversation.　她聚精会神地谈话。
4897,decrease,P5,W41–W50,,dɪˈkris,v. （使）减少，（使）降低；n. 减少，降低,It will sharply decrease work efficiency.　这会大幅降低工作效率。
4898,chest,P5,W41–W50,,ˈtʃɛst,n. 胸部，胸膛；箱子，盒子，柜子；<英>金库，钱库；v. 以胸部推（球）,Hair sprouted from his chest.　他胸前长出了毛。
4899,pension,P5,W41–W50,,ˈpɛnʃən,n. 养老金，退休金；（法国和其他一些欧洲国家的）廉价小旅店；<史>（给皇室宠臣、艺术家或学者以便他们能从事公益工作的）津贴，补助金；v. （尤指因年龄或疾病而）向（某人）支付养老金使其退休；（因陈旧或不再有用而）丢弃（某物）,She's got nothing beyond her state pension.　除了政府发的养老金外，她什么都没有。
4900,billy,P5,W41–W50,释义待核实，不进入核心练习,ˈbɪli,释义待核实，不计入核心练习,
4901,revenues,P5,W41–W50,释义待核实，不进入核心练习,ˈrɛvəˌnuz,释义待核实，不计入核心练习,
4902,emerging,P5,W41–W50,释义待核实，不进入核心练习,ɪˈmɝdʒɪŋ,释义待核实，不计入核心练习,
4903,worship,P5,W41–W50,,ˈwɝʃəp,v. 敬奉（神）；爱慕，崇拜；n. 敬神，拜神；崇拜，爱慕；<英> 阁下（对地位高的人的尊称）,We worship at St Mary's.　我们在圣马利教堂做礼拜。
4904,capability,P5,W41–W50,,ˌkeɪpəˈbɪləti,n. 能力，才能；（国家的）军事力量；计算机性能,No one ever questioned her capability.　从来没有人质疑过她的能力。
4905,ak,P5,W41–W50,释义待核实，不进入核心练习,,释义待核实，不计入核心练习,
4906,fe,P5,W41–W50,释义待核实，不进入核心练习,ˈfeɪ,释义待核实，不计入核心练习,
4907,craig,P5,W41–W50,释义待核实，不进入核心练习,ˈkreɪɡ,释义待核实，不计入核心练习,
4908,herself,P5,W41–W50,,hɚˈsɛlf,pron. 她自己（she 的反身代词）；她亲自,She hurt herself.　她弄伤了自己。
4909,producing,P5,W41–W50,释义待核实，不进入核心练习,prəˈdusɪŋ,释义待核实，不计入核心练习,
4910,churches,P5,W41–W50,释义待核实，不进入核心练习,ˈtʃɝtʃɪz,释义待核实，不计入核心练习,
4911,precision,P5,W41–W50,,priˈsɪʒən,n. 精确（性），准确（性）；严谨，细致；（测量、计算或说明的）精确化（尤以数字表现）；adj. （设计）精密的，精确的；要求技术精确的，（行动）精确的,He lacked profundity and analytical precision.　他缺乏深度和分析的精确性。
4912,damages,P5,W41–W50,释义待核实，不进入核心练习,ˈdæmədʒəz,释义待核实，不计入核心练习,
4913,reserves,P5,W41–W50,释义待核实，不进入核心练习,rɪˈzɝvz,释义待核实，不计入核心练习,
4914,contributed,P5,W41–W50,释义待核实，不进入核心练习,kənˈtrɪbjutɪd,释义待核实，不计入核心练习,
4915,solve,P5,W41–W50,,ˈsɑlv,v. 解决，处理；解释，解答,It isn't going to solve a single thing.　这解决不了任何问题。
4916,shorts,P5,W41–W50,释义待核实，不进入核心练习,ˈʃɔrts,释义待核实，不计入核心练习,
4917,reproduction,P5,W41–W50,,ˌriprəˈdʌkʃən,n. 生殖，繁殖；复印，再版；（声音的）复制，录制；复制品，仿制品,The quality of reproduction isn't very good on this recording.　这录音的复制质量不太好。
4918,minority,P5,W41–W50,,maɪˈnɔrəti,n. 少数，少数派；少数民族，少数群体；未成年时期，未成年身份；唯一持不同意见者；（议会）少数党得（或投）的票；adj. 少数的；少数民族的,Only a tiny minority hold such extreme views.　只有极少数人持这样极端的观点。
4919,td,P5,W41–W50,释义待核实，不进入核心练习,,释义待核实，不计入核心练习,
4920,diverse,P5,W41–W50,,daɪˈvɝs,adj. 不同的，各式各样的,Cuba is a composite of diverse traditions and people.　古巴是一个不同传统和民族的融合体。
4921,amp,P5,W41–W50,释义待核实，不进入核心练习,ˈæmp,释义待核实，不计入核心练习,
4922,ingredients,P5,W41–W50,释义待核实，不进入核心练习,ˌɪnˈɡridiənts,释义待核实，不计入核心练习,
4923,sb,P5,W41–W50,释义待核实，不进入核心练习,,释义待核实，不计入核心练习,
4924,ah,P5,W41–W50,释义待核实，不进入核心练习,ˈɑ,释义待核实，不计入核心练习,
4925,johnny,P5,W41–W50,释义待核实，不进入核心练习,ˈdʒɑni,释义待核实，不计入核心练习,
4926,sole,P5,W41–W50,,ˈsoʊl,adj. 唯一的，仅有的；专用的，独享的；<古>（尤指女性）未婚的；<古>单独的，没人陪伴的；n. 脚底；鞋底（不包括后跟）；脚趾和脚弓之间的部分；（刨子等工具的）底部，（高尔夫球棒头的）底端；（船舱或驾驶室的）地面，地板；鳎（鱼）； 脚底；v. 给（鞋）换底,Her sole aim is personal aggrandizement.　她唯一的目的就是扩大个人权势。
4927,franchise,P5,W41–W50,,ˈfrænˌtʃaɪz,n. 特许经营权；获特许经营权的企业（商店）；公民权，选举权；<美，非正式>职业运动队；<美>（由运动联合会授予的）会员运动队拥有权；特许经营品牌（或创意）；在相关故事中出现相同角色的一组电影；v. 给予特许经销权；给予……公民权（或选举权）,"In the reorganization, Southern Television lost their franchise.　在改组过程中南方电视公司失去了特许经营权。"
4928,recorder,P5,W41–W50,,rɪˈkɔrdɚ,n. 录音机，录像机；竖笛，直笛；记录器；记录员，记录人；（某些法院的）法官；<英>被任命为兼职法官的大律师（Recorder）,He was wired up to a police tape recorder.　他被连接到了警方的录音机上。
4929,complaints,P5,W41–W50,,kəmˈpleɪnts,n. 投诉（complaint 的复数）；埋怨，抱怨,I'm tired of your everlasting complaints.　我讨厌你没完没了的抱怨。
4930,facing,P5,W41–W50,释义待核实，不进入核心练习,ˈfeɪsɪŋ,释义待核实，不计入核心练习,
4931,sm,P5,W41–W50,释义待核实，不进入核心练习,,释义待核实，不计入核心练习,
4932,nancy,P5,W41–W50,释义待核实，不进入核心练习,ˈnænsi,释义待核实，不计入核心练习,
4933,promotions,P5,W41–W50,释义待核实，不进入核心练习,prəˈmoʊʃənz,释义待核实，不计入核心练习,
4934,tones,P5,W41–W50,释义待核实，不进入核心练习,ˈtoʊnz,释义待核实，不计入核心练习,
4935,passion,P5,W41–W50,,ˈpæʃən,n. 激情；热情；酷爱；盛怒；Passionn. 耶稣的受难和死亡；n. 耶稣受难记；耶稣受难的艺术或音乐作品,Music is a passion with him.　他对音乐情有独钟。
4936,rehabilitation,P5,W41–W50,,ˌrihəˌbɪləˈteɪʃən,n. 康复，复原；（权利、名誉的）恢复；修复，翻新,The prison service has the twin goals of punishment and rehabilitation.　监狱有惩罚和改造双重目的。
4937,maintaining,P5,W41–W50,释义待核实，不进入核心练习,meɪnˈteɪnɪŋ,释义待核实，不计入核心练习,
4938,sight,P5,W41–W50,,ˈsaɪt,n. 视力，视觉；看见，见到；视野，视域；景物，景象；名胜，景点（sights）；志向，目标；（枪或炮上的）瞄准器，（光学仪器的）观测器；<非正式> 奇怪的人，滑稽的人（或事物）；<非正式> 许多，大量；<旧> 观点，见解；v. （突然）看到，（远远）看见；把（枪）瞄准；（用观测器）观测；调整（火器）的瞄准器，调整（光学仪器）的观测器；adj. 见票即付的；即席的,She has very good sight.　她的视力很好。
4939,laid,P5,W41–W50,释义待核实，不进入核心练习,ˈleɪd,释义待核实，不计入核心练习,
4940,clay,P5,W41–W50,,ˈkleɪ,n. 黏土，陶土；（网球场的）硬固泥地，红土网球场；<文>肉体；似黏土的东西；黄棕翼欧洲蛾；v. 用黏土处理；【名】 （Clay）（英、法、西、意、葡）克莱（人名）,The tiles are made of clay.　这些砖是用陶土制成的。
4941,defence,P5,W41–W50,,dɪˈfɛns,n. 防御，防御物；国防；辩护，答辩；辩方，辩护律师；防守队员，后卫；卫冕；v. 防御，防守,I prefer playing in defence.　我喜欢打防守。
4942,patches,P5,W41–W50,释义待核实，不进入核心练习,ˈpætʃəz,释义待核实，不计入核心练习,
4943,weak,P5,W41–W50,,ˈwik,adj. 虚弱的，无力的；不牢固的；懦弱的，无判断力的；无影响力的，无权力的；疲软的，萧条的；不擅长的；无说服力的；力量微弱的，无强度的；（光、热或声音）微弱的；无活力的，无生气的；（饮品）稀的；（脸的部分）瘦小的，（容貌）不突出的；（受强烈情感影响而）腿发软的；无效力的，没有吸引力的；（动词）弱的，规则的；非重读的；弱电解的，弱电解质的；n. 穷人，弱者，病人（the weak）,She was too weak to stand.　她虚弱得站都站不住。
4944,refund,P5,W41–W50,,rɪˈfʌnd,n. 退款，偿还金额；v. 退还（钱款）；退款给，还钱给（某人）,We will refund you your money in full.　我们会退还你所有的钱。
4945,usc,P5,W41–W50,释义待核实，不进入核心练习,,释义待核实，不计入核心练习,
4946,towns,P5,W41–W50,释义待核实，不进入核心练习,ˈtaʊnz,释义待核实，不计入核心练习,
4947,environments,P5,W41–W50,释义待核实，不进入核心练习,ɪnˈvaɪrənmənts,释义待核实，不计入核心练习,
4948,trembl,P5,W41–W50,释义待核实，不进入核心练习,,释义待核实，不计入核心练习,
4949,divided,P5,W41–W50,释义待核实，不进入核心练习,dɪˈvaɪdɪd,释义待核实，不计入核心练习,
4950,blvd,P5,W41–W50,释义待核实，不进入核心练习,ˈbʊləˌvɑrd,释义待核实，不计入核心练习,
4951,reception,P5,W41–W50,,rɪˈsɛpʃən,n. 接待处，服务台；欢迎会，招待会；欢迎，反响；（收音机或电视信号）接收效果，接收质量；接收，接待；（美橄）接球；<英>（幼儿学校的）小班，学前班,The reception was a subdued affair.　招待会开得冷冷清清的。
4952,amd,P5,W41–W50,释义待核实，不进入核心练习,ˌeɪˌɛmˈdi,释义待核实，不计入核心练习,
4953,wise,P5,W41–W50,,ˈwaɪz,- adj. 聪明的；明智的；博学的；- vt. 使知道；教导；- vi. 了解,She had made a very wise decision.　她作出了一个非常明智的决定。
4954,emails,P5,W41–W50,释义待核实，不进入核心练习,iˈmeɪlz,释义待核实，不计入核心练习,
4955,cyprus,P5,W41–W50,释义待核实，不进入核心练习,ˈsaɪprəs,释义待核实，不计入核心练习,
4956,wv,P5,W41–W50,释义待核实，不进入核心练习,,释义待核实，不计入核心练习,
4957,odds,P5,W41–W50,,ˈɑdz,n. （事物发生的）可能性，机会；困难，不利条件；投注赔率；（力量、权力或资源上的）优势,What were the odds against?　赔率是多少？
4958,correctly,P5,W41–W50,,kɚˈɛktli,adv. 正确地；合适地；得体地,Is your name spelled correctly?　你的名字拼正确了吗？
4959,insider,P5,W41–W50,,ˌɪnˈsaɪdɚ,n. 内部的人，知情人,"An insider said, ""Katharine has told friends it is time to end her career.""　一名知情者说，“凯瑟琳告诉朋友们她该结束自己的职业生涯了。”"
4960,seminars,P5,W41–W50,释义待核实，不进入核心练习,ˈsɛməˌnɑrz,释义待核实，不计入核心练习,
4961,consequences,P5,W41–W50,释义待核实，不进入核心练习,ˈkɑnsəˌkwɛnsəz,释义待核实，不计入核心练习,
4962,makers,P5,W41–W50,释义待核实，不进入核心练习,ˈmeɪkɚz,释义待核实，不计入核心练习,
4963,hearts,P5,W41–W50,释义待核实，不进入核心练习,ˈhɑrts,释义待核实，不计入核心练习,
4964,geography,P5,W41–W50,,dʒiˈɑɡrəfi,地理；n. 地理，地理学；地形，地貌；地理环境,I'm revising Geography today.　我今天复习地理。
4965,appearing,P5,W41–W50,释义待核实，不进入核心练习,əˈpɪrɪŋ,释义待核实，不计入核心练习,
4966,integrity,P5,W41–W50,,ˌɪnˈtɛɡrəti,n. 正直，诚实；完整，完全；职业操守；（电子数据的）集成度,His integrity was unchallenged.　他的诚实正直未受到过质疑。
4967,worry,P5,W41–W50,,ˈwɝi,v. 担心，发愁；使担忧，使发愁，使焦虑；烦扰，使不安宁；（狗）追赶，撕咬（其他动物）；n. 令人担忧的事，令人发愁的问题；担心，忧虑,Don't worry—I'll fix him.　别担忧—我会收拾他的。
4968,ns,P5,W41–W50,释义待核实，不进入核心练习,,释义待核实，不计入核心练习,
4969,discrimination,P5,W41–W50,,dɪˌskrɪməˈneɪʃən,n. 歧视，区别对待；区分，辨别；辨别力，鉴赏力,She is exempt from sex discrimination laws.　她不用遵守性别歧视法规。
4970,eve,P5,W41–W50,,ˈiv,n. 前夕，前一天；傍晚，黄昏,Richard had turned up on Christmas Eve with Tony.　理查德在圣诞前夜与托尼一起出现。
4971,carter,P5,W41–W50,释义待核实，不进入核心练习,ˈkɑrtɚ,释义待核实，不计入核心练习,
4972,legacy,P5,W41–W50,,ˈlɛɡəsi,n. 遗产，遗赠物；遗留问题，后遗症；adj. （软件或硬件）已过时但因使用范围广而难以替代的,They each received a legacy of $5 000.　他们每人得到了5 000元的遗产。
4973,marc,P5,W41–W50,释义待核实，不进入核心练习,ˈmɑrk,释义待核实，不计入核心练习,
4974,pleased,P5,W41–W50,,ˈplizd,adj. 高兴的，满意的；高兴，乐于（做某事）；洋洋自得的，自满的；v. （使）开心，（使）满意；想，选择，喜欢；请便，随你的便（please 的过去式和过去分词形式）,It pleased him to talk to her.　和她谈话让他高兴。
4975,danger,P5,W41–W50,,ˈdeɪndʒɚ,n. 危险，风险；威胁，危险因素；（不愉快之事发生的）可能性，风险；【名】 （Danger）（法）当热（人名）,The red triangle denotes danger.　红色三角形表示危险。
4976,vitamin,P5,W41–W50,,ˈvaɪtəmən,n. 维生素，维他命；维生素片，维生素丸,Vitamin C is water soluble.　维生素C可溶于水。
4977,widely,P5,W41–W50,,ˈwaɪdli,adv. 普遍地，广泛地，范围广地；大不相同,The idea is now widely accepted.　这个思想现在已获得普遍接受。
4978,processed,P5,W41–W50,释义待核实，不进入核心练习,ˈprɑsɛst,释义待核实，不计入核心练习,
4979,phrase,P5,W41–W50,,ˈfreɪz,n. 短语，词组；惯用语，习语；乐句；（芭蕾）舞句；v. 用……方式表达，以……措辞表达；把（乐曲）分成短句,We bought a Danish phrase book.　我买了一本丹麦常用语手册。
4980,genuine,P5,W41–W50,,ˈdʒɛnjəwən,adj. 真正的，非伪造的；真诚的，真心的,Only genuine refugees can apply for asylum.　只有真正的难民才能申请政治避难。
4981,raising,P5,W41–W50,释义待核实，不进入核心练习,ˈreɪzɪŋ,释义待核实，不计入核心练习,
4982,implications,P5,W41–W50,释义待核实，不进入核心练习,ˌɪmpləˈkeɪʃənz,释义待核实，不计入核心练习,
4983,functionality,P5,W41–W50,释义待核实，不进入核心练习,ˌfʌŋkʃəˈnælɪti,释义待核实，不计入核心练习,
4984,paradise,P5,W41–W50,,ˈpɛrəˌdaɪs,n. （某些宗教所指的）天堂，天国；乐土（指美好的环境）；（某类活动或某类人的）乐园，完美去处；至福，极乐；（《圣经》中的）伊甸园（Paradise）,The area is a birdwatcher's paradise.　这一地区是鸟类观察者的乐园。
4985,hybrid,P5,W41–W50,,ˈhaɪbrəd,n. 混合物；杂种；混合动力车，油电混合车；混合词，混种词；adj. 混合的；杂种的，杂交成的,Hybrid cars do little harm to the environment.　混合动力汽车对环境危害不大。
4986,reads,P5,W41–W50,释义待核实，不进入核心练习,ˈridz,释义待核实，不计入核心练习,
4987,roles,P5,W41–W50,释义待核实，不进入核心练习,ˈroʊlz,释义待核实，不计入核心练习,
4988,intermediate,P5,W41–W50,,ˌɪntɚˈmidiɪt,adj. 居中的，中间的；中等程度的，中级的；n. 中级水平者，中级学生；中间事物；（化合物）中间体；v. 充当调解人，斡旋,"Students are categorized as novice, intermediate, or advanced.　学生分为新生、中级生或高级生。"
4989,emotional,P5,W41–W50,,ɪˈmoʊʃənəl,adj. 情感的，情绪的；激动人心的，有感染力的；情绪激动的（尤指哭泣），情感流露的；（人）易动感情的，感情用事的,My emotional turmoil had drained me.　困惑焦灼的情绪使我心力交瘁。
4990,sons,P5,W41–W50,释义待核实，不进入核心练习,ˈsʌnz,释义待核实，不计入核心练习,
4991,leaf,P5,W41–W50,,ˈlif,n. 叶，叶子；纸页，书页；薄金属片，（尤指金或银）箔；活动桌板；（窗，门等）扇；空心墙（或双层窗）的内面（或外面）；v. 长新叶；【名】 （Leaf）（英）利夫（人名）,I was shaking like a leaf.　我像树叶似的直哆嗦。
4992,pad,P5,W41–W50,,ˈpæd,n. （吸收液体、保洁或保护用的）软垫，垫状物；（动物的）肉掌，（人的）手指肚；便笺本，拍纸簿；发射台，停机坪；（睡莲的）浮叶；低沉的脚步声；（电子）焊接区，焊接点；<非正式，旧>住处，寓所；v. （用软物）填塞，垫衬；（添加不必要的信息以）拉长（pad sth. out）；<美>虚报（开支、账单）；沿着（路、路线）走；放轻脚步走；在比赛（尤指板球赛）前穿上防护垫（pad up）；（板球）（击球手）有意用护垫挡球（pad up）；abbr. （PAD）外周动脉疾病（peripheral arterial disease）,She wrote on a pad of paper.　她写在了一本便笺簿上。
4993,glory,P5,W41–W50,,ˈɡlɔri,n. 光荣，荣誉；（对上帝的）赞颂；壮丽，辉煌；值得称赞的事，引以为豪的成就；欣喜；天堂的荣耀（或福祉）；（尤指耶稣基督或圣人头顶的）光环，光轮；v. （因某事而）欣喜；自豪，得意；【名】 （Glory）（法）格洛里（人名）,She wanted to enjoy her moment of glory.　她希望尽情享受自己的光荣时刻。
4994,platforms,P5,W41–W50,释义待核实，不进入核心练习,ˈplætˌfɔrmz,释义待核实，不计入核心练习,
4995,ja,P5,W41–W50,释义待核实，不进入核心练习,ˈjɑ,释义待核实，不计入核心练习,
4996,bigger,P5,W41–W50,释义待核实，不进入核心练习,ˈbɪɡɚ,释义待核实，不计入核心练习,
4997,billing,P5,W41–W50,释义待核实，不进入核心练习,ˈbɪlɪŋ,释义待核实，不计入核心练习,
4998,diesel,P5,W41–W50,,ˈdisəl,n. 柴油；内燃机，柴油车；【名】 (Diesel）（德）狄塞耳（人名）,The buses run on diesel.　这些公共汽车使用的是柴油。
4999,versus,P5,W41–W50,,ˈvɝsəs,prep. （比赛或诉讼中）以……为对手，与……竞争；与……相对，与……相比,It is France versus Brazil in the final.　决赛是法国队对巴西队。
5000,combine,P5,W41–W50,,ˈkɑmbaɪn,v. （使）结合，组合；（使）化合；合并，协力；兼有，兼备；兼做，兼办；n. 联盟，联合体；联合收割机,The trip will combine business with pleasure.　此次旅行将把出差和娱乐结合起来。
5001,overnight,P5,W41–W50,,ˌoʊvɚˈnaɪt,adv. 在夜间，在晚上；突然，一夜之间；adj. 夜间的，只供一夜的；突然的，一夜之间的；v. 过夜；<美>连夜快递（货物）,Almost overnight I was cured.　几乎在一夜之间我被治愈了。
5002,geographic,P5,W41–W50,释义待核实，不进入核心练习,ˌdʒiəˈɡræfɪk,释义待核实，不计入核心练习,
5003,exceed,P5,W41–W50,,ɪkˈsid,v. 超过，超出；超越（限制）；优于，胜过,It is dangerous to exceed the recommended dose.　超过建议使用的剂量会有危险。
5004,bs,P5,W41–W50,释义待核实，不进入核心练习,ˌbiˈɛs,释义待核实，不计入核心练习,
5005,rod,P5,W41–W50,,ˈrɑd,n. 棒，杆；钓竿，鱼竿；钓鱼者；权力，权杖；枝条，柳条；（责打人用的）棍棒；杖责，惩罚（the rod）；<美，非正式>（左轮）手枪；视网膜杆；【名】 （Rod）（英、法、德、捷、希）罗德，（阿拉伯）鲁德，（老）罗,He is a lightning rod for controversy.　他是个富有争议的人物.
5006,saudi,P5,W41–W50,释义待核实，不进入核心练习,ˈsɔdi,释义待核实，不计入核心练习,
5007,fault,P5,W41–W50,,ˈfɔlt,n. 错误；责任，过错；缺点，故障；断层；发球失误；v. 挑剔，指责；发球失误；产生断层；<古>犯错误，做错事,It's partly my fault.　在一定程度上是我的错。
5008,cuba,P5,W41–W50,释义待核实，不进入核心练习,ˈkjubə,释义待核实，不计入核心练习,
5009,hrs,P5,W41–W50,释义待核实，不进入核心练习,,释义待核实，不计入核心练习,
5010,preliminary,P5,W41–W50,,prɪˈlɪməˌnɛri,adj. 初步的，预备的；n. 初步行动，准备工作；预赛，预试,The doctors have successfully concluded preliminary tests.　医生们已成功完成了初步化验。
5011,districts,P5,W41–W50,释义待核实，不进入核心练习,ˈdɪstrɪkts,释义待核实，不计入核心练习,
5012,introduce,P5,W41–W50,,ˌɪntrəˈdus,v. 介绍，引见；使初次了解，使尝试；为（电视或广播节目）做开场白，主持；实施，推行；首次引入（某物），使传入；使开始，创始；将（法案）提交讨论；将……放进，添入,Can I introduce my wife?　我来介绍一下我的妻子。
5013,silk,P5,W41–W50,,ˈsɪlk,n. 丝绸，丝线；（骑手在赛马时穿的）彩色丝绸赛马服（silks）；绸制赛马帽顶（盖）；<英，非正式>王室律师；（雌玉米穗的）穗丝；蜘蛛丝；adj. 丝的，丝制的；vi. （玉米）处于长须的阶段中,She wore purple and green silk.　她穿着紫色和绿色的丝绸。
5014,promotional,P5,W41–W50,释义待核实，不进入核心练习,prəˈmoʊʃənəl,释义待核实，不计入核心练习,
5015,kate,P5,W41–W50,释义待核实，不进入核心练习,ˈkeɪt,释义待核实，不计入核心练习,
5016,chevrolet,P5,W41–W50,释义待核实，不进入核心练习,ˌʃɛvrəˈleɪ,释义待核实，不计入核心练习,
5017,babies,P5,W41–W50,释义待核实，不进入核心练习,ˈbeɪbiz,释义待核实，不计入核心练习,
5018,bi,P5,W41–W50,释义待核实，不进入核心练习,ˈbaɪ,释义待核实，不计入核心练习,
5019,karen,P5,W41–W50,释义待核实，不进入核心练习,ˈkɛrən,释义待核实，不计入核心练习,
5020,compiled,P5,W41–W50,释义待核实，不进入核心练习,kəmˈpaɪld,释义待核实，不计入核心练习,
5021,romantic,P5,W41–W50,,roʊˈmæntɪk,- adj. 浪漫的；空想的；多情的；- n. 浪漫的人；- vt. 使…浪漫化,The movie is a romantic comedy.　这部电影是一个浪漫喜剧。
5022,revealed,P5,W41–W50,释义待核实，不进入核心练习,rɪˈvild,释义待核实，不计入核心练习,
5023,specialists,P5,W41–W50,释义待核实，不进入核心练习,ˈspɛʃələsts,释义待核实，不计入核心练习,
5024,generator,P5,W41–W50,,ˈdʒɛnɚˌeɪtɚ,n. 发电机；产生者；电力公司；母点，母线，母面,The company is a major generator of jobs.　这家公司创造了相当多的就业机会。
5025,albert,P5,W41–W50,释义待核实，不进入核心练习,ˈælbɚt,释义待核实，不计入核心练习,
5026,examine,P5,W41–W50,,ɪɡˈzæmɪn,v. 检查，调查；考核，测验；（医生）诊察；（尤指在法庭上）审问，查问,It is necessary to examine how the proposals can be carried out.　有必要调查一下怎样才能实施这些方案。
5027,jimmy,P5,W41–W50,释义待核实，不进入核心练习,ˈdʒɪmi,释义待核实，不计入核心练习,
5028,graham,P5,W41–W50,释义待核实，不进入核心练习,ˈɡreɪəm,释义待核实，不计入核心练习,
5029,suspension,P5,W41–W50,,səˈspɛnʃən,n. 暂停，中止；暂令停职（或停学、停赛等）；（车辆的）悬架，减震装置；悬浮液，悬胶体；（乐）延留音,The car's improved suspension gives you a smoother ride.　汽车悬架经过改进，乘坐起来更平稳。
5030,bristol,P5,W41–W50,释义待核实，不进入核心练习,ˈbrɪstəl,释义待核实，不计入核心练习,
5031,margaret,P5,W41–W50,释义待核实，不进入核心练习,ˈmɑrɡɚɪt,释义待核实，不计入核心练习,
5032,compaq,P5,W41–W50,释义待核实，不进入核心练习,ˈkɑmˌpæk,释义待核实，不计入核心练习,
5033,sad,P5,W41–W50,,ˈsæd,adj. 伤心的，难过的；令人伤心的，让人难过的；糟糕的，不能令人接受的；不幸的，可怜的；（歌曲或音乐）显露悲伤的，伤感的；状况不佳的；<非正式>（人）可悲的，不受人尊敬的；<非正式> 老土的，过时的；（面团）发得不好的；n. 季节性情感障碍（SAD）,She looked sad and tired.　她看上去又伤心又疲惫。
5034,correction,P5,W41–W50,,kɚˈɛkʃən,n. 改正，修正；<旧>惩罚，处罚；改正的行动（或过程）；int. （想纠正刚说过的话时用）改正，更正,The correction had already been set in type.　校正稿已经排好版了。
5035,wolf,P5,W41–W50,,ˈwʊlf,n. 狼；色狼，色鬼；（喻）残忍凶狠的人；<美，非正式>同性恋者；狼音，不谐和音，粗厉音；v. 狼吞虎咽地吃；【名】 （Wolf）（以、捷、芬、瑞典、德、匈、法、罗、荷、英）沃尔夫（人名）,The wolf clawed at the tree and howled the whole night.　那只狼在那颗树上抓挠，还嗥叫了整整一个晚上。
5036,slowly,P5,W41–W50,,ˈsloʊli,缓慢地,Please speak slowly.　请慢一点说。
5037,authentication,P5,W41–W50,释义待核实，不进入核心练习,ɔˌθɛntəˈkeɪʃən,释义待核实，不计入核心练习,
5038,communicate,P5,W41–W50,,kəmˈjunəˌkeɪt,v. 传递信息，通讯；传达，传递（想法或感情）；传染（疾病）；（房间或建筑）相通，相连；传输（热，力），传递（运动）；领受圣餐,They can communicate even when they strongly disagree.　他们即使是在有较大分歧时也能相互交流。
5039,rugby,P5,W41–W50,释义待核实，不进入核心练习,ˈrʌɡbi,释义待核实，不计入核心练习,
5040,supplement,P5,W41–W50,,ˈsʌpləmənt,n. 补充物，增补物；营养片剂，补品；补助，补贴；额外服务费用；（报纸或杂志的）副刊，增刊；（书籍的）补编，附录；（几何）补角；v. 增加，增补,Industrial sponsorship is a supplement to government funding.　工业界的赞助是对政府拨款的补充。
5041,showtimes,P5,W41–W50,释义待核实，不进入核心练习,,释义待核实，不计入核心练习,
5042,cal,P5,W41–W50,释义待核实，不进入核心练习,ˈkæl,释义待核实，不计入核心练习,
5043,portions,P5,W41–W50,释义待核实，不进入核心练习,ˈpɔrʃənz,释义待核实，不计入核心练习,
5044,infant,P5,W41–W50,,ˈɪnfənt,n. 婴儿，幼儿；（英国学校里四至七岁的）学童；<法律>未成年人；adj. 供婴幼儿用的；初期的，初创期的；四岁至七岁幼儿的；【名】 （Infant）（英）因方特（人名）,There was an infant squalling in the back of the church.　教堂的后面有个婴儿大声啼哭的声音。
5045,promoting,P5,W41–W50,释义待核实，不进入核心练习,prəˈmoʊtɪŋ,释义待核实，不计入核心练习,
5046,sectors,P5,W41–W50,释义待核实，不进入核心练习,ˈsɛktɚz,释义待核实，不计入核心练习,
5047,samuel,P5,W41–W50,释义待核实，不进入核心练习,ˈsæmjul,释义待核实，不计入核心练习,
5048,fluid,P5,W41–W50,,ˈfluəd,n. 流体，液体；adj. 液体的，流体的；易变的，不稳定的；流畅优美的,The plant exudes a sticky fluid.　这种植物分泌出一种黏液。
5049,grounds,P5,W41–W50,释义待核实，不进入核心练习,ˈɡraʊndz,释义待核实，不计入核心练习,
5050,fits,P5,W41–W50,释义待核实，不进入核心练习,ˈfɪts,释义待核实，不计入核心练习,
5051,kick,P5,W41–W50,,ˈkɪk,v. 踢，踢腿；对（自己）生气；戒除（恶习）；踢球得分；（枪）射击时后坐，朝……反冲；活跃，精力充沛；n. 踢，踢腿；极度兴奋，极大的乐趣；（毒品或酒精的）效力，刺激性；突然的猛烈震动；（枪射击时的）反冲，后坐力；（沙尘造成的）球的不规则运动；（赛跑接近终点时的）冲刺；有特定踢球能力的运动员；（一次）踢球（动作）；（玻璃瓶等的）凹底；【名】 （Kick）（英、美、德）基克（人名）,This drink has quite a kick.　这酒的劲相当大。
5052,regards,P5,W41–W50,释义待核实，不进入核心练习,rɪˈɡɑrdz,释义待核实，不计入核心练习,
5053,meal,P5,W41–W50,,ˈmil,n. 一餐，进餐（时间）；一餐所吃的食物；磨成粗粉的东西；v. 进餐,She left her meal untouched.　她的饭连动都没动。
5054,ta,P5,W41–W50,释义待核实，不进入核心练习,ˈtɑ,释义待核实，不计入核心练习,
5055,hurt,P5,W41–W50,,ˈhɝt,v. 使受伤，使疼痛；感到受伤，感到疼痛；损害；处于困境，手头拮据；伤心；adj. （身体上）受伤的；（感情上）痛苦的；n. 心灵创伤，委屈；（身体上的）伤，痛,She hurt herself.　她弄伤了自己。
5056,machinery,P5,W41–W50,,məˈʃinɚi,n. 机器，机械（尤指大型机械）；体系，机制；运转部份，装置,They set the machinery in motion.　他们将机器开动起来。
5057,bandwidth,P5,W41–W50,释义待核实，不进入核心练习,ˈbændwɪdθ,释义待核实，不计入核心练习,
5058,unlike,P5,W41–W50,,ənˈlaɪk,prep. 不像，和……不同；不是……的个性（或特点）；（用于对比）与……不同；adj. 不同的，不相似的；v. 取消点赞；以厌恶或敌意看待，不喜欢（be unliked）,It's very unlike him to be so late.　迟到这么久可实在不像他平时的作风。
5059,equation,P5,W41–W50,,ɪˈkweɪʒən,n. 等式，方程（式）；等同（看待）；（必须考虑多种因素的）复杂局面（或问题）,X and Y in the equation are both unknowns.　等式中的X和Y都是未知数。
5060,baskets,P5,W41–W50,释义待核实，不进入核心练习,ˈbæskəts,释义待核实，不计入核心练习,
5061,probability,P5,W41–W50,,ˌprɑbəˈbɪləˌti,n. 可能性，或然性；可能发生的事，可能真实的事；（数）概率，几率,There seemed to be a high probability of success.　成功的几率似乎很高。
5062,pot,P5,W41–W50,,ˈpɑt,n. 锅；（盛食品的）罐，瓶；壶；花盆；陶盆，陶罐，碗；一罐，一壶（的量）；（纸牌游戏的）全部赌注；凑集的资金；<非正式>大麻；<非正式>大量；大肚子；（球等的）击球入袋；幼儿用便盆；<非正式>发动机气缸；<非正式>（体育运动的）奖品，奖杯；射击；（主要用于橄榄球）射门；v. 把（植物）栽入盆中；将（食物）用密封罐煮（或储存）；射杀（动物）；击（球）入袋；制陶；<非正式>成功获得，赢得；把（电子元件，电路）密封于绝缘材料中；<英>使（小孩）坐便盆；得（分）；【名】 （Pot）（柬）布特，（捷）波特，（法）波（人名）,They drank a pot of coffee.　他们喝了一壶咖啡。
5063,dimension,P5,W41–W50,,dɪˈmɛnʃən,n. 大小，尺寸；（空间的）维度；范围，规模；方面，部分；v. 切削（或制作）成特定尺寸；标出尺寸,You will open a new dimension to your life.　你将为你的生活打开一个新的维度。
5064,wright,P5,W41–W50,释义待核实，不进入核心练习,ˈraɪt,释义待核实，不计入核心练习,
5065,img,P5,W41–W50,释义待核实，不进入核心练习,,释义待核实，不计入核心练习,
5066,barry,P5,W41–W50,释义待核实，不进入核心练习,ˈbæri,释义待核实，不计入核心练习,
5067,proven,P5,W41–W50,释义待核实，不进入核心练习,ˈpruvən,释义待核实，不计入核心练习,
5068,schedules,P5,W41–W50,释义待核实，不进入核心练习,ˈskɛdʒʊlz,释义待核实，不计入核心练习,
5069,admissions,P5,W41–W50,释义待核实，不进入核心练习,ædˈmɪʃənz,释义待核实，不计入核心练习,
5070,cached,P5,W41–W50,释义待核实，不进入核心练习,ˈkæʃt,释义待核实，不计入核心练习,
5071,warren,P5,W41–W50,释义待核实，不进入核心练习,ˈwɔrən,释义待核实，不计入核心练习,
5072,slip,P5,W41–W50,,ˈslɪp,v. 滑倒，失足；滑落，脱落；溜走，悄悄地走；偷偷塞进；滑行，打滑；下降，变差；陷入；迅速穿上，迅速脱下；摆脱，挣脱；飞逝，过得飞快；被（某人）忘记；放出（动物，尤指猎狗）；（身体部分）移位，脱臼；（编织）挑过一针不结；略微松动（汽车离合器）；（动物）流产；n. 疏漏，差错；小纸条；滑，滑倒；滑动；衬裙；（击球员后侧的）守场员；（制陶器用的）泥浆，泥釉；（飞机飞行中的）侧滑；牵狗皮带；（两个码头之间）泊位；（编织）挑针；变糟，下跌；接枝，插枝；瘦小的年轻人；【名】 （Slip）（芬）斯利普（人名）,I put her name on the slip.　我把她的名字写在那张纸条上。
5073,studied,P5,W41–W50,释义待核实，不进入核心练习,ˈstʌdid,释义待核实，不计入核心练习,
5074,reviewer,P5,W41–W50,释义待核实，不进入核心练习,rivˈjuɚ,释义待核实，不计入核心练习,
5075,involves,P5,W41–W50,释义待核实，不进入核心练习,ˌɪnˈvɑlvz,释义待核实，不计入核心练习,
5076,quarterly,P5,W41–W50,,ˈkwɔrtɚli,adj. 季度的，每季的；（盾，图记）纵横划成四（或更多）部分的；adv. 一季一次地，按季度；（纹章）在盾的四分之一部分（或对角两部分）上；n. 季刊,Their quarterly meetings were anodyne affairs.　他们的季度会议是平淡乏味的事情。
5077,rpm,P5,W41–W50,释义待核实，不进入核心练习,ˌɑrˌpiˈɛm,释义待核实，不计入核心练习,
5078,profits,P5,W41–W50,释义待核实，不进入核心练习,ˈprɑfɪts,释义待核实，不计入核心练习,
5079,devil,P5,W41–W50,,ˈdɛvəl,n. 魔鬼；魔王，撒旦（the Devil）；家伙，人；恶棍；淘气鬼，冒失鬼；棘手的事，麻烦事；<非正式，旧>（出庭律师或其他专业人士的）助手；切碎机；v. <美>困扰，使担忧；抹辣味料烤（肉等）；（用扯碎机）扯碎（破布）；做律师（或作家等）的助手,He's a crafty old devil.　他是个奸诈狡猾的家伙。
5080,grass,P5,W41–W50,,ˈɡræs,n. 草；草地，草坪；<非正式>大麻；<英，非正式> 告密者；草地网球场；牧场；<英，非正式>告密者；v. 在……上种草；<英，非正式>（向警方）告发；捕（鱼）并带上河岸；将（某人）撞倒；<美>给（牲畜）喂草；【名】 （Grass）（英、法、德、俄、瑞典）格拉斯（人名）,The grass was dry and patchy.　草都干了，东一片西一片的。
5081,comply,P5,W41–W50,,kəmˈplaɪ,v. 遵从，服从；（商品）符合特定标准,She must be made to comply with the rules.　必须让她遵守规则。
5082,marie,P5,W41–W50,释义待核实，不进入核心练习,mɚˈi,释义待核实，不计入核心练习,
5083,florist,P5,W41–W50,释义待核实，不进入核心练习,ˈflɑrɪst,释义待核实，不计入核心练习,
5084,illustrated,P5,W41–W50,释义待核实，不进入核心练习,ˈɪləˌstreɪtəd,释义待核实，不计入核心练习,
5085,cherry,P5,W41–W50,,ˈtʃɛri,n. 樱桃；樱桃树；樱桃木；樱桃色，鲜红色；果实与樱桃相似的植物；<非正式>童贞；adj. 樱桃色的，鲜红色的；【名】 （Cherry）（法、阿拉伯）谢里，（英）彻丽（女子教名 Charity 的昵称）（人名）,The cherry is red.　樱桃是红色的。
5086,continental,P5,W41–W50,,ˌkɑntəˈnɛntəl,adj. 大洲的，大陆的；欧洲大陆的；具有欧洲特点的；n. （欧洲）大陆人,He sees no signs of improvement in the U.K. and continental economy.　他看不出英国和欧洲大陆的经济好转的迹象。
5087,alternate,P5,W41–W50,,ˈɔltɚnət,adj. 轮流的，交替的；间隔的；供选择的，备用的；（叶，芽）互生的；另类的；v. （使）交替，（使）轮流；n. 替补者，候补者,Dark stripes alternate with pale ones.　深浅条纹相间。
5088,deutsch,P5,W41–W50,释义待核实，不进入核心练习,ˈdɔɪtʃ,释义待核实，不计入核心练习,
5089,achievement,P5,W41–W50,,əˈtʃivmənt,n. 成绩，成就；完成，实现；（纹章）纹章牌,It is an impressive achievement.　这是一项令人敬佩的成就。
5090,limitations,P5,W41–W50,释义待核实，不进入核心练习,ˌlɪmɪˈteɪʃənz,释义待核实，不计入核心练习,
5091,kenya,P5,W41–W50,释义待核实，不进入核心练习,ˈkɛnjə,释义待核实，不计入核心练习,
5092,webcam,P5,W41–W50,,ˈwɛbˌkæm,n. 网络摄像头；n. 网络摄像头,
5093,cuts,P5,W41–W50,释义待核实，不进入核心练习,ˈkʌts,释义待核实，不计入核心练习,
5094,funeral,P5,W41–W50,,ˈfjunɚəl,n. 葬礼，丧礼；<美>葬礼上的布道；<古>出殡行列，送葬队伍；<非正式>需要操心的事；adj. 葬礼的，似葬礼的,A funeral wake was in progress.　葬礼前在守灵。
5095,nutten,P5,W41–W50,释义待核实，不进入核心练习,,释义待核实，不计入核心练习,
5096,earrings,P5,W41–W50,释义待核实，不进入核心练习,ˈɪrɪŋz,释义待核实，不计入核心练习,
5097,enjoyed,P5,W41–W50,释义待核实，不进入核心练习,ˌɛnˈdʒɔɪd,释义待核实，不计入核心练习,
5098,automated,P5,W41–W50,释义待核实，不进入核心练习,ˈɔtəˌmeɪtɪd,释义待核实，不计入核心练习,
5099,chapters,P5,W41–W50,释义待核实，不进入核心练习,ˈtʃæptɚz,释义待核实，不计入核心练习,
5100,pee,P5,W41–W50,释义待核实，不进入核心练习,ˈpi,释义待核实，不计入核心练习,
5101,charlie,P5,W41–W50,释义待核实，不进入核心练习,ˈtʃɑrli,释义待核实，不计入核心练习,
5102,quebec,P5,W41–W50,释义待核实，不进入核心练习,kwəˈbɛk,释义待核实，不计入核心练习,
5103,nipples,P5,W41–W50,释义待核实，不进入核心练习,ˈnɪpəlz,释义待核实，不计入核心练习,
5104,passenger,P5,W41–W50,,ˈpæsəndʒɚ,n. 乘客，旅客；（团体中）不干活的人，闲散人员；adj. 乘客的，旅客的,I dinged my passenger door.　我把乘客门撞坏了一点。
5105,convenient,P5,W41–W50,,kənˈvinjənt,adj. 方便的，便利的；附近的，方便到达的；<旧>适当的,If it's convenient I can come tomorrow.　方便的话，我可以明天过来。
5106,dennis,P5,W41–W50,释义待核实，不进入核心练习,ˈdɛnɪs,释义待核实，不计入核心练习,
5107,mars,P5,W41–W50,,ˈmɑrz,n. 火星；战争；n. 火星；战神,Is there life on Mars?　火星上有生命吗？
5108,francis,P5,W41–W50,释义待核实，不进入核心练习,ˈfrænsəs,释义待核实，不计入核心练习,
5109,tvs,P5,W41–W50,释义待核实，不进入核心练习,ˌtiˈviz,释义待核实，不计入核心练习,
5110,sized,P5,W41–W50,释义待核实，不进入核心练习,ˈsaɪzd,释义待核实，不计入核心练习,
5111,manga,P5,W41–W50,释义待核实，不进入核心练习,ˈmæŋɡə,释义待核实，不计入核心练习,
5112,noticed,P5,W41–W50,释义待核实，不进入核心练习,ˈnoʊtəst,释义待核实，不计入核心练习,
5113,socket,P5,W41–W50,释义待核实，不进入核心练习,ˈsɑkət,释义待核实，不计入核心练习,
5114,silent,P5,W41–W50,,ˈsaɪlənt,adj. （人）安静的，沉默的；沉默寡言的，不爱说话的；（事物）无声的，寂静的；（情感、行为等）不用言语表达的，默默的；只字不提的，不愿讲的；（电影）无声的；（字母）不发音的；（疾病或问题等）悄然的，无症状的,The three men remained silent.　这3个人保持沉默。
5115,literary,P5,W41–W50,,ˈlɪtɚˌɛri,adj. 文学的，文学上的；书面的；爱好文学的，从事文学研究（或写作）的,"He edits the literary journal, Murmur.　他编辑了《私语》这本文学杂志。"
5116,egg,P5,W41–W50,,ˈɛɡ,n. （鸟类的）卵，蛋；（尤指用作食品的）蛋，鸡蛋；卵子，卵细胞；<非正式>人，家伙；v. 煽动，怂恿；【名】 （Egg）（英、法）埃格（人名）,She cracked an egg into the pan.　她往锅里打了一个鸡蛋。
5117,mhz,P5,W41–W50,释义待核实，不进入核心练习,,释义待核实，不计入核心练习,
5118,signals,P5,W41–W50,释义待核实，不进入核心练习,ˈsɪɡnəlz,释义待核实，不计入核心练习,
5119,caps,P5,W41–W50,释义待核实，不进入核心练习,ˈkæps,释义待核实，不计入核心练习,
5120,orientation,P5,W41–W50,,ˌɔriɛnˈteɪʃən,n. 目标，定位；方向，朝向；（基本的）态度，倾向；（岗前、学前、课前等的）情况介绍，培训；适应，熟悉,His sexual orientation was a lot more gay than straight.　他的性取向更像是同性恋的而非异性恋的。
5121,pill,P5,W41–W50,,ˈpɪl,n. 药片，药丸；（女用）口服避孕药 （the pill）；<美>（衣服或布料上的）球粒，纤维绒球； <美>讨厌的家伙；<非正式>（某些运动用的）球，弹；v. （衣服或布料）起球粒，结绒；把……制成丸剂；（使）服用药丸；<古>抢劫，掠夺；【名】 （pill）（英）皮尔（人名）,I took a pill to help settle my nerves.　我吃了一片药，好放松一下神经。
5122,theft,P5,W41–W50,,ˈθɛft,n. 偷窃，盗窃；盗窃罪,Are we insured against theft?　我们保了盗窃险没有？
5123,childhood,P5,W41–W50,,ˈtʃaɪldˌhʊd,n. 童年，幼年时代,She had a happy childhood.　她有一个幸福的童年。
5124,swing,P5,W41–W50,,ˈswɪŋ,v. （使）摆动，摇荡；（使）改变（意见、情绪等）；做弧线运动，转弯；（挥动某物）朝……打去；<非正式>热闹，令人开心；（使）突然转向，突然转身；以强劲的节奏演奏；（迈着有节奏的步伐）行进；<非正式>（有时略微不正当地）获得；荡秋千；纵身跃向；绞死；<非正式>男女乱交；移转（船，飞机）至各方位点；n. 摇摆，摆动；挥舞，挥动；挥杆动作；改变，变化；秋千；摇摆乐；以强劲的节奏演奏；<美>巡游，竞选旅行；（板球）侧飞球；（音乐剧）替补；adj. 摇摆乐的；（在投票选举中）摇摆不定的,I need to work on my swing.　我需要改进我的挥杆动作。
5125,symbols,P5,W41–W50,释义待核实，不进入核心练习,ˈsɪmbəlz,释义待核实，不计入核心练习,
5126,lat,P5,W41–W50,释义待核实，不进入核心练习,ˈlɑt,释义待核实，不计入核心练习,
5127,meta,P5,W41–W50,释义待核实，不进入核心练习,ˈmitə,释义待核实，不计入核心练习,
5128,humans,P5,W41–W50,释义待核实，不进入核心练习,ˈhjumənz,释义待核实，不计入核心练习,
5129,analog,P5,W41–W50,释义待核实，不进入核心练习,ˈænəˌlɔɡ,释义待核实，不计入核心练习,
5130,facial,P5,W41–W50,,ˈfeɪʃəl,adj. 面部的，面部用的；n. 面部护理，美容,There are exercises that tauten facial muscles.　有些练习可以让面部肌肉紧绷起来。
5131,choosing,P5,W41–W50,释义待核实，不进入核心练习,ˈtʃuzɪŋ,释义待核实，不计入核心练习,
5132,talent,P5,W41–W50,,ˈtælənt,n. 天赋，才能；天才，人才；<英，俚>性感的人；（尤指古罗马人和古希腊人使用的重量和货币单位）塔兰特,He's got lots of talent.　他有许多天赋。
5133,dated,P5,W41–W50,释义待核实，不进入核心练习,ˈdeɪtɪd,释义待核实，不计入核心练习,
5134,flexibility,P5,W41–W50,,ˌflɛksəˈbɪləti,n. 灵活性；弹性，柔性,A certain amount of flexibility is built into the system.　该体系加入了一定的灵活性。
5135,seeker,P5,W41–W50,,ˈsikɚ,n. 寻找者，探求者；搜查人,I am a seeker after truth.　我是一名真理的追求者。
5136,wisdom,P5,W41–W50,,ˈwɪzdəm,n. 智慧，才智；明智；学问，知识；普遍看法；【名】 （Wisdom）（英）威兹德姆（人名）,They were godlike in their wisdom and compassion.　他们的智慧和关爱有如圣贤一般。
5137,shoot,P5,W41–W50,,ˈʃut,v. 开（枪），射击；射杀，射伤；狩猎，打猎；投（球），射门；玩，打（某种游戏）；拍摄；（使）急速移动；突然把……投向；迅速成名；（疼痛）穿刺；闩上，拔出（门闩）；（植物，种子）发芽；<非正式>注射（毒品）；准确刨平（木板的边角）；n. 嫩芽，新枝；拍摄；狩猎，射猎场，射击比赛；斜道，滑运道（=chute）；急流，奔流；int. 说吧，请讲；<美>糟糕，哎呀,Don't shoot—I surrender.　别开枪—我投降。
5138,boundary,P5,W41–W50,,ˈbaʊndɚi,n. 分界线，边界；界限，范围；（板球）击球超过边界线得分,We crossed the county boundary into Devon.　我们越过郡界进入了德文。
5139,mint,P5,W41–W50,,ˈmɪnt,n. 薄荷；薄荷糖；铸币厂；巨款；v. 铸造（硬币）；创造，制造；adj. （物品）崭新的，无污损的；<英> 非常好的，很棒的,She sucked a mint.　她嘴里咂着一颗薄荷糖。
5140,packard,P5,W41–W50,释义待核实，不进入核心练习,ˈpækɚd,释义待核实，不计入核心练习,
5141,offset,P5,W41–W50,,ɔfˈsɛt,v. 补偿，抵销，抵消；衬托出；使偏离直线方向，使与……不在一条直线上；（墨水，刚印好的页面）转印下一页；n. 抵消物，补偿；偏离量，偏离距离；（测绘）支距；（电压或电流的）偏离；侧枝，短匐茎；（山的）支脉；（建筑）壁阶；胶印法；adj. 胶印的，平版印刷的；偏离中心的，偏置的,The decline in marriage has been offset by a rise in cohabitation.　同居人数的增加跟结婚人数的减少相抵消。
5142,payday,P5,W41–W50,释义待核实，不进入核心练习,ˈpeɪˌdeɪ,释义待核实，不计入核心练习,
5143,philip,P5,W41–W50,释义待核实，不进入核心练习,ˈfɪləp,释义待核实，不计入核心练习,
5144,elite,P5,W41–W50,,ɪˈlit,n. 权力集团，上层人士；尖子，精英；adj. 出类拔萃的，精锐的,"Except for elite schools, admission standards are low.　除了精英学校，其他学校的入学标准都很低。"
5145,gi,P5,W41–W50,释义待核实，不进入核心练习,,释义待核实，不计入核心练习,
5146,spin,P5,W41–W50,,ˈspɪn,v. （使）快速旋转；（使）急转身；（头感到）眩晕；纺纱，纺织；飞驰，疾驰；编故事；有倾向性地陈述；（用甩干机或洗衣机）甩干（衣服）；（昆虫）吐（丝），结（网）；（用旋式诱饵）钓鱼；播放（唱片）；抛（硬币）；（球）旋转；（用车床将金属薄板）旋压成形；n. 高速旋转；兜风；带倾向性的解释（或说法）；（政治上的）倾向性报道；（尤指板球、网球、斯诺克球中的）旋转球；（飞机的）旋冲，螺旋下降；晕头转向，焦虑不安；（物理）核素总角动量,Let's go for a spin.　咱们兜风去。
5147,holders,P5,W41–W50,释义待核实，不进入核心练习,ˈhoʊldɚz,释义待核实，不计入核心练习,
5148,believes,P5,W41–W50,释义待核实，不进入核心练习,bɪˈlivz,释义待核实，不计入核心练习,
5149,swedish,P5,W41–W50,释义待核实，不进入核心练习,ˈswidɪʃ,释义待核实，不计入核心练习,
5150,poems,P5,W41–W50,释义待核实，不进入核心练习,ˈpoʊəmz,释义待核实，不计入核心练习,
5151,deadline,P5,W41–W50,,ˈdɛdˌlaɪn,n. 最后期限，截止日期；<史>（监狱周围的）死线,I prefer to work to a deadline.　我喜欢按规定的期限完成工作。
5152,jurisdiction,P5,W41–W50,,ˌdʒʊrəsˈdɪkʃən,n. 司法权，审判权；管辖权；管辖区域，管辖范围,A school is a principal's jurisdiction.　学校归校长管辖。
5153,robot,P5,W41–W50,,ˈroʊˌbɑt,n. 机器人，自动操作装置；机器般的人；<南非>自动交通信号机；（计算机）爬虫程序,This is the latest in robot technology.　这是最新的机器人技术。
5154,displaying,P5,W41–W50,释义待核实，不进入核心练习,dɪsˈpleɪɪŋ,释义待核实，不计入核心练习,
5155,witness,P5,W41–W50,,ˈwɪtnəs,n. （尤指犯罪或事故的）目击者；（法庭等的）证人；（签署正式文件的）见证人，连署人；宗教信仰声明，见证；见证人（声明自己笃信基督教的人）；证据，证言；证明标志；v. 目击，目睹；见证，经历（事件、变化等）；在（正式文件）上签名，连署；作见证（公开声明自己对基督教的信仰）；证明，表明；为…...作证；作证，作证人；【名】 （Witness）（津）威特尼斯（人名）,He was a witness for the prosecution.　他是原告证人。
5156,collins,P5,W41–W50,释义待核实，不进入核心练习,ˈkɑlɪnz,释义待核实，不计入核心练习,
5157,equipped,P5,W41–W50,释义待核实，不进入核心练习,ɪˈkwɪpt,释义待核实，不计入核心练习,
5158,stages,P5,W41–W50,释义待核实，不进入核心练习,ˈsteɪdʒəz,释义待核实，不计入核心练习,
5159,encouraged,P5,W41–W50,释义待核实，不进入核心练习,ɛnˈkɝɪdʒd,释义待核实，不计入核心练习,
5160,sur,P5,W41–W50,释义待核实，不进入核心练习,ˈsɝ,释义待核实，不计入核心练习,
5161,winds,P5,W41–W50,释义待核实，不进入核心练习,ˈwɪndz,释义待核实，不计入核心练习,
5162,powder,P5,W41–W50,,ˈpaʊdɚ,n. 粉，粉末；扑面粉，美容粉；细雪，粉状雪；火药，炸药；v. 往（脸或身体）上搽粉；撒粉（状物）于（表面），以粉（状物）覆盖；使（某物）成粉状；变成粉末,The snow was like powder.　雪像粉末一样。
5163,broadway,P5,W41–W50,释义待核实，不进入核心练习,ˈbrɔˌdweɪ,释义待核实，不计入核心练习,
5164,acquired,P5,W41–W50,释义待核实，不进入核心练习,əˈkwaɪɚd,释义待核实，不计入核心练习,
5165,assess,P5,W41–W50,,əˈsɛs,v. 评价，评定；估价，估计；征税，处以罚金,It's difficult to assess the effects of these changes.　这些变化带来的效果难以评估。
5166,wash,P5,W41–W50,,ˈwɑʃ,v. 清洗，洗涤；洗澡，（用水和肥皂）洗（身体的某部分）；（水）漫过，流过，冲刷；<非正式>站得住脚，令人相信或接受；（织物，服装，染料）耐洗；（情感）强烈冲击；粉刷；镀（金，银）于；<文>使湿透，浸泡；n. 洗涤；正在洗的衣物，将要洗的衣物；（涂料的）薄涂层，涂料；<美>（对对立双方均无益处的）形势（或结果）；（船驶过划出的）波浪，波浪拍打声；（尤指用于清洗皮肤的）洗药，清洁剂；（水流的）冲积物；浅水沙滩；泔水，泔脚；已发酵的麦芽汁；(the Wash) 沃什湾；【名】 （Wash）（美）瓦什（人名）,I'll wash and you can dry up.　我洗盘子，你可以擦干。
5167,cartridges,P5,W41–W50,释义待核实，不进入核心练习,ˈkɑrtrədʒəz,释义待核实，不计入核心练习,
5168,stones,P5,W41–W50,释义待核实，不进入核心练习,ˈstoʊnz,释义待核实，不计入核心练习,
5169,entrance,P5,W41–W50,,ˈɛntrəns,n. 入口，进口；进入，进门；（演员的）登台，登场；进入权，进入许可；卷入，参与；着手，开始；就任，就职；v. 使入迷，使狂喜,This entrance is in constant use.　此入口经常使用。
5170,gnome,P5,W41–W50,释义待核实，不进入核心练习,ˈnoʊm,释义待核实，不计入核心练习,
5171,roots,P5,W41–W50,释义待核实，不进入核心练习,ˈruts,释义待核实，不计入核心练习,
5172,declaration,P5,W41–W50,,ˌdɛklɚˈeɪʃən,n. 声明，表白；申报（单）；（板球）对一赛局结束的宣布；公告，宣告,It was meant to sound like an epoch-making declaration.　有意让它听起来像是一个划时代的宣言。
5173,losing,P5,W41–W50,释义待核实，不进入核心练习,ˈluzɪŋ,释义待核实，不计入核心练习,
5174,attempts,P5,W41–W50,释义待核实，不进入核心练习,əˈtɛmpts,释义待核实，不计入核心练习,
5175,gadgets,P5,W41–W50,释义待核实，不进入核心练习,ˈɡædʒəts,释义待核实，不计入核心练习,
5176,noble,P5,W41–W50,,ˈnoʊbəl,adj. 崇高的，高尚的；宏伟的，卓越的；贵族的，高贵的；惰性的；n. （旧时的）贵族；【名】 （Noble）（英、法、意）诺布尔，（西）诺夫莱，（阿拉伯）努布莱（人名）,She is of noble blood.　她有贵族血统。
5177,glasgow,P5,W41–W50,释义待核实，不进入核心练习,ˈɡlæˌskoʊ,释义待核实，不计入核心练习,
5178,automation,P5,W41–W50,释义待核实，不进入核心练习,ɔtəˈmeɪʃən,释义待核实，不计入核心练习,
5179,impacts,P5,W41–W50,释义待核实，不进入核心练习,ˌɪmˈpækts,释义待核实，不计入核心练习,
5180,rev,P5,W41–W50,释义待核实，不进入核心练习,ˈrɛv,释义待核实，不计入核心练习,
5181,gospel,P5,W41–W50,释义待核实，不进入核心练习,ˈɡɑspəl,释义待核实，不计入核心练习,
5182,advantages,P5,W41–W50,释义待核实，不进入核心练习,ædˈvæntɪdʒɪz,释义待核实，不计入核心练习,
5183,shore,P5,W41–W50,,ˈʃɔr,n. （海、湖或大河的）滨，岸；沿海国家（或地区）（shores）；<法律>涨潮线与落潮线之间的地带；支柱，撑柱；v. 用支撑物（或梁）支撑；支持，帮助（shore up）；【名】 （Shore）（美、英、加）肖尔 （人名）,Huge waves lashed the shore.　巨浪拍打着海岸。
5184,loves,P5,W41–W50,释义待核实，不进入核心练习,ˈlʌvz,释义待核实，不计入核心练习,
5185,induced,P5,W41–W50,释义待核实，不进入核心练习,ˌɪnˈdust,释义待核实，不计入核心练习,
5186,ll,P5,W41–W50,释义待核实，不进入核心练习,,释义待核实，不计入核心练习,
5187,knight,P5,W41–W50,,ˈnaɪt,n. 骑士，武士；（国际象棋中的）马；爵士（其名前冠以 Sir）；代表郡或县的议会议员；<文>护花使者，（事业的）投身者；（古罗马）骑士阶层，（古希腊）雅典的第二等公民；v. 封（某人）为爵士；【名】 （Knight）（英）奈特（人名）,This collection of essays is edited by Ellen Knight.　这本散文集是由埃伦·奈特编选的。
5188,preparing,P5,W41–W50,释义待核实，不进入核心练习,priˈpɛrɪŋ,释义待核实，不计入核心练习,
5189,loose,P5,W41–W50,,ˈlus,adj. 未固定牢的，松动的；零散的，松脱的；不受束缚的，未拴住的；（衣服）宽松的；疏松的；组织不严密的；不严谨的，不精确的；不道德的，放荡的；无球员控制的；稀的；说话随便的；（身体）懒散的，放松的；v. 释放，发泄；松开，解开；发射（子弹、箭等）；adv. 宽松地,The handle came loose.　这把手松了。
5190,aims,P5,W41–W50,释义待核实，不进入核心练习,ˈeɪmz,释义待核实，不计入核心练习,
5191,recipient,P5,W41–W50,,rəˈsɪpiənt,n. <正式>接受者，领受者；接收器，容器；adj. 接受的，容纳的,Gift certificates are personalized with both the recipient and giver names.　礼品券上标明了获得者和给予者的名字。
5192,linking,P5,W41–W50,释义待核实，不进入核心练习,ˈlɪŋkɪŋ,释义待核实，不计入核心练习,
5193,extensions,P5,W41–W50,释义待核实，不进入核心练习,ɪkˈstɛnʃənz,释义待核实，不计入核心练习,
5194,appeals,P5,W41–W50,释义待核实，不进入核心练习,əˈpilz,释义待核实，不计入核心练习,
5195,cl,P5,W41–W50,释义待核实，不进入核心练习,,释义待核实，不计入核心练习,
5196,earned,P5,W41–W50,释义待核实，不进入核心练习,ˈɝnd,释义待核实，不计入核心练习,
5197,illness,P5,W41–W50,,ˈɪlnəs,n. 疾病；（某种）病，患病期,The illness is usually terminal.　这种病通常为不治之症。
5198,islamic,P5,W41–W50,释义待核实，不进入核心练习,ˌɪzˈlɑmɪk,释义待核实，不计入核心练习,
5199,athletics,P5,W41–W50,释义待核实，不进入核心练习,æθˈlɛtɪks,释义待核实，不计入核心练习,
5200,southeast,P5,W41–W50,,ˌsaʊˈθist,n. 东南，东南方；东南地区，东南部；adj. 东南的，东南部的；（风）来自东南的；adv. 在东南，朝东南；来自东南,"I know we have to go southeast, more or less.　我知道我们大概得往东南方向走。"
5201,ieee,P5,W41–W50,释义待核实，不进入核心练习,ˌaɪˌtrɪpləˈi,释义待核实，不计入核心练习,
5202,ho,P5,W41–W50,释义待核实，不进入核心练习,ˈhoʊ,释义待核实，不计入核心练习,
5203,alternatives,P5,W41–W50,释义待核实，不进入核心练习,ɔlˈtɝnətɪvz,释义待核实，不计入核心练习,
5204,pending,P5,W41–W50,,ˈpɛndɪŋ,adj. 待决的，待定的，待处理的；即将发生的，迫近的；prep. 直到……为止，在……之前，在等待……之际；v. 等候判定或决定（pend的现在分词）,Nine cases are still pending.　尚有九宗案件待决。
5205,parker,P5,W41–W50,释义待核实，不进入核心练习,ˈpɑrkɚ,释义待核实，不计入核心练习,
5206,determining,P5,W41–W50,释义待核实，不进入核心练习,dɪˈtɝmənɪŋ,释义待核实，不计入核心练习,
5207,lebanon,P5,W41–W50,释义待核实，不进入核心练习,ˈlɛbənən,释义待核实，不计入核心练习,
5208,corp,P5,W41–W50,释义待核实，不进入核心练习,ˈkɔrp,释义待核实，不计入核心练习,
5209,personalized,P5,W41–W50,释义待核实，不进入核心练习,ˈpɝsənəˌlaɪzd,释义待核实，不计入核心练习,
5210,kennedy,P5,W41–W50,释义待核实，不进入核心练习,ˈkɛnədi,释义待核实，不计入核心练习,
5211,gt,P5,W41–W50,释义待核实，不进入核心练习,,释义待核实，不计入核心练习,
5212,sh,P5,W41–W50,释义待核实，不进入核心练习,ʃ,释义待核实，不计入核心练习,
5213,conditioning,P5,W41–W50,释义待核实，不进入核心练习,kənˈdɪʃənɪŋ,释义待核实，不计入核心练习,
5214,teenage,P5,W41–W50,释义待核实，不进入核心练习,ˈtiˌneɪdʒ,释义待核实，不计入核心练习,
5215,soap,P5,W41–W50,,ˈsoʊp,n. 肥皂；<非正式>肥皂剧；v. 擦肥皂；<俚>对……拍马屁,He had soap suds in his ears.　...他两个耳朵里有肥皂泡沫。
5216,ae,P5,W41–W50,释义待核实，不进入核心练习,ˈeɪ,释义待核实，不计入核心练习,
5217,triple,P5,W41–W50,,ˈtrɪpəl,adj. 三倍的，三重的；三部分的，三人的；v. （使）成为三倍，（使）增加两倍；三垒打，击出三垒打；n. （棒球中的）三垒打；三倍大的事物，由三部分组成的事物；三人赛（每边三人的体育比赛）（triples）；三个同类事物组成的一组，三个一组（如体育赛事中的三连胜）；（滑冰、体操中的）转体三周，连翻三圈；（鸣钟术）三响（triples）,Output should triple by next year.　到明年产量应增至三倍。
5218,cooper,P5,W41–W50,释义待核实，不进入核心练习,ˈkupɚ,释义待核实，不计入核心练习,
5219,nyc,P5,W41–W50,释义待核实，不进入核心练习,,释义待核实，不计入核心练习,
5220,vincent,P5,W41–W50,释义待核实，不进入核心练习,ˈvɪnsənt,释义待核实，不计入核心练习,
5221,jam,P5,W41–W50,,ˈdʒæm,果酱；n. 果酱；堵塞，拥挤；麻烦，困境；<非正式>爵士乐（摇滚乐）即兴演奏会；卡住，轧住；v. 塞满，挤满；卡住，发生故障；压进，塞入；干扰（无线电或电子信号）；（电话系统因很多人同时打电话而）瘫痪；挤伤，压伤；<非正式> 即兴表演；（向击球手）投（内角球）；猛推（身体部位、杠杆等）,Skim the jam and let it cool.　撇去果酱上的浮沫，让它冷却。
5222,secured,P5,W41–W50,释义待核实，不进入核心练习,sɪkˈjʊrd,释义待核实，不计入核心练习,
5223,unusual,P5,W41–W50,,ənˈjuˌʒuəl,adj. 不寻常的，罕见的；与众不同的，独特的,He has an unusual cast of mind.　他的思想与众不同。
5224,answered,P5,W41–W50,释义待核实，不进入核心练习,ˈænsɚd,释义待核实，不计入核心练习,
5225,partnerships,P5,W41–W50,释义待核实，不进入核心练习,ˈpɑrtnɚˌʃɪps,释义待核实，不计入核心练习,
5226,destruction,P5,W41–W50,,dɪˈstrʌkʃən,n. 破坏，摧毁,In the poem he laments the destruction of the countryside.　在那首诗里他对乡村遭到的破坏流露出悲哀。
5227,slots,P5,W41–W50,释义待核实，不进入核心练习,ˈslɑts,释义待核实，不计入核心练习,
5228,increasingly,P5,W41–W50,,ɪnˈkrisɪŋli,adv. 越来越多地，不断增加地,Jobs are becoming increasingly scarce.　工作职位变得越来越少。
5229,migration,P5,W41–W50,,maɪˈɡreɪʃən,n. 移民，迁徙；（计算机系统的）改变，（程序或硬件的）迁移，转移,"Now, migration is a natural survival strategy.　现在，迁徙是一种自然的生存策略。"
5230,disorder,P5,W41–W50,,dɪˈsɔrdɚ,n. 混乱，杂乱；骚乱，动乱；紊乱，疾病；v. 打乱，使紊乱,The FDA has approved a new treatment for a rare blood disorder.　食品及药物管理局通过了一种罕见血液疾病的新疗法。
5231,routine,P5,W41–W50,,ruˈtin,n. 常规，惯例；生活乏味，无聊；（演出中的）一套动作，一系列笑话（等）；（为达到特定目的的）老一套，俗套；（计算机）例行程序；adj. 常规的，例行的；平常的，毫不特别的；平淡乏味的；v. <罕> 按惯例安排,Police work is mainly routine.　警察的工作主要都是按常规的。
5232,toolbar,P5,W41–W50,释义待核实，不进入核心练习,ˈtulˌbɑr,释义待核实，不计入核心练习,
5233,basically,P5,W41–W50,,ˈbeɪsɪkli,adv. 基本上，大体上；从根本上说，总的说来,"Yes, that's basically correct.　对，基本正确。"
5234,rocks,P5,W41–W50,释义待核实，不进入核心练习,ˈrɑks,释义待核实，不计入核心练习,
5235,conventional,P5,W41–W50,,kənˈvɛnʃənəl,adj. 依照惯例的，遵循习俗的；老一套的，习惯的；（武器等）常规的，非核的,Biofuels can be mixed with conventional fuels.　生物燃料能够和传统燃料混合。
5236,titans,P5,W41–W50,释义待核实，不进入核心练习,ˈtaɪtənz,释义待核实，不计入核心练习,
5237,applicants,P5,W41–W50,释义待核实，不进入核心练习,ˈæplɪkənts,释义待核实，不计入核心练习,
5238,wearing,P5,W41–W50,释义待核实，不进入核心练习,ˈwɛrɪŋ,释义待核实，不计入核心练习,
5239,axis,P5,W41–W50,,ˈæksəs,n. 轴，轴线；对称中心线，对称轴；（国家间的）联盟；斑鹿（=chital，复数axis）,The earth revolves on its axis.　地球环绕自身的轴心转动。
5240,sought,P5,W41–W50,释义待核实，不进入核心练习,ˈsɔt,释义待核实，不计入核心练习,
5241,genes,P5,W41–W50,释义待核实，不进入核心练习,ˈdʒinz,释义待核实，不计入核心练习,
5242,mounted,P5,W41–W50,释义待核实，不进入核心练习,ˈmaʊntəd,释义待核实，不计入核心练习,
5243,habitat,P5,W41–W50,,ˈhæbəˌtæt,n. （动植物的）生活环境，栖息地；【名】 （Habitat）（德）哈比塔特（人名）,The panda's natural habitat is the bamboo forest.　大熊猫的天然栖息地是竹林。
5244,firewall,P5,W41–W50,释义待核实，不进入核心练习,ˈfaɪrwɑl,释义待核实，不计入核心练习,
5245,median,P5,W41–W50,释义待核实，不进入核心练习,ˈmidiən,释义待核实，不计入核心练习,
5246,guns,P5,W41–W50,释义待核实，不进入核心练习,ˈɡʌnz,释义待核实，不计入核心练习,
5247,scanner,P5,W41–W50,,ˈskænɚ,n. 扫描器，扫描设备；（信息或图像）扫描仪；（医用）扫描器；信号扫掠天线；（声呐或雷达）扫描器,The picture is digitized by a scanner.　该图通过扫描仪被数字化。
5248,herein,P5,W41–W50,释义待核实，不进入核心练习,hɪˈrɪn,释义待核实，不计入核心练习,
5249,occupational,P5,W41–W50,释义待核实，不进入核心练习,ɑkjəˈpeɪʃənəl,释义待核实，不计入核心练习,
5250,animated,P5,W41–W50,释义待核实，不进入核心练习,ˈænəˌmeɪtɪd,释义待核实，不计入核心练习,
5251,judicial,P5,W41–W50,,dʒuˈdɪʃəl,adj. 法庭的，司法的；公正的，明断的,The case is subject to judicial review.　这个案子必须接受司法审查。
5252,rio,P5,W41–W50,释义待核实，不进入核心练习,ˈrioʊ,释义待核实，不计入核心练习,
5253,hs,P5,W41–W50,释义待核实，不进入核心练习,,释义待核实，不计入核心练习,
5254,adjustment,P5,W41–W50,,əˈdʒʌstmənt,n. 调整，校正；（行为、思想的）调节，适应；调节器,Some adjustment of the lens may be necessary.　可能需要调整一下镜头。
5255,hero,P5,W41–W50,,ˈhɪroʊ,n. 英雄，勇士；男主角，男主人公；偶像，崇拜对象；（夹有冷切肉、乳酪、沙拉等的）长卷三明治；（神话或传说中的）超人,He was eulogized as a hero.　他被赞誉为英雄。
5256,integer,P5,W41–W50,释义待核实，不进入核心练习,ˈɪntədʒɚ,释义待核实，不计入核心练习,
5257,treatments,P5,W41–W50,释义待核实，不进入核心练习,ˈtritmənts,释义待核实，不计入核心练习,
5258,bachelor,P5,W41–W50,,ˈbætʃəlɚ,学士；n. 未婚男子，单身汉；学士；尚未交配的雄鸟；【名】 （Bachelor）（英）巴彻勒（人名）,He is an eligible bachelor in this city.　他是这个城市里的黄金单身汉。
5259,attitude,P5,W41–W50,,ˈætəˌtud,n. 态度，看法；姿势；个人风格；<非正式>敌视的态度；（飞机或宇宙飞船飞行时的）姿态；（芭蕾）鹤立式,Their attitude irritates me.　他们的态度激怒了我。
5260,camcorders,P5,W41–W50,释义待核实，不进入核心练习,ˈkæmˌkɔrdɚz,释义待核实，不计入核心练习,
5261,engaged,P5,W41–W50,,ɛnˈɡeɪdʒd,adj. 已订婚的；从事……的，忙于……的；电话占线的；（公用卫生间）被占用的；（圆柱）附墙的，部分砌在墙内的；v. 雇用，聘请；参加，从事；吸引，引起；与……交战，开战（engage 的过去式和过去分词）,When did you get engaged ?　你们什么时候订的婚？
5262,falling,P5,W41–W50,释义待核实，不进入核心练习,ˈfɑlɪŋ,释义待核实，不计入核心练习,
5263,basics,P5,W41–W50,释义待核实，不进入核心练习,ˈbeɪsɪks,释义待核实，不计入核心练习,
5264,montreal,P5,W41–W50,释义待核实，不进入核心练习,ˌmʌntriˈɔl,释义待核实，不计入核心练习,
5265,carpet,P5,W41–W50,,ˈkɑrpət,n. 地毯；覆盖地面的一层厚东西；<美，非正式>人工球场；地毯衣蛾；v. 给……铺地毯；厚厚地铺上；<英，非正式>训斥，斥责；【名】 （Carpet）（美、巴、印、法、比）卡尔佩特（人名）,We rolled up the carpet.　我们把地毯卷了起来。
5266,rv,P5,W41–W50,释义待核实，不进入核心练习,,释义待核实，不计入核心练习,
5267,struct,P5,W41–W50,释义待核实，不进入核心练习,,释义待核实，不计入核心练习,
5268,lenses,P5,W41–W50,释义待核实，不进入核心练习,ˈlɛnzəz,释义待核实，不计入核心练习,
5269,binary,P5,W41–W50,,ˈbaɪnɚi,adj. 由两部分组成的，二重的；二进制的（用 0 和 1 记数）；n. 二进制，二进制记数法；由两部分组成的事物，一双，双体,The message contains Unicode characters and has been sent as a binary attachment.　这条信息含有统一码字符，已经以二进制附件形式发送。
5270,genetics,P5,W41–W50,,dʒəˈnɛtɪks,遗传学；n. 遗传学；（有机体、特征等的）遗传性，遗传特征,Genetics is also bringing about dramatic changes in our understanding of cancer.　遗传学也正使我们对癌症的理解发生巨大的变化。
5271,attended,P5,W41–W50,释义待核实，不进入核心练习,əˈtɛndɪd,释义待核实，不计入核心练习,
5272,difficulty,P5,W41–W50,,ˈdɪfəkəlti,n. 难题，困难,Do you have difficulty getting up?　你起床有困难吗？
5273,punk,P5,W41–W50,,ˈpʌŋk,n. 废物；小阿飞；年轻无知的人；adj. 朋客，崩客；无用的，低劣的；n. （Punk）人名；（匈）蓬克,Punk is passé.　朋克过时了。
5274,collective,P5,W41–W50,,kəˈlɛktɪv,adj. 集体的，共同的；总的，集合的；n. 集体农庄，集体企业；集合名词,It was a collective decision.　这是集体的决定。
5275,coalition,P5,W41–W50,,ˌkoʊəˈlɪʃən,n. 联合政府；联合体，联盟；联合，结合,His policy risks fracturing the coalition.　他的政策有分裂联盟的危险。
5276,pi,P5,W41–W50,释义待核实，不进入核心练习,ˈpaɪ,释义待核实，不计入核心练习,
5277,dropped,P5,W41–W50,释义待核实，不进入核心练习,ˈdrɑpt,释义待核实，不计入核心练习,
5278,enrollment,P5,W41–W50,释义待核实，不进入核心练习,ɛnˈroʊlmənt,释义待核实，不计入核心练习,
5279,duke,P5,W41–W50,,ˈduk,n. 公爵；（尤指旧时欧洲部份地区小公国的）君主；拳头（dukes）；公爵（种）樱桃；v. <美，非正式>打个明白，打个输赢（duke it out）；【名】 （Duke）（西、俄、瑞典、英）杜克（人名）,She goes to Duke University.　她上杜克大学。
5280,walter,P5,W41–W50,释义待核实，不进入核心练习,ˈwɔltɚ,释义待核实，不计入核心练习,
5281,ai,P5,W41–W50,释义待核实，不进入核心练习,ˈaɪ,释义待核实，不计入核心练习,
5282,pace,P5,W41–W50,,ˈpeɪs,n. 步速，（移动的）速度；（发生、进展、发展的）速度，节奏；一步，一步之距；（马行走或奔跑的）步法；<文>步态；快节奏；快跑的能力；（板球）（影响球速的）两个三柱门之间的场地状况；v. （因担忧、紧张或不耐烦而）踱步，踱步于；（在赛跑中）为……定速度；为……领跑；为（书、电影等中的故事）设定节奏；调整自己的工作（或活动）节奏；步测；（马）走侧对步（主见于专门饲养或训练的马）；prep. <正式> （用于人名前，委婉提出不同意见）请……原谅,They set off at a steady pace.　他们以不紧不慢的速度出发了。
5283,besides,P5,W41–W50,,bɪˈsaɪdz,prep. 除……之外（还）；adv. 而且，再说；此外，也,I've got no family besides my parents.　除了父母，我没有其他亲人。
5284,wage,P5,W41–W50,,ˈweɪdʒ,n. 工资，报酬；（经济）工资总额；（喻）报应；v. 进行，发动（战争，运动）,Some of them earn below the minimum wage.　他们中的一些人挣的钱低于最低工资。
5285,producers,P5,W41–W50,释义待核实，不进入核心练习,prəˈdusɚz,释义待核实，不计入核心练习,
5286,ot,P5,W41–W50,释义待核实，不进入核心练习,ˈɔt,释义待核实，不计入核心练习,
5287,collector,P5,W41–W50,,kəˈlɛktɚ,n. 收藏家；[电子] 集电极；收税员；征收者,He was a collector of antiques.　他是个古董收藏家。
5288,arc,P5,W41–W50,,ˈɑrk,n. 弧形，弧线；弧光，电弧；情节（或主题）的发展；反三角函数；v. 做弧形运动；形成电弧；adj. （三角函数和双曲函数）反的,The beach swept around in an arc.　海滩呈弧形伸展开来。
5289,hosts,P5,W41–W50,释义待核实，不进入核心练习,ˈhoʊsts,释义待核实，不计入核心练习,
5290,interfaces,P5,W41–W50,释义待核实，不进入核心练习,ˈɪntɚˌfeɪsɪz,释义待核实，不计入核心练习,
5291,advertisers,P5,W41–W50,释义待核实，不进入核心练习,ˈædvɚˌtaɪzɚz,释义待核实，不计入核心练习,
5292,moments,P5,W41–W50,释义待核实，不进入核心练习,ˈmoʊmənts,释义待核实，不计入核心练习,
5293,atlas,P5,W41–W50,,ˈætləs,n. 地图册；第一颈椎，寰椎；（希腊式建筑中支撑柱楣的）男像柱（复数atlantes）,The events took place against the dramatic backdrop of the Atlas mountains.　活动在雄伟的阿特拉斯山脉举行。
5294,strings,P5,W41–W50,释义待核实，不进入核心练习,ˈstrɪŋz,释义待核实，不计入核心练习,
5295,dawn,P5,W41–W50,,ˈdɔn,v. 变得明朗，开始清楚；破晓，开始；n. 拂晓，黎明；曙光，开端；【名】 （Dawn）（西）道恩（人名）,He arose at dawn.　他黎明即起。
5296,representing,P5,W41–W50,释义待核实，不进入核心练习,ˌrɛprɪˈzɛntɪŋ,释义待核实，不计入核心练习,
5297,observation,P5,W41–W50,,ˌɑbzɚˈveɪʃən,n. 观察，监视；观察力；观察资料，观察结果；言论，评论；遵守，奉行；测天；adj. 用于观察的,She has good powers of observation.　她有很强的观察力。
5298,feels,P5,W41–W50,释义待核实，不进入核心练习,ˈfilz,释义待核实，不计入核心练习,
5299,torture,P5,W41–W50,,ˈtɔrtʃɚ,n. 拷打，拷问，酷刑逼供；折磨，煎熬；变形；v. 拷打，拷问，严刑逼供；造成精神上的巨大痛苦，使忧虑；扭曲,Many of the refugees have suffered torture.　许多难民都遭受过拷打。
5300,carl,P5,W41–W50,释义待核实，不进入核心练习,ˈkɑrl,释义待核实，不计入核心练习,
5301,deleted,P5,W41–W50,释义待核实，不进入核心练习,dɪˈlitəd,释义待核实，不计入核心练习,
5302,coat,P5,W41–W50,,ˈkoʊt,n. 外套，大衣；<美>（指套装的）短上衣；（动物）皮毛，（植物）表皮；涂料层，覆盖层；v. 给……涂上，用……覆盖；给……穿外套；【名】 （Coat）（法）科阿（人名）,"Here, let me take your coat.　来，我帮你拿大衣。"
5303,mitchell,P5,W41–W50,释义待核实，不进入核心练习,ˈmɪtʃəl,释义待核实，不计入核心练习,
5304,mrs,P5,W41–W50,,ˈmɪsɪz,n. 太太；夫人（用于已婚妇女姓名前的尊称）,There's a Mrs Green to see you.　有位格林太太要见你。
5305,rica,P5,W41–W50,释义待核实，不进入核心练习,ˈrikə,释义待核实，不计入核心练习,
5306,restoration,P5,W41–W50,,ˌrɛstɚˈeɪʃən,n. （对艺术品、建筑等的）修复；（做法、权利、惯例或情况的）恢复，重新实施；归还，返还；（软件程序的）恢复，还原；（牙科）修补；（模拟已灭绝动物或被毁建筑等原型的）修复物（或图），重建物（或图）；（君主、元首、政权等的）原有地位的恢复，复位；王政复辟时期（1660 年英王查理二世复辟及其后的一段时期）（the Restoration）；法国波旁王朝王政复辟（the Restoration）,I specialized in the restoration of old houses.　我擅长旧房的修复。
5307,convenience,P5,W41–W50,,kənˈvinjəns,n. 方便，便利；便利的事物，便利设施；公共厕所,They may use a credit card for convenience.　他们可以为了方便而使用信用卡。
5308,returning,P5,W41–W50,释义待核实，不进入核心练习,rɪˈtɝnɪŋ,释义待核实，不计入核心练习,
5309,ralph,P5,W41–W50,释义待核实，不进入核心练习,ˈrælf,释义待核实，不计入核心练习,
5310,opposition,P5,W41–W50,,ˌɑpəˈzɪʃən,n. （强烈的） 反对，反抗；对手，竞争者（the opposition）；反对党，在野党（ the Opposition）；对立，对立的事物；（天文，占星）冲,We face stern opposition.　我们遇到激烈的反对。
5311,container,P5,W41–W50,,kənˈteɪnɚ,n. 容器；集装箱，货柜,The metal container began to emit a clicking sound.　金属容器开始发出咔嗒咔嗒的声音。
5312,yr,P5,W41–W50,释义待核实，不进入核心练习,,释义待核实，不计入核心练习,
5313,defendant,P5,W41–W50,,dɪˈfɛndənt,n. 被告，被告人,The jury found for the defendant.　陪审团作出了对被告有利的裁决。
5314,warner,P5,W41–W50,释义待核实，不进入核心练习,ˈwɔrnɚ,释义待核实，不计入核心练习,
5315,confirmation,P5,W41–W50,,ˌkɑnfɚˈmeɪʃən,n. 确认，确定；证实，证明；批准，许可；坚信礼，坚振礼,She glanced over at James for confirmation.　她瞟了詹姆斯一眼寻求确认。
5316,app,P5,W41–W50,,ˈæp,abbr. （计算机）应用程序，应用软件；<美，非正式>开胃菜；【名】 （App）（美、德、巴）阿普（人名）；（App）（美、德、巴）阿普（人名）,This app has you covered.　这个应用程序能提供你所需要的帮助。
5317,embedded,P5,W41–W50,释义待核实，不进入核心练习,ɛmˈbɛdɪd,释义待核实，不计入核心练习,
5318,inkjet,P5,W41–W50,释义待核实，不进入核心练习,ˈɪŋkˌdʒɛt,释义待核实，不计入核心练习,
5319,supervisor,P5,W41–W50,,ˈsupɚˌvaɪzɚ,n. 监督者，管理者；（英国大学里负责学生研究工作的）指导教师；<美>镇长，县长,The supervisor is always very critical.　主管总是很挑剔。
5320,wizard,P5,W41–W50,,ˈwɪzɚd,n. 巫师，术士；能手，奇才；向导程序；adj. 卓越的，杰出的，极好的，奇妙的；男巫的，巫术的；vi. 练习巫术,The wizard recited a spell.　巫师念了一道咒语。
5321,corps,P5,W41–W50,,ˈkɔr,n. 特种部队；（从事某工作或活动的）一群人；（美国）海军陆战队；（由两个或两个以上师组成的）军，兵团；【名】 （Corps）（西、德）科尔普斯（人名）,She served in the medical corps.　她在医务部队服过役。
5322,actors,P5,W41–W50,释义待核实，不进入核心练习,ˈæktɚz,释义待核实，不计入核心练习,
5323,liver,P5,W41–W50,,ˈlɪvɚ,n. 肝脏；（供食用的）动物肝脏；生活者，居民,The largest organ in the body is the liver.　体内最大的器官是肝脏。
5324,peripherals,P5,W41–W50,释义待核实，不进入核心练习,pɚˈɪfɚəlz,释义待核实，不计入核心练习,
5325,liable,P5,W41–W50,,ˈlaɪəbəl,adj. （在法律上）有责任的，有义务的；负有偿付责任的；很可能会发生的；有……倾向的,You will be liable for any damage caused.　你必须对造成的任何损失负赔偿责任。
5326,brochure,P5,W41–W50,,broʊˈʃʊr,n. 小册子，资料（或广告）手册；【名】 （Brochure）（美）布罗许尔（人名）,Our new brochure is crammed full of inspirational ideas.　我们新的小册子中振奋人心的妙计比比皆是。
5327,morris,P5,W41–W50,释义待核实，不进入核心练习,ˈmɔrəs,释义待核实，不计入核心练习,
5328,bestsellers,P5,W41–W50,释义待核实，不进入核心练习,ˌbɛstˈsɛlɚz,释义待核实，不计入核心练习,
5329,petition,P5,W41–W50,,pəˈtɪʃən,n. 请愿书； 申诉书，申请书；请愿，祈求，祈祷；v. （向政府或组织）请愿，请求；起诉，递交诉状；（向上帝或国王等）祈求，祈愿,Jill volunteered to organize a petition.　吉尔自告奋勇组织请愿。
5330,eminem,P5,W41–W50,释义待核实，不进入核心练习,ˈɛmənəm,释义待核实，不计入核心练习,
5331,recall,P5,W41–W50,,ˈriˌkɔl,v. 记起，回想起；使想起，使想到；召回，叫回（某人）；召回（运动员），使归队； 收回（有问题的产品）；检索，调用（计算机储存的数据）；<美> 罢免；使重新集中注意力；<古> 撤销，废止（行动，决定）；n. 记忆力，记性；召回；（因产品有问题的）收回；（将运动员的）召回归队；<美>（请愿后经投票对政府官员的）罢免；回索率，检索率；撤销,Can you recall exactly what happened?　你能记起到底发生了什么事吗？
5332,antenna,P5,W41–W50,,ænˈtɛnə,n. 触须，触角；<美>天线；感觉，直觉；【名】 （Antenna）（法）安泰纳（人名）,Can you see the radio antenna on that hill?　你能看见那座山上的无线电天线吗？
5333,picked,P5,W41–W50,释义待核实，不进入核心练习,ˈpɪkt,释义待核实，不计入核心练习,
5334,assumed,P5,W41–W50,释义待核实，不进入核心练习,əˈsumd,释义待核实，不计入核心练习,
5335,departure,P5,W41–W50,,dɪˈpɑrtʃɚ,n. 背离；离开，启程,His departure passed unnoticed.　他神不知、鬼不觉地离开了。
5336,minneapolis,P5,W41–W50,释义待核实，不进入核心练习,ˌmɪniˈæpəlɪs,释义待核实，不计入核心练习,
5337,belief,P5,W41–W50,,bɪˈlif,n. 相信，信心；看法，信念，观点；信仰，信条,It is impossible to separate belief from emotion.　信仰和感情是分不开的。
5338,killing,P5,W41–W50,,ˈkɪlɪŋ,v. 杀死（kill的现在分词）；n. 谋杀；猎获物；发大财；adj. 杀害的，致死的；使人筋疲力尽的；极其滑稽的,This is a brutal killing.　这是一起残忍的谋杀。
5339,bikini,P5,W41–W50,释义待核实，不进入核心练习,bɪˈkini,释义待核实，不计入核心练习,
5340,memphis,P5,W41–W50,释义待核实，不进入核心练习,ˈmɛmfəs,释义待核实，不计入核心练习,
5341,shoulder,P5,W41–W50,,ˈʃoʊldɚ,n. 肩，肩膀；双肩，上背部（shoulders）；（衣服的）肩部；（动物的）前腿连肩肉，肘子；山肩，瓶肩；<美> （公路旁的）路肩，紧急停车道；（担负责任或艰难困苦或提供力量的）肩膀；（四足动物的）肩背；（鸟、昆虫的）肩背；v. 承担，担负；挤，闯；（用肩膀）推开，顶开；肩扛，肩挑,The arrow pierced his shoulder.　箭头射入他的肩膀。
5342,decor,P5,W41–W50,释义待核实，不进入核心练习,dɪˈkɔr,释义待核实，不计入核心练习,
5343,lookup,P5,W41–W50,释义待核实，不进入核心练习,ˈlʊkəp,释义待核实，不计入核心练习,
5344,texts,P5,W41–W50,释义待核实，不进入核心练习,ˈtɛksts,释义待核实，不计入核心练习,
5345,harvard,P5,W41–W50,释义待核实，不进入核心练习,ˈhɑrvɚd,释义待核实，不计入核心练习,
5346,brokers,P5,W41–W50,释义待核实，不进入核心练习,ˈbroʊkɚz,释义待核实，不计入核心练习,
5347,roy,P5,W41–W50,释义待核实，不进入核心练习,ˈrɔɪ,释义待核实，不计入核心练习,
5348,ion,P5,W41–W50,,ˈaɪən,n. 离子；n. (Ion) （罗马尼亚、美）扬（人名）,It is a naked electron and is a sodium positive ion.　它是个裸电子，是钠正离子。
5349,diameter,P5,W41–W50,,daɪˈæmətɚ,n. 直径；放大倍数,The dome is 42.3 metres in diameter.　这个穹顶直径为42.3米。
5350,ottawa,P5,W41–W50,释义待核实，不进入核心练习,ˈɑtəˌwɑ,释义待核实，不计入核心练习,
5351,doll,P5,W41–W50,释义待核实，不进入核心练习,ˈdɑl,释义待核实，不计入核心练习,
5352,ic,P5,W41–W50,释义待核实，不进入核心练习,,释义待核实，不计入核心练习,
5353,podcast,P5,W41–W50,释义待核实，不进入核心练习,ˈpɔdˌkæst,释义待核实，不计入核心练习,
5354,tit,P5,W41–W50,释义待核实，不进入核心练习,ˈtɪt,释义待核实，不计入核心练习,
5355,seasons,P5,W41–W50,释义待核实，不进入核心练习,ˈsizənz,释义待核实，不计入核心练习,
5356,peru,P5,W41–W50,释义待核实，不进入核心练习,pɚˈu,释义待核实，不计入核心练习,
5357,interactions,P5,W41–W50,释义待核实，不进入核心练习,ˌɪntɚˈækʃənz,释义待核实，不计入核心练习,
5358,refine,P5,W41–W50,,rəˈfaɪn,v. 精炼，提纯；改进，改善；使……文雅,Can they refine the idea and resubmit it?　他们能改进一下想法然后重新提交吗？
5359,bidder,P5,W41–W50,释义待核实，不进入核心练习,ˈbɪdɚ,释义待核实，不计入核心练习,
5360,singer,P5,W41–W50,,ˈsɪŋɚ,n. 歌手，歌唱家；n. （Singer）（美）桑热（人名）,She's a rotten singer.　她是个蹩脚的歌手。
5361,evans,P5,W41–W50,释义待核实，不进入核心练习,ˈɛvənz,释义待核实，不计入核心练习,
5362,herald,P5,W41–W50,,ˈhɛrəld,v. 预示……的来临；宣布，宣传；热烈欢迎；公开称赞；n. 预兆；使者，先驱；棘翅夜蛾；<古> 掌礼官，（负责比武大会的）纹章官；（英国）宗谱纹章院或苏格兰纹章院官员（位低于纹章官助理）；【名】 （Herald）（美、英、印度）赫勒尔德（人名）,These talks could herald a new era of peace.　这些谈判可能预示着新的和平时代的来临。
5363,literacy,P5,W41–W50,,ˈlɪtɚəsi,n. 识字，读写能力；专业知识；精通文学,Many adults have problems with literacy and numeracy.　很多成年人有读写和计算的困难。
5364,fails,P5,W41–W50,释义待核实，不进入核心练习,ˈfeɪlz,释义待核实，不计入核心练习,
5365,aging,P5,W41–W50,,ˈeɪdʒɪŋ,adj. 变老的，变旧的；n. 老化，变老；v. 变老，老化；（使）显老；（使）变陈（age 的现在分词形式）,Too much protein in the diet may advance the aging process.　饮食中过多的蛋白质会使衰老的过程提前。
5366,nike,P5,W41–W50,释义待核实，不进入核心练习,ˈnaɪki,释义待核实，不计入核心练习,
5367,intervention,P5,W41–W50,,ˌɪntɚˈvɛnʃən,n. 干预，介入；调停，斡旋；（为改善情况尤指病痛采取的）措施，做法,The incident was used as a pretext for intervention in the area.　这次事件成了干涉那个地区的借口。
5369,fed,P5,W41–W50,释义待核实，不进入核心练习,ˈfɛd,释义待核实，不计入核心练习,
5370,plugin,P5,W41–W50,释义待核实，不进入核心练习,ˈplʌɡɪn,释义待核实，不计入核心练习,
5371,attraction,P5,W41–W50,,əˈtrækʃən,n. 有吸引力的事物；吸引力；（两性间的）吸引；（物体间的）引力；（错误的）形态同化,The main attraction at Giverny is Monet's garden.　吉维尼主要的景点是莫奈花园。
5372,diving,P5,W41–W50,释义待核实，不进入核心练习,ˈdaɪvɪŋ,释义待核实，不计入核心练习,
5373,invite,P5,W41–W50,,ˌɪnˈvaɪt,v. 邀请，约请；征求，请求；引起，招致；n. <非正式>请柬，请帖,Who did you invite to the party?　你邀请了哪些人来参加聚会？
5374,modification,P5,W41–W50,,ˌmɑdəfəˈkeɪʃən,n. 修改的行为（过程）；修改，更改；修饰,Considerable modification of the existing system is needed.　需要对现有的系统进行相当大的改进。
5375,alice,P5,W41–W50,释义待核实，不进入核心练习,ˈæləs,释义待核实，不计入核心练习,
5376,latinas,P5,W41–W50,释义待核实，不进入核心练习,,释义待核实，不计入核心练习,
5377,suppose,P5,W41–W50,,səˈpoʊz,v. 推断，料想，猜想；假设，假定，设想；预期，需要，以……为条件；相信，认为（某事物是可能的）；（婉转表达）我看，要我说，要不；（因处于某种境地或因约定）必须做（be supposed to do sth.）；我看（用于生气地表示预料某事属实）,Suppose him dead—what then?　假如他死了—那怎么办？
5378,customized,P5,W41–W50,释义待核实，不进入核心练习,ˈkʌstəˌmaɪzd,释义待核实，不计入核心练习,
5379,reed,P5,W41–W50,,ˈrid,n. 芦苇（秆）；<英>（盖屋顶用）茅草；<文>芦笛；与芦苇相似的人或物；<文>箭，矢；小凸嵌线脚（reeds）；（吹奏乐器的）簧片，簧舌；簧乐器；（磁性继电器或磁力开关）接触器；筘，钢箍；v. 用芦苇盖，用芦苇装饰；【名】 （Reed）（西、意、瑞典）雷德，（英）里德（人名）,They inhabit reed huts built on stilts above the water.　他们居住在建在水中木桩上的芦苇草屋里。
5380,involve,P5,W41–W50,,ˌɪnˈvɑlv,v. 牵涉，涉及；包含，需要；使陷入，使卷入；（使）参加，加入；使承担，使面对,Most air rage incidents involve heavy drinking.　大多数空中愤怒事件都与酗酒有关。
5381,moderate,P5,W41–W50,,ˈmɑdɚət,adj. 普通的，中等的；不偏激的，温和的；有节制的，不过分的；（变化）不大的，有限的；v. 缓和，使适中；主持（讨论或会议）；审核评分（查看不同阅卷人所打分数是否公平一致）；（物理）使（中子）减速；n. 持温和政见者,He was an easygoing man of very moderate views.　他是一个有着温和观点性情随和的人。
5382,terror,P5,W41–W50,,ˈtɛrɚ,n. 惊恐，恐惧；引起恐怖的人（或事物）；（尤指有政治目的的）恐怖活动，恐怖主义；<非正式>讨厌鬼，捣蛋鬼（尤指小孩）；【名】 （Terror）（南非）特罗尔（人名）,Her eyes were wild with terror.　她的眼睛里充满了恐惧。
5383,younger,P5,W41–W50,释义待核实，不进入核心练习,ˈjʌŋɡɚ,释义待核实，不计入核心练习,
5384,thirty,P5,W41–W50,,ˈθɝˌdi,n. 三十年代；num. 三十；adj. 三十个的,Six goes into thirty five times.　6除30得5。
5385,mice,P5,W41–W50,释义待核实，不进入核心练习,ˈmaɪs,释义待核实，不计入核心练习,
5386,opposite,P5,W41–W50,,ˈɑpəzət,adj. 完全相反的，截然不同的；相反的，另一边的；（在说话者、所指的人或物）对面的；（角）对的；（叶，芽）对生的；n. 对立的人（或物），对立面；反义词；adv. 在对面，在对过,Exactly the opposite is true.　事实恰恰相反。
5387,understood,P5,W41–W50,释义待核实，不进入核心练习,ˌʌndɚˈstʊd,释义待核实，不计入核心练习,
5388,rapidly,P5,W41–W50,,ˈræpədli,adv. 快速地，迅速地,Crime figures are rising rapidly.　犯罪数字正在迅速上升。
5389,dealtime,P5,W41–W50,释义待核实，不进入核心练习,,释义待核实，不计入核心练习,
5390,ban,P5,W41–W50,,ˈbæn,n. 禁止，禁令；逐出令；<史>褫夺公民权的判决；<古>诅咒；巴尼（罗马尼亚货币单位，复数bani）；v. 禁止，取缔；（官方）把（某人）逐出某地；【名】 （Ban）（美、罗马、克罗地亚）班恩（人名）,They wanted a total ban on handguns.　他们要求彻底禁止拥有手枪。
5391,temp,P5,W41–W50,释义待核实，不进入核心练习,ˈtɛmp,释义待核实，不计入核心练习,
5392,intro,P5,W41–W50,释义待核实，不进入核心练习,ˈɪntroʊ,释义待核实，不计入核心练习,
5393,mercedes,P5,W41–W50,释义待核实，不进入核心练习,mɚˈseɪdiz,释义待核实，不计入核心练习,
5394,zus,P5,W41–W50,释义待核实，不进入核心练习,,释义待核实，不计入核心练习,
5395,assurance,P5,W41–W50,,əˈʃʊrəns,n. 自信，把握；（人寿）保险；保证，确保,He would like an assurance that other forces will not move into the territory that his forces vacate.　他想要其他部队不会进入他的部队撤出的那个领地的一个保证。
5396,clerk,P5,W41–W50,,ˈklɝk,n. 办事员，职员；售货员，店员；（宾馆）接待员；（法庭、市政会等负责管理文书的）文书，书记员；<旧>（英国国教会的）牧师；<古>读书识字的人，学者；v. 当职员（或文书、书记员）；【名】 （Clerk）（英）克拉克（人名）,"It was strange, how invisible a clerk could feel.　很奇怪一名职员会感到如此地受人忽视。"
5397,happening,P5,W41–W50,释义待核实，不进入核心练习,ˈhæpənɪŋ,释义待核实，不计入核心练习,
5398,vast,P5,W41–W50,,ˈvæst,adj. 巨大的，广大的；n. <古>广阔空间；【名】 （Vast）（法）瓦斯特（人名）,His business empire was vast.　他的企业规模庞大。
5399,mills,P5,W41–W50,释义待核实，不进入核心练习,ˈmɪlz,释义待核实，不计入核心练习,
5400,outline,P5,W41–W50,,ˈaʊtˌlaɪn,n. 轮廓，外形；轮廓图，草图；提纲，大纲；梗概，要点；（词的）速记形式；v. 概述，略述；勾勒，描画……的轮廓,She drew the figures in outline.　她简略地勾勒出人物的轮廓。
5401,amendments,P5,W41–W50,释义待核实，不进入核心练习,əˈmɛndmənts,释义待核实，不计入核心练习,
5402,tramadol,P5,W41–W50,释义待核实，不进入核心练习,,释义待核实，不计入核心练习,
5403,holland,P5,W41–W50,释义待核实，不进入核心练习,ˈhɑlənd,释义待核实，不计入核心练习,
5404,receives,P5,W41–W50,释义待核实，不进入核心练习,rəˈsivz,释义待核实，不计入核心练习,
5405,jeans,P5,W41–W50,,ˈdʒinz,n. 牛仔裤；工装裤；n. （Jeans）人名；（英、意）琼斯,We can't wear jeans at work.　我们工作时不准穿牛仔裤。
5406,metropolitan,P5,W41–W50,,ˌmɛtrəˈpɑlətən,adj. 大都市的；本土的；（与）宗主国（有关）的；n. （东正教和天主教的）大主教；大城市人，都会居民,Manners nowadays in metropolitan cities like London are practically non-existent.　如今在如伦敦这样的大都市中，礼仪实际上是不存在的。
5407,compilation,P5,W41–W50,释义待核实，不进入核心练习,ˌkɑmpəˈleɪʃən,释义待核实，不计入核心练习,
5408,verification,P5,W41–W50,释义待核实，不进入核心练习,ˌvɛrəfəˈkeɪʃən,释义待核实，不计入核心练习,
5409,fonts,P5,W41–W50,释义待核实，不进入核心练习,ˈfɑnts,释义待核实，不计入核心练习,
5410,ent,P5,W41–W50,释义待核实，不进入核心练习,ˈɛnt,释义待核实，不计入核心练习,
5411,odd,P5,W41–W50,,ˈɑd,adj. 奇怪的，反常的；偶然出现的，偶尔发生的；奇形怪状的，各种各样的；不成对的，不同类的；奇数的；可得到的，可用的；少量的，不重要的；（尤指在双方至少各进一球的情况下）一球险胜的；adv. （用于数字后）大约，左右；【名】 （Odd）（英、西、挪、瑞典）奥德（人名）,They're very odd people.　他们那些人都很古怪。
5412,wrap,P5,W41–W50,,ˈræp,v. 包，裹，包装；用（手臂、指头或腿）围紧，用……绕住；绕……走；完成拍摄，杀青 ；<非正式>使（车辆）撞上（固定物体）；（使文字）换行；n. 披肩，围巾； 包裹（或包装）材料；宽松外套，浴衣；面卷饼（一种三明治，由薄面包包着肉、蔬菜等）；拍摄（或录音）结束，停机；（全身覆盖湿布或海草等进行的）皮肤护理；（喻）秘密；<英，非正式>一小包白粉（毒品）,We stock a wide range of cards and gift wrap.　我们备有各种各样的贺卡和礼品包装材料。
5413,refers,P5,W41–W50,释义待核实，不进入核心练习,rəˈfɝz,释义待核实，不计入核心练习,
5414,mood,P5,W41–W50,,ˈmud,n. 心境，情绪；气氛，情感基调；心情不好，坏脾气；想（做某事），有兴致（做某事）；（尤指音乐）激发……情感的，暗示……心境的；（群体的）态度，意愿；表达语气的动词屈折变化；（语法的）式，语气； 想（做某事），有兴致（做某事）；【名】 （Mood）（英）穆德，（瑞典）莫德（人名）,She was in a subdued mood.　她心情抑郁。
5415,favor,P5,W41–W50,释义待核实，不进入核心练习,ˈfeɪvɚ,释义待核实，不计入核心练习,
5416,veterans,P5,W41–W50,释义待核实，不进入核心练习,ˈvɛtɚənz,释义待核实，不计入核心练习,
5417,quiz,P5,W41–W50,,ˈkwɪz,n. 问答比赛，智力竞赛；<美>小测验；<英，非正式>（尤指警方调查或正式调查中的）询问，审问；<古>恶作剧，戏弄；<古>戏弄他人者，恶作剧者；<古>（性格、相貌）古怪的人；v. 询问，审问；<美>测验（学生，班级）；<古>（透过镜片）好奇地（或仔细地）打量；<古>戏弄，取笑,We'll have a quiz at the end of class.　下课前我们将进行一次测试。
5418,mx,P5,W41–W50,释义待核实，不进入核心练习,,释义待核实，不计入核心练习,
5419,sigma,P5,W41–W50,释义待核实，不进入核心练习,ˈsɪɡmə,释义待核实，不计入核心练习,
5420,gr,P5,W41–W50,释义待核实，不进入核心练习,,释义待核实，不计入核心练习,
5421,attractive,P5,W41–W50,,əˈtræktɪv,adj. 吸引人的，有吸引力的；（人）迷人的，有魅力的；值得考虑的，值得做的；（与）引力（有关）的,He is a very attractive man.　他是个非常有吸引力的人。
5422,xhtml,P5,W41–W50,释义待核实，不进入核心练习,,释义待核实，不计入核心练习,
5423,occasion,P5,W41–W50,,əˈkeɪʒən,n. （某事发生的）时刻，时候；<正式>时机，适当的机会；特殊（或重大）场合，特殊（或重大）事件；<正式>理由，原因；v. <正式> 引起，惹起,The wedding was a great occasion.　这婚礼可是一大盛典。
5424,recordings,P5,W41–W50,释义待核实，不进入核心练习,rɪˈkɔrdɪŋz,释义待核实，不计入核心练习,
5425,jefferson,P5,W41–W50,释义待核实，不进入核心练习,ˈdʒɛfɚsən,释义待核实，不计入核心练习,
5426,victim,P5,W41–W50,,ˈvɪktəm,n. 受害者，罹难者；（面对不幸事件或虐待时的）无助者，患病者；牺牲品，祭品；受骗者,He was the victim of calumny.　他曾是诽谤的受害者。
5427,demands,P5,W41–W50,释义待核实，不进入核心练习,dɪˈmændz,释义待核实，不计入核心练习,
5428,sleeping,P5,W41–W50,释义待核实，不进入核心练习,ˈslipɪŋ,释义待核实，不计入核心练习,
5429,careful,P5,W41–W50,,ˈkɛrfəl,adj. 仔细的，小心的；谨慎的，周密的,Careful—you're messing my hair.　小心—你弄乱我的头发了。
5430,ext,P5,W41–W50,释义待核实，不进入核心练习,,释义待核实，不计入核心练习,
5431,beam,P5,W41–W50,,ˈbim,n. 梁，横梁；<非正式>臀围；光线，光柱；喜色，笑容；（体操的）平衡木；v. 定向发出（无线电信号）；（光，光源）照耀；喜笑颜开，面露喜色；【名】 （Beam）（英）比姆，（阿拉伯）贝亚姆（人名）,Your calculation is way off beam.　你的计算完全错误。
5432,gardening,P5,W41–W50,释义待核实，不进入核心练习,ˈɡɑrdənɪŋ,释义待核实，不计入核心练习,
5433,obligations,P5,W41–W50,释义待核实，不进入核心练习,ˌɑbləˈɡeɪʃənz,释义待核实，不计入核心练习,
5434,arrive,P5,W41–W50,,ɚˈaɪv,v. 到达，抵达；送达，寄到；发生，出现，诞生；开始，到来；成功，出名；作出（决定）；【名】 （Arrive）（法）阿里夫（人名）,We hope to arrive around two.　我们希望能在两点钟左右到达。
5435,orchestra,P5,W41–W50,,ˈɔrkəstrə,n. （大型的）管弦乐队；乐池（=orchestra pit）；<美>（剧院中）靠近舞台的座位；古希腊剧场舞台前部半圆形的表演区（供合唱队表演歌舞）,The orchestra has grown in stature.　这支管弦乐队的声望有所提高。
5436,sunset,P5,W41–W50,,ˈsʌnˌsɛt,n. 日落，傍晚；晚霞，落日余晖；（法律的）自动废止期，效力消减期；衰落期（尤指人生的晚年）；adj. 衰落的，最后期的；定期废止的；霞红色的，浅橘红色的；v. （使）废止、终止,The dance ends at sunset.　舞会在日落时结束。
5437,tracked,P5,W41–W50,释义待核实，不进入核心练习,ˈtrækt,释义待核实，不计入核心练习,
5438,moreover,P5,W41–W50,,mɔˈroʊvɚ,adv. 此外，而且,"Moreover, you're a social being.　而且，你是个社会人。"
5439,minimal,P5,W41–W50,,ˈmɪnəməl,adj. 极小的，极少的；极简抽象艺术的；简朴的，朴实无华的；极简的（指短小乐句不断重复并逐渐变化）；最小差别的,The work was carried out at minimal cost.　这项工作是以最少的开销完成的。
5440,polyphonic,P5,W41–W50,释义待核实，不进入核心练习,ˌpɑˌlɪˈfɑnɪk,释义待核实，不计入核心练习,
5441,lottery,P5,W41–W50,,ˈlɑtɚi,n. 抽彩给奖法，博彩；<美>抽签法，随机选择；碰运气的事,The lottery provides harmless fun for millions.　彩票抽奖为数百万人提供正当娱乐。
5442,tops,P5,W41–W50,释义待核实，不进入核心练习,ˈtɑps,释义待核实，不计入核心练习,
5443,framed,P5,W41–W50,释义待核实，不进入核心练习,ˈfreɪmd,释义待核实，不计入核心练习,
5444,aside,P5,W41–W50,,əˈsaɪd,adv. 在旁边，到（或向）一边；积攒，留出；除……以外；n. （戏剧或电影中的）旁白；低语，悄悄话；离题话，题外话,He shouldered the man aside.　他一膀子把那男人撞到了一旁。
5445,outsourcing,P5,W41–W50,释义待核实，不进入核心练习,ˌaʊtˈsɔrsɪŋ,释义待核实，不计入核心练习,
5446,licence,P5,W41–W50,,ˈlaɪsəns,n. 许可证，执照；许可，准许；（言论或行动的）自由，不受拘束；（做错事的）诱因，借口；v. 给……发许可证，批准；就……发许可证；按协议特许，授权,He did not hold a firearms licence.　他没有持枪许可证。
5447,adjustable,P5,W41–W50,释义待核实，不进入核心练习,əˈdʒʌstəbəl,释义待核实，不计入核心练习,
5448,allocation,P5,W41–W50,,ˌæləˈkeɪʃən,n. 配给量，划拨款，份额；分配，分派,Town planning and land allocation had to be coordinated.　城镇规划和土地分配决定必须要协调。
5449,michelle,P5,W41–W50,释义待核实，不进入核心练习,mɪˈʃɛl,释义待核实，不计入核心练习,
5450,essay,P5,W41–W50,,ɛˈseɪ,n. （学生为某门课程所写的）短文，论说文； （用来刊登的）散文，随笔；企图，尝试；尚未采用的邮票设计图案；v. 试图，作……尝试,The essay was full of quotes.　这篇文章满篇皆是引语。
5451,discipline,P5,W41–W50,,ˈdɪsəplən,n. 纪律，风纪；惩罚，处分；训导，管教；训练，锻炼；自制力，自律能力；（尤指大学的）科目，学科；v. 惩罚，处分；训练，管教,Discipline was the new coach's secret weapon.　严格的训练是这位新教练的秘密武器。
5452,amy,P5,W41–W50,释义待核实，不进入核心练习,ˈeɪmi,释义待核实，不计入核心练习,
5453,ts,P5,W41–W50,释义待核实，不进入核心练习,ˌtiˈɛs,释义待核实，不计入核心练习,
5454,demonstrated,P5,W41–W50,释义待核实，不进入核心练习,ˈdɛmənˌstreɪtɪd,释义待核实，不计入核心练习,
5455,dialogue,P5,W41–W50,,ˈdaɪəˌlɔɡ,n. 对白；对话，交换意见；v. <美>（为解决问题而）参加对话，进行讨论；<美>为（电影、戏剧）配上对白,The play was full of slangy dialogue.　剧中充斥了大量俚语对话。
5456,identifying,P5,W41–W50,释义待核实，不进入核心练习,aɪˈdɛntəˌfaɪɪŋ,释义待核实，不计入核心练习,
5457,alphabetical,P5,W41–W50,,ˌælfəˈbɛtɪkəl,adj. 按字母(表)顺序的；副 词:；adj. 按字母顺序的，字母（表）的,The names are listed in alphabetical order.　姓名是按字母顺序排列的。
5458,camps,P5,W41–W50,释义待核实，不进入核心练习,ˈkæmps,释义待核实，不计入核心练习,
5459,declared,P5,W41–W50,释义待核实，不进入核心练习,dɪˈklɛrd,释义待核实，不计入核心练习,
5460,dispatched,P5,W41–W50,释义待核实，不进入核心练习,dɪˈspætʃt,释义待核实，不计入核心练习,
5461,aaron,P6,W51–W60,释义待核实，不进入核心练习,ˈɛrən,释义待核实，不计入核心练习,
5462,handheld,P6,W51–W60,释义待核实，不进入核心练习,ˌhændˈhɛld,释义待核实，不计入核心练习,
5463,trace,P6,W51–W60,,ˈtreɪs,v. 查出，发现，追踪；追溯，追究；描绘（事物的过程或发展），记述；（尤指用手指、脚趾）画（图，线）；勾画……的轮廓，勾勒；（用透明纸覆盖在地图、绘画等上）复制，描摹；（手指、嘴唇等）沿着……移动；n. 痕迹，遗迹，踪迹；微量，少许；描记图，扫描线；挽绳，缰绳；跟踪，追查；（大脑上的学习或记忆）痕迹，印迹；<西印度，美>小径，小道；交线，迹线；（数）迹；【名】 （Trace）（美）塔斯（人名）,He vanished without trace.　他消失得无影无踪。
5464,disposal,P6,W51–W60,,dɪˈspoʊzəl,n. 处理，清除；（土地、财产等的）变卖，转让；<文>安排，安置；<美>污物碾碎器,There's a high-tech underground trash disposal system.　有一个高科技的地下垃圾处理系统。
5465,shut,P6,W51–W60,,ˈʃʌt,v. 关闭，合上；把……关在；<英>（使）停止运作，（使）停止营业；禁止通行，封闭；adj. 关闭的，关上的；<英>打烊的，停止营业的；n. 关闭,The door was shut.　门关着。
5466,florists,P6,W51–W60,释义待核实，不进入核心练习,ˈflɔrɪsts,释义待核实，不计入核心练习,
5467,packs,P6,W51–W60,释义待核实，不进入核心练习,ˈpæks,释义待核实，不计入核心练习,
5468,ge,P6,W51–W60,释义待核实，不进入核心练习,,释义待核实，不计入核心练习,
5469,installing,P6,W51–W60,释义待核实，不进入核心练习,ˌɪnˈstɔlɪŋ,释义待核实，不计入核心练习,
5470,switches,P6,W51–W60,释义待核实，不进入核心练习,ˈswɪtʃəz,释义待核实，不计入核心练习,
5471,romania,P6,W51–W60,释义待核实，不进入核心练习,roʊˈmeɪniə,释义待核实，不计入核心练习,
5472,voluntary,P6,W51–W60,,ˈvɑləntɛri,adj. 自愿的，自发的，主动的；（机构或组织）志愿的，义务性的；（工作）志愿的，无偿的，义务的；（工作者）志愿的，无偿服务的；（人体活动）随意的，可以控制的；<法律>（让与）自愿的，无偿的；n. （教堂里管风琴演奏的）仪式终始曲；<史>（尤指作为其他作品的序曲，或自由创作的）即兴曲，自由调；（比赛中的）自选表演；自愿行动；志愿者,He took voluntary redundancy.　他选择了自愿裁汰。
5473,ncaa,P6,W51–W60,释义待核实，不进入核心练习,,释义待核实，不计入核心练习,
5474,thou,P6,W51–W60,释义待核实，不进入核心练习,ˈðaʊ,释义待核实，不计入核心练习,
5475,consult,P6,W51–W60,,kənˈsʌlt,v. 咨询，请教；商量，商讨；查询，查阅；当顾问,He needed to consult with an attorney.　他需要和律师咨询。
5476,phd,P6,W51–W60,释义待核实，不进入核心练习,ˌpiˌeɪtʃˈdi,释义待核实，不计入核心练习,
5477,greatly,P6,W51–W60,,ˈɡreɪtli,adv. 非常地，极大地,Opinions diverge greatly on this issue.　在这个问题上意见分歧很大。
5478,blogging,P6,W51–W60,释义待核实，不进入核心练习,ˈblɔɡɪŋ,释义待核实，不计入核心练习,
5479,mask,P6,W51–W60,,ˈmæsk,n. 面罩，口罩；防毒面具，呼吸面罩；面膜；假面具，假面；伪装，掩饰；表情，面容；遮盖物，遮蔽物；（古希腊和罗马演员佩戴的）人头面具；遮光板，遮光片；（制造微电路用）模板；（蜻蜓幼虫）脸盖；v. 掩饰，伪装，隐瞒；盖住（气味、味道、声音等）；遮盖；戴面具,"The gunman, whose mask had slipped, fled.　面具滑落的持枪歹徒逃走了。"
5480,cycling,P6,W51–W60,,ˈsaɪkəlɪŋ,n. 骑自行车,Cycling is a cheap way to get around.　骑自行车是一种省钱的旅游方式。
5481,midnight,P6,W51–W60,,ˈmɪdˌnaɪt,n. 午夜，半夜；adj. 半夜的，午夜的,They had to leave at midnight.　他们不得不半夜离开。
5482,ng,P6,W51–W60,释义待核实，不进入核心练习,ˈɛŋ,释义待核实，不计入核心练习,
5483,commonly,P6,W51–W60,,ˈkɑmənli,adv. 通常，大多数人地,Christopher is commonly known as Kit.　克里斯托弗通常被称为基特。
5484,pe,P6,W51–W60,释义待核实，不进入核心练习,,释义待核实，不计入核心练习,
5485,photographer,P6,W51–W60,,fəˈtɑɡrəfɚ,n. 拍照者，摄影师,She was a keen amateur photographer.　她是一个痴迷的业余摄影师。
5486,inform,P6,W51–W60,,ˌɪnˈfɔrm,v. 通知，告知；告发，检举（inform on）；赋特征于，渗透；了解，熟悉；影响,They would inform him of any progress they had made.　他们将把自己所取得的任何进展都告诉他。
5487,turkish,P6,W51–W60,释义待核实，不进入核心练习,ˈtɝkɪʃ,释义待核实，不计入核心练习,
5488,coal,P6,W51–W60,,ˈkoʊl,n. 煤；煤炭工业；（尤指燃烧着的）煤块；v. 供煤；采煤，提炼煤,Gas is cheaper than coal.　煤气比煤便宜。
5489,cry,P6,W51–W60,,ˈkraɪ,v. 哭，哭泣；喊叫，呼喊；（兽或鸟）大叫；n. （表达强烈感情的）叫喊，叫声，哭声；大喊，大叫；抗议，请求；吠，嗥叫；哭，哭泣；急需；口号，公众舆论,She let out an anguished cry.　她发出了一声极为痛苦的叫喊。
5490,messaging,P6,W51–W60,释义待核实，不进入核心练习,ˈmɛsɪdʒɪŋ,释义待核实，不计入核心练习,
5491,pentium,P6,W51–W60,释义待核实，不进入核心练习,ˈpɛntiəm,释义待核实，不计入核心练习,
5492,quantum,P6,W51–W60,,ˈkwɑntəm,n. 量子；量子论；额（特指定额、定量）；（乙酰胆碱释放的）单元量；美国昆腾公司（世界领先的硬盘生产商）；adj. 量子的；(大小、数量的) 猛然剧增，(质量的) 突飞猛进,It does happen in quantum mechanics.　它确实发生在量子力学中。
5493,murray,P6,W51–W60,释义待核实，不进入核心练习,ˈmɝi,释义待核实，不计入核心练习,
5494,intent,P6,W51–W60,,ˌɪnˈtɛnt,adj. 专注的，专心致志的；坚决的；急切的；n. 目的，意图；故意,They were intent on murder.　他们存心谋杀。
5495,tt,P6,W51–W60,释义待核实，不进入核心练习,,释义待核实，不计入核心练习,
5496,zoo,P6,W51–W60,释义待核实，不进入核心练习,ˈzu,释义待核实，不计入核心练习,
5497,largely,P6,W51–W60,,ˈlɑrdʒli,adv. 很大程度上，主要地,The area is largely uninhabited.　这个地区大部分是无人居住的。
5498,pleasant,P6,W51–W60,,ˈplɛzənt,adj. 令人愉快的，惬意的；礼貌而友善的，和蔼可亲的；【名】 （Pleasant）（英）普莱曾特（人名）,The woman had a pleasant face.　那个女人长着一张和善的脸。
5499,announce,P6,W51–W60,,əˈnaʊns,v. 宣布，公布；声称，郑重地说；（尤指通过广播）通知；播报，讲解（体育赛事）；通报……的到来；显示；告知；宣布竞选公职,They will announce the result of the vote tonight.　今晚他们将宣布投票结果。
5500,constructed,P6,W51–W60,释义待核实，不进入核心练习,kənˈstrʌktəd,释义待核实，不计入核心练习,
5501,additions,P6,W51–W60,释义待核实，不进入核心练习,əˈdɪʃənz,释义待核实，不计入核心练习,
5502,requiring,P6,W51–W60,释义待核实，不进入核心练习,riˈkwaɪɚɪŋ,释义待核实，不计入核心练习,
5503,spoke,P6,W51–W60,释义待核实，不进入核心练习,ˈspoʊk,释义待核实，不计入核心练习,
5504,aka,P6,W51–W60,释义待核实，不进入核心练习,ˈɑkə,释义待核实，不计入核心练习,
5505,arrow,P6,W51–W60,,ˈæroʊ,n. 箭，矢；箭头，箭号；【名】 （Arrow）（英）阿罗（人名）,The arrow pierced his shoulder.　箭头射入他的肩膀。
5506,engagement,P6,W51–W60,,ɛnˈɡeɪdʒmənt,n. 婚约，订婚；约会，约定；交战，战斗；演出任务；聘用，雇用；参加，从事；(与……的)密切关系，(对……的)了解；啮合；（与……的）密切关系，（对……的）了解,The engagement was a bad mistake.　这婚约是一项大错。
5507,sampling,P6,W51–W60,释义待核实，不进入核心练习,ˈsæmplɪŋ,释义待核实，不计入核心练习,
5508,rough,P6,W51–W60,,ˈrʌf,adj. （表面）粗糙的，不平的；（网球或软式墙网球拍）粗面的；粗暴的，猛烈的；（地方）多暴力的，犯罪盛行的；汹涌的，风浪很大的；粗制的，不完善的；粗俗的，不讲究的；粗略的，大致的；<非正式> 艰难的，不愉快的；<英，非正式> 身体不适的；（声音）粗哑的，不悦耳的；（酒）涩味的；未经加工的；（文具）用以打草稿的；n. （高尔夫球场的）深草区（the rough）；草稿，草图；<旧，非正式> 粗野的人，暴徒；未加工的宝石；高低不平的地面；粗糙的部分；艰苦，不愉快；v. 粗制，对……粗加工；草拟，画……的轮廓；使不平，把……弄毛糙；<非正式> 因陋就简地生活；粗暴地对待；（在美式橄榄球、冰球等比赛中对对手）动粗,Cathy did a rough calculation.　凯茜作了一个粗略的计算。
5509,weird,P6,W51–W60,,ˈwɪrd,adj. 奇怪的，不寻常的；怪异的，超自然的；n. 命运；预言者；v. <美，非正式>使心生疑惑，使感到疏远,She's a really weird girl.　她真是个古怪的女孩。
5510,tee,P6,W51–W60,释义待核实，不进入核心练习,ˈti,释义待核实，不计入核心练习,
5511,refinance,P6,W51–W60,释义待核实，不进入核心练习,ˌrifəˈnæns,释义待核实，不计入核心练习,
5512,lion,P6,W51–W60,,ˈlaɪən,n. 狮子；名人；勇猛的人；社交场合的名流；n. （Lion）人名；（西、葡）利昂；（德、法、意、捷、瑞典）利翁；（英）莱昂,A lion is a dangerous animal.　狮子是猛兽。
5513,inspired,P6,W51–W60,释义待核实，不进入核心练习,ˌɪnˈspaɪɚd,释义待核实，不计入核心练习,
5514,holes,P6,W51–W60,释义待核实，不进入核心练习,ˈhoʊlz,释义待核实，不计入核心练习,
5515,weddings,P6,W51–W60,释义待核实，不进入核心练习,ˈwɛdɪŋz,释义待核实，不计入核心练习,
5516,blade,P6,W51–W60,,ˈbleɪd,n. 刀片，刀刃；（草，小麦等的）叶片；（船或飞机螺旋桨的）桨叶；（溜冰鞋的）冰刀；<旧>花花公子，时髦男士；<文>剑；肩胛骨，肩胛；舌身；v. <美，非正式>滑旱冰,He held the knife by its blade.　他握住了刀刃。
5517,suddenly,P6,W51–W60,,ˈsʌdənli,adv. 突然地，出乎意料地,Suddenly the car accelerated.　突然车加速了。
5518,oxygen,P6,W51–W60,,ˈɑksədʒən,氧；n. 氧，氧气,Plants absorb oxygen.　植物吸收氧气。
5519,cookie,P6,W51–W60,,ˈkʊki,n. 曲奇饼，小甜饼；……样的人；（浏览网页后存储在计算机的）缓存文件；<苏格兰>淡面包；漂亮的年轻女子,A balanced diet is a cookie in each hand.　一顿均衡的饮食就是一手拿一个饼干。
5520,meals,P6,W51–W60,释义待核实，不进入核心练习,ˈmilz,释义待核实，不计入核心练习,
5521,canyon,P6,W51–W60,,ˈkænjən,n. （两边为峭壁、谷底通常有溪流的）峡谷,The Grand Canyon never fails to impress.　大峡谷永远让人叹为观止。
5522,goto,P6,W51–W60,释义待核实，不进入核心练习,ˈɡoʊˌtu,释义待核实，不计入核心练习,
5523,meters,P6,W51–W60,释义待核实，不进入核心练习,ˈmitɚz,释义待核实，不计入核心练习,
5524,merely,P6,W51–W60,,ˈmɪrli,adv. 仅仅，只（用于强调某物小或微不足道）；无非是……，不过是……（指某事的原因或影响）,Michael is now merely a good friend.　迈克尔现在只不过是一个好朋友而已。
5525,calendars,P6,W51–W60,释义待核实，不进入核心练习,ˈkæləndɚz,释义待核实，不计入核心练习,
5526,arrangement,P6,W51–W60,,ɚˈeɪndʒmənt,n. 安排，筹备；商定，约定；整理，排列，布置；改编,That arrangement suits me fine.　那种安排对我很合适。
5527,conclusions,P6,W51–W60,释义待核实，不进入核心练习,kənˈkluʒənz,释义待核实，不计入核心练习,
5528,passes,P6,W51–W60,释义待核实，不进入核心练习,ˈpæsəz,释义待核实，不计入核心练习,
5529,bibliography,P6,W51–W60,,ˌbɪbliˈɑɡrəfi,n. 参考书目，文献目录；目录学，文献学,At the end of this chapter there is a select bibliography of useful books.　本章末尾附着有用书籍的精选书目。
5530,pointer,P6,W51–W60,释义待核实，不进入核心练习,ˈpɔɪntɚ,释义待核实，不计入核心练习,
5531,compatibility,P6,W51–W60,释义待核实，不进入核心练习,kəmˌpætəˈbɪləˌti,释义待核实，不计入核心练习,
5532,stretch,P6,W51–W60,,ˈstrɛtʃ,v. （使）变大，拉长；（布料）可伸缩，有弹性；伸展肢体；伸出，伸长（胳膊或腿）；拉紧，拽紧；（时间上）延续；（空间上）延伸，绵延；使竭尽所能，使施展本领；耗尽，竭尽（财力或物力）；（使）延长使用，节俭地使用；（资金，资源）足够，够用；放宽，放松；夸大，夸张；涉及，囊括；n. （土地或水域的）一片，一段；（时间）连续的一段，持续；（肢体）伸展，伸开；弹性，伸缩性；服刑期；（终点前的）直线跑道；言过其实的话；困难的任务，苛求的任务；<非正式>加长轿车；抢风航行的距离；adj. （织物）有弹性的，有弹力的,The plot does stretch credulity.　这种情节确实让人难以置信。
5533,durham,P6,W51–W60,释义待核实，不进入核心练习,ˈdɝəm,释义待核实，不计入核心练习,
5534,furthermore,P6,W51–W60,,ˈfɝðɚˌmɔr,adv. 此外，而且,"Furthermore, one sensory ability may back up another.　此外，一种感知能力可能会为另一种感知能力提供支持。"
5535,permits,P6,W51–W60,释义待核实，不进入核心练习,pɚˈmɪts,释义待核实，不计入核心练习,
5536,cooperative,P6,W51–W60,,koʊˈɑpɚˌeɪtɪv,adj. 合作的，协作的；乐于配合的；（企业或其他组织）合作性的；n. 合作性组织,The factory is now a workers' cooperative.　这家工厂现为工人合作企业。
5537,muslim,P6,W51–W60,释义待核实，不进入核心练习,ˈmʌzləm,释义待核实，不计入核心练习,
5538,xl,P6,W51–W60,释义待核实，不进入核心练习,,释义待核实，不计入核心练习,
5539,neil,P6,W51–W60,释义待核实，不进入核心练习,ˈnil,释义待核实，不计入核心练习,
5540,sleeve,P6,W51–W60,,ˈsliv,n. 袖子；袖套；（机器的）套筒，套管；唱片套；风向袋；（机尾的）减速伞，制动伞；v. 给……装套筒,I felt a tug at my sleeve.　我觉得有人用力拽了一下我的袖子。
5541,netscape,P6,W51–W60,释义待核实，不进入核心练习,ˈnɛtˌskeɪp,释义待核实，不计入核心练习,
5542,cleaner,P6,W51–W60,,ˈklinɚ,n. 清洁工人；清洁剂，去污剂；清洁器，清洁设备；干洗店（the cleaner's/cleaners）；adj. 更清洁的，更干净的（clean 的比较级形式）,He was a window cleaner.　他是一名窗户清洁工。
5543,cricket,P6,W51–W60,,ˈkrɪkət,n. 蟋蟀；板球（运动）,The standard of professional cricket has never been lower.　职业板球的水平从来没这么低过。
5544,beef,P6,W51–W60,,ˈbif,n. 牛肉；肌肉，力量，力气；<非正式>抱怨，牢骚；<非正式>要点，关键；<美，非正式>犯罪指控，罪名；v. <非正式>抱怨，发牢骚,The nation also exports beef.　该国也出口牛肉。
5545,feeding,P6,W51–W60,,ˈfidɪŋ,n. 饲养；吃；输送；adj. 供给饲料的；摄取食物的；v. 饲养（feed 的ing形式）,There are many advantages to breast feeding.　母乳喂养的好处很多。
5546,stroke,P6,W51–W60,,ˈstroʊk,n. 中风；（使用武器的）击，打；击球，一击，一抽；（划船用语）划桨，划法，划桨法；泳式，游泳姿势；（指挥船上其他桨手的）尾桨手；轻抚，抚摸；一笔，一划；（灵感的）突发，（天才的）一举；（突发或突然想到的）好事；斜线（号）；（雷电的）闪光；来回动作，上下动作；（一系列重复运动的）节奏，律动；（鸟翼的）一次扑打；准时，准点；（时钟报时的）鸣响，钟声；v. 轻抚，抚摸；轻挪，轻触，轻拭；击球；<美，非正式>讨好，奉承；在……上轻轻涂抹；当……的尾桨手，当……的领桨,Her idea was a stroke of genius.　她的主意是聪明的一着。
5547,township,P6,W51–W60,释义待核实，不进入核心练习,ˈtaʊnʃɪp,释义待核实，不计入核心练习,
5548,rankings,P6,W51–W60,释义待核实，不进入核心练习,ˈræŋkɪŋz,释义待核实，不计入核心练习,
5549,measuring,P6,W51–W60,释义待核实，不进入核心练习,ˈmɛʒɚɪŋ,释义待核实，不计入核心练习,
5550,cad,P6,W51–W60,释义待核实，不进入核心练习,ˈkæd,释义待核实，不计入核心练习,
5551,hats,P6,W51–W60,释义待核实，不进入核心练习,ˈhæts,释义待核实，不计入核心练习,
5552,robin,P6,W51–W60,释义待核实，不进入核心练习,ˈrɑbən,释义待核实，不计入核心练习,
5553,robinson,P6,W51–W60,释义待核实，不进入核心练习,ˈrɑbənsən,释义待核实，不计入核心练习,
5554,jacksonville,P6,W51–W60,释义待核实，不进入核心练习,ˈdʒæksənˌvɪl,释义待核实，不计入核心练习,
5555,strap,P6,W51–W60,,ˈstræp,n. 带子，皮带；铁皮条，金属带，铰链片；鞭打（the strap）；拉手吊带，拉手吊环；v. （用带子）束住，捆绑；用绷带包扎（伤口）；用皮鞭抽打，鞭打,He looped the strap over his shoulder.　他把带子绕了一个圈挎在肩上。
5556,headquarters,P6,W51–W60,,ˈhɛdˌkwɔrtɚz,n. 总部，总公司；司令部，指挥部,The warning was radioed to headquarters.　通过无线电向总部发出了警报。
5557,sharon,P6,W51–W60,释义待核实，不进入核心练习,ˈʃærən,释义待核实，不计入核心练习,
5558,crowd,P6,W51–W60,,ˈkraʊd,n. 人群；一伙人；百姓，凡夫俗子；（尤指体育运动赛事的）观众，听众；v. 聚集，群集；靠近，盯着；催促，催逼（因而把人激怒或惹恼）；挤满，塞满,Soldiers fired on the crowd.　军人朝人群开枪。
5559,tcp,P6,W51–W60,释义待核实，不进入核心练习,,释义待核实，不计入核心练习,
5560,transfers,P6,W51–W60,释义待核实，不进入核心练习,trænsˈfɝz,释义待核实，不计入核心练习,
5561,surf,P6,W51–W60,,ˈsɝf,v. 上网；冲浪；<非正式>坐在高速行驶的车辆（尤指火车）顶部（或外面）享受刺激感；<美，非正式>频繁调换电视频道（同 channel-surf）；n. 拍岸浪花；一次冲浪,People can surf the volcano.　人们可以在火山上冲浪。
5562,olympic,P6,W51–W60,,oʊˈlɪmpɪk,adj. 奥林匹克的；adj. 奥林匹克的；奥林匹斯山的，奥林匹亚的,He trains the Olympic team.　他训练奥林匹克队。
5563,transformation,P6,W51–W60,,ˌtrænsfɚˈmeɪʃən,n. （彻底或重大的）改观，变化，转变；（用于南非）民主改革；舞台场景的突变；（动物生命周期中的）变态；（物理）嬗变，核的转换；（数，逻）变换；（语言学）转换；（生）遗传转化；（生）细胞转化,The transformation of American sea power began in 1940.　美国海军力量的改革开始于1940年。
5564,remained,P6,W51–W60,释义待核实，不进入核心练习,rɪˈmeɪnd,释义待核实，不计入核心练习,
5565,attachments,P6,W51–W60,释义待核实，不进入核心练习,əˈtætʃmənts,释义待核实，不计入核心练习,
5566,dv,P6,W51–W60,释义待核实，不进入核心练习,,释义待核实，不计入核心练习,
5567,dir,P6,W51–W60,释义待核实，不进入核心练习,,释义待核实，不计入核心练习,
5568,entities,P6,W51–W60,释义待核实，不进入核心练习,ˈɛntɪtiz,释义待核实，不计入核心练习,
5569,customs,P6,W51–W60,,ˈkʌstəmz,n. 海关；风俗（custom的复数）；习惯；关税；n. 海关；关税,He walked through customs.　他步行通过了海关。
5570,administrators,P6,W51–W60,释义待核实，不进入核心练习,ædˈmɪnɪˌstreɪtɚz,释义待核实，不计入核心练习,
5571,personality,P6,W51–W60,,ˌpɝsəˈnælɪti,n. 个性，性格；魅力，品格（如活力、友好、幽默等）；（地方或事物的）特色；有突出个性的人；名人,Their son is a real personality.　他们的儿子真是有个性。
5572,rainbow,P6,W51–W60,,ˈreɪnˌboʊ,n. 彩虹；众多花色品种，五颜六色的组合，五花八门的聚合；五彩缤纷的展示；多种颜色，五彩缤纷；adj. 不同种族（或文化等）人群的；【名】 （Rainbow）（英）雷恩博（人名）,The Rainbow has not hosted live music since the end of 1981.　彩虹乐队自1981年底以来还没有举办过现场音乐会。
5573,hook,P6,W51–W60,,ˈhʊk,n. 钩，挂钩；勾拳；曲线球；吸引人的东西；使（投手）下场；（尤指用于收割、剪羊毛）弧形切割工具；弯曲的笔画；弧形岬（或沙嘴）；v. 钩住，挂住；（用手臂等身体部位）箍住；钓鱼；打曲线球；弯成钩状；吸引；<非正式>偷窃；<非正式>卖淫；把……连接到（某设备）；【名】 （Hook）（英）胡克，（德、荷）霍克（人名）,He baited his hook with pie.　他把馅饼放在钓钩上作饵。
5574,roulette,P6,W51–W60,释义待核实，不进入核心练习,ruˈlɛt,释义待核实，不计入核心练习,
5575,decline,P6,W51–W60,,dɪˈklaɪn,v. 下降，衰退；拒绝，谢绝；变格，词形变化；n. 减少，衰退,The industry has slid into decline.　这个行业已成衰退之势。
5576,gloves,P6,W51–W60,释义待核实，不进入核心练习,ˈɡlʌvz,释义待核实，不计入核心练习,
5577,israeli,P6,W51–W60,释义待核实，不进入核心练习,ˌɪzˈreɪli,释义待核实，不计入核心练习,
5578,medicare,P6,W51–W60,释义待核实，不进入核心练习,ˈmɛdəˌkɛr,释义待核实，不计入核心练习,
5579,cord,P6,W51–W60,,ˈkɔrd,n. 粗线，细绳；电线；灯芯绒裤子；索状结构；考得（木材单位）；adj. 灯芯绒的；v. 用绳子连接,He began to worry at the knot in the cord.　他开始解绳子上的结。
5580,skiing,P6,W51–W60,释义待核实，不进入核心练习,ˈskiɪŋ,释义待核实，不计入核心练习,
5581,cloud,P6,W51–W60,,ˈklaʊd,n. 云，云朵；云状物，一团；阴影，令人忧虑的事；皱眉，沮丧的表情；v. 把……搞糊涂，使难以理解；破坏，给……蒙上阴影；（使）显得阴沉；模糊不清，（使）起雾；布满云；使（房间、天空等）烟雾缭绕，使尘土飞扬；【名】 （Cloud）克劳德（人名）,The plane disappeared behind a cloud.　飞机消失在云层里。
5582,facilitate,P6,W51–W60,,fəˈsɪləˌteɪt,v. 使更容易，使便利；促进，推动,It may facilitate independent learning.　它可以促进自主学习。
5583,subscriber,P6,W51–W60,,səbˈskraɪbɚ,n. 订购者，订阅人，订户；消费者，用户；（慈善机构、活动的）定期捐款者，定期捐助者；<正式>（文件的）签名者,I have been a subscriber to Newsweek for many years.　我已是《新闻周刊》一名多年的订户。
5584,valve,P6,W51–W60,,ˈvælv,n. 阀，活门；（小号等乐器的）阀键，活塞；（身体器官或管道的）瓣，瓣膜；<英>电子管，真空管；<英>热离子管（thermionic valve 的简称）；壳板；裂爿；v. 装阀于；以活门调节；【名】 （Valve）（俄、芬）瓦尔韦（人名）,The valve has jammed shut.　阀门给卡住了打不开。
5585,val,P6,W51–W60,释义待核实，不进入核心练习,ˈvæl,释义待核实，不计入核心练习,
5586,hewlett,P6,W51–W60,释义待核实，不进入核心练习,ˈhjulɪt,释义待核实，不计入核心练习,
5587,explains,P6,W51–W60,释义待核实，不进入核心练习,ɪksˈpleɪnz,释义待核实，不计入核心练习,
5588,proceed,P6,W51–W60,,prəˈsid,v. 开始行动，开展；<正式>继续做（或从事、进行）；（完成其他事后）继续做某事；<正式>行进，前往；起诉某人；来自，出自；n. （某个事件或活动的）收入，收益,Passengers for Rome should proceed to Gate 32 for boarding.　前往罗马的旅客，请到32号登机口登机。
5589,flickr,P6,W51–W60,释义待核实，不进入核心练习,ˈflɪkɚ,释义待核实，不计入核心练习,
5590,feelings,P6,W51–W60,释义待核实，不进入核心练习,ˈfilɪŋz,释义待核实，不计入核心练习,
5591,knife,P6,W51–W60,,ˈnaɪf,n. 餐刀；刀子，刀具，匕首；手术刀；v. 用刀伤害（或杀害）；如刀般划过,This knife needs sharpening.　这把刀需要磨了。
5592,jamaica,P6,W51–W60,释义待核实，不进入核心练习,dʒəˈmeɪkə,释义待核实，不计入核心练习,
5593,priorities,P6,W51–W60,释义待核实，不进入核心练习,praɪˈɔrətiz,释义待核实，不计入核心练习,
5594,shelf,P6,W51–W60,,ˈʃɛlf,n. 搁板，架子；（尤指水中）陆架，底岩；<非正式>告密者（复数 shelfs）；v. <非正式>告发（某人）,I can't reach the top shelf.　我够不着最上面的架子。
5595,bookstore,P6,W51–W60,释义待核实，不进入核心练习,ˈbʊkˌstɔr,释义待核实，不计入核心练习,
5596,timing,P6,W51–W60,,ˈtaɪmɪŋ,n. 时机的掌握；（某事发生的）时间，时机；（汽车发动机的）点火时间控制；合节拍的能力，掌握节奏的能力；v. 为……安排时间，选择……的时机；计时；在某一时刻击球（或踢球）（time的现在分词形式）；在某一时刻击球（或踢球）（time 的现在分词形式）,The timing of the meetings was opportune.　会议的时间安排得恰到好处。
5597,liked,P6,W51–W60,释义待核实，不进入核心练习,ˈlaɪkt,释义待核实，不计入核心练习,
5598,parenting,P6,W51–W60,释义待核实，不进入核心练习,ˈpɛrəntɪŋ,释义待核实，不计入核心练习,
5599,adopt,P6,W51–W60,,əˈdɑpt,v. 收养；采取，采纳，接受；正式通过；选定（名字），承袭（风俗）；移居，定居；提名（某人）为候选人；保持（姿势）；<英>（地方当局）承担（道路）维修保养责任,There is little or no incentive to adopt such measures.　几乎或根本没有鼓励来采取这样的措施。
5600,denied,P6,W51–W60,释义待核实，不进入核心练习,dɪˈnaɪd,释义待核实，不计入核心练习,
5601,fotos,P6,W51–W60,释义待核实，不进入核心练习,,释义待核实，不计入核心练习,
5602,incredible,P6,W51–W60,,ˌɪnˈkrɛdəbəl,adj. 不可思议的，难以置信的；惊人的，极大的，极多的；了不起的，极好的,I felt I'd made an incredible discovery.　我感到自己有了一个惊人的发现。
5603,britney,P6,W51–W60,释义待核实，不进入核心练习,ˈbritˌni,释义待核实，不计入核心练习,
5604,freeware,P6,W51–W60,释义待核实，不进入核心练习,ˈfriˌwɛr,释义待核实，不计入核心练习,
5605,donation,P6,W51–W60,,doʊˈneɪʃən,n. 捐赠物，捐赠，赠送,You can of course help by giving them a donation directly.　你当然可以通过直接给他们一笔捐赠来帮助他们。
5606,outer,P6,W51–W60,,ˈaʊtɚ,adj. 外面的，外部的；远离中心的，外围的；客观外界的，非主观的；（尤用于地名）更远的；n. <英>外衣，穿在外面的服饰的一部分；<英>靶子的外圈，外圈命中；<英>货箱，转运箱；<澳，非正式>跑马场围栏外部,He heard a voice in the outer room.　他听到外屋有人声。
5607,crop,P6,W51–W60,,ˈkrɑp,n. 庄稼；（谷物或水果的）收成，产量；（同时涌现的）一批，一帮；平头，短发；（尤指头发）大量，丰富；短马鞭；（鸟的）嗉囊；（农场一年的）牲口总数；鞣制的整张兽皮；v. 剪短；剪裁（照片）；（牲畜）啃吃（草）；种植（庄稼）；收获,The staple crop is rice.　主要农作物为水稻。
5608,deaths,P6,W51–W60,释义待核实，不进入核心练习,ˈdɛθs,释义待核实，不计入核心练习,
5609,rivers,P6,W51–W60,释义待核实，不进入核心练习,ˈrɪvɚz,释义待核实，不计入核心练习,
5610,commonwealth,P6,W51–W60,,ˈkɑmənˌwɛlθ,联邦；n. 国家，独立的政治共同体（尤指民主共和国）；英联邦（the Commonwealth）；界，组织；（自愿加入美国的）自治政区，自治政体（如波多黎各）；（美国的）州（尤指肯塔基、马萨诸塞、宾夕法尼亚和弗吉尼亚）；（澳大利亚）联邦；<古>公益,The prime minister of Fiji has said Fiji is in no hurry to rejoin the Commonwealth.　斐济总理称斐济并不急于重返英联邦。
5611,pharmaceutical,P6,W51–W60,,ˌfɑrməˈsutɪkəl,adj. 制药的；n. 药物；制药公司股票（pharmaceuticals）,"They're all groaning about soaring health budgets, the fastest-growing component of which are pharmaceutical costs.　他们都在抱怨飞速上涨的医疗预算，其中增长最快的部分是药品成本。"
5612,manhattan,P6,W51–W60,释义待核实，不进入核心练习,mænˈhætən,释义待核实，不计入核心练习,
5613,tales,P6,W51–W60,释义待核实，不进入核心练习,ˈteɪlz,释义待核实，不计入核心练习,
5614,katrina,P6,W51–W60,释义待核实，不进入核心练习,kəˈtrinə,释义待核实，不计入核心练习,
5615,workforce,P6,W51–W60,,ˈwɝkˌfɔrs,n. （国家或地区的）劳动力，劳动人口；（某组织或公司的）全体员工，全体从业人员,The decision incensed the workforce.　这个决定激怒了劳工大众。
5616,islam,P6,W51–W60,释义待核实，不进入核心练习,ˌɪˈslɑm,释义待核实，不计入核心练习,
5617,nodes,P6,W51–W60,释义待核实，不进入核心练习,ˈnoʊdz,释义待核实，不计入核心练习,
5618,tu,P6,W51–W60,释义待核实，不进入核心练习,ˈtu,释义待核实，不计入核心练习,
5619,fy,P6,W51–W60,释义待核实，不进入核心练习,,释义待核实，不计入核心练习,
5620,thumbs,P6,W51–W60,释义待核实，不进入核心练习,ˈθʌmz,释义待核实，不计入核心练习,
5621,seeds,P6,W51–W60,释义待核实，不进入核心练习,ˈsidz,释义待核实，不计入核心练习,
5622,cited,P6,W51–W60,释义待核实，不进入核心练习,ˈsaɪtəd,释义待核实，不计入核心练习,
5623,lite,P6,W51–W60,释义待核实，不进入核心练习,ˈlaɪt,释义待核实，不计入核心练习,
5624,ghz,P6,W51–W60,释义待核实，不进入核心练习,,释义待核实，不计入核心练习,
5625,hub,P6,W51–W60,释义待核实，不进入核心练习,ˈhʌb,释义待核实，不计入核心练习,
5626,targeted,P6,W51–W60,,ˈtɑrɡətɪd,adj. 定向的；被定为攻击目标的；v. 把……作为目标（target 的过去分词）,The campaign is clearly targeted at the young.　这个宣传计划显然是针对青年人的。
5627,organizational,P6,W51–W60,,ˌɔrɡənəˈzeɪʃənəl,adj. 组织的，安排的；有关组织（或机构）的；（组织或机构）结构的,This problem needs to be dealt with at an organizational level.　这个问题需要在组织层面上解决。
5628,skype,P6,W51–W60,释义待核实，不进入核心练习,ˈskaɪp,释义待核实，不计入核心练习,
5629,realized,P6,W51–W60,释义待核实，不进入核心练习,ˈriəˌlaɪzd,释义待核实，不计入核心练习,
5630,twelve,P6,W51–W60,,ˈtwɛlv,n. 十二；十二个；num. 十二；十二个；adj. 十二的；十二个的,It's ten past twelve.　现在十二点十分。
5631,founder,P6,W51–W60,,ˈfaʊndɚ,n. 铸造工，铸造厂业主（或厂长）；创立者，缔造者；（动物）新群体建立者（尤指已受孕的雌性昆虫）；（马等有蹄动物的）蹄叶炎，马跛病；v. （船）沉没；（事业，计划）失败，垮掉；绊倒，摔倒；（尤指马等有蹄动物的）患蹄叶炎；感到寒冷；（牲口）因过食而得病,Its founder Rodolphe Julian was a canny businessman.　其创始人鲁道夫·朱利安是一位精明的商人。
5632,decade,P6,W51–W60,,dɛˈkeɪd,n. 十年，十年期；十进,Women have become more assertive in the past decade.　妇女在过去十年已变得更坚定自信。
5633,gamecube,P6,W51–W60,释义待核实，不进入核心练习,,释义待核实，不计入核心练习,
5634,rr,P6,W51–W60,释义待核实，不进入核心练习,,释义待核实，不计入核心练习,
5635,dispute,P6,W51–W60,,dɪsˈpjut,n. 争论，辩论，纠纷；v. 对……提出质疑，否认；争论，辩论；争夺，竞争；<旧>阻止（着陆），抵抗（进攻）,She played a key role in the dispute.　她在争论中起着举足轻重的作用。
5636,portuguese,P6,W51–W60,,ˈpɔrtʃəˌɡiz,adj. 葡萄牙的；葡萄牙人的；葡萄牙语的；葡萄牙文化的；n. 葡萄牙语；葡萄牙人,"I would love to speak Italian, Portuguese, Korean, Chinese, anything!　我想说意大利语、葡萄牙语、韩语、中文、任何语言！"
5637,tired,P6,W51–W60,,ˈtaɪɚd,adj. 疲倦的，累的；枯燥乏味的，陈腐的；厌烦的；破旧的；v. （使）感到累，（使）感到疲劳；厌倦，使厌倦（tire 的过去式和过去分词形式）,She looked pale and tired.　她看起来苍白而疲惫。
5638,titten,P6,W51–W60,释义待核实，不进入核心练习,,释义待核实，不计入核心练习,
5639,adverse,P6,W51–W60,,ædˈvɝs,adj. 不利的，有害的；相反的；敌对的,This drug is known to have adverse side effects.　众所周知，这种药具有不良副作用。
5640,everywhere,P6,W51–W60,,ˈɛvriˌwɛr,adv. 到处；n. 每个地方,I saw her picture everywhere.　我到处看到她的照片。
5641,excerpt,P6,W51–W60,,ˈɛksɚpt,n. 摘录，节选；v. 摘录，节选,An excerpt of the interview is below.　下面是访谈的一些摘录。
5642,eng,P6,W51–W60,释义待核实，不进入核心练习,ˈɛŋ,释义待核实，不计入核心练习,
5643,steam,P6,W51–W60,,ˈstim,n. 蒸汽，水蒸气；水汽，雾气；蒸汽动力（压力）；力量，势头；蒸汽机车；v. 散发蒸汽，冒热气；蒸（食物）；（以蒸汽为动力）行驶；快速行走，疾行；（使）蒙上水汽；蒸汽洗涤，蒸汽处理；用蒸汽软化（尤指胶水）；<英，非正式>开始战斗，投入战斗；<非正式>（一群贼）（在匆忙通过公共场所时）顺路盗窃（或抢劫）；用蒸汽开动（机车）；adj. 蒸汽的,Steam had clouded the mirror.　水蒸气使镜子变得模糊不清。
5644,discharge,P6,W51–W60,,dɪsˈtʃɑrdʒ,v. 释放，允许……离开；解雇；使退伍；（使）流出，（使）排出；开火，发射；放（电）；履行（职责），清偿（债务）；（法官，法庭）撤销（法院命令）；卸（货），让……下车；n. 允许出院，释放；任务的执行，债务的偿还；解雇；退伍；（法庭命令的）撤销；放电；排出物，分泌物；（物质的）放出，排出；射击，开火；（仪器、雷暴等释放出来的）电,There was a watery discharge from her ear.　她的耳朵里有水状物流出。
5645,ef,P6,W51–W60,释义待核实，不进入核心练习,,释义待核实，不计入核心练习,
5646,drinks,P6,W51–W60,释义待核实，不进入核心练习,ˈdrɪŋks,释义待核实，不计入核心练习,
5647,ace,P6,W51–W60,释义待核实，不进入核心练习,ˈeɪs,释义待核实，不计入核心练习,
5648,voices,P6,W51–W60,释义待核实，不进入核心练习,ˈvɔɪsəz,释义待核实，不计入核心练习,
5649,acute,P6,W51–W60,,əkˈjut,adj. 严重的，危险的；急性的，剧烈的；灵敏的；敏锐的，有洞察力的；锐角的；带尖音符的；（声音）高的，尖的,Her judgement is acute.　她的判断敏锐。
5650,halloween,P6,W51–W60,释义待核实，不进入核心练习,ˌhæləˈwin,释义待核实，不计入核心练习,
5651,climbing,P6,W51–W60,,ˈklaɪmɪŋ,n. 登山，攀岩；adj. （植物）攀缘的；和登山、攀岩运动有关的；v. 攀登，攀爬；升高；升值（climb 的现在分词形式）,I prefer walking to climbing.　我喜欢散步多于喜欢爬山。
5652,stood,P6,W51–W60,释义待核实，不进入核心练习,ˈstʊd,释义待核实，不计入核心练习,
5653,sing,P6,W51–W60,,ˈsɪŋ,v. 唱（歌），演唱；鸣，啼；呜呜作响，发出嗖嗖声；<非正式>（向警方）告密；（尤指用诗歌等文学作品）歌颂，赞颂；n. <非正式> 唱歌，演唱；<美，非正式> 业余演唱会；鸣声，呼啸声；abbr. 单数（singular 的缩写形式）,Do you sing in the shower?　你在淋浴间里唱歌吗？
5654,tons,P6,W51–W60,释义待核实，不进入核心练习,ˈtʌnz,释义待核实，不计入核心练习,
5655,perfume,P6,W51–W60,,pɚfˈjum,n. 香水；芳香，香味，馨香；香精，香料；v. 使香气弥漫；在……上撒香水，抹香水,She drenched herself in perfume.　她浑身洒满香水。
5656,carol,P6,W51–W60,释义待核实，不进入核心练习,ˈkærəl,释义待核实，不计入核心练习,
5657,honest,P6,W51–W60,,ˈɑnəst,adj. 诚实的，正直的；坦诚的，直率的；真诚的，显示诚意的；正当获得的；纯正的，不花哨的；无意（伤害别人）的；adv. 真的，确实,He was refreshingly honest.　他诚实得让人耳目一新。
5658,albany,P6,W51–W60,释义待核实，不进入核心练习,ˈɔlbəni,释义待核实，不计入核心练习,
5659,hazardous,P6,W51–W60,,ˈhæzɚdəs,adj. 危险的，有害的；碰运气的,They were incinerating hazardous waste without a licence.　他们没有许可就把危险废弃物烧成灰烬。
5660,restore,P6,W51–W60,,rɪˈstɔr,v. 恢复（某种情况或感受）；使复原，使复位；修复，整修；重新采用，恢复使用；归还,Troops were sent in to restore order.　部队被派去恢复秩序。
5661,stack,P6,W51–W60,,ˈstæk,n. （整齐的）一堆；<英> 垛，堆；大量，许多；（尤指工厂的）大烟囱；（图书馆的）藏书架，双面书架（the stacks）；定高分层盘旋（等待降落）的机群；（计算机）（存储）栈；竖着置放的高保真音响（或吉他扩音）设备；（数支步枪支起的锥形）枪架；<英>（浪蚀）岩柱；v. 使成整齐的一堆；使成叠（或成摞、成堆）地放在…...；指令（待着陆飞机）作定高分层盘旋；洗牌时作弊；在（某组织机构中）安插（对自己有利的人员）；（滑雪板运动用语）跌倒，倒下；【名】 （Stack）（美）斯塔克（人名）,A stack of files awaited me on my desk.　我桌上有一堆文件正待我去处理。
5662,methodology,P6,W51–W60,,ˌmɛθəˈdɑlədʒi,n. 方法论，一套方法,You can criticize her methodology.　你可以批评她的方法。
5663,somebody,P6,W51–W60,,ˈsʌmˌbɑdi,pron. 某人，有人；重要人物，当权人物；n. 大人物，重要人物,Did somebody call my name?　有人叫我的名字吗？
5664,sue,P6,W51–W60,,ˈsu,vt. 控告；请求；vi. 控告；提出请求；1. 起诉，控告：向法庭提起诉讼，要求对方赔偿损失或承担法律责任。,They intend to sue for damages.　他们打算起诉，要求赔偿损失。
5665,ep,P6,W51–W60,释义待核实，不进入核心练习,,释义待核实，不计入核心练习,
5666,housewares,P6,W51–W60,释义待核实，不进入核心练习,ˈhaʊˌswɛrz,释义待核实，不计入核心练习,
5667,reputation,P6,W51–W60,,ˌrɛpjəˈteɪʃən,n. 名誉，名声,Her reputation was in tatters.　她已名誉扫地。
5668,resistant,P6,W51–W60,,rɪˈzɪstənt,adj. 抵制的，反抗的；有抵抗力的，不受……损害的；n. 抵抗者,Paint the shed with weather-resistant paint.　用抗风雨的油漆把棚子漆一漆。
5669,democrats,P6,W51–W60,释义待核实，不进入核心练习,ˈdɛməˌkræts,释义待核实，不计入核心练习,
5670,recycling,P6,W51–W60,释义待核实，不进入核心练习,riˈsaɪkəlɪŋ,释义待核实，不计入核心练习,
5671,hang,P6,W51–W60,,ˈhæŋ,adv. 悬挂，吊；v. 悬挂，吊；（使）挂在墙上；垂下，垂落；悬浮；绞死；贴，糊（墙纸）；安装（门）；（决定）未做出；逗留，徘徊；投曲线球失败；（尤指驾车时）拐弯；（使）死机；n. 悬挂方式；下垂，低垂；（画展中画作的）陈列，布局,Can you just hang on a sec?　您能稍等一下吗？
5672,gbp,P6,W51–W60,释义待核实，不进入核心练习,,释义待核实，不计入核心练习,
5673,curve,P6,W51–W60,,ˈkɝv,n. 曲线，弧线；转弯，弯道；图表曲线；曲线球；（女子身体的）曲线；v. （使）弯曲，（使）呈曲线形；adj. 弯曲的，曲线形的,The slope increases as you go up the curve.　你顺着那条弯路往上走，坡度越来越大。
5674,creator,P6,W51–W60,,kriˈeɪtɚ,n. 创作者，发明者；造物主，上帝（the Creator）,This was the first object placed in the heavens by the Creator.　这是造物主置于天上的第一个物体。
5675,amber,P6,W51–W60,释义待核实，不进入核心练习,ˈæmbɚ,释义待核实，不计入核心练习,
5676,qualifications,P6,W51–W60,释义待核实，不进入核心练习,ˌkwɑləfəˈkeɪʃənz,释义待核实，不计入核心练习,
5677,museums,P6,W51–W60,释义待核实，不进入核心练习,mjuˈziəmz,释义待核实，不计入核心练习,
5678,coding,P6,W51–W60,释义待核实，不进入核心练习,ˈkoʊdɪŋ,释义待核实，不计入核心练习,
5679,slideshow,P6,W51–W60,释义待核实，不进入核心练习,,释义待核实，不计入核心练习,
5680,tracker,P6,W51–W60,释义待核实，不进入核心练习,ˈtrækɚ,释义待核实，不计入核心练习,
5681,variation,P6,W51–W60,,ˌvɛriˈeɪʃən,n. 变化，变动；变奏曲；变化，变异；（天文）二均差；（数）变分，变差；磁偏角；（芭蕾）单人舞,This variation shows up in the trees growth rings.　这种变化表现在树木的年轮中。
5682,passage,P6,W51–W60,,ˈpæsədʒ,n. 过道，走廊；（人体的）管道；段落，章节；通道，通路；通行权，通行许可；经过，穿过；（时间的）流逝；（法案的）通过；航程，船票；过渡，转变；（候鸟的）迁徙；<医>（微生物的）传代；巴沙基（盛装舞步和古典骑术的高抬腿舞步）；v. <医>使（微生物）继代移种；【名】 （Passage）（美）帕西奇（人名）,He read a passage from Emerson.　他读了一段爱默生的作品。
5683,transferred,P6,W51–W60,释义待核实，不进入核心练习,trænsˈfɝd,释义待核实，不计入核心练习,
5684,trunk,P6,W51–W60,,ˈtrʌŋk,n. 树干；（人或动物的）躯干；象鼻；<美>（汽车后部的）行李箱，后备箱；旅行箱，衣箱；男式游泳裤（trunks）；大血管，神经干；电缆管道，通风管；拳击手短裤（trunks）；adj. 干线的；【名】 （Trunk）（德、匈、西）特伦克（人名）,I closed and roped the trunk.　我把箱子盖上，用绳子捆结实。
5685,hiking,P6,W51–W60,释义待核实，不进入核心练习,ˈhaɪkɪŋ,释义待核实，不计入核心练习,
5686,lb,P6,W51–W60,释义待核实，不进入核心练习,ˈpaʊnd,释义待核实，不计入核心练习,
5687,damn,P6,W51–W60,,ˈdæm,int. 该死，见鬼（表示很生气或失望）；天啊（表示赞叹或惊奇）；adj. 该死的（表示对某人或某物生气）；（用于加强语气）十足的，完全的；；adv. 极其，非常；丝毫不,Where's that damn book!　那该死的书在哪儿呢！
5688,pierre,P6,W51–W60,释义待核实，不进入核心练习,piˈɛr,释义待核实，不计入核心练习,
5689,jelsoft,P6,W51–W60,释义待核实，不进入核心练习,,释义待核实，不计入核心练习,
5690,headset,P6,W51–W60,,ˈhɛdˌsɛt,n. 耳机；头戴式受话器,During the race Mr. Taylor talks to the driver using a headset.　在比赛中，泰勒先生用耳麦与车手通话。
5691,photograph,P6,W51–W60,,ˈfoʊtəˌɡræf,n. 照片，相片；v. 拍照，照相；在照片上显出某种样子,The photograph had been framed.　照片已镶了框。
5692,oakland,P6,W51–W60,释义待核实，不进入核心练习,ˈoʊklənd,释义待核实，不计入核心练习,
5693,colombia,P6,W51–W60,释义待核实，不进入核心练习,kəˈlʌmbiə,释义待核实，不计入核心练习,
5694,waves,P6,W51–W60,释义待核实，不进入核心练习,ˈweɪvz,释义待核实，不计入核心练习,
5695,camel,P6,W51–W60,,ˈkæməl,n. 骆驼；驼绒织品；驼色，浅黄褐色；打捞浮筒；adj. 驼色的，暗棕色的；【名】 （Camel）（法）卡梅尔，（阿拉伯）卡迈勒（人名）,Was the camel carrying corn?　那头骆驼驮的是谷物吗？
5696,distributor,P6,W51–W60,释义待核实，不进入核心练习,dɪˈstrɪbjətɚ,释义待核实，不计入核心练习,
5697,lamps,P6,W51–W60,释义待核实，不进入核心练习,ˈlæmps,释义待核实，不计入核心练习,
5698,underlying,P6,W51–W60,,ˌʌndɚˈlaɪɪŋ,adj. 根本的，潜在的；表面下的，下层的；优先的；（数量或水平）实际的；v. 位于…的下面；构成…的基础（underlie 的现在分词形式）,The underlying trend of inflation is still upwards.　通货膨胀的潜在趋势仍然是上升的。
5699,hood,P6,W51–W60,,ˈhʊd,n. （衣服上的）兜帽，风帽；头巾，面罩；（设备或机器的）防护罩，罩；汽车发动机罩；（炉灶上方的）排风罩，抽油烟罩；（汽车、婴儿车等）可折叠车篷；<美，非正式>恶棍，暴徒；<美，非正式>社区，街区；羽冠，垂兜，颈部皮褶；（野芝麻等植物的）盔状花冠；学位连领帽（表示学位种类）；（猎鹰）（鹰的）皮头罩；v. 加罩于，覆盖；【名】 （Hood）（英）胡德，（德、荷）霍德（人名）,My raincoat has a hood.　我的雨衣上有一个兜帽。
5700,wrestling,P6,W51–W60,释义待核实，不进入核心练习,ˈrɛslɪŋ,释义待核实，不计入核心练习,
5701,suicide,P6,W51–W60,,ˈsuəˌsaɪd,n. 自杀；自杀者；自杀性的行为，自取灭亡的行为；<美>（篮球中的）自杀训练；adj. 自杀的，与自杀有关的；v. 自杀,He's bent on suicide.　他一心想自杀。
5702,archived,P6,W51–W60,释义待核实，不进入核心练习,ˈɑrˌkaɪvd,释义待核实，不计入核心练习,
5703,photoshop,P6,W51–W60,释义待核实，不进入核心练习,ˈfoʊˌtoʊˌʃɑp,释义待核实，不计入核心练习,
5704,jp,P6,W51–W60,释义待核实，不进入核心练习,,释义待核实，不计入核心练习,
5705,chi,P6,W51–W60,释义待核实，不进入核心练习,ˈkaɪ,释义待核实，不计入核心练习,
5706,bt,P6,W51–W60,释义待核实，不进入核心练习,ˌbiˈti,释义待核实，不计入核心练习,
5707,arabia,P6,W51–W60,释义待核实，不进入核心练习,əˈreɪbiə,释义待核实，不计入核心练习,
5708,gathering,P6,W51–W60,,ˈɡæðɚɪŋ,n. 聚集，聚会；搜集，采集；v. 聚集，召集；收集，采集；认为，推断（gather 的现在分词形式）,The car was gathering speed.　汽车逐渐加速。
5709,projection,P6,W51–W60,,prəˈdʒɛkʃən,n. 估算，预测；投射，投影；（声音的）发送，放开；（思想感情的）体现，形象化；投射（不自觉地把自己的欲念等加诸他人）；凸出物，隆起物；（地球或天体在平面上的）投射；投影图；规划,The idea of God is a projection of humans' need to have something greater than themselves.　人类需要有强于自身的形象，上帝就是这个想法的投射。
5710,juice,P6,W51–W60,,ˈdʒus,n. （水果和蔬菜的）汁，水果（蔬菜）汁饮料；肉汁；<美，非正式>电，电能；胃液；精力，活力；<美，非正式>权势，影响力；<非正式>汽油；<美，非正式>酒；v. 榨（果汁或蔬菜汁）,The juice contains no added sugar.　这种果汁没有加糖。
5711,chase,P6,W51–W60,,ˈtʃeɪs,v. 追逐，追赶；匆忙赶往，急奔；追求，努力争取；求爱；驱逐，赶走；撤职；催促；镂刻，雕刻；n. 追赶，追逐；争取，努力获得；狩猎，猎捕；越野赛马，障碍赛马；【名】 （Chase）（英）蔡斯，（法）沙斯（人名）,The movie has a car chase to end all car chases.　这部影片的汽车追逐场面非常刺激。
5712,mathematical,P6,W51–W60,,ˌmæθəˈmætɪkəl,adj. 有关数学的；具有数学头脑的；精确的，完整的；可能性极小的,NASA discovered a mathematical error in its calculations.　美国国家航空航天局发现了其计算中的一个数学错误。
5713,logical,P6,W51–W60,,ˈlɑdʒɪkəl,adj. 合情合理的；合乎逻辑的；逻辑（上）的,There was a logical explanation.　存在一个合理的解释。
5714,sauce,P6,W51–W60,,ˈsɔs,n. 酱，调味汁；<美，非正式>烈酒（the sauce）；<英，非正式> 无礼的话（或举动）；v. 加酱汁于，用酱汁调味；使增加趣味；<非正式>对……粗暴无礼；【名】 （Sauce）（西）绍塞，（法）索斯（人名）,The sauce is mostly cream.　这沙司主要是奶油。
5715,fame,P6,W51–W60,,ˈfeɪm,n. 名誉，名气；v. 使闻名，使有名望,Fame can be a two-edged sword.　名声是把双刃剑。
5716,extract,P6,W51–W60,,ˈɛkˌstrækt,n. 选段，引文；提取物，汁；v. 提取，提炼；取出，拔出；摘录；索取，设法得到；开（方），求（根）,The first part is to extract each packet.　第一部分是提取每一个包。
5717,specialized,P6,W51–W60,,ˈspɛʃəˌlaɪzd,adj. 专业的，专门的；v. 专门研究（或从事），专攻；专营；（生）使（器官）专化，使特化（specialize 的过去式和过去分词）,He specialized in criminal law.　他专攻刑法。
5718,diagnostic,P6,W51–W60,释义待核实，不进入核心练习,ˌdaɪəɡˈnɑstɪk,释义待核实，不计入核心练习,
5719,panama,P6,W51–W60,释义待核实，不进入核心练习,ˈpænəˌmɑ,释义待核实，不计入核心练习,
5720,indianapolis,P6,W51–W60,释义待核实，不进入核心练习,ˌɪndiəˈnæpəlɪs,释义待核实，不计入核心练习,
5721,af,P6,W51–W60,释义待核实，不进入核心练习,,释义待核实，不计入核心练习,
5722,payable,P6,W51–W60,,ˈpeɪəbəl,adj. 应付的；到期的；可付的；可获利的；n. 应付款,A 10% deposit is payable in advance.　须预付10%的押金。
5723,corporations,P6,W51–W60,释义待核实，不进入核心练习,ˌkɔrpɚˈeɪʃənz,释义待核实，不计入核心练习,
5724,courtesy,P6,W51–W60,,ˈkɝtəsi,n. 礼貌，彬彬有礼；礼貌的行为（言语）；<古>屈膝礼；adj. 免费提供的；礼节性的,I was treated with the utmost courtesy by the staff.　我受到了工作人员极有礼貌的接待。
5725,criticism,P6,W51–W60,,ˈkrɪtɪˌsɪzəm,n. 批评，批判；意见；评论，评价；（对文学作品和历史文献的）考证,He shrugged off the criticism.　他对批评不予理睬。
5726,automobile,P6,W51–W60,,ˈɔtəmoʊˌbil,n. 汽车,The parts of an automobile are standardized.　汽车零件是标准化了的。
5727,confidential,P6,W51–W60,,ˌkɑnfəˈdɛnʃəl,adj. 机密的，保密的；（言谈举止）神秘的，隐秘的；受信任的，委以机密的,"My letter is, of course, strictly private and confidential.　当然，我的信纯属私人信件，务须保密。"
5728,rfc,P6,W51–W60,释义待核实，不进入核心练习,,释义待核实，不计入核心练习,
5729,statutory,P6,W51–W60,释义待核实，不进入核心练习,ˈstætʃəˌtɔri,释义待核实，不计入核心练习,
5730,accommodations,P6,W51–W60,释义待核实，不进入核心练习,əˌkɑməˈdeɪʃənz,释义待核实，不计入核心练习,
5731,athens,P6,W51–W60,释义待核实，不进入核心练习,ˈæθənz,释义待核实，不计入核心练习,
5732,northeast,P6,W51–W60,,ˌnɔrˈθist,n. 东北方，东北部；adj. 东北的；向东北的；（风等）来自东北的；adv. 在东北；向东北；（风等）来自东北,The northeast has been particularly hard hit..　东北部受影响尤其严重。
5733,downloaded,P6,W51–W60,释义待核实，不进入核心练习,ˈdaʊnˌloʊdɪd,释义待核实，不计入核心练习,
5734,judges,P6,W51–W60,释义待核实，不进入核心练习,ˈdʒʌdʒɪz,释义待核实，不计入核心练习,
5735,sl,P6,W51–W60,释义待核实，不进入核心练习,,释义待核实，不计入核心练习,
5736,seo,P6,W51–W60,释义待核实，不进入核心练习,ˈsioʊ,释义待核实，不计入核心练习,
5737,retired,P6,W51–W60,,rɪˈtaɪrd,adj. 退休的，退役的；（生活方式）隐居的，退隐的；（人）沉默寡言的，不好交际的；<古>（地方）僻静的，隐蔽的；v. 退休，退役；（因伤）退赛；撤退（retire 的过去式和过去分词形式）,He retired in his fifties.　他在五十多岁时退休了。
5738,isp,P6,W51–W60,释义待核实，不进入核心练习,,释义待核实，不计入核心练习,
5739,remarks,P6,W51–W60,释义待核实，不进入核心练习,rɪˈmɑrks,释义待核实，不计入核心练习,
5740,detected,P6,W51–W60,释义待核实，不进入核心练习,dɪˈtɛktəd,释义待核实，不计入核心练习,
5741,decades,P6,W51–W60,释义待核实，不进入核心练习,dɛˈkeɪdz,释义待核实，不计入核心练习,
5742,paintings,P6,W51–W60,释义待核实，不进入核心练习,ˈpeɪntɪŋz,释义待核实，不计入核心练习,
5743,walked,P6,W51–W60,释义待核实，不进入核心练习,ˈwɔkt,释义待核实，不计入核心练习,
5744,arising,P6,W51–W60,释义待核实，不进入核心练习,ɚˈaɪzɪŋ,释义待核实，不计入核心练习,
5745,nissan,P6,W51–W60,释义待核实，不进入核心练习,ˈnisɑn,释义待核实，不计入核心练习,
5746,bracelet,P6,W51–W60,,ˈbreɪslət,n. 手镯，臂镯,Her bracelet was set with emeralds.　她的手镯上镶有绿宝石。
5747,ins,P6,W51–W60,释义待核实，不进入核心练习,ˈɪnz,释义待核实，不计入核心练习,
5748,eggs,P6,W51–W60,释义待核实，不进入核心练习,ˈɛɡz,释义待核实，不计入核心练习,
5749,juvenile,P6,W51–W60,,ˈdʒuvənəl,adj. 青少年的，未成年的；少年犯的；幼稚的，孩子气的；（鸟或动物）幼年的；n. 青少年，未成年人；扮演青少年角色的演员；幼鸟，幼兽,Juvenile crime is increasing at a terrifying rate.　青少年犯罪在以惊人的速度增加。
5750,injection,P6,W51–W60,,ˌɪnˈdʒɛkʃən,n. 注射；大量资金的投入；（液体）注入，喷入；（宇宙飞船等的）射入轨道，入轨；内射，单射,An anaesthetic was administered by injection.　麻醉剂已注射入体内。
5751,yorkshire,P6,W51–W60,释义待核实，不进入核心练习,ˈjɔrkʃɚ,释义待核实，不计入核心练习,
5752,populations,P6,W51–W60,释义待核实，不进入核心练习,ˌpɑpjəˈleɪʃənz,释义待核实，不计入核心练习,
5753,protective,P6,W51–W60,,prəˈtɛktɪv,adj. 保护的，防护的；呵护的，有保护欲的；有贸易保护倾向的，实行关税保护的；n. <英>保护物，防护物；<旧>避孕套,It pays to invest in protective clothing.　在防护服上投资值。
5754,afraid,P6,W51–W60,,əˈfreɪd,adj. 害怕的；担心的；（害怕后果而）不愿意的，勉强的；遗憾的,I'm afraid you guessed wrong.　恐怕你猜错了。
5755,acoustic,P6,W51–W60,,əˈkustɪk,adj. 声音的，听觉的；（乐器）原声的，不加电子设备传声的；（音乐）原声的，不经过电声设备放大的；（建筑材料）隔音的，修饰声音的；（装置，系统）利用声能运作的；（爆破性水雷或其他武器）能为声波引爆的；n. （房间或建筑物的）音响效果，音质；声学（acoustics）；原声吉他（acoustic guitar）,"In our case, we have found the true acoustic echo beacon.　在我们的例子中，我们找到了真正的声学回声信标。"
5756,railway,P6,W51–W60,,ˈreɪlˌweɪ,n. <英>铁路，铁道；<英>铁路系统，铁路公司；<英>（其他交通工具使用的）轨道,He walked back over the railway bridge.　他从铁路桥上走了回去。
5757,cassette,P6,W51–W60,,kəˈsɛt,n. 磁带盒，盒式磁带；胶片盒；（半导体）晶圆载具，晶舟,I swapped him my CD for his cassette.　我拿我的激光唱片换了他的盒式磁带。
5758,initially,P6,W51–W60,,ˌɪˈnɪʃəli,adv. 开始，最初,The chick initially has no fear of man.　小鸡最初不怕人。
5759,indicator,P6,W51–W60,,ˈɪndəˌkeɪtɚ,n. 标志，迹象；方向灯，转向指示灯；指示器，显示器；指示剂；指示（物）种,"But it's not the only indicator and, paradoxically, its significance is declining.　但这并不是唯一的指标，而且矛盾的是，它的重要性正在下降。"
5760,pointed,P6,W51–W60,,ˈpɔɪntɪd,adj. 尖的，尖角的，有尖头的；（言论或表情）尖锐的，直接的；明显的，突出的,She pointed in my direction.　她指向我这边。
5761,hb,P6,W51–W60,释义待核实，不进入核心练习,,释义待核实，不计入核心练习,
5762,jpg,P6,W51–W60,释义待核实，不进入核心练习,,释义待核实，不计入核心练习,
5763,causing,P6,W51–W60,释义待核实，不进入核心练习,ˈkɑzɪŋ,释义待核实，不计入核心练习,
5764,mistake,P6,W51–W60,,mɪˈsteɪk,n. 错误，过失；（用词或数字上的）错误，口误，笔误；（令人后悔的）错误；v. 误解，误会；错误判断；把……误认为,One mistake and you're toast.　要是出一次错，你就完了。
5765,norton,P6,W51–W60,释义待核实，不进入核心练习,ˈnɔrtən,释义待核实，不计入核心练习,
5766,locked,P6,W51–W60,释义待核实，不进入核心练习,ˈlɑkt,释义待核实，不计入核心练习,
5767,eliminate,P6,W51–W60,,ɪˈlɪməˌneɪt,v. 剔除，根除；对……不予考虑，把……排除在外；（比赛中）淘汰；铲除，杀害；（生理）排除，排泄；消去,This diet claims to eliminate toxins from the body.　这种饮食据称具有排除体内毒素的作用。
5768,tc,P6,W51–W60,释义待核实，不进入核心练习,,释义待核实，不计入核心练习,
5769,fusion,P6,W51–W60,,ˈfjuʒən,n. 融合，结合；核聚变；混合音乐；融合菜肴；熔化；融合物,The movie displayed a perfect fusion of image and sound.　这部电影展示了音响与影像的完美结合。
5770,mineral,P6,W51–W60,,ˈmɪnɚəl,n. 矿物质；矿物；<英>汽水，苏打水；无机物；矿泉水；adj. （与）矿物（有关）的,The rock is rich in mineral salts.　这种岩石富含矿物盐。
5771,sunglasses,P6,W51–W60,释义待核实，不进入核心练习,ˈsʌnˌɡlæsɪz,释义待核实，不计入核心练习,
5772,ruby,P6,W51–W60,释义待核实，不进入核心练习,ˈrubi,释义待核实，不计入核心练习,
5773,steering,P6,W51–W60,释义待核实，不进入核心练习,ˈstɪrɪŋ,释义待核实，不计入核心练习,
5774,beads,P6,W51–W60,释义待核实，不进入核心练习,ˈbidz,释义待核实，不计入核心练习,
5775,fortune,P6,W51–W60,,ˈfɔrtʃən,n. 时运，命运；好运，机遇；财富，巨款；未来，前途；v. 给予财富；偶然发生；【名】 （Fortune） （英）福琼，（法）福蒂纳（人名）,How had he amassed his fortune?　他是如何聚集起他的财富的？
5776,preference,P6,W51–W60,,ˈprɛfɚəns,n. 偏爱，偏好；更喜欢的人（或物）；优待，优先（权）；<法律>（尤指债务偿付）优先偿还权,I can't say that I have any particular preference.　我说不出自己有什么特别偏好。
5777,canvas,P6,W51–W60,,ˈkænvəs,n. 帆布；画布，油画；v. 用帆布覆盖,He took out a metal flask from a canvas bag.　他从帆布袋里拿出了一个金属水瓶。
5778,threshold,P6,W51–W60,,ˈθrɛˌʃoʊld,n. 门槛，门口；阈，界，起始点；开端，起点，入门；机场跑道入口，跑道头,He stepped across the threshold.　他迈过门槛。
5779,parish,P6,W51–W60,,ˈpærɪʃ,n. 教区，堂区；教区的居民，（尤指）教区教徒；<英>（农村的）行政堂区；<美>（路易斯安那州）堂区（相当于其他州的县）,He is vicar of a large rural parish.　他是乡下一个大教区的代牧。
5780,claimed,P6,W51–W60,释义待核实，不进入核心练习,ˈkleɪmd,释义待核实，不计入核心练习,
5781,screens,P6,W51–W60,释义待核实，不进入核心练习,ˈskrinz,释义待核实，不计入核心练习,
5782,cemetery,P6,W51–W60,,ˈsɛməˌtɛri,n. 公墓，墓地,He was buried in Highgate Cemetery.　他被安葬在海格特墓地。
5783,planner,P6,W51–W60,释义待核实，不进入核心练习,ˈplænɚ,释义待核实，不计入核心练习,
5784,croatia,P6,W51–W60,释义待核实，不进入核心练习,kroʊˈeɪʃə,释义待核实，不计入核心练习,
5785,flows,P6,W51–W60,释义待核实，不进入核心练习,ˈfloʊz,释义待核实，不计入核心练习,
5786,stadium,P6,W51–W60,,ˈsteɪdiəm,（露天大型）体育场；n. 体育场，运动场；（古希腊或古罗马的）竞走跑道，战车赛道；斯塔德（古希腊或古罗马长度单位，约185米）,Floodlights illuminated the stadium.　泛光灯照亮了体育场。
5787,venezuela,P6,W51–W60,释义待核实，不进入核心练习,ˌvɛnɪzˈweɪlə,释义待核实，不计入核心练习,
5788,exploration,P6,W51–W60,,ˌɛksplɚˈeɪʃən,n. 勘探，勘察；研究，探究,The moon landing inaugurated a new era in space exploration.　登陆月球开创了太空探索的新纪元。
5789,mins,P6,W51–W60,释义待核实，不进入核心练习,,释义待核实，不计入核心练习,
5790,fewer,P6,W51–W60,释义待核实，不进入核心练习,ˈfjuɚ,释义待核实，不计入核心练习,
5791,sequences,P6,W51–W60,释义待核实，不进入核心练习,ˈsikwənsəz,释义待核实，不计入核心练习,
5792,coupon,P6,W51–W60,,ˈkuˌpɔn,n. 赠券，优惠券；（剪自报刊的）参赛表，订货单；（债券的）息票；（尤指战时食品、衣服或其他商品的）配给券，票证；（固定利息证券的）票面利率；<英>（足球博彩或其他比赛的）彩票；<苏格兰，爱尔兰>脸，面孔,He paid with a two-for-one coupon.　他用一张买二送一优惠券结账。
5793,nurses,P6,W51–W60,释义待核实，不进入核心练习,ˈnɝsəz,释义待核实，不计入核心练习,
5794,ssl,P6,W51–W60,释义待核实，不进入核心练习,,释义待核实，不计入核心练习,
5795,stem,P6,W51–W60,,ˈstɛm,"n. （植物、灌木的）茎，干；（高脚酒杯的）柄脚；（语法中的）词干；烟斗柄；主干；船头，艏柱；（机械装置的）阀杆，导杆，棒；<古，文>血统；<美>（手表的）发条转柄；（文字的）干线，（音符的）符干；<美，非正式>鸦片烟枪；v. 阻止，遏制；止住（液体的流动）；起源于；去梗，去柄；（船）逆流而行；（滑雪）向外转动（滑雪屐）以便转弯（或减速）；给……装柄；abbr. （STEM）理工科的统称（science, technology, engineering, and mathematics）",Stem cell research is supported by many doctors.　干细胞研究得到很多医生的支持。
5796,proxy,P6,W51–W60,,ˈprɑksi,n. 代理权，代表权；代理人，代表；（测算用的）代替物，指标；投票委托书,You can vote either in person or by proxy.　你可以亲自投票或请人代理。
5797,gangbang,P6,W51–W60,释义待核实，不进入核心练习,,释义待核实，不计入核心练习,
5798,astronomy,P6,W51–W60,,əˈstrɑnəmi,天文学；n. 天文学,We are on the threshold of a new era in astronomy.　我们将迈入天文学的新时代。
5799,lanka,P6,W51–W60,释义待核实，不进入核心练习,ˈlæŋkə,释义待核实，不计入核心练习,
5800,opt,P6,W51–W60,,ˈɑpt,v. 选择，作出抉择,People still opt for monogamy and marriage.　人们还是选择单一配偶制和婚姻。
5801,edwards,P6,W51–W60,释义待核实，不进入核心练习,ˈɛdwɚdz,释义待核实，不计入核心练习,
5802,drew,P6,W51–W60,释义待核实，不进入核心练习,ˈdru,释义待核实，不计入核心练习,
5803,contests,P6,W51–W60,释义待核实，不进入核心练习,ˈkɑntɛsts,释义待核实，不计入核心练习,
5804,flu,P6,W51–W60,,ˈflu,n. 流行性感冒，流感；【名】 （Flu）（法）弗吕（人名）,Flu is highly infectious.　流感的传染性很高。
5805,translate,P6,W51–W60,,trænzˈleɪt,v. 译，翻译；（使）转变，（使）变化；意同，相当于，（把……）解释为；（以易于理解的方式）解释，说明；导致，造成；改编，改写；转换（计算机程序或语言所含的信息）；（生）转译（信使RNA中的一组核苷酸）；转移，调动，转变；<正式>调换（主教，苏格兰牧师）的教区；<正式>移葬（圣徒遗骸）；<文>送（人，尤指活人）进天堂；（物理）平移（主干部分）；（数）平移（几何图形）,Most poetry does not translate well.　诗歌大多翻译不好。
5806,announces,P6,W51–W60,释义待核实，不进入核心练习,əˈnaʊnsɪz,释义待核实，不计入核心练习,
5807,mlb,P6,W51–W60,释义待核实，不进入核心练习,,释义待核实，不计入核心练习,
5808,costume,P6,W51–W60,,kɑˈstum,n. 服装，装束；戏服，表演服装；泳衣，泳装；v. 给（某人）穿上特定服装；adj. （戏剧）古装的,Carol boasted about her costume.　卡罗尔吹嘘着她的戏装。
5809,tagged,P6,W51–W60,释义待核实，不进入核心练习,ˈtæɡd,释义待核实，不计入核心练习,
5810,berkeley,P6,W51–W60,释义待核实，不进入核心练习,ˈbɝkli,释义待核实，不计入核心练习,
5811,voted,P6,W51–W60,释义待核实，不进入核心练习,ˈvoʊtɪd,释义待核实，不计入核心练习,
5812,killer,P6,W51–W60,释义待核实，不进入核心练习,ˈkɪlɚ,释义待核实，不计入核心练习,
5813,bikes,P6,W51–W60,释义待核实，不进入核心练习,ˈbaɪks,释义待核实，不计入核心练习,
5814,gates,P6,W51–W60,释义待核实，不进入核心练习,ˈɡeɪts,释义待核实，不计入核心练习,
5815,adjusted,P6,W51–W60,释义待核实，不进入核心练习,əˈdʒʌstɪd,释义待核实，不计入核心练习,
5816,rap,P6,W51–W60,,ˈræp,n. 说唱音乐；说唱歌曲；扣击，快速的敲击；<美，非正式> 指控，罪名；<美，非正式>（尤指人或事的不良）名声，声誉；<美，非正式> 指责，苛评；<美，非正式>（尤指冗长或即兴的）谈论，闲聊；一丁点儿，极少；v. 急拍，快敲；表演说唱音乐，说唱；批评，指责；厉声地说（rap out）；<美，非正式> 闲聊，交谈,They rap about life in the inner city.　他们演唱了有关市区生活的说唱乐。
5817,tune,P6,W51–W60,,ˈtun,n. 曲调，曲子；歌曲，乐段；v. （给乐器）调音，校音；（给收音机、电视等）调谐，调频道；调整，调节（发动机）；调整，使适合；<南非，非正式>告诉；【名】 （Tune）图恩（人名）,I just can't sing in tune!　我一唱就走调！
5818,bishop,P6,W51–W60,,ˈbɪʃəp,"n. 主教；Bishop毕晓普, 伊丽莎白((1911-1979) 美国诗人, 以其大量的, 描述性的著作闻名, 如“加油站”(1965年))；n. （基督教的）主教；（国际象棋中的）象",She played her bishop.　她走象。
5819,pulled,P6,W51–W60,释义待核实，不进入核心练习,ˈpʊld,释义待核实，不计入核心练习,
5820,corn,P6,W51–W60,,ˈkɔrn,n. 谷物，谷粒；玉米；鸡眼；老一套，煽情的东西；v. 腌（肉类等）；使成粒状；【名】 （Corn）（英、法、瑞典）科恩（人名）,She pounded the corn kernels.　她捣碎了玉米粒。
5821,gp,P6,W51–W60,释义待核实，不进入核心练习,,释义待核实，不计入核心练习,
5822,shaped,P6,W51–W60,,ˈʃeɪpt,adj. 具有（或呈）……形状的；以……方式制成（或形成）的；合适的；v. 使成形，塑造；形成（某种信仰、看法等），决定（某事物的发展等）；（运动员）摆姿势，做动作（shape 的过去式和过去分词）,The male bird has a differently shaped head.　雄鸟的头形有点特别。
5823,compression,P6,W51–W60,释义待核实，不进入核心练习,kəmˈprɛʃən,释义待核实，不计入核心练习,
5824,seasonal,P6,W51–W60,,ˈsizənəl,adj. 季节性的，随季节变化的；节令性的，适应节日需要的,Many plants are seasonal.　许多植物是季节性生长的。
5825,establishing,P6,W51–W60,释义待核实，不进入核心练习,ɪˈstæblɪʃɪŋ,释义待核实，不计入核心练习,
5826,farmer,P6,W51–W60,,ˈfɑrmɚ,n. 农夫，农民；n. （Farmer）（英）法默；（法）法尔梅；（西）法梅尔（人名）,There once was a poor farmer who had four sons.　从前有一个贫苦的农夫，他有四个儿子。
5827,counters,P6,W51–W60,释义待核实，不进入核心练习,ˈkaʊntɚz,释义待核实，不计入核心练习,
5828,puts,P6,W51–W60,释义待核实，不进入核心练习,ˈpʊts,释义待核实，不计入核心练习,
5829,constitutional,P6,W51–W60,,ˌkɑnstəˈtuʃənəl,adj. 宪法的；宪法规定的，合乎宪法的；体质的，体格的；本性的，天性的；n. <旧>保健散步,The move was extra-constitutional.　此举在宪法的规定范围之外。
5830,grew,P6,W51–W60,释义待核实，不进入核心练习,ˈɡru,释义待核实，不计入核心练习,
5831,perfectly,P6,W51–W60,,ˈpɝfəktli,adv. 完美地，极佳地；绝对地，完全地,She timed the pass perfectly.　她传球的时机掌握得恰到好处。
5832,tin,P6,W51–W60,,ˈtɪn,n. 锡（一种化学元素，符号为 Sn）；<英>罐，罐头盒；（用于储存糕点或饼干的）有盖金属盒，金属食品盒；<英>（盛涂料、胶水等的）马口铁罐，白铁桶；<英>烤模，烤盘；镀锡铁皮，马口铁（tinplate 的简称）；<英>长方形面包；adj. 锡制的；v. 在……上镀锡（或包锡）,This tin can hold that one.　这个罐头能够装下那个罐头。
5833,slave,P6,W51–W60,,ˈsleɪv,n. 奴隶，苦工；完全受（某事物）控制的人；从动装置；v. 苦干，拼命干；使（装置）从属于（另一装置）；【名】 （Slave）（塞、罗）斯拉韦（人名）,She treated her daughter like a slave.　她对待女儿像对待奴隶一样。
5834,instantly,P6,W51–W60,,ˈɪnstəntli,adv. 立刻，马上；<旧>急切地，坚持地；conj. 一……就……,The man was killed instantly.　那人立即被杀死了。
5835,cultures,P6,W51–W60,释义待核实，不进入核心练习,ˈkʌltʃɚz,释义待核实，不计入核心练习,
5836,norfolk,P6,W51–W60,释义待核实，不进入核心练习,ˈnɔrfək,释义待核实，不计入核心练习,
5837,coaching,P6,W51–W60,释义待核实，不进入核心练习,ˈkoʊtʃɪŋ,释义待核实，不计入核心练习,
5838,examined,P6,W51–W60,释义待核实，不进入核心练习,ɪɡˈzæmənd,释义待核实，不计入核心练习,
5839,trek,P6,W51–W60,,ˈtrɛk,v. （尤指徒步）长途跋涉；（尤指在山中）远足，徒步旅行；缓慢行走，没精打采地走；<南非>不断旅行，过流浪生活；<南非>（牛）拉车，驮运；<南非>用围网捕鱼；<南非，史>（随装载自己财物的牛车）迁移，旅行；n. （显得很漫长的）一段路程；（尤指徒步的）长途艰苦旅行；<南非>大迁徙（the Trek）；<南非>一网鱼；<南非，非正式>财产，所有物；【名】 （Trek）（俄、美）特里克（人名）,How long did you trek for?　你长途跋涉了多长时间？
5840,encoding,P6,W51–W60,释义待核实，不进入核心练习,ɛnˈkoʊdɪŋ,释义待核实，不计入核心练习,
5841,litigation,P6,W51–W60,释义待核实，不进入核心练习,ˌlɪtəˈɡeɪʃən,释义待核实，不计入核心练习,
5842,submissions,P6,W51–W60,释义待核实，不进入核心练习,səbˈmɪʃənz,释义待核实，不计入核心练习,
5843,oem,P6,W51–W60,释义待核实，不进入核心练习,,释义待核实，不计入核心练习,
5844,heroes,P6,W51–W60,释义待核实，不进入核心练习,ˈhɪroʊz,释义待核实，不计入核心练习,
5845,painted,P6,W51–W60,释义待核实，不进入核心练习,ˈpeɪntɪd,释义待核实，不计入核心练习,
5846,lycos,P6,W51–W60,释义待核实，不进入核心练习,ˈlaɪkoʊs,释义待核实，不计入核心练习,
5847,ir,P6,W51–W60,释义待核实，不进入核心练习,,释义待核实，不计入核心练习,
5848,zdnet,P6,W51–W60,释义待核实，不进入核心练习,,释义待核实，不计入核心练习,
5849,broadcasting,P6,W51–W60,,ˈbrɔdˌkæstɪŋ,n. 播放；广播节目；v. 广播（broadcast 的 ing 形式）,Will new technology change the shape of broadcasting?　新技术会改变广播的方式吗？
5850,horizontal,P6,W51–W60,,ˌhɔrəˈzɑntəl,adj. 水平的；（公司）同一层次的；统一的，一致的；地平线的，在地平线上的；n. 水平位置；水平线，水平面,He shifted his position from the horizontal.　他从水平姿势变换成其他姿势。
5851,artwork,P6,W51–W60,,ˈɑrˌtwɝk,n. 艺术品；插图；美术品,This is evident in the artwork from the period.　这在那个时期的艺术作品中很明显。
5852,cosmetic,P6,W51–W60,释义待核实，不进入核心练习,kɑzˈmɛtɪk,释义待核实，不计入核心练习,
5853,resulted,P6,W51–W60,释义待核实，不进入核心练习,rɪˈzʌltɪd,释义待核实，不计入核心练习,
5854,portrait,P6,W51–W60,,ˈpɔrtrət,n. （尤指只刻画脸、头和肩部的）肖像，照片，雕像；描绘，描述；（文件的）纵向打印格式；adj. （纸张、页面、照片等）竖式的，纵向的；【名】 (Portrait）（法）波特雷（人名）,We hung her portrait above the fireplace.　我们把她的画像挂在壁炉上方。
5855,terrorist,P6,W51–W60,,ˈtɛrɚɪst,n. 恐怖主义者，恐怖分子；n. 恐怖主义者，恐怖分子；adj. 恐怖主义者的，恐怖分子的,The terrorist was kept under police guard.　这名恐怖分子当时在警方的看管之下。
5856,informational,P6,W51–W60,释义待核实，不进入核心练习,ˌɪnfɚˈmeɪʃənəl,释义待核实，不计入核心练习,
5857,ethical,P6,W51–W60,,ˈɛθɪkəl,adj. 道德的，伦理的；合乎道德的；有益于人（类）的，环保的；（药品）凭处方出售的,The president has a blind spot on ethical issues.　这位总统似乎看不到伦理问题的重要性。
5858,carriers,P6,W51–W60,释义待核实，不进入核心练习,ˈkæriɚz,释义待核实，不计入核心练习,
5859,ecommerce,P6,W51–W60,释义待核实，不进入核心练习,,释义待核实，不计入核心练习,
5860,mobility,P6,W51–W60,,moʊˈbɪləti,n. （住处、社会阶层、职业方面的）流动能力；活动性，灵活性,It represented upward social and financial mobility.　它代表了社会和金融的向上流动。
5861,floral,P6,W51–W60,,ˈflɔrəl,adj. 花的；植物的，植物群的；花似的,Floral tributes were sent to the church.　敬献的鲜花已送往教堂。
5862,builders,P6,W51–W60,释义待核实，不进入核心练习,ˈbɪldɚz,释义待核实，不计入核心练习,
5863,ties,P6,W51–W60,释义待核实，不进入核心练习,ˈtaɪz,释义待核实，不计入核心练习,
5864,struggle,P6,W51–W60,,ˈstrʌɡəl,v. 奋斗，努力；搏斗，扭打，挣扎脱身；争夺，争抢；奋力前进，艰难行进；n. 奋斗，斗争；难事；搏斗，扭打,He gave up the struggle in despair.　他绝望地放弃了斗争。
5865,schemes,P6,W51–W60,释义待核实，不进入核心练习,ˈskimz,释义待核实，不计入核心练习,
5866,suffering,P6,W51–W60,,ˈsʌfɚɪŋ,n. （内心或肉体的）痛苦，问题；痛苦的感觉；v. 遭受；经历；（因疾病、痛苦、悲伤等）受痛苦，受损害（suffer 的现在分词形式）,I hate to see animals suffering.　我不忍心看动物受苦。
5867,neutral,P6,W51–W60,,ˈnutrəl,adj. 中立的，不偏不倚的；中性的，不带感情色彩的；暗淡的，素净的；（化学中）中性的，非酸非碱的；不带电的；n. （车辆排挡的）空挡；中立者，中立国；素净色，中和色；不活动，停滞；不带电的接触点,Let's meet on neutral territory.　我们在中立地区会面吧。
5868,fisher,P6,W51–W60,释义待核实，不进入核心练习,ˈfɪʃɚ,释义待核实，不计入核心练习,
5869,rat,P6,W51–W60,,ˈræt,n. 老鼠；<非正式>卑鄙小人（尤指欺诈或变节者）；<非正式> 常客，常待在某处的人；<美>（为头发定型做出饱满效果的）女用发垫；v. 捕（捉）老鼠，灭鼠；<非正式> 告发，告密；<非正式> 背信弃义，食言；<美>用发垫给（头发）定型；int. （rats） <非正式>胡说，去你的（用以表示轻度烦恼，恼怒）,"Mr. Rat, Mr. Rat, I'm near the river.　老鼠先生，老鼠先生，我在河边。"
5870,spears,P6,W51–W60,释义待核实，不进入核心练习,ˈspɪrz,释义待核实，不计入核心练习,
5871,prospective,P6,W51–W60,,prəˈspɛktɪv,adj. 有希望的，潜在的； 可能发生的，预期的,A prospective premium of about 30 percent on their initial investment is enticing.　初始投资30％左右的预期收益是诱人的。
5872,bedding,P6,W51–W60,释义待核实，不进入核心练习,ˈbɛdɪŋ,释义待核实，不计入核心练习,
5873,ultimately,P6,W51–W60,,ˈʌltəmətli,adv. 最终，最后；根本上，最重要地,The divorce ultimately led to his ruin.　离婚最终使得他一贫如洗。
5874,joining,P6,W51–W60,释义待核实，不进入核心练习,ˈdʒɔɪnɪŋ,释义待核实，不计入核心练习,
5875,heading,P6,W51–W60,,ˈhɛdɪŋ,n. 标题，题目；类名，条目；方向，航向；（为筑隧道作准备而造的）横向巷道；顶幔；v. 朝（某方向）行进；领导；位于排行之首（动词head 的现在分词形式）；【名】 （Heading）（美）黑丁（人名）,Where are we heading?　我们要往哪儿去？
5876,equally,P6,W51–W60,,ˈikwəli,adv. （程度）相当地，同样地；平均地，相等地；（用于补充观点）同样（重要）地,Diet and exercise are equally important.　饮食和锻炼同样重要。
5877,artificial,P6,W51–W60,,ˌɑrtəˈfɪʃəl,adj. 人造的，人工的；人为的；不真挚的，矫揉造作的,This food contains no artificial flavourings.　这种食品不含人工调味品。
5878,bearing,P6,W51–W60,,ˈbɛrɪŋ,n. 举止，仪态；与……有关，对……有影响；（对坏事的）宽容，容忍；轴承，支轴；方位，方向角；（用罗盘）定向，测位；（盾形纹章面上的）图案；v. 写有，刻有；手持，携带；承担（bear 的现在分词形式）,Her whole bearing was alert.　她整个人保持着戒备状态。
5879,spectacular,P6,W51–W60,,spɛkˈtækjəlɚ,adj. 壮观的，令人惊叹的；惊人的，突如其来的；n. 壮观场面，盛大演出,Vieira scored a spectacular goal.　维埃拉攻进了一个精彩入球。
5880,coordination,P6,W51–W60,,koʊˌɔrdəˈneɪʃən,n. 协调，配合；身体的协调性；配位；同一等级（或类别）,Learning to drive is all a matter of coordination.　学开车主要是靠协调。
5881,connector,P6,W51–W60,释义待核实，不进入核心练习,kəˈnɛktɚ,释义待核实，不计入核心练习,
5882,brad,P6,W51–W60,释义待核实，不进入核心练习,ˈbræd,释义待核实，不计入核心练习,
5883,combo,P6,W51–W60,释义待核实，不进入核心练习,ˈkɑmˌboʊ,释义待核实，不计入核心练习,
5884,seniors,P6,W51–W60,释义待核实，不进入核心练习,ˈsinjɚz,释义待核实，不计入核心练习,
5885,worlds,P6,W51–W60,释义待核实，不进入核心练习,ˈwɝldz,释义待核实，不计入核心练习,
5886,guilty,P6,W51–W60,,ˈɡɪlti,adj. 内疚的，羞愧的；有罪的，有过失的,The jury found him guilty.　陪审团裁决他有罪。
5887,affiliated,P6,W51–W60,释义待核实，不进入核心练习,əˈfɪliˌeɪtɪd,释义待核实，不计入核心练习,
5888,activation,P6,W51–W60,,ˌæktəˈveɪʃən,n. [电子][物] 激活；活化作用,Nitric oxide synthase activity may also result in the subsequent activation of guanylyl cyclase and PKG.　一氧化氮合酶活性也可能导致随后的冠状液环化酶和 PKG 的激活。
5889,naturally,P6,W51–W60,,ˈnætʃɚəli,adv. 自然地，天然地；当然地，必然地；天生地，天性地；不做作地；合乎常理地,I've got naturally curly hair.　我长着天生的卷发。
5890,haven,P6,W51–W60,释义待核实，不进入核心练习,ˈheɪvən,释义待核实，不计入核心练习,
5891,tablet,P6,W51–W60,,ˈtæblət,n. 药片，片剂；丸；（石头、黏土等制的刻字的）牌，碑，匾；平板电脑；<美> 便笺簿，拍纸簿；<旧> 一块肥皂；（单线）路牌；檐板；<苏格兰> 乳脂软糖；（计算机的）输入板，手写板,Take one tablet every four hours.　隔四小时服一片。
5892,jury,P6,W51–W60,,ˈdʒʊri,n. 陪审团；（竞赛的）裁判委员会；adj. （航海时）应急的；v. <美>鉴定，评审（艺术品、工艺品展览会或展品）,Has the jury reached a verdict ?　陪审团作出裁定了吗？
5893,dos,P6,W51–W60,释义待核实，不进入核心练习,ˈdɔs,释义待核实，不计入核心练习,
5894,tail,P6,W51–W60,,ˈteɪl,n. （动物的）尾巴；（一些蝴蝶的）狭翅须；（物体的）尾状物，尾部；（离去事物的）末尾部分；<非正式>盯梢人，跟踪者；（男子）燕尾服；硬币的反面（tails）；（水池的）浅水端，（河流的）下游；（屋瓦的）叠余外露部分；（板球）最弱的击球手；（数）截尾；（男子）燕尾服（tails）；v. 跟踪，盯梢；（飞行物体）曲线移动； 拉紧（绞索）；除去（水果或蔬菜的）梗,The pony swished its tail.　小马刷刷地甩着尾巴。
5895,subscribers,P6,W51–W60,释义待核实，不进入核心练习,səbˈskraɪbɚz,释义待核实，不计入核心练习,
5896,charm,P6,W51–W60,,ˈtʃɑrm,n. 魅力，魔力；护身符，咒语；小挂件，小饰物；粲，粲数；v. 吸引，迷住；诱使，哄诱；向……施魔法，用魔法控制；有魔力,Her charm is undeniable.　她的魅力无可否认。
5897,lawn,P6,W51–W60,,ˈlɔn,n. 草坪，草地；上等细棉布，上等细麻布；【名】 （Lawn）（缅）朗（人名）,I mow the lawn every week in summer.　夏天我每周都要修剪草坪。
5898,violent,P6,W51–W60,,ˈvaɪələnt,adj. 暴力的；（人）有暴力倾向的；含暴力行为的；剧烈的；（风、暴风雨或爆炸）强烈的，猛烈的；带有强烈愤怒情绪的，激烈的；（颜色的）鲜艳的,He had violent stomach pains.　他有过剧烈的胃痛。
5899,mitsubishi,P6,W51–W60,释义待核实，不进入核心练习,ˌmɪtˌsuˈbiʃi,释义待核实，不计入核心练习,
5900,underwear,P6,W51–W60,,ˈʌndɚˌwɛr,n. 内衣，衬衣,She packed one change of underwear.　她打行李时带了一套换洗的内衣。
5901,basin,P6,W51–W60,,ˈbeɪsən,n. 盆；洗涤槽；流域；盆地，海盆；内港，内湾；【名】 （Basin）（俄）巴辛，（法）巴赞（人名）,Water dripped into a basin at the back of the room.　水滴入房间后面的一个盆里。
5902,soup,P6,W51–W60,,ˈsup,汤；n. 汤，羹；马力；vt. 加速；增加马力,There's a hair in my soup.　我的汤里有根毛。
5903,potentially,P6,W51–W60,,pəˈtɛnʃəli,adv. 可能地，潜在地,The sums of money involved are potentially huge.　涉及的金额可能很大。
5904,ranch,P6,W51–W60,,ˈræntʃ,n. （尤指饲养牛、马、羊等的）大农场，大牧场；<美>牧场式住宅（=ranch house）；<美>酸奶油沙拉酱（=ranch dressing）；v. 经营牧场（或农场）；在农场饲养（牲畜）；把（土地）用作牧场（或农场）,I have set the wheels in motion to sell their Arizona ranch.　我已着手出售他们在亚利桑那州的大农场。
5905,constraints,P6,W51–W60,释义待核实，不进入核心练习,kənˈstreɪnts,释义待核实，不计入核心练习,
5906,crossing,P6,W51–W60,,ˈkrɔsɪŋ,n. 人行横道，渡口；交叉口，十字路口；横渡，横越；（十字形教堂中）中殿和耳堂相交处；v. 穿越，横渡；交叉；反对（cross 的现在分词形式）,She was mowed down on a pedestrian crossing.　她被撞死在人行横道上。
5907,inclusive,P6,W51–W60,,ˌɪnˈklusɪv,adj. 包容广阔的；包括一切费用在内的；包括的，包含的；无性别歧视的；对外开放的,Answer questions 8 to 12 inclusive.　回答第8到第12题。
5908,dimensional,P6,W51–W60,,dɪˈmɛnʃənəl,adj. 维度的,This is a three-dimensional crystal.　这是一个三维的晶体。
5909,cottage,P6,W51–W60,,ˈkɑtədʒ,n. 小屋，村舍，乡间别墅,The cottage sounds idyllic.　小屋看来恬静宜人。
5910,drunk,P6,W51–W60,,ˈdrʌŋk,adj. 喝醉的，醉酒的；陶醉的，沉醉的，忘乎所以；n. 酗酒者，酒鬼；<非正式>纵饮，醉酒；v. 喝，饮；喝酒（drink 的过去分词形式）,"He staggered home, drunk.　他喝醉酒，踉跄着回了家。"
5911,considerable,P6,W51–W60,,kənˈsɪdɚəbəl,adj. 相当大的，相当重要的；（人）显要的，值得尊敬的,Damage to the building was considerable.　对这栋建筑物的损坏相当严重。
5912,crimes,P6,W51–W60,释义待核实，不进入核心练习,ˈkraɪmz,释义待核实，不计入核心练习,
5913,resolved,P6,W51–W60,释义待核实，不进入核心练习,riˈzɑlvd,释义待核实，不计入核心练习,
5914,mozilla,P6,W51–W60,释义待核实，不进入核心练习,,释义待核实，不计入核心练习,
5915,byte,P6,W51–W60,释义待核实，不进入核心练习,ˈbaɪt,释义待核实，不计入核心练习,
5916,toner,P6,W51–W60,释义待核实，不进入核心练习,ˈtoʊnɚ,释义待核实，不计入核心练习,
5917,nose,P6,W51–W60,,ˈnoʊz,n. 鼻子；（飞机、火箭等的）头部，机首；嗅觉；觉察力；（酒的）特有的气味；<非正式>警方线人；探听，探问；v. （车辆、船只等）缓慢地前行；（动物用鼻子）拱，嗅；勉强领先（或获胜）；<非正式>窥探，搜寻,Her nose was spurting blood.　她鼻子里汩汩冒着血。
5918,latex,P6,W51–W60,释义待核实，不进入核心练习,ˈleɪˌtɛks,释义待核实，不计入核心练习,
5919,branches,P6,W51–W60,释义待核实，不进入核心练习,ˈbræntʃəz,释义待核实，不计入核心练习,
5920,anymore,P6,W51–W60,释义待核实，不进入核心练习,ˌɛniˈmɔr,释义待核实，不计入核心练习,
5921,oclc,P6,W51–W60,释义待核实，不进入核心练习,,释义待核实，不计入核心练习,
5922,delhi,P6,W51–W60,释义待核实，不进入核心练习,ˈdɛli,释义待核实，不计入核心练习,
5923,holdings,P6,W51–W60,释义待核实，不进入核心练习,ˈhoʊldɪŋz,释义待核实，不计入核心练习,
5924,alien,P6,W51–W60,,ˈeɪliən,adj. 陌生的；外国的，异域的；与外星人有关的，与地球外有关的；（植物或动物种类）外来的；不相容的，格格不入的 （alien to）；n. 外国人，侨民；外星人（或生物）；（植物或动物种类）外国引进品种；v. 让渡，转让,Such an attitude is alien to most businessmen.　这种态度对大多数商人都很陌生。
5925,locator,P6,W51–W60,释义待核实，不进入核心练习,ˈloʊˌkeɪtɚ,释义待核实，不计入核心练习,
5926,selecting,P6,W51–W60,释义待核实，不进入核心练习,səˈlɛktɪŋ,释义待核实，不计入核心练习,
5927,processors,P6,W51–W60,释义待核实，不进入核心练习,ˈprɑˌsɛsɚz,释义待核实，不计入核心练习,
5928,pantyhose,P6,W51–W60,释义待核实，不进入核心练习,ˈpæntiˌhoʊz,释义待核实，不计入核心练习,
5929,plc,P6,W51–W60,释义待核实，不进入核心练习,,释义待核实，不计入核心练习,
5930,broke,P6,W51–W60,释义待核实，不进入核心练习,ˈbroʊk,释义待核实，不计入核心练习,
5931,nepal,P6,W51–W60,释义待核实，不进入核心练习,nəˈpɔl,释义待核实，不计入核心练习,
5932,zimbabwe,P6,W51–W60,释义待核实，不进入核心练习,zɪmˈbɑbweɪ,释义待核实，不计入核心练习,
5933,difficulties,P6,W51–W60,释义待核实，不进入核心练习,ˈdɪfəkəltiz,释义待核实，不计入核心练习,
5934,juan,P6,W51–W60,释义待核实，不进入核心练习,ˈwɑn,释义待核实，不计入核心练习,
5935,complexity,P6,W51–W60,,kəmˈplɛksəti,n. 复杂性，错综复杂；复杂之处，费解之处,The situation presents great complexity.　形势显得极为复杂。
5936,msg,P6,W51–W60,释义待核实，不进入核心练习,,释义待核实，不计入核心练习,
5937,constantly,P6,W51–W60,,ˈkɑnstəntli,adv. 总是，经常地，不断地,Planes flew overhead constantly.　飞机不断从头顶上飞过。
5938,browsing,P6,W51–W60,释义待核实，不进入核心练习,ˈbraʊzɪŋ,释义待核实，不计入核心练习,
5939,resolve,P6,W51–W60,,riˈzɑlv,v. 解决（问题或困难）；决定，下定决心；作出决议，表决；分解，转化；（使）（症状、病情）消散，消退；解析，解离；分析；（不协和音）转向协和；（当远处物体看得更清楚时）变成；（光学仪器等）分辨；辨析（图表或光谱峰值）；n. <正式>决心，坚定的信念；<美>正式决定，决议；决定要做的事,Nothing could weaken his resolve to continue.　什么也不能削弱他继续下去的决心。
5940,barcelona,P6,W51–W60,释义待核实，不进入核心练习,ˌbɑrsɪˈloʊnə,释义待核实，不计入核心练习,
5941,presidential,P6,W51–W60,,ˌprɛzəˈdɛnʃəl,adj. 与总统有关的；总统似的，像总统的（尤指貌似自信大方、经验老到的）,A presidential election was scheduled for last December.　一场总统大选计划在去年12月举行。
5942,documentary,P6,W51–W60,,ˌdɑkjəˈmɛntɚi,n. 纪实节目，纪录片；adj. 书面的，文件的，文献的；记录的，纪实的,The documentary painted her in a bad light.　纪录片的描绘对她很不利。
5943,cod,P6,W51–W60,释义待核实，不进入核心练习,ˈkɑd,释义待核实，不计入核心练习,
5944,territories,P6,W51–W60,释义待核实，不进入核心练习,ˈtɛrəˌtɔriz,释义待核实，不计入核心练习,
5945,melissa,P6,W51–W60,释义待核实，不进入核心练习,məˈlɪsə,释义待核实，不计入核心练习,
5946,moscow,P6,W51–W60,释义待核实，不进入核心练习,ˈmɑˌskoʊ,释义待核实，不计入核心练习,
5947,thesis,P6,W51–W60,,ˈθisəs,n. 论文，毕业（或学位）论文；论题，论点；（文章的）主题；（黑格尔哲学用语）正题；（诗韵）扬音节,This thesis does not stand up to close inspection.　这个论点经不起仔细推敲。
5948,thru,P6,W51–W60,释义待核实，不进入核心练习,ˈθru,释义待核实，不计入核心练习,
5949,jews,P6,W51–W60,释义待核实，不进入核心练习,ˈdʒuz,释义待核实，不计入核心练习,
5950,nylon,P6,W51–W60,,ˈnaɪˌlɑn,n. 尼龙，[纺] 聚酰胺纤维；尼龙袜,This material is 45% nylon.　这种材料含45%的尼龙。
5951,palestinian,P6,W51–W60,释义待核实，不进入核心练习,ˌpælɪˈstɪniən,释义待核实，不计入核心练习,
5952,discs,P6,W51–W60,释义待核实，不进入核心练习,ˈdɪsks,释义待核实，不计入核心练习,
5953,rocky,P6,W51–W60,释义待核实，不进入核心练习,ˈrɑki,释义待核实，不计入核心练习,
5954,bargains,P6,W51–W60,释义待核实，不进入核心练习,ˈbɑrɡənz,释义待核实，不计入核心练习,
5955,frequent,P6,W51–W60,,ˈfrikwənt,adj. 频繁的，经常性的；<古>间隔很近的；v. 常去，常出入于,She's a frequent visitor to the US.　她经常去美国。
5956,trim,P6,W51–W60,,ˈtrɪm,v. 修剪，修整；削减，减少；修饰，点缀（尤指某物的边缘）；切除，剪掉（不规则或不需要的部分）；调整（船帆）利用风力；使（飞机）配平；调整负载以保持（船，飞机）的平衡；使（身体某一部分）变结实，变瘦；（为个人升迁而在政治上）随大流，见风使舵；n. （尤指毛发的）修剪；额外装饰，边饰，点缀物；汽车装饰（尤指车内座椅铺面或内垫衬料）；（电影剪辑后的）废片；（船在水中的）水平位势；（飞机）配平；良好的状态（或情况）；机翼的位置；adj. 整齐的，整洁美观的；修长的，苗条而健康的,The hedge needs a trim.　这树篱得修剪了。
5957,nigeria,P6,W51–W60,释义待核实，不进入核心练习,naɪˈdʒɪriə,释义待核实，不计入核心练习,
5958,ceiling,P6,W51–W60,,ˈsilɪŋ,n. 天花板，吊顶；上限，最高限度；最高飞行限度，升限,The ceiling was grey and cracked.　该天花板是灰色并有裂缝的。
5959,pixels,P6,W51–W60,释义待核实，不进入核心练习,ˈpɪksəlz,释义待核实，不计入核心练习,
5960,ensuring,P6,W51–W60,释义待核实，不进入核心练习,ɛnˈʃʊrɪŋ,释义待核实，不计入核心练习,
5961,hispanic,P6,W51–W60,释义待核实，不进入核心练习,hɪˈspænɪk,释义待核实，不计入核心练习,
5962,cv,P6,W51–W60,释义待核实，不进入核心练习,ˌsiˈvi,释义待核实，不计入核心练习,
5963,cb,P6,W51–W60,释义待核实，不进入核心练习,ˌsiˈbi,释义待核实，不计入核心练习,
5964,legislature,P6,W51–W60,,ˈlɛdʒəˌsleɪtʃɚ,n. 立法机关；立法机构,A roar of approval resounded through the legislature.　一片赞成声在议会中回响。
5965,hospitality,P6,W51–W60,,ˌhɑspəˈtæləti,酒店管理；n. 殷勤款待，好客；（公司或机构提供给顾客的）食宿娱乐招待,Their hospitality is proverbial.　他们的热情好客人人皆知。
5966,gen,P6,W51–W60,释义待核实，不进入核心练习,ˈdʒɛn,释义待核实，不计入核心练习,
5967,anybody,P6,W51–W60,,ˈɛnibədi,pron. 任何人；有人，别人；随便哪一个人；n. 重要人物；平常人,"Hello, is there anybody there?　喂，那里有人吗？"
5968,procurement,P6,W51–W60,,proʊkˈjʊrmənt,n. （尤指为政府或机构）采购，购买；取得，获得；,"Russia was cutting procurement of new weapons ""by about 80 percent,"" he said.　他说俄罗斯正“以大约百分之八十的幅度”削减新武器的补给。"
5969,diamonds,P6,W51–W60,释义待核实，不进入核心练习,ˈdaɪməndz,释义待核实，不计入核心练习,
5970,espn,P6,W51–W60,释义待核实，不进入核心练习,ˌiˌɛˌspiˈɛn,释义待核实，不计入核心练习,
5971,fleet,P6,W51–W60,,ˈflit,n. 船队，舰队；（某家公司控制的）车队；小湾，水道；adj. <文>快速的；快速的；（水）浅的；adv. 浅，不深地,They maintain a very powerful fleet in Oriental waters.　他们在远东海域保持着一支非常强大的舰队。
5972,untitled,P6,W51–W60,释义待核实，不进入核心练习,,释义待核实，不计入核心练习,
5973,bunch,P6,W51–W60,,ˈbʌntʃ,n. 束，串，扎；一伙，一群；大量；<英>发辫（bunches）；突起；v. 捆，扎，使集中；收紧，起褶；【名】 （Bunch）（英）邦奇（人名）,They're a bunch of morons.　他们是一群蠢货。
5974,totals,P6,W51–W60,释义待核实，不进入核心练习,ˈtoʊtəlz,释义待核实，不计入核心练习,
5975,marriott,P6,W51–W60,释义待核实，不进入核心练习,ˈmɛriət,释义待核实，不计入核心练习,
5976,singing,P6,W51–W60,,ˈsɪŋɪŋ,n. 歌唱；歌声；耳鸣；振鸣；adj. 唱歌的；音乐般的；v. 唱（歌），演唱；鸣，啼；呜呜作响，发出嗖嗖声（sing 的现在分词）,I'm not very good at singing.　我不很擅长唱歌。
5977,theoretical,P6,W51–W60,,ˌθiɚˈɛtɪkəl,adj. 理论的；理论上存在的，假设的,It's a theoretical possibility.　这是理论上存在的可能性。
5978,afford,P6,W51–W60,,əˈfɔrd,v. 买得起；有（时间）做某事；承担得起；<正式>提供，给予；n. （Afford）（英、美）阿福德（人名）,Can we afford a new car?　我们买得起一辆新车吗？
5979,exercises,P6,W51–W60,释义待核实，不进入核心练习,ˈɛksɚˌsaɪzəz,释义待核实，不计入核心练习,
5980,starring,P6,W51–W60,释义待核实，不进入核心练习,ˈstɑrɪŋ,释义待核实，不计入核心练习,
5981,referral,P6,W51–W60,释义待核实，不进入核心练习,rɪˈfɝəl,释义待核实，不计入核心练习,
5982,nhl,P6,W51–W60,释义待核实，不进入核心练习,,释义待核实，不计入核心练习,
5983,surveillance,P6,W51–W60,,sɚˈveɪləns,n. 监视，监察,He was arrested after being kept under constant surveillance.　他在被连续监视之后给逮捕了。
5984,optimal,P6,W51–W60,,ˈɑptəməl,adj. 最佳的，最适的,You can get a globally optimal solution from locally optimal solutions to sub-problems.　你可以通过子问题的局部最优方案从而得到全局优化解决方案。
5985,quit,P6,W51–W60,,ˈkwɪt,v. <美，非正式>停止，戒掉；<非正式>离开（工作岗位、学校等），离任；搬离（租住的房子），离开（某地）；关闭，退出（计算机程序等）；使解除，使摆脱；adj. 摆脱了……的，已经了结的（quit of）；n. 辞职，离任,Quit it! That hurts!　戒掉它吧！这东西害人！
5986,distinct,P6,W51–W60,,dɪˈstɪŋkt,adj. 不同的，有区别的；清楚的，明显的；确切的,There was a distinct smell of gas.　有一股明显的煤气味。
5987,protocols,P6,W51–W60,释义待核实，不进入核心练习,ˈproʊtəˌkɔlz,释义待核实，不计入核心练习,
5988,lung,P6,W51–W60,,ˈlʌŋ,n. 肺；呼吸器；【名】 （Lung）（越）珑，（罗、塞、匈、瑞典、德）伦格（人名）,He has terminal lung cancer.　他患有晚期肺癌。
5989,highlight,P6,W51–W60,,ˈhaɪˌlaɪt,v. 突出，强调；用亮色突出；挑染；n. 最好（或最精彩、最激动人心）的部分；挑染的头发；强光部分,The surveyor's report didn't highlight anything untoward.　测量员的报告没有强调有出乎意料的困难。
5990,substitute,P6,W51–W60,,ˈsʌbstəˌtut,n. 替代品，代替物；（体育比赛中的）替补队员；令人满意的替代物，与之媲美的事物；<苏格兰，法律>副职；v. 用……代替；（比赛中）替换（运动员）；代替（某人的工作）；（化）取代（分子中的一个或一组原子，尤指氢原子）；adj. 替代性的,He was brought on as (a) substitute after half-time.　他作为替补队员在下半场上场。
5991,inclusion,P6,W51–W60,,ˌɪnˈkluʒən,n. 包含，包括；包含物，包括的人；认同感，归属感,"This will cost money, but if social inclusion is to succeed, it must be spent.　这将花费金钱，但是要想社会包容取得成功，这笔钱就必须得花。"
5992,hopefully,P6,W51–W60,,ˈhoʊpfəli,adv. 有希望地，有前途地,"Hopefully, we'll arrive before dark.　我们有望在天黑前到达。"
5993,brilliant,P6,W51–W60,,ˈbrɪljənt,adj. 巧妙的，使人印象深的；成功的，辉煌的；聪颖的，技艺高超的；明亮的，鲜艳的,He was a brilliant musician.　他曾是一位出色的音乐家。
5994,turner,P6,W51–W60,释义待核实，不进入核心练习,ˈtɝnɚ,释义待核实，不计入核心练习,
5995,sucking,P6,W51–W60,释义待核实，不进入核心练习,ˈsʌkɪŋ,释义待核实，不计入核心练习,
5996,cents,P6,W51–W60,释义待核实，不进入核心练习,ˈsɛnts,释义待核实，不计入核心练习,
5997,reuters,P6,W51–W60,释义待核实，不进入核心练习,ˈrɔɪtɚz,释义待核实，不计入核心练习,
5998,ti,P6,W51–W60,释义待核实，不进入核心练习,ˈti,释义待核实，不计入核心练习,
5999,fc,P6,W51–W60,释义待核实，不进入核心练习,,释义待核实，不计入核心练习,
6000,gel,P6,W51–W60,,ˈdʒɛl,【名】 （Gel）（俄、乌、美）格尔（人名）；n. 凝胶，（尤指）发胶；<英>上流社会的少女，有教养的少女；彩色滤光板；v. （想法、计划等）成形，变明确；联手共事，结为一体；形成胶体，胶化；给头发涂发胶,The gel gives your hair a gloss.　发胶使你的头发有了光泽。
6001,todd,P6,W51–W60,释义待核实，不进入核心练习,ˈtɑd,释义待核实，不计入核心练习,
6002,spoken,P6,W51–W60,,ˈspoʊkən,v. 谈话；说话；提起；会说（某种语言）；用（某种语言）说话（speak 的过去分词）；adj. 以某种方式说话的；口头的,"He was a gentle, soft-spoken, intelligent man.　他是个和蔼、说话温和、睿智的人。"
6003,omega,P6,W51–W60,释义待核实，不进入核心练习,oʊˈmɛɡə,释义待核实，不计入核心练习,
6004,evaluated,P6,W51–W60,释义待核实，不进入核心练习,ɪˈvæljuˌeɪtəd,释义待核实，不计入核心练习,
6005,stayed,P6,W51–W60,释义待核实，不进入核心练习,ˈsteɪd,释义待核实，不计入核心练习,
6006,civic,P6,W51–W60,,ˈsɪvɪk,adj. 城镇的，市政的；公民的，市民的,We also found little interest in civic life beyond the tight circles of their family and immediate friends.　我们也发现，除了他们的家庭和亲密朋友的小圈子之外，他们对公民生活几乎没有什么兴趣。
6007,assignments,P6,W51–W60,释义待核实，不进入核心练习,əˈsaɪnmənts,释义待核实，不计入核心练习,
6008,fw,P6,W51–W60,释义待核实，不进入核心练习,,释义待核实，不计入核心练习,
6009,manuals,P6,W51–W60,释义待核实，不进入核心练习,ˈmænjuəlz,释义待核实，不计入核心练习,
6010,doug,P6,W51–W60,释义待核实，不进入核心练习,ˈdʌɡ,释义待核实，不计入核心练习,
6011,sees,P6,W51–W60,释义待核实，不进入核心练习,ˈsiz,释义待核实，不计入核心练习,
6012,termination,P6,W51–W60,释义待核实，不进入核心练习,tɚməˈneɪʃən,释义待核实，不计入核心练习,
6013,watched,P6,W51–W60,释义待核实，不进入核心练习,ˈwɑtʃt,释义待核实，不计入核心练习,
6014,saver,P6,W51–W60,释义待核实，不进入核心练习,ˈseɪvɚ,释义待核实，不计入核心练习,
6015,thereof,P6,W51–W60,释义待核实，不进入核心练习,ˌðɛˈrʌv,释义待核实，不计入核心练习,
6016,grill,P6,W51–W60,,ˈɡrɪl,n. 烤架；带烤架的炊具；电焙盘；一盘烧烤食物（尤指烤肉）；烤肉店；门窗护栏（同 grille）；v. 烧烤，烤制；盘问，追问,I'll grill the lobster.　我来烤龙虾。
6017,households,P6,W51–W60,释义待核实，不进入核心练习,ˈhaʊsˌhoʊldz,释义待核实，不计入核心练习,
6018,gs,P6,W51–W60,释义待核实，不进入核心练习,,释义待核实，不计入核心练习,
6019,redeem,P6,W51–W60,,rɪˈdim,v. 补救，掩饰……之不足；挽回（声誉），弥补（过错）（redeem oneself）；（尤指基督教中）解救，为……赎罪；偿还（欠款）；兑换（优惠券、彩票等）；赎回（股票、债券等）；履行，遵守（诺言）,He was able to redeem his watch from the pawnshop.　他得以从当铺赎回他的表。
6020,rogers,P6,W51–W60,释义待核实，不进入核心练习,ˈrɑdʒɚz,释义待核实，不计入核心练习,
6021,grain,P6,W51–W60,,ˈɡreɪn,n. 谷物，谷粒；颗粒，细粒；少量；纹理；（表面的）质地，触感；格令（旧的重量单位，一格令相当于0.065克）；（照片、底片的）显影颗粒；（用于火箭发动机的）固体推进剂；（皮革或其他类似人工材料的）粗糙面，皱面；（石头和煤等原料的）解理面，劈理面；<古>（人的）性格，天性；<史>胭脂虫，胭脂虫红；v. 使表面（或纹理）粗糙；成粒状；（尤指将家具或内表面）漆成木纹（或大理石纹）；将（生皮）去毛；<美>用谷物喂（马）；【名】 （Grain）（法）格兰（人名）,Surplus grain is being sold for export.　过剩的谷物正销往国外。
6022,aaa,P6,W51–W60,释义待核实，不进入核心练习,ˌtrɪpəˈleɪ,释义待核实，不计入核心练习,
6023,authentic,P6,W51–W60,,əˈθɛntɪk,adj. 原作的，真迹的；传统的，正宗的；逼真的，仿真的；真实的，可靠的,I don't know if the painting is authentic.　我不知道这幅画是不是真迹。
6024,regime,P6,W51–W60,,rəˈʒim,n. （尤指独裁的）政府，政权；（机构、公司、经济等的）管理制度，组织方法；饮食起居制度，养生法,The regime is now in its death throes.　这一政权大势已去。
6025,wanna,P6,W51–W60,释义待核实，不进入核心练习,ˈwɑnə,释义待核实，不计入核心练习,
6026,wishes,P6,W51–W60,释义待核实，不进入核心练习,ˈwɪʃɪz,释义待核实，不计入核心练习,
6027,bull,P6,W51–W60,,ˈbʊl,n. 公牛；雄性大型动物；买空者，多头；教皇诏书，教皇训谕；<非正式>废话，胡说八道；靶心；v. <非正式>用力推，猛推；（母牛）发情；【名】 （Bull）（英、葡、瑞典、芬、挪、德）布尔（人名）,That's a load of bull!　那是胡说八道！
6028,montgomery,P6,W51–W60,释义待核实，不进入核心练习,mɑntˈɡʌmri,释义待核实，不计入核心练习,
6029,architectural,P6,W51–W60,,ˌɑrkəˈtɛktʃɚəl,adj. 建筑学的，建筑方面的；与建筑物相似的；,He constructed his house with an eye to architectural beauty.　他在建造房屋时着眼于建筑之美。
6030,louisville,P6,W51–W60,释义待核实，不进入核心练习,ˈluiˌvɪl,释义待核实，不计入核心练习,
6031,depend,P6,W51–W60,,dɪˈpɛnd,v. 取决于；依赖，依靠；相信，指望；那得看情况；（语法上）从属（depend on/upon）,Wage rates depend on levels of productivity.　工资水平取决于生产量的多寡。
6032,differ,P6,W51–W60,,ˈdɪfɚ,v. 不同于；意见有分歧；【名】 （Differ）（法）迪费（人名）,How they differ in composition?　他们在成分上有什么不同？
6033,macintosh,P6,W51–W60,释义待核实，不进入核心练习,ˈmækənˌtɔʃ,释义待核实，不计入核心练习,
6034,movements,P6,W51–W60,释义待核实，不进入核心练习,ˈmuvmənts,释义待核实，不计入核心练习,
6035,ranging,P6,W51–W60,释义待核实，不进入核心练习,ˈreɪndʒɪŋ,释义待核实，不计入核心练习,
6036,monica,P6,W51–W60,释义待核实，不进入核心练习,ˈmɑnɪkə,释义待核实，不计入核心练习,
6037,repairs,P6,W51–W60,释义待核实，不进入核心练习,rɪˈpɛrz,释义待核实，不计入核心练习,
6038,breath,P6,W51–W60,,ˈbrɛθ,n. 呼吸，气息；一次吸入的空气；（风或气流的）一丝，丝毫；微量，迹象；一瞬间,Shona struggled for breath.　肖娜艰难地喘着气。
6039,amenities,P6,W51–W60,释义待核实，不进入核心练习,əˈmɛnətiz,释义待核实，不计入核心练习,
6040,virtually,P6,W51–W60,,ˈvɝtʃuəli,adv. 事实上，几乎；虚拟地，模拟地,He virtually admitted he was guilty.　他实际上已承认自己有罪。
6041,cole,P6,W51–W60,释义待核实，不进入核心练习,ˈkoʊl,释义待核实，不计入核心练习,
6042,mart,P6,W51–W60,释义待核实，不进入核心练习,ˈmɑrt,释义待核实，不计入核心练习,
6043,candle,P6,W51–W60,,ˈkændəl,n. 蜡烛；旧烛光，国际烛光（发光强度单位）；v. 对着光检查,I blew out the candle.　我吹灭了蜡烛。
6044,hanging,P6,W51–W60,释义待核实，不进入核心练习,ˈhæŋɪŋ,释义待核实，不计入核心练习,
6045,colored,P6,W51–W60,释义待核实，不进入核心练习,ˈkʌlɚd,释义待核实，不计入核心练习,
6046,authorization,P6,W51–W60,释义待核实，不进入核心练习,ˌɔθɚəˈzeɪʃən,释义待核实，不计入核心练习,
6047,tale,P6,W51–W60,,ˈteɪl,n. 故事，传说；（对真人真事精彩的或夸张的）描述，讲述；谎言；流言蜚语,She unfolded her tale to us.　她向我们倾吐了她的故事。
6048,verified,P6,W51–W60,释义待核实，不进入核心练习,ˈvɛrəˌfaɪd,释义待核实，不计入核心练习,
6049,lynn,P6,W51–W60,释义待核实，不进入核心练习,ˈlɪn,释义待核实，不计入核心练习,
6050,formerly,P6,W51–W60,,ˈfɔrmɚli,adv. 以前，原来,He had formerly been in the navy.　他以前在海军服役。
6051,projector,P6,W51–W60,,prəˈdʒɛktɚ,n. 放映机，投影仪；探照灯；计划者，规划者；【名】 （Projector）（英）普罗杰克特（人名）,A projector shines a map of the vein network directly on the skin.　投影仪将静脉网络的分布图直接投射到皮肤上。
6052,bp,P6,W51–W60,释义待核实，不进入核心练习,ˌbiˈpi,释义待核实，不计入核心练习,
6053,situated,P6,W51–W60,,ˈsɪtʃuˌeɪtɪd,adj. 坐落在……的，位于……的；处于……状况，处境……；v. 使（某物）位于，建于；置于环境中，描述（某物）周围状况；处于（某特定经济或婚姻）状况（situate 的过去式和过去分词）,The hotel is conveniently situated close to the beach.　那家旅馆坐落在海滩附近，非常方便。
6054,comparative,P6,W51–W60,,kəmˈpɛrətɪv,n. （形容词或副词的）比较级；对手；adj. 比较的，相比的；相对的，比较而言的；（形容词或副词）比较级的,"The comparative of ""pretty"" is ""prettier.""　的比较级是。"
6055,std,P6,W51–W60,释义待核实，不进入核心练习,,释义待核实，不计入核心练习,
6056,seeks,P6,W51–W60,释义待核实，不进入核心练习,ˈsiks,释义待核实，不计入核心练习,
6057,herbal,P6,W51–W60,,ˈɝbəl,adj. 药草的，香草的；n. 草本植物志，草药志,"To some people, herbal medicine is quackery.　对有些人来说，草药就是不可能有效果的药材。"
6058,loving,P6,W51–W60,释义待核实，不进入核心练习,ˈlʌvɪŋ,释义待核实，不计入核心练习,
6059,strictly,P6,W51–W60,,ˈstrɪktli,adv. 严格地，严厉地；完全地，确切地；绝对地，没有例外地；只，仅限于,This is not strictly true.　这不完全正确。
6060,routing,P6,W51–W60,释义待核实，不进入核心练习,ˈraʊtɪŋ,释义待核实，不计入核心练习,
6061,docs,P6,W51–W60,释义待核实，不进入核心练习,ˈdɑks,释义待核实，不计入核心练习,
6062,stanley,P6,W51–W60,释义待核实，不进入核心练习,ˈstænli,释义待核实，不计入核心练习,
6063,psychological,P6,W51–W60,,ˌsaɪkəˈlɑdʒɪkəl,adj. 心理的，精神的；心理学的，关于心理学的；由焦虑（或悲伤）引起的，存在于心理上的,The problem was psychological rather than physiological.　这是个心理而不是生理问题。
6064,surprised,P6,W51–W60,,sɚˈpraɪzd,adj. 意外的，惊讶的，诧异的；v. 使惊奇，使诧异，使感到意外（surprise 的过去式和过去分词形式）,I'm not really surprised.　我并不真地惊讶。
6065,retailer,P6,W51–W60,,ˈriˌteɪlɚ,n. 零售商，零售店；讲述者,A stronger relationship between the retailer/producer and the consumer isn't just about financial incentives.　零售商或生产商与消费者之间更强的关系不仅仅是经济激励。
6066,vitamins,P6,W51–W60,释义待核实，不进入核心练习,ˈvaɪtəmənz,释义待核实，不计入核心练习,
6067,elegant,P6,W51–W60,,ˈɛləɡənt,adj. （人）高雅的，举止优雅的；精美的，雅致的；简练的，巧妙的,She was tall and elegant.　她身材修长，优雅大方。
6068,gains,P6,W51–W60,释义待核实，不进入核心练习,ˈɡeɪnz,释义待核实，不计入核心练习,
6069,renewal,P6,W51–W60,,rɪˈnuəl,n. 恢复，重新开始；（有效期的）延长，续订；更新，改建；（有神授超凡能力基督徒的）精神重生,They will discuss the possible renewal of diplomatic relations.　他们将讨论恢复外交关系的可能性。
6070,vid,P6,W51–W60,释义待核实，不进入核心练习,,释义待核实，不计入核心练习,
6071,genealogy,P6,W51–W60,释义待核实，不进入核心练习,ˌdʒiniˈɑlədʒi,释义待核实，不计入核心练习,
6072,opposed,P6,W51–W60,,əˈpoʊzd,adj. 反对的，敌对的；相反的，对立的；v. 反抗，阻碍；与……竞争，与……角逐（oppose 的过去式和过去分词）,I opposed her marriage to Darryl.　我反对她嫁给达里尔。
6073,deemed,P6,W51–W60,释义待核实，不进入核心练习,ˈdimd,释义待核实，不计入核心练习,
6074,scoring,P6,W51–W60,释义待核实，不进入核心练习,ˈskɔrɪŋ,释义待核实，不计入核心练习,
6075,expenditure,P6,W51–W60,,ɪkˈspɛndətʃɚ,n. 经费，支出额；（时间、金钱、精力等的）消耗，花费,He is rigorous in his control of expenditure.　他在控制开支方面一丝不苟。
6076,panties,P6,W51–W60,释义待核实，不进入核心练习,ˈpæntiz,释义待核实，不计入核心练习,
6077,brooklyn,P6,W51–W60,释义待核实，不进入核心练习,ˈbrʊklən,释义待核实，不计入核心练习,
6078,liverpool,P6,W51–W60,释义待核实，不进入核心练习,ˈlɪvɚˌpul,释义待核实，不计入核心练习,
6079,sisters,P6,W51–W60,释义待核实，不进入核心练习,ˈsɪstɚz,释义待核实，不计入核心练习,
6080,critics,P6,W51–W60,释义待核实，不进入核心练习,ˈkrɪtɪks,释义待核实，不计入核心练习,
6081,connectivity,P6,W51–W60,释义待核实，不进入核心练习,kənɛkˈtɪvɪti,释义待核实，不计入核心练习,
6082,spots,P6,W51–W60,释义待核实，不进入核心练习,ˈspɑts,释义待核实，不计入核心练习,
6083,oo,P6,W51–W60,释义待核实，不进入核心练习,,释义待核实，不计入核心练习,
6084,algorithms,P6,W51–W60,释义待核实，不进入核心练习,ˈælɡɚˌɪðəmz,释义待核实，不计入核心练习,
6085,hacker,P6,W51–W60,释义待核实，不进入核心练习,ˈhækɚ,释义待核实，不计入核心练习,
6086,madrid,P6,W51–W60,释义待核实，不进入核心练习,məˈdrɪd,释义待核实，不计入核心练习,
6087,similarly,P6,W51–W60,,ˈsɪməlɚli,adv. 相似地；同样，也,"Her servants were similarly, if less ostentatiously attired.　她的仆人们穿着相似，只是没那么华丽耀眼。"
6088,margin,P6,W51–W60,,ˈmɑrdʒən,n. 页边空白；差额，幅度；盈余，利润；余地，备用的时间（或空间、金钱等）；边缘，非主体部分；保证金，押金；<澳新>额外报酬；v. 给……加上边；预付定金，交押金；<古>页边做注释或总结；【名】 （Margin）（俄、意）马尔金（人名）,He won by a narrow margin.　他以微小的差额获胜。
6089,coin,P6,W51–W60,,ˈkɔɪn,n. 硬币，金属货币；塔罗牌中的一种花色（coins）；v. 创造新词，首次使用；铸币，造币；<英，非正式>迅速而轻松地发财；【名】 （Coin）（西、意）科因，（法）库安（人名）,Let's toss a coin.　咱们掷硬币猜边儿决定吧。
6090,bbw,P6,W51–W60,释义待核实，不进入核心练习,,释义待核实，不计入核心练习,
6091,solely,P6,W51–W60,,ˈsoʊəli,adv. 单独地，仅有地,Selection is based solely on merit.　选拔唯贤。
6092,fake,P6,W51–W60,,ˈfeɪk,adj. 伪造的，冒充的；（动作或感情）虚假的，做作的；n. 假货，赝品；骗子，冒充者；假动作；（绳索、水龙带等的）一圈（=flake）；v. 伪造，冒充；假装，佯装；（尤指体育运动中）做假动作；不懂装懂，不会装会；盘卷（=flake）,No one spotted that the gun was a fake.　没有人留意到那是一支假枪。
6093,salon,P6,W51–W60,释义待核实，不进入核心练习,səˈlɑn,释义待核实，不计入核心练习,
6094,collaborative,P6,W51–W60,,kəˈlæbɚˌeɪtɪv,adj. 合作的，协作的,Most wikis are collaborative websites.　大多数维基网站是合作网站。
6095,norman,P6,W51–W60,释义待核实，不进入核心练习,ˈnɔrmən,释义待核实，不计入核心练习,
6096,fda,P6,W51–W60,释义待核实，不进入核心练习,ˌɛfˌdiˈeɪ,释义待核实，不计入核心练习,
6097,excluding,P6,W51–W60,,ɪksˈkludɪŋ,prep. 将……排除在外；不包括……；v. 排除；除外；拒绝（exclude 的 ing 形式）,We have learned much about the foolish idea of excluding people on the presumption of the ethnic/racial inferiority.　我们已经了解了很多关于以低等民族或种族为前提而把人排除在外的愚蠢想法。
6098,turbo,P6,W51–W60,释义待核实，不进入核心练习,ˈtɝboʊ,释义待核实，不计入核心练习,
6099,headed,P6,W51–W60,释义待核实，不进入核心练习,ˈhɛdəd,释义待核实，不计入核心练习,
6100,voters,P6,W51–W60,释义待核实，不进入核心练习,ˈvoʊtɚz,释义待核实，不计入核心练习,
6101,cure,P6,W51–W60,,ˈkjʊr,n. 药物，疗法；对策，措施；治愈，治疗；（对橡胶、塑料或其他材料的）熟化；（基督教牧师的）牧师责任（或责任区）；教区；v. 治愈（病人），治好（疾病）；解决；控制，消除（不良的习惯、情感或态度）；加工贮藏；变干硬；【名】 （Cure）（美、法）楚雷（人名）,The search for a cure goes on.　人们还在继续探寻治疗方法。
6102,madonna,P6,W51–W60,释义待核实，不进入核心练习,məˈdɑnə,释义待核实，不计入核心练习,
6103,commander,P6,W51–W60,,kəˈmændɚ,n. 指挥官，长官；海军中校；英国高级警官；高级骑士（或爵士）,The commander had been forewarned of the attack.　指挥官预先得到敌人要发动袭击的警告。
6104,arch,P6,W51–W60,,ˈɑrtʃ,n. 拱门；拱顶；足弓；拱形物；v. （使）成弓形，拱起；adj. 淘气的，调皮的；傲慢自大的；主要的,He went under a brick arch.　他从一座砖拱门下面走过。
6105,ni,P6,W51–W60,释义待核实，不进入核心练习,ˈni,释义待核实，不计入核心练习,
6106,murphy,P6,W51–W60,释义待核实，不进入核心练习,ˈmɝfi,释义待核实，不计入核心练习,
6107,thinks,P6,W51–W60,释义待核实，不进入核心练习,ˈθɪŋks,释义待核实，不计入核心练习,
6108,thats,P6,W51–W60,释义待核实，不进入核心练习,,释义待核实，不计入核心练习,
6109,suggestion,P6,W51–W60,,səˈdʒɛstʃən,n. 建议，意见；提议；微量；征兆，细微的迹象；联想，启示；暗示；（尤指催眠术等疗法中的）心理暗示；（心理）心理暗示（或提示）；,"Ahem, can I make a suggestion?　呃哼，我可以提个建议吗？"
6110,hdtv,P6,W51–W60,释义待核实，不进入核心练习,,释义待核实，不计入核心练习,
6111,soldier,P6,W51–W60,,ˈsoʊldʒɚ,n. 士兵，军人；（昆） 兵蚁；垂直的砖（或木头等建筑材料）；<英，非正式>面包条，土司条；懒汉；v. 当兵；坚持不懈，迎难而上（~ on）；假称害病；磨洋工,A soldier plunged a bayonet into his body.　一名士兵猛地将刺刀刺入了他的身体。
6112,phillips,P6,W51–W60,释义待核实，不进入核心练习,ˈfɪlɪps,释义待核实，不计入核心练习,
6113,asin,P6,W51–W60,释义待核实，不进入核心练习,,释义待核实，不计入核心练习,
6114,aimed,P6,W51–W60,释义待核实，不进入核心练习,ˈeɪmd,释义待核实，不计入核心练习,
6115,justin,P6,W51–W60,释义待核实，不进入核心练习,ˈdʒʌstən,释义待核实，不计入核心练习,
6116,bomb,P6,W51–W60,,ˈbɑm,n. 炸弹，爆炸装置；失败的东西；长传，长传球；大笔钱；高压容器，喷雾器；<非正式>很好的人，很好的事；（形状和威力）像炸弹样的物体；<非正式>掺大麻的香烟；v. 轰炸，炸毁；疾行，快速前进；<非正式>失败；重击（球）,A bomb exploded somewhere near.　一颗炸弹在附近爆炸。
6117,harm,P6,W51–W60,,ˈhɑrm,n. 伤害，损害；v. 危害，损害（某事物）；伤害（人或动物）；【名】 （Harm）（德）哈尔姆（人名）,He would never harm anyone.　他永远不会伤害任何人。
6118,interval,P6,W51–W60,,ˈɪntɚvəl,n. 间隔，间隙；幕间休息，中场休息；音程,There is a 15-minute interval between two boats.　两艘船之间有十五分钟的间隔。
6119,mirrors,P6,W51–W60,释义待核实，不进入核心练习,ˈmɪrɚz,释义待核实，不计入核心练习,
6120,spotlight,P6,W51–W60,,ˈspɑtˌlaɪt,n. 聚光灯，反光灯；媒体和公众的注意；聚光灯照明圈；vt. 聚光照明；使公众注意,She stood alone on stage in the spotlight.　她独自站在舞台的聚光灯下。
6121,tricks,P6,W51–W60,释义待核实，不进入核心练习,ˈtrɪks,释义待核实，不计入核心练习,
6122,reset,P6,W51–W60,释义待核实，不进入核心练习,riˈsɛt,释义待核实，不计入核心练习,
6123,brush,P6,W51–W60,,ˈbrʌʃ,n. 刷子，画笔；灌木丛；刷；轻擦，掠过；小冲突；狐狸尾巴；柴枝；<非正式>（性感的）女人（或女孩）；v. 刷，拂拭；刷掉，拂去；刷上；轻擦，触碰,Brush beaten egg over the pastry.　用刷子把打匀的鸡蛋抹在油酥面团上。
6124,investigate,P6,W51–W60,,ˌɪnˈvɛstəˌɡeɪt,v. 侦察（某事）；调查（某人）；研究,He felt impelled to investigate further.　他觉得有必要作进一步调查。
6125,thy,P6,W51–W60,释义待核实，不进入核心练习,ˈðaɪ,释义待核实，不计入核心练习,
6126,expansys,P6,W51–W60,释义待核实，不进入核心练习,,释义待核实，不计入核心练习,
6127,panels,P6,W51–W60,释义待核实，不进入核心练习,ˈpænəlz,释义待核实，不计入核心练习,
6128,repeated,P6,W51–W60,,rɪˈpitɪd,adj. 重复的，反复发生的；v. 重说，重写；重做；重演（repeat 的过去式及过去分词形式）,'Are you really sure?' she repeated.　“你真的很肯定吗？”她重复问道。
6129,assault,P6,W51–W60,,əˈsɔlt,n. （军事）袭击，攻击；人身攻击，侵犯人身（罪）；抨击；闯关，冲击（难关）；v. 袭击，殴打；使（感官）难受,The army renewed its assault on the capital.　军队重新发动对首都的攻击。
6130,connecting,P6,W51–W60,释义待核实，不进入核心练习,kəˈnɛktɪŋ,释义待核实，不计入核心练习,
6131,spare,P6,W51–W60,,ˈspɛr,adj. 备用的，外加的；不用的，闲置的；空闲的，空余的；多余的；简单的，简朴的；瘦的，瘦高的；少量的；节约的；v. 抽出，拿出（时间、金钱等）；饶恕，赦免；省得，免去；节约，吝惜；保证（或满足）自己的需要（spare oneself）；剩余，剩下（时间、金钱或空间）；分让；删节；n. 备用品；（车辆或机器的）零件，备件；（十柱保龄球戏中的）二击全倒,He could have taken a spare key.　他原本可以带上一把备用钥匙的。
6132,logistics,P6,W51–W60,,ləˈdʒɪstɪks,n. 后勤，组织工作；物流,The skills and logistics of getting such a big show on the road pose enormous practical problems.　这样的一个大型节目进行巡演在技术和后勤方面都会面临大量实际问题。
6133,deer,P6,W51–W60,释义待核实，不进入核心练习,ˈdɪr,释义待核实，不计入核心练习,
6134,kodak,P6,W51–W60,释义待核实，不进入核心练习,ˈkoʊˌdæk,释义待核实，不计入核心练习,
6135,tongue,P6,W51–W60,,ˈtʌŋ,n. 舌，舌头；（供食用的动物的）舌头，口条；语言，方言；说话方式，写作风格；鞋舌；舌状物；（延伸入湖、海等中的）长条状陆地，舌状陆地；榫舌，雄榫；（脊椎动物的）齿舌；（昆虫的）喙；钟锤；（乐器、风琴管的）簧片；搭扣销；v. 用运舌法吹奏（管乐器）；用舌头触碰，舔；说话；<旧>斥责；【名】 （Tongue）（英）唐（人名）,She stuck her tongue out at me.　她冲我吐了吐舌头。
6136,bowling,P6,W51–W60,释义待核实，不进入核心练习,ˈboʊlɪŋ,释义待核实，不计入核心练习,
6137,tri,P6,W51–W60,释义待核实，不进入核心练习,ˈtraɪ,释义待核实，不计入核心练习,
6138,danish,P6,W51–W60,释义待核实，不进入核心练习,ˈdeɪnɪʃ,释义待核实，不计入核心练习,
6139,pal,P6,W51–W60,释义待核实，不进入核心练习,ˈpæl,释义待核实，不计入核心练习,
6140,monkey,P6,W51–W60,释义待核实，不进入核心练习,ˈmʌŋki,释义待核实，不计入核心练习,
6141,proportion,P6,W51–W60,,prəˈpɔrʃən,n. 部分，份额；比例；正确的比例，均衡；大小，程度（proportions）；（事情的）重要性，严重性；等比关系；v. <正式> 使（某物）成比例，使相称；分摊,The head is out of proportion with the body.　头部和身体不成比例。
6142,filename,P6,W51–W60,释义待核实，不进入核心练习,ˈfaɪlˌneɪm,释义待核实，不计入核心练习,
6143,skirt,P6,W51–W60,,ˈskɝt,n. 女裙，半身裙；（连衣裙、外衣等的）下摆（skirts）；（车辆或机器基座的）挡板，裙板；<非正式>（被视为性欲对象的）姑娘，女人尤物；（供食用的）多筋动物肉；<英> 腰窝肉；（马鞍的）垂边；v. 环绕……的四周，沿……的边缘走；绕开，回避（话题）,There's a mark on your skirt.　你裙子上有一块斑。
6144,florence,P6,W51–W60,释义待核实，不进入核心练习,ˈflɔrəns,释义待核实，不计入核心练习,
6145,invest,P6,W51–W60,,ˌɪnˈvɛst,v. 投资；投入（时间或精力）；赋予，授予；<旧>给……穿衣；<旧>包围，围攻,It would be hazardous to invest so much.　投资这么多会有风险。
6146,honey,P6,W51–W60,,ˈhʌni,n. 蜂蜜；亲爱的，宝贝儿；<非正式>极好的事物；v. 对……说甜言蜜语；加蜜使甜；奉承，；adj. 甘美的；蜂蜜似的,"Have you seen my keys, honey?　你见到我的钥匙了吗，宝贝？"
6147,um,P6,W51–W60,释义待核实，不进入核心练习,ˈʌm,释义待核实，不计入核心练习,
6148,analyses,P6,W51–W60,释义待核实，不进入核心练习,əˈnæləˌsiz,释义待核实，不计入核心练习,
6149,drawings,P6,W51–W60,释义待核实，不进入核心练习,ˈdrɔɪŋz,释义待核实，不计入核心练习,
6150,significance,P6,W51–W60,,səɡˈnɪfɪkəns,n. 重要性，意义；意思，含义,They discussed the statistical significance of the results.　他们讨论了这些结果在统计学上的意义。
6151,scenario,P6,W51–W60,,sɪˈnɛrioʊ,n. 设想，可能发生的情况 ；（电影、戏剧等的）剧情梗概；（艺术或文学作品中的）场景,Let me suggest a possible scenario.　我来设想一种可能出现的情况。
6152,ye,P6,W51–W60,释义待核实，不进入核心练习,ˈji,释义待核实，不计入核心练习,
6153,fs,P6,W51–W60,释义待核实，不进入核心练习,fs,释义待核实，不计入核心练习,
6154,lovers,P6,W51–W60,释义待核实，不进入核心练习,ˈlʌvɚz,释义待核实，不计入核心练习,
6155,atomic,P6,W51–W60,,əˈtɑmɪk,adj. 原子的，与原子有关的；原子能的，核能的,"In Atomic Habits, I wrote, ""Humans are herd animals.""　在《原子习惯》中，我写道：“人类是群居动物。”"
6156,approx,P6,W51–W60,释义待核实，不进入核心练习,,释义待核实，不计入核心练习,
6157,symposium,P6,W51–W60,,sɪmˈpoʊziəm,n. 专题研讨会，讨论会；专题论文集；（尤指古希腊在宴会后举行的）酒会,I wish the symposium a complete success.　我预祝研讨会圆满成功。
6158,arabic,P6,W51–W60,释义待核实，不进入核心练习,ˈærəbɪk,释义待核实，不计入核心练习,
6159,gauge,P6,W51–W60,,ˈɡeɪdʒ,n. 测量仪器；宽度，厚度；（测量或判断的）尺度，标准；（铁道的）轨距；（枪管的）口径；（汽车）胎压计；v. 估计，判断；测量,What gauge of wire do we need?　我们需要多大直径的金属丝？
6160,essentials,P6,W51–W60,释义待核实，不进入核心练习,ɛˈsɛnʃəlz,释义待核实，不计入核心练习,
6161,junction,P6,W51–W60,,ˈdʒʌŋkʃən,n. （公路或铁路的）交叉口，岔道口；汇合处，交叉点；（电子）接口；连接，结合；（高速公路的）出入口；（铁路的）枢纽站，联轨站,I had right of way at the junction.　我在这交叉路口有优先通行权。
6162,protecting,P6,W51–W60,释义待核实，不进入核心练习,prəˈtɛktɪŋ,释义待核实，不计入核心练习,
6163,nn,P6,W51–W60,释义待核实，不进入核心练习,,释义待核实，不计入核心练习,
6164,faced,P6,W51–W60,释义待核实，不进入核心练习,ˈfeɪst,释义待核实，不计入核心练习,
6165,mat,P6,W51–W60,,ˈmæt,n. 地垫，垫子；团，簇；【名】 （Mat）（英）马特，玛特（女名）（教名Matthew、Martha、Matilda的昵称），（土）马特，（柬）马（人名）,"Of course, you found your door-mat.　当然，你找到了你的擦脚垫。"
6166,rachel,P6,W51–W60,释义待核实，不进入核心练习,ˈreɪtʃəl,释义待核实，不计入核心练习,
6167,solving,P6,W51–W60,释义待核实，不进入核心练习,ˈsɑlvɪŋ,释义待核实，不计入核心练习,
6168,transmitted,P6,W51–W60,释义待核实，不进入核心练习,trænˈsmɪtɪd,释义待核实，不计入核心练习,
6169,weekends,P6,W51–W60,释义待核实，不进入核心练习,ˈwiˌkɛndz,释义待核实，不计入核心练习,
6170,screenshots,P6,W51–W60,释义待核实，不进入核心练习,ˈskrinˌʃɑts,释义待核实，不计入核心练习,
6171,produces,P6,W51–W60,释义待核实，不进入核心练习,prəˈdusəz,释义待核实，不计入核心练习,
6172,oven,P6,W51–W60,,ˈʌvən,n. 烤炉，烤箱；小熔炉，小窑；（纳粹集中营的）火化室；【名】 （Oven）（荷）奥芬（人名）,Nobody relishes cleaning the oven.　没有人喜欢清理烤炉。
6173,ted,P6,W51–W60,释义待核实，不进入核心练习,ˈtɛd,释义待核实，不计入核心练习,
6174,intensive,P6,W51–W60,,ˌɪnˈtɛnsɪv,adj. 加强的，集中的，深入细致的；精耕细作的，集约的；加强词意的；以强度测量的；n. 加强语势的形容词（或副词、小品词）,He'll need intensive physiotherapy.　他需要高强度的理疗。
6175,chains,P6,W51–W60,释义待核实，不进入核心练习,ˈtʃeɪnz,释义待核实，不计入核心练习,
6176,kingston,P6,W51–W60,释义待核实，不进入核心练习,ˈkɪŋstən,释义待核实，不计入核心练习,
6177,sixth,P6,W51–W60,,ˈsɪksθ,n. 第六；（比赛或竞赛的）第六名；六分之一；六年级；六度音程；六度音；adj. （与 the 连用）第六的，第六个的；六分之一的,Sue is in the sixth form now.　休正在读中学最后两年。
6178,engage,P6,W51–W60,,ɛnˈɡeɪdʒ,v. 雇用，聘请；参加，从事；吸引，引起；与……交战，开战；（使）（机器）啮合，接合；<旧>预定（膳食，地方等）；适应，与……有密切关系；允诺，签约保证；（运动员或击剑手）使（兵器）交结在一起；占用,They tried to engage him in conversation.　他们试图使他加入谈话。
6179,deviant,P6,W51–W60,释义待核实，不进入核心练习,ˈdiviənt,释义待核实，不计入核心练习,
6180,noon,P6,W51–W60,,ˈnun,n. 正午，中午；全盛期；【名】 （Noon）（朝）嫩，（英、巴基）努恩（人名）,We should be there by noon.　我们应该最晚中午到达。
6181,switching,P6,W51–W60,释义待核实，不进入核心练习,ˈswɪtʃɪŋ,释义待核实，不计入核心练习,
6182,quoted,P6,W51–W60,释义待核实，不进入核心练习,ˈkwoʊtɪd,释义待核实，不计入核心练习,
6183,adapters,P6,W51–W60,释义待核实，不进入核心练习,əˈdæptɚz,释义待核实，不计入核心练习,
6184,correspondence,P6,W51–W60,,ˌkɔrəˈspɑndəns,n. 信件，信函；通信；相似，关联；一致,We have been in correspondence for months.　我们通信几个月了。
6185,farms,P6,W51–W60,释义待核实，不进入核心练习,ˈfɑrmz,释义待核实，不计入核心练习,
6186,imports,P6,W51–W60,释义待核实，不进入核心练习,ˌɪmˈpɔrts,释义待核实，不计入核心练习,
6187,supervision,P6,W51–W60,,ˌsupɚˈvɪʒən,n. 监督，管理,The FCC should be put under strict supervision.　美国联邦通信委员会（FCC）应该受到严格监督。
6188,cheat,P6,W51–W60,,ˈtʃit,v. 欺骗，行骗；侥幸逃脱，逃避；作弊；对配偶（或伴侣）不忠；n. 骗子，作弊者；欺骗手段，欺诈行为；秘技，作弊软件,He's a fraud and a cheat.　他是一个骗子。
6189,bronze,P6,W51–W60,,ˈbrɑnz,n. 青铜；青铜色，古铜色；青铜艺术品；铜牌；adj. 青铜制的；青铜色的，古铜色的；v. 使被太阳晒黑；镶上青铜面,Her hair shone bronze and gold.　她的头发闪耀着青铜色和金黄色的光彩。
6190,expenditures,P6,W51–W60,释义待核实，不进入核心练习,ɪkˈspɛndətʃɚz,释义待核实，不计入核心练习,
6191,sandy,P6,W51–W60,,ˈsændi,adj. 沙地的；多沙的；含沙的；n. （Sandy）人名；（法、喀、罗、西、英）桑迪（教名 Alasdair、Alastair、Alexander、Alister、Elshender 的昵称）,The sandy beach was in sight.　那片沙滩映入眼帘。
6192,separation,P6,W51–W60,,ˌsɛpɚˈeɪʃən,n. 分开，分隔；分离，离别；（夫妇的）分居；离析；分色（colour separation 的简称）,They agreed to a trial separation.　他们同意尝试一次分居。
6193,testimony,P6,W51–W60,,ˈtɛstəˌmoʊni,n. （尤指法庭上的）证词，证言；证据，证明；（宗教皈依或经历的）公开表白,Can I refuse to give testimony?　我能拒绝作证吗？
6194,suspect,P6,W51–W60,,səˈspɛkt,v. 猜想，认为（某事有可能）；怀疑……有罪，认为……有嫌疑；不信任，怀疑……的真实性；n. 嫌疑犯，可疑分子；（某坏事物的）可能导致者；adj. 不可靠的，不可信的；可疑的，可能有危险的；有问题的，运转不好的,Whom do the police suspect?　警方怀疑谁？
6195,celebrities,P6,W51–W60,释义待核实，不进入核心练习,səˈlɛbrɪtiz,释义待核实，不计入核心练习,
6196,macro,P6,W51–W60,释义待核实，不进入核心练习,ˈmækroʊ,释义待核实，不计入核心练习,
6197,sender,P6,W51–W60,释义待核实，不进入核心练习,ˈsɛndɚ,释义待核实，不计入核心练习,
6198,mandatory,P6,W51–W60,,ˈmændəˌtɔri,adj. 强制性的，义务的；受（前国际联盟）委任统治的；n. 受托人，代理人（=mandatary）,"He was married, and that was mandatory.　他结婚了，这是强制性的。"
6199,boundaries,P6,W51–W60,释义待核实，不进入核心练习,ˈbaʊndɚiz,释义待核实，不计入核心练习,
6200,crucial,P6,W51–W60,,ˈkruʃəl,adj. 至关重要的，决定性的；<非正式>极好的,This last point is crucial.　刚讲的这一点是关键的。
6201,syndication,P6,W51–W60,释义待核实，不进入核心练习,ˌsɪndɪˈkeɪʃən,释义待核实，不计入核心练习,
6202,gym,P6,W51–W60,,ˈdʒɪm,n. 体育馆，健身房；（尤指学校的）体育活动,The commons is next to the gym.　学生公共食堂在体育馆的旁边。
6203,celebration,P6,W51–W60,,ˌsɛləˈbreɪʃən,n. 庆典，庆祝活动；庆祝，颂扬；宗教仪式的举行,A wedding is a joyful celebration of love.　婚礼是令人喜悦的爱情庆典。
6204,kde,P6,W51–W60,释义待核实，不进入核心练习,,释义待核实，不计入核心练习,
6205,adjacent,P6,W51–W60,,əˈdʒeɪsənt,adj. 邻近的，毗连的；（几何）（两个角）相邻的,The planes landed on adjacent runways.　这些飞机在毗连的跑道上降落。
6206,filtering,P6,W51–W60,释义待核实，不进入核心练习,ˈfɪltɚɪŋ,释义待核实，不计入核心练习,
6207,tuition,P6,W51–W60,,tjuˈɪʃən,n. （尤指对个人或小组的）教学，指导；（尤指学院、大学或私立学校的）学费,"I'll have to cough up $10,000 a year for tuition.　我将必须勉强支付每年$10000的学费。"
6208,spouse,P6,W51–W60,,ˈspaʊs,n. 配偶；v. 和……结婚；【名】 （Spouse）斯波斯（人名）,"You, or your spouse, must be at least 60 to participate.　你或你的配偶至少要有60岁才能加入。"
6209,exotic,P6,W51–W60,,ɪɡˈzɑtɪk,adj. 奇异的，异国风情的；n. 外来植物，外来动物,Exotic pets are the in thing right now.　奇异的宠物眼下很时髦。
6210,viewer,P6,W51–W60,释义待核实，不进入核心练习,ˈvjuɚ,释义待核实，不计入核心练习,
6211,signup,P6,W51–W60,释义待核实，不进入核心练习,,释义待核实，不计入核心练习,
6212,threats,P6,W51–W60,释义待核实，不进入核心练习,ˈθrɛts,释义待核实，不计入核心练习,
6213,luxembourg,P6,W51–W60,释义待核实，不进入核心练习,ˈlʌksəmˌbɔrɡ,释义待核实，不计入核心练习,
6214,puzzles,P6,W51–W60,释义待核实，不进入核心练习,ˈpʌzəlz,释义待核实，不计入核心练习,
6215,reaching,P6,W51–W60,释义待核实，不进入核心练习,ˈritʃɪŋ,释义待核实，不计入核心练习,
6216,vb,P6,W51–W60,释义待核实，不进入核心练习,,释义待核实，不计入核心练习,
6217,damaged,P6,W51–W60,释义待核实，不进入核心练习,ˈdæmədʒd,释义待核实，不计入核心练习,
6218,cams,P6,W51–W60,释义待核实，不进入核心练习,ˈkæmz,释义待核实，不计入核心练习,
6219,receptor,P6,W51–W60,释义待核实，不进入核心练习,riˈsɛptɚ,释义待核实，不计入核心练习,
6220,piss,P6,W51–W60,释义待核实，不进入核心练习,ˈpɪs,释义待核实，不计入核心练习,
6221,laugh,P6,W51–W60,,ˈlæf,v. 笑，发笑；嘲笑，不以为然；愉悦地说；用嘲笑使（某人）离开；（特别表示因成功而）处于有利地位；n. 笑，笑声；令人开心的时刻；引人发笑的人或事，笑料,He uttered a snorting laugh.　他扑哧一声笑了。
6222,joel,P6,W51–W60,释义待核实，不进入核心练习,ˈdʒoʊəl,释义待核实，不计入核心练习,
6223,surgical,P6,W51–W60,,ˈsɝdʒɪkəl,adj. 外科的，外科手术的；外科手术使用的；（衣服）用于外科治疗的；仔细的，精确的；术后的,A biopsy is usually a minor surgical procedure.　活组织切除通常是一个较小的外科手术。
6224,destroy,P6,W51–W60,,dɪˈstrɔɪ,v. 破坏，毁灭；杀死，人道毁灭（受伤、生病或危险的动物）；彻底打败，击溃；毁掉……的生活，使垮掉,Any reform will destroy and pervert our constitution.　任何改革都将破坏、败坏我们的宪法。
6225,citation,P6,W51–W60,释义待核实，不进入核心练习,saɪˈteɪʃən,释义待核实，不计入核心练习,
6226,pitch,P6,W51–W60,,ˈpɪtʃ,n. <英>体育场地，球场；程度，强度；音准，音高；推销用语；投球；沥青，柏油；（船或飞机的）颠簸；倾斜度，高度；<英>摊位，（街头艺人的）表演场所；（高尔夫）下旋高球；<英>露营地；（技）螺距，节距；v. 扔，抛，掷；（棒球中）投（球）；击地，（使球）定点落地；重跌，坠落；（船或飞机）颠簸；把……定于某水平；使（产品）针对，面向；推销；为……定音高；向下倾斜；扎，搭建；（高尔夫）击下旋高球；用石头铺（路）；（酿酒用语）给（麦芽汁）加酵母；<古或西印度>盖上沥青，涂上沥青,All too often you pitch the ball short.　你投球老是距离不够。
6227,autos,P6,W51–W60,释义待核实，不进入核心练习,ˈɔtoʊz,释义待核实，不计入核心练习,
6228,yo,P6,W51–W60,释义待核实，不进入核心练习,ˈjoʊ,释义待核实，不计入核心练习,
6229,premises,P6,W51–W60,,ˈprɛməsəz,n. (包括附属建筑、土地等在内的)房屋或其他建筑物(契约)前言，契据的缘起部分(记述财产的详情、当事人姓名等)；n. （企业的）房屋建筑及附属场地，营业场所（premise 的复数）；v. 以……为基础，以……为前提；预先提出，事先提到；<古>声明，说明（premise 的第三人称单数）,The company is looking for larger premises.　这家公司正在寻找更大的营业场所。
6230,perry,P6,W51–W60,释义待核实，不进入核心练习,ˈpɛri,释义待核实，不计入核心练习,
6231,proved,P6,W51–W60,释义待核实，不进入核心练习,ˈpruvd,释义待核实，不计入核心练习,
6232,offensive,P6,W51–W60,,əˈfɛnsɪv,adj. 无礼的，冒犯的；令人不快（讨厌）的；攻击的，进攻性的； <美>（体育比赛中）进攻的，攻势的；n. （军事）进攻，攻势； （引人注意的）系列行动，攻势,They launched the offensive on January 10.　他们于1月10日发动了进攻。
6233,imperial,P6,W51–W60,,ˌɪmˈpɪriəl,adj. 帝国的，皇帝的；宏伟的，华丽的；专横的，飞扬跋扈的；（度量衡）英制的；<史>（纸张尺寸）（英国）762×559毫米的；n. （在下唇下的）尖胡须；纸张尺寸；特等品；【名】 （Imperial）（西）因佩里亚尔（人名）,The Prince was appointed Imperial Swineherd.　王子被任命为皇家猪倌。
6234,dozen,P6,W51–W60,,ˈdʌzən,n. 一打，十二个；大量，许多；十多个,Packages arrived by the dozen from America.　成打的包裹从美国寄来。
6235,benjamin,P6,W51–W60,释义待核实，不进入核心练习,ˈbɛndʒəmən,释义待核实，不计入核心练习,
6236,deployment,P6,W51–W60,,dɪˈplɔɪmənt,n. 有效运用；部署，调动,Missile deployment did much to further polarize opinion.　导弹的部署进一步地加剧了意见的分化。
6237,teeth,P6,W51–W60,释义待核实，不进入核心练习,ˈtiθ,释义待核实，不计入核心练习,
6238,cloth,P6,W51–W60,,ˈklɔθ,n. 布，布料；一块布，（尤指）一块抹布；牧师，神父；adj. 布制的；【名】 （Cloth）（德）克洛特（人名）,The cloth should be laid flat.　布应展开平放。
6239,studying,P6,W51–W60,释义待核实，不进入核心练习,ˈstʌdiɪŋ,释义待核实，不计入核心练习,
6240,colleagues,P6,W51–W60,释义待核实，不进入核心练习,ˈkɑliɡz,释义待核实，不计入核心练习,
6241,stamp,P6,W51–W60,,ˈstæmp,n. 邮票；印记，戳记；印，章，戳；跺脚（声），跺蹄（声）；特征，痕迹，烙印；类型，种类，类别；表明，表示；重要影响，持久影响；（捣矿机中用于捣碎矿石的）铁砧；购物券，购买券；vt. 跺（脚），重踩，重踏；迈着重步走，跺着脚走；在……上面印盖（图案、记号、字母等）；显示出（感情）；表明（某人）是……；（用印模）冲压；对…有重要（永久性）的影响；在……上贴邮票；捣碎（矿石），压碎（矿石）；【名】 （Stamp）（德）施坦普，（英）斯坦普（人名）,He stuck a stamp on the envelope.　他把一张邮票贴到信封上。
6242,lotus,P6,W51–W60,释义待核实，不进入核心练习,ˈloʊtəs,释义待核实，不计入核心练习,
6243,salmon,P6,W51–W60,,ˈsæmən,n. 鲑鱼，三文鱼，大麻哈鱼；鲑鱼肉，三文鱼肉；鲑肉粉红色，浅橙色；类似鲑的鱼，尤指澳鲑，石首鱼；adj. 浅橙色的,They fished the loch for salmon.　他们在狭长海湾里钓鲑鱼。
6244,olympus,P6,W51–W60,释义待核实，不进入核心练习,oʊˈlɪmpəs,释义待核实，不计入核心练习,
6245,separated,P6,W51–W60,,ˈsɛpɚˌeɪtɪd,adj. 分居的，独居的；脱臼的，脱位的；相距遥远的；v. （使）分开，分离；隔开，阻隔；分居（separate 的过去式和过去分词形式）,They separated last year.　他们于去年分居了。
6246,proc,P6,W51–W60,释义待核实，不进入核心练习,,释义待核实，不计入核心练习,
6247,cargo,P6,W51–W60,,ˈkɑrˌɡoʊ,n. （船或飞机装载的）货物；【名】 （Cargo）（英、西）卡戈（人名）,The cargo was hoisted aboard by crane.　货物由起重机吊上了船。
6248,tan,P6,W51–W60,,ˈtæn,n. 棕褐色，棕黄色；（日晒后变成的）棕褐色皮肤；鞣料树皮；（铺路和园艺中使用的）鞣酸皮渣；v. （使）晒成褐色，晒黑；鞣（革），硝（皮）；<非正式，旧> 痛打（某人），鞭打（尤指作为惩罚）；adj. 棕黄色的，棕褐色的；晒黑的,They look best with tan or light brown suits.　它们与棕褐色或浅棕色的西装搭配最好看。
6249,directive,P6,W51–W60,释义待核实，不进入核心练习,dɚˈɛktɪv,释义待核实，不计入核心练习,
6250,fx,P6,W51–W60,释义待核实，不进入核心练习,,释义待核实，不计入核心练习,
6251,salem,P6,W51–W60,释义待核实，不进入核心练习,ˈseɪləm,释义待核实，不计入核心练习,
6252,mate,P6,W51–W60,,ˈmeɪt,n. <英，非正式>朋友，伙伴；同伴，同事；配偶，伴侣；配对物，一对中的一个；<英，非正式>（男人之间常用）哥儿们，伙计；<英>助手，下手；（船上的）大副；（美国海军的）军士；（国际象棋比赛中的）将死；v. （使）交配；连接，配备；（国际象棋中把对方）将死；【名】 （Mat）（日)蛏（姓），（西、意、塞）马特，（波黑）马特，（罗、俄）马泰（人名）,He has found his ideal mate.　他已经找到了理想的配偶。
6253,dl,P6,W51–W60,释义待核实，不进入核心练习,,释义待核实，不计入核心练习,
6254,starter,P6,W51–W60,释义待核实，不进入核心练习,ˈstɑrtɚ,释义待核实，不计入核心练习,
6255,upgrades,P6,W51–W60,释义待核实，不进入核心练习,əpˈɡreɪdz,释义待核实，不计入核心练习,
6256,likes,P6,W51–W60,释义待核实，不进入核心练习,ˈlaɪks,释义待核实，不计入核心练习,
6257,butter,P6,W51–W60,,ˈbʌtɚ,n. 黄油，牛油；水果酱，干果酱；v. 涂黄油于,Butter is perishable and can go rancid.　黄油会腐败，变哈喇。
6258,pepper,P6,W51–W60,,ˈpɛpɚ,n. 胡椒粉；辣椒，甜椒，灯笼椒；胡椒；辣椒粉；（棒球）热身投击球练习；v. （在食物上）撒胡椒粉；连续射击；在……上撒，使布满； （演讲、文章等）充满……；【名】 （Pepper）（英、德、意）佩珀（人名）,She shook some pepper onto her sandwich.　她在她的三明治上撒了些胡椒。
6259,weapon,P6,W51–W60,,ˈwɛpən,n. 武器，兵器，凶器；（用于应付困境的）工具，手段；v. 武装，装备,She looked desperately around for a weapon.　她在四下里找，急于弄到一件武器。
6260,luggage,P6,W51–W60,,ˈlʌɡədʒ,n. 行李；精神负担,Do you have a lot of luggage?　你的行李多吗？
6261,burden,P6,W51–W60,,ˈbɝdən,n. 负担，责任；负重，负荷；船的载重量，吨位；（演讲、书或辩论的）主题，主旨（the burden）；v. 烦扰，使负重担；【名】 （Burden）（英）伯登（人名）,"Emmy straightened, hefting her burden.　艾米挺直身子，举起了身上的担子。"
6262,chef,P6,W51–W60,,ˈʃɛf,n. 厨师，主厨；v. <非正式>当厨师；【名】 （Chef）（法）谢夫（人名）,Michael is a professionally-trained chef.　迈克尔是受过职业培训的厨师。
6263,tapes,P6,W51–W60,释义待核实，不进入核心练习,ˈteɪps,释义待核实，不计入核心练习,
6264,zones,P6,W51–W60,释义待核实，不进入核心练习,ˈzoʊnz,释义待核实，不计入核心练习,
6265,races,P6,W51–W60,释义待核实，不进入核心练习,ˈreɪsəz,释义待核实，不计入核心练习,
6266,isle,P6,W51–W60,,ˈaɪl,n. （常用于诗歌和名称中）岛；v. 使成岛（状）；【名】 （Isle）（英）艾尔（人名）,"Loch Coruisk on the Isle of Skye, in Scotland, which can only be reached by boat or by foot, completed the top 10.　排在前十名的还有位于苏格兰斯凯岛的科斯克湖，人们只能乘船或步行前往。"
6267,stylish,P6,W51–W60,,ˈstaɪlɪʃ,adj. 时髦的，流行的，有格调的；潇洒的,Its shops are among the most stylish on the Continent.　其商店位列欧洲大陆最时尚的商店之中。
6268,slim,P6,W51–W60,,ˈslɪm,adj. 苗条的，纤细的；单薄的；（物）狭长的；（衣服）修长的，紧身的；（数量或数字）微小的；（公司或其他组织）精简的；<南非>诡计多端的，狡猾的；v. （靠节食等）变苗条，减肥；减少（产品），缩减（人员）；n. （非洲）艾滋病；瘦身课程（或时期）,She goes for tall slim men.　她喜欢瘦高个子的男人。
6269,maple,P6,W51–W60,释义待核实，不进入核心练习,ˈmeɪpəl,释义待核实，不计入核心练习,
6270,luke,P6,W51–W60,释义待核实，不进入核心练习,ˈluk,释义待核实，不计入核心练习,
6271,grocery,P6,W51–W60,,ˈɡroʊsɚi,n. 食品杂货店，食品杂货业；食品杂货（groceries）,They run a small grocery store.　他们经营一家小食品杂货店。
6272,offshore,P6,W51–W60,,ˌɔfˈʃɔr,adj. 海上的，近海的；离岸的，向海的；海底石油（或天然气）的开采的；国外的，境外的；adv. 海上地，近海地；离岸地，向海地；海底石油（或天然气）的开采地；v. 将（公司的部分加工或服务）转至海外,One day a larger ship anchored offshore.　一天，一艘更大的船在近海抛锚。
6273,governing,P6,W51–W60,释义待核实，不进入核心练习,ˈɡʌvɚnɪŋ,释义待核实，不计入核心练习,
6274,retailers,P6,W51–W60,释义待核实，不进入核心练习,ˈriˌteɪlɚz,释义待核实，不计入核心练习,
6275,depot,P6,W51–W60,,ˈdipoʊ,n. 仓库，库房；<美>公共汽车站，火车站，航空站；车库，修车厂；【名】 （Depot）（刚（布））德波特（人名）,The scene inside the Home Depot on Weyman Avenue here would give the old-time American craftsman pause.　威曼大道家得宝内的场景会让这位美国老派工匠驻足。
6276,kenneth,P6,W51–W60,释义待核实，不进入核心练习,ˈkɛnɪθ,释义待核实，不计入核心练习,
6277,comp,P6,W51–W60,释义待核实，不进入核心练习,ˈkɑmp,释义待核实，不计入核心练习,
6278,alt,P6,W51–W60,释义待核实，不进入核心练习,ˈɑlt,释义待核实，不计入核心练习,
6279,pie,P6,W51–W60,,ˈpaɪ,n. 馅饼，果馅饼；肉馅饼，蔬菜馅饼,He baited his hook with pie.　他把馅饼放在钓钩上作饵。
6280,blend,P6,W51–W60,,ˈblɛnd,v. （使）混合，调和；（使）协调，融合；调制，配制；n. 混合物；交融，融合；混合词,Oil and water do not blend.　油与水不相融。
6281,harrison,P6,W51–W60,释义待核实，不进入核心练习,ˈhɛrɪsən,释义待核实，不计入核心练习,
6282,ls,P6,W51–W60,释义待核实，不进入核心练习,ˌɛˈlɛs,释义待核实，不计入核心练习,
6283,julie,P6,W51–W60,释义待核实，不进入核心练习,ˈdʒuli,释义待核实，不计入核心练习,
6284,occasionally,P6,W51–W60,,əˈkeɪʒənəli,adv. 偶然，偶尔,I have a manicure occasionally.　我偶尔会做一次手甲护理。
6285,cbs,P6,W51–W60,释义待核实，不进入核心练习,ˌsiˌbiˈɛs,释义待核实，不计入核心练习,
6286,attending,P6,W51–W60,释义待核实，不进入核心练习,əˈtɛndɪŋ,释义待核实，不计入核心练习,
6287,emission,P6,W51–W60,,ɪˈmɪʃən,n. 排放物，散发物；（尤指光、热、气等的）散发，排放；射精，遗精；<古>发行；【名】 （Emission)（英）埃米申（人名）,It is clear that the U.S. will meet its emission goals.　很明显，美国将会达到其排放目标。
6288,pete,P6,W51–W60,释义待核实，不进入核心练习,ˈpit,释义待核实，不计入核心练习,
6289,spec,P6,W51–W60,释义待核实，不进入核心练习,ˈspɛk,释义待核实，不计入核心练习,
6290,finest,P6,W51–W60,释义待核实，不进入核心练习,ˈfaɪnəst,释义待核实，不计入核心练习,
6291,realty,P6,W51–W60,释义待核实，不进入核心练习,ˈriəlˌti,释义待核实，不计入核心练习,
6292,janet,P6,W51–W60,释义待核实，不进入核心练习,ˈdʒænət,释义待核实，不计入核心练习,
6293,bow,P6,W51–W60,,ˈbaʊ,v. 鞠躬，点头；低下（头）；停止对抗，屈从于；（使）弯曲；用弓拉奏（乐曲）；<美>（新影片）首映，（新产品）投放市场；n. 鞠躬，点头；船头；蝴蝶结；弓；琴弓；（用琴弓拉的）一段（音乐）；字母的一弯；（钥匙、剪刀等的）金属环状柄，圆形拎环；<美>眼镜架，眼镜框；【名】 （Bow）（英、美、爱尔兰）鲍（人名）,He was armed with a bow and arrow.　他佩带着弓箭。
6294,penn,P6,W51–W60,释义待核实，不进入核心练习,ˈpɛn,释义待核实，不计入核心练习,
6295,recruiting,P6,W51–W60,释义待核实，不进入核心练习,rəˈkrutɪŋ,释义待核实，不计入核心练习,
6296,apparent,P6,W51–W60,,əˈpɛrənt,adj. 显而易见的，易懂的；貌似的，表面上的,Their devotion was apparent.　他们的忠诚显而易见。
6297,instructional,P6,W51–W60,,ˌɪnˈstrʌkʃənəl,adj. 教学的；指导的，教育的,What is Instructional Design?　指导性设计是什么？
6298,phpbb,P6,W51–W60,释义待核实，不进入核心练习,,释义待核实，不计入核心练习,
6299,autumn,P6,W51–W60,,ˈɔtəm,n. 秋天，秋季；晚年，渐衰期；秋（从秋分到冬至）；adj. 秋天的，秋季的；【名】 （Autumn）奥特姆（人名）,Autumn is my favourite season.　秋季是我最喜欢的季节。
6300,traveling,P6,W51–W60,释义待核实，不进入核心练习,ˈtrævəlɪŋ,释义待核实，不计入核心练习,
6301,probe,P6,W51–W60,,ˈproʊb,v. 调查，打探，探究；（用手指、细长工具等）探查，查看；搜寻，探索；侦察，侦探（敌情）；n. 探究，详尽调查；（医生和科学家用的）探针； 航天探测器，太空探测器（=space probe）；探测仪，传感器，取样器；【名】 （Probe）（法）普罗布（人名）,When was Tianwen 1 probe sent?　“天问一号”探测器是什么时候发射的？
6302,midi,P6,W51–W60,释义待核实，不进入核心练习,ˈmidi,释义待核实，不计入核心练习,
6303,permissions,P6,W51–W60,释义待核实，不进入核心练习,pɚˈmɪʃənz,释义待核实，不计入核心练习,
6304,biotechnology,P6,W51–W60,,ˌbaɪoʊˌtɛkˈnɑlədʒi,n. 生物技术，生物工艺（学）,"On balance, biotechnology should be good news for developing countries.　总的来说，生物技术对发展中国家来说应该是好消息。"
6305,toilet,P6,W51–W60,,ˈtɔɪlət,n. 抽水马桶，坐便器；厕所，洗手间；梳洗，打扮；（治疗过程中对身体部位的）清洗；上厕所，解手；v. 照料（人，尤其是婴儿或伤病人士）上厕所；上厕所；梳妆，打扮,He heard the flush of a toilet.　他听到马桶的冲水声。
6306,ranked,P6,W51–W60,释义待核实，不进入核心练习,ˈræŋkt,释义待核实，不计入核心练习,
6307,jackets,P6,W51–W60,释义待核实，不进入核心练习,ˈdʒækɪts,释义待核实，不计入核心练习,
6308,routes,P6,W51–W60,释义待核实，不进入核心练习,ˈruts,释义待核实，不计入核心练习,
6309,packed,P6,W51–W60,释义待核实，不进入核心练习,ˈpækt,释义待核实，不计入核心练习,
6310,excited,P6,W51–W60,,ɪkˈsaɪtəd,adj. 激动的，兴奋的；忧虑的，气愤的；已激发的，受激的；性兴奋的；v. 使兴奋，使激动；激发，引起（excite 过去式和过去分词形式）,She was all excited.　她非常激动。
6311,outreach,P6,W51–W60,释义待核实，不进入核心练习,ˈaʊˌtritʃ,释义待核实，不计入核心练习,
6312,helen,P6,W51–W60,释义待核实，不进入核心练习,ˈhɛlən,释义待核实，不计入核心练习,
6313,mounting,P6,W51–W60,释义待核实，不进入核心练习,ˈmaʊntɪŋ,释义待核实，不计入核心练习,
6314,recover,P6,W51–W60,,rɪˈkʌvɚ,v. 恢复（健康，精神，体力）；康复，复原（be recovered）；（从不愉快的经历中）恢复；（从弱势或困境中）好转，扭转；重新获得，寻回；收回（开支、投资等）；恢复（意识、神志或身体状态）；挽回（地位），弥补（时间损失）；提取（能源或化工品等），回收利用； 给……换上新面；n. （军事操练）枪还原，收枪（the recover）；【名】 （Recover）（西）雷科韦尔（人名）,The economy is at last beginning to recover.　经济终于开始复苏了。
6315,tied,P6,W51–W60,释义待核实，不进入核心练习,ˈtaɪd,释义待核实，不计入核心练习,
6316,lopez,P6,W51–W60,释义待核实，不进入核心练习,ˈloʊpɛz,释义待核实，不计入核心练习,
6317,balanced,P6,W51–W60,,ˈbælənst,adj. 平衡的；和谐的；安定的；v. 用天平称；保持稳定；使……相称（balance 的过去分词）,The team was not well balanced.　这个队的队员配备得不是很均衡。
6318,prescribed,P6,W51–W60,释义待核实，不进入核心练习,priˈskraɪbd,释义待核实，不计入核心练习,
6319,catherine,P6,W51–W60,释义待核实，不进入核心练习,ˈkæθɚən,释义待核实，不计入核心练习,
6320,timely,P6,W51–W60,,ˈtaɪmli,adj. 及时的，适时的；adv. 及时地；<古>早,A nasty incident was prevented by the timely arrival of the police.　警察的及时到来阻止了一次严重事故。
6321,talked,P6,W51–W60,释义待核实，不进入核心练习,ˈtɔkt,释义待核实，不计入核心练习,
6322,debug,P6,W51–W60,释义待核实，不进入核心练习,diˈbʌɡ,释义待核实，不计入核心练习,
6323,delayed,P6,W51–W60,释义待核实，不进入核心练习,dɪˈleɪd,释义待核实，不计入核心练习,
6324,chuck,P6,W51–W60,,ˈtʃʌk,v. 扔，抛；（投手）犯规投（球）；扔掉，丢弃；结束（恋爱关系），甩掉（某人）；放弃（工作，活动）；轻抚某人的下巴；n. （机器上固定某物的）卡盘，夹盘；抚弄（下巴）；（友好的称呼）宝贝；<旧>（受到的）免职，拒绝；（牛）颈部到肩部的肉；食物；【名】 （Chuck）恰克（人名）,"The man extended his hand: ""I'm Chuck.""　这位男士伸出了他的手：“我是查克。”"
6325,reproduced,P6,W51–W60,释义待核实，不进入核心练习,ˌriprəˈdust,释义待核实，不计入核心练习,
6326,hon,P6,W51–W60,释义待核实，不进入核心练习,ˈhɑn,释义待核实，不计入核心练习,
6327,dale,P6,W51–W60,释义待核实，不进入核心练习,ˈdeɪl,释义待核实，不计入核心练习,
6328,explicit,P6,W51–W60,,ɪksˈplɪsət,adj. 清楚明白的，明确的，详述的；直截了当的，坦率的；赤裸裸表现性爱（或暴力）的，露骨的；n. （手稿、早期印刷品或礼拜仪式上唱诗的）结束语,Should they have explicit permission?　他们应该有明确的许可吗？
6329,calculation,P6,W51–W60,,ˌkælkjəˈleɪʃən,n. 计算，运算；估算，预测；算计，盘算,Cathy did a rough calculation.　凯茜作了一个粗略的计算。
6330,villas,P6,W51–W60,释义待核实，不进入核心练习,ˈvɪləz,释义待核实，不计入核心练习,
6331,ebook,P6,W51–W60,释义待核实，不进入核心练习,,释义待核实，不计入核心练习,
6332,consolidated,P6,W51–W60,释义待核实，不进入核心练习,kənˈsɑləˌdeɪtəd,释义待核实，不计入核心练习,
6333,exclude,P6,W51–W60,,ɪksˈklud,vt. （故意）不包括，把……排除在外；认为……不可能，排除……的可能；阻挡；开除（学生）；防止……的发生,She gets very upset if I exclude her from anything.　如果有什么事我将她排除在外，她就会非常难过。
6334,peeing,P6,W51–W60,释义待核实，不进入核心练习,ˈpiɪŋ,释义待核实，不计入核心练习,
6335,occasions,P6,W51–W60,释义待核实，不进入核心练习,əˈkeɪʒənz,释义待核实，不计入核心练习,
6336,brooks,P6,W51–W60,释义待核实，不进入核心练习,ˈbrʊks,释义待核实，不计入核心练习,
6337,equations,P6,W51–W60,释义待核实，不进入核心练习,ɪˈkweɪʒənz,释义待核实，不计入核心练习,
6338,newton,P6,W51–W60,释义待核实，不进入核心练习,ˈnutən,释义待核实，不计入核心练习,
6339,oils,P6,W51–W60,释义待核实，不进入核心练习,ˈɔɪlz,释义待核实，不计入核心练习,
6340,sept,P6,W51–W60,释义待核实，不进入核心练习,ˈsɛpt,释义待核实，不计入核心练习,
6341,exceptional,P6,W51–W60,,ɪkˈsɛpʃənəl,adj. 卓越的，杰出的；不寻常的，罕见的；（心理或身体上）有缺陷的；n. （公司账目上的）异常项目,Their technical ability is exceptional.　他们的技能是非凡的。
6342,anxiety,P6,W51–W60,,æŋˈzaɪəti,n. 焦虑，忧虑；令人焦虑的事；渴望；焦虑症,Her voice was full of anxiety.　她的声音饱含焦虑。
6343,bingo,P6,W51–W60,释义待核实，不进入核心练习,ˈbɪŋɡoʊ,释义待核实，不计入核心练习,
6344,whilst,P6,W51–W60,,ˈwaɪlst,conj. <英，正式>当……的时候；与…同时；然而，但是；虽然，尽管；<古>直到…为止；与……同时；<古>直到……为止,You will play decoy whilst I beg.　我去乞讨，你来当诱饵。
6345,spatial,P6,W51–W60,,ˈspeɪʃəl,adj. 空间的，与空间有关的；空间理解能力的,Their strengths in memory and spatial skills matched.　他们的记忆力和空间技能一样。
6346,respondents,P6,W51–W60,释义待核实，不进入核心练习,rɪˈspɑndənts,释义待核实，不计入核心练习,
6347,unto,P6,W51–W60,释义待核实，不进入核心练习,ˈʌntu,释义待核实，不计入核心练习,
6348,lt,P6,W51–W60,释义待核实，不进入核心练习,,释义待核实，不计入核心练习,
6349,ceramic,P6,W51–W60,,sɚˈæmɪk,n. 陶瓷制品，陶瓷器；制陶艺术；adj. 陶瓷的,We'll now look at another ceramic which is made from mixing sand with minerals and heating to over 600 degrees Celsius.　现在我们来看看另一种陶瓷，它是由沙子和矿物质混合，再加热到600多摄氏度制成的。
6350,prompt,P6,W51–W60,,ˈprɑmpt,v. 促使，导致；鼓励，提示（说话者）；（计算机上）提示；（给演员）提词，提白；n. （给演员的）提词；（计算机屏幕上显示准备接受指令的）提示； 鼓励，催促；（付款通知单上的）付款期限；adj. 迅速的，立刻的；（人）利索的，敏捷的；及时的，准时的；（商品）即期要送的，即期要付的,The meeting will begin at ten o'clock prompt.　会议将于十点钟准时开始。
6351,precious,P6,W51–W60,,ˈprɛʃəs,adj. 宝贵的，珍贵的；珍视的，重要的；珍稀的，珍奇的；<非正式>（表示气愤）宝贝似的；（言行）矫揉造作的，过分讲究的；<美，非正式>可爱的，讨人喜欢的；n. （用作称呼）宝贝，亲爱的；adv. 非常，极其,You're wasting precious time!　你在浪费宝贵的时间！
6352,minds,P6,W51–W60,释义待核实，不进入核心练习,ˈmaɪndz,释义待核实，不计入核心练习,
6353,annually,P6,W51–W60,,ˈænjuəli,adv. 每年，一年一次地,The exhibition is held annually.　这个展览每年举行一次。
6354,considerations,P6,W51–W60,释义待核实，不进入核心练习,kənˌsɪdɚˈeɪʃənz,释义待核实，不计入核心练习,
6355,scanners,P6,W51–W60,释义待核实，不进入核心练习,ˈskænɚz,释义待核实，不计入核心练习,
6356,atm,P6,W51–W60,释义待核实，不进入核心练习,ˌeɪˌtiˈɛm,释义待核实，不计入核心练习,
6357,xanax,P6,W51–W60,释义待核实，不进入核心练习,ˈzænæks,释义待核实，不计入核心练习,
6358,eq,P6,W51–W60,释义待核实，不进入核心练习,,释义待核实，不计入核心练习,
6359,pays,P6,W51–W60,释义待核实，不进入核心练习,ˈpeɪz,释义待核实，不计入核心练习,
6360,cox,P6,W51–W60,释义待核实，不进入核心练习,ˈkɑks,释义待核实，不计入核心练习,
6361,fingers,P6,W51–W60,释义待核实，不进入核心练习,ˈfɪŋɡɚz,释义待核实，不计入核心练习,
6362,sunny,P6,W51–W60,释义待核实，不进入核心练习,ˈsʌni,释义待核实，不计入核心练习,
6363,ebooks,P6,W51–W60,释义待核实，不进入核心练习,,释义待核实，不计入核心练习,
6364,delivers,P6,W51–W60,释义待核实，不进入核心练习,dɪˈlɪvɚz,释义待核实，不计入核心练习,
6365,je,P6,W51–W60,释义待核实，不进入核心练习,ˈdʒi,释义待核实，不计入核心练习,
6366,queensland,P6,W51–W60,释义待核实，不进入核心练习,ˈkwinzˌlænd,释义待核实，不计入核心练习,
6367,necklace,P6,W51–W60,,ˈnɛkləs,n. 项链；（主要指南非的）火项链；v. （主要指南非）用火项链处决（某人）,The necklace was cursed.　这条项链上附有会给人带来灾难的符咒。
6368,musicians,P6,W51–W60,释义待核实，不进入核心练习,mjuˈzɪʃənz,释义待核实，不计入核心练习,
6369,leeds,P6,W51–W60,释义待核实，不进入核心练习,ˈlidz,释义待核实，不计入核心练习,
6370,composite,P6,W51–W60,,kəmˈpɑzət,adj. 合成的，复合的；（火车车厢）综合的；菊科的；（柱式）混合的；n. 合成物，复合材料；罪犯画像；综合提案；菊科植物；混合柱式；v. 合成（图片）,Spain is a composite of multifarious traditions and people.　西班牙是多种传统和多个民族的合成体。
6371,unavailable,P6,W51–W60,,ˌʌnəˈveɪləbəl,adj. 不可获得的，不可使用的；（通常指某人忙于他事而）不能会面的，抽不开身的,The minister was unavailable for comment.　部长无法接受访问作出评论。
6372,cedar,P6,W51–W60,释义待核实，不进入核心练习,ˈsidɚ,释义待核实，不计入核心练习,
6373,arranged,P6,W51–W60,释义待核实，不进入核心练习,ɚˈeɪndʒd,释义待核实，不计入核心练习,
6374,lang,P6,W51–W60,释义待核实，不进入核心练习,ˈlæŋ,释义待核实，不计入核心练习,
6375,theaters,P6,W51–W60,释义待核实，不进入核心练习,ˈθiətɚz,释义待核实，不计入核心练习,
6376,advocacy,P6,W51–W60,,ˈædvəkəsi,n. 拥护，提倡；辩护，辩护术；游说（团体或组织）；律师职业（或工作）,Health advocacy groups have hinted that even more might be coming.　健康倡导组织已经暗示了未来要面临的可能更多。
6377,raleigh,P6,W51–W60,释义待核实，不进入核心练习,ˈrɔli,释义待核实，不计入核心练习,
6378,stud,P6,W51–W60,释义待核实，不进入核心练习,ˈstʌd,释义待核实，不计入核心练习,
6379,fold,P6,W51–W60,,ˈfoʊld,v. 折叠，对摺；倒闭，垮掉；交叉，交叠；包，裹；拥抱；拌入；认输；抽筋，双腿发软；使（岩石层）形成褶皱；（尤指运动员或运动队）突然不在状态（或发挥失常）；把（牲畜）圈在栏中；n. 褶，褶皱；折叠；志趣相同的人；山洼，山谷；羊圈；岩层褶皱,I fold up the chairs.　我把椅子折起来。
6380,essentially,P6,W51–W60,,ɛˈsɛnʃəli,adv. 本质上，根本上；大体上，基本上,He was essentially a man of the theatre.　他基本上是个戏剧人。
6381,designing,P6,W51–W60,释义待核实，不进入核心练习,dɪˈzaɪnɪŋ,释义待核实，不计入核心练习,
6382,threaded,P6,W51–W60,释义待核实，不进入核心练习,ˈθrɛdɪd,释义待核实，不计入核心练习,
6383,uv,P6,W51–W60,释义待核实，不进入核心练习,ˌjuˈvi,释义待核实，不计入核心练习,
6384,qualify,P6,W51–W60,,ˈkwɑləˌfaɪ,v. （使）有权去做；取得资格，达到标准；获得参赛资格；使合格，胜任；符合，可算作；具体说明，使语气缓和；修饰，限定,He failed to qualify.　他未能获得参赛资格。
6385,fingering,P6,W51–W60,释义待核实，不进入核心练习,ˈfɪŋɡɚɪŋ,释义待核实，不计入核心练习,
6386,blair,P6,W51–W60,释义待核实，不进入核心练习,ˈblɛr,释义待核实，不计入核心练习,
6387,hopes,P6,W51–W60,释义待核实，不进入核心练习,ˈhoʊps,释义待核实，不计入核心练习,
6388,assessments,P6,W51–W60,释义待核实，不进入核心练习,əˈsɛsmənts,释义待核实，不计入核心练习,
6389,cms,P6,W51–W60,释义待核实，不进入核心练习,,释义待核实，不计入核心练习,
6390,mason,P6,W51–W60,,ˈmeɪsən,石匠， 泥瓦匠；n. 泥瓦匠；石工（等于 stonemason）共济会会员（等于 freemason）；vt. 用砖瓦砌成,"Professor Mason, do you have a minute?　梅森教授，你有空吗？"
6391,diagram,P6,W51–W60,,ˈdaɪəˌɡræm,n. 图表，图解；几何图形；v. 以图表示,"Like any such diagram, it is a simplification.　正如任何此类图表，这是个简图。"
6392,burns,P6,W51–W60,释义待核实，不进入核心练习,ˈbɝnz,释义待核实，不计入核心练习,
6393,pumps,P6,W51–W60,释义待核实，不进入核心练习,ˈpʌmps,释义待核实，不计入核心练习,
6394,footwear,P6,W51–W60,释义待核实，不进入核心练习,ˈfʊˌtwɛr,释义待核实，不计入核心练习,
6395,sg,P6,W51–W60,释义待核实，不进入核心练习,,释义待核实，不计入核心练习,
6396,vic,P6,W51–W60,释义待核实，不进入核心练习,ˈvɪk,释义待核实，不计入核心练习,
6397,beijing,P6,W51–W60,释义待核实，不进入核心练习,ˌbeɪˈʒɪŋ,释义待核实，不计入核心练习,
6398,peoples,P6,W51–W60,释义待核实，不进入核心练习,ˈpipəlz,释义待核实，不计入核心练习,
6399,victor,P6,W51–W60,,ˈvɪktɚ,维克托（男名）；n．Victor是一个男性名字，源自拉丁文，意为“胜利者”或“征服者”。,The crowd surrounded the victor.　人群挤在胜利者周围。
6400,mario,P6,W51–W60,释义待核实，不进入核心练习,ˈmɑrioʊ,释义待核实，不计入核心练习,
6401,pos,P6,W51–W60,释义待核实，不进入核心练习,ˈpɑs,释义待核实，不计入核心练习,
6402,attach,P6,W51–W60,,əˈtætʃ,v. 系上，贴上，连接；附上（附件）；赋予，认为……具有； 和……在一起，缠着； 附带（条件)；附属，依附；与……有关联；委派；扣押（债务人或其财产)；使依恋,They attach great importance to the project.　他们高度重视这个项目。
6403,licenses,P6,W51–W60,释义待核实，不进入核心练习,ˈlaɪsənsɪz,释义待核实，不计入核心练习,
6404,utils,P6,W51–W60,释义待核实，不进入核心练习,,释义待核实，不计入核心练习,
6405,removing,P6,W51–W60,释义待核实，不进入核心练习,riˈmuvɪŋ,释义待核实，不计入核心练习,
6406,advised,P6,W51–W60,释义待核实，不进入核心练习,ædˈvaɪzd,释义待核实，不计入核心练习,
6407,brunswick,P6,W51–W60,释义待核实，不进入核心练习,ˈbrʌnzwɪk,释义待核实，不计入核心练习,
6408,spider,P6,W51–W60,,ˈspaɪdɚ,n. 蜘蛛；（搜索引擎的）蜘蛛程序，（计算机）爬虫程序；状似蜘蛛的物体；<英>蛛网形系索；台球棒三脚架；设圈套者；v. （似蜘蛛般）急促爬动；设网，设圈套；（在因特网上）快速搜索（crawl 的别名）,The child stamped on the spider.　小孩踩了那只蜘蛛一脚。
6409,phys,P6,W51–W60,释义待核实，不进入核心练习,,释义待核实，不计入核心练习,
6410,ranges,P6,W51–W60,释义待核实，不进入核心练习,ˈreɪndʒəz,释义待核实，不计入核心练习,
6411,pairs,P6,W51–W60,释义待核实，不进入核心练习,ˈpɛrz,释义待核实，不计入核心练习,
6412,sensitivity,P6,W51–W60,,ˌsɛnsɪˈtɪvɪti,n. （对细节或质量的）感知，觉察；（对新情况的）灵敏度；敏感，易生气；多愁善感；体贴，有分寸；小心谨慎；过敏；敏感性，易惹恼人的倾向；（天生的）悟性，敏锐性；表现力；机密性,He's a mixture of anger and sensitivity.　他气量小又太敏感。
6413,trails,P6,W51–W60,释义待核实，不进入核心练习,ˈtreɪlz,释义待核实，不计入核心练习,
6414,preservation,P6,W51–W60,,ˌprɛzɚˈveɪʃən,n. 保护，维护；保留，维持；（食物的）保存，保藏；保存的状况，保养的程度,The paintings were in an excellent state of preservation.　这些绘画保存得非常好。
6415,hudson,P6,W51–W60,释义待核实，不进入核心练习,ˈhʌdsən,释义待核实，不计入核心练习,
6416,isolated,P6,W51–W60,,ˈaɪsəˌleɪtəd,adj. 遥远的，偏僻的；与世隔绝的，孤寂的；单独的，只出现一次的；v. 使……孤立；使……分离；将……剔出（isolate 的过去式和过去分词）,I felt very isolated in my new job.　我在新的工作岗位上觉得很孤独。
6417,calgary,P6,W51–W60,释义待核实，不进入核心练习,ˈkælɡɚi,释义待核实，不计入核心练习,
6418,interim,P6,W51–W60,,ˈɪntɚəm,adj. 暂时的，过渡期间的，间歇的；决算前的，中间时期的；n. 过渡期，中间期；中期利润，阶段性成果,The power-balance has evened out in the interim government.　临时政府内的权力平衡已持平。
6419,assisted,P6,W51–W60,释义待核实，不进入核心练习,əˈsɪstɪd,释义待核实，不计入核心练习,
6420,divine,P6,W51–W60,,dɪˈvaɪn,adj. 神的，天赐的；绝妙的，极令人愉快的；v. （凭直觉）猜测，推测；占卜，预测；（通过探矿术）发现（水源）；n. <旧>牧师，神学家；天意，上帝（the Divine）,The sentry was our young Divine.　更夫是我们年轻的神学学生。
6421,streaming,P6,W51–W60,释义待核实，不进入核心练习,ˈstrimɪŋ,释义待核实，不计入核心练习,
6422,approve,P6,W51–W60,,əˈpruv,v. 同意，赞成；批准，通过；核准；喜欢，赞赏；<古>证明，显示；使（废品或公共土地）升值,We don't approve of smacking.　我们不赞成打孩子。
6423,chose,P6,W51–W60,释义待核实，不进入核心练习,ˈtʃoʊz,释义待核实，不计入核心练习,
6424,compound,P6,W51–W60,,ˈkɑmpaʊnd,n. 混合物，化合物；复合词；大院，有围墙的场地；adj. 复合的，混合的；以复利计算的；v. 使加重，使恶化；合成，混合；以复利计算支付；和解，私了,Common salt is a compound of sodium and chlorine.　普通食盐是钠和氯的化合物。
6425,intensity,P6,W51–W60,,ɪnˈtɛnsəti,n. 强烈，剧烈；（光、声音等的）强度,The solemn intensity of Jade's gaze discomfited him.　在杰德强烈而严肃的凝视下他狼狈不堪。
6426,technological,P6,W51–W60,,ˌtɛknəˈlɑdʒɪkəl,adj. 技术的，科技的，工艺的,A new technological age had dawned.　新技术时代已经开始。
6427,syndicate,P6,W51–W60,释义待核实，不进入核心练习,ˈsɪndɪkət,释义待核实，不计入核心练习,
6428,abortion,P6,W51–W60,,əˈbɔrʃən,n. 流产，堕胎；失败；（生）（器官，尤其是种子或水果的）败育，停止发育；流产的胎儿,Is abortion morally defensible?　堕胎从道德上讲合乎情理吗？
6429,dialog,P6,W51–W60,释义待核实，不进入核心练习,ˈdaɪəlɔɡ,释义待核实，不计入核心练习,
6430,venues,P6,W51–W60,释义待核实，不进入核心练习,ˈvɛnuz,释义待核实，不计入核心练习,
6431,blast,P6,W51–W60,,ˈblæst,n. 爆炸，爆破；冲击波；爆炸声，爆破声；强劲的（气或水）流，疾风；吹奏声，轰鸣；严厉的批评；狂欢，有趣的事；（球队或选手的）猛烈进攻；枪击；<美>（公司、组织等发出的）群发电子邮件；v. 炸毁，爆破；轰开，炸开（通路）；向……射击，枪击；发出刺耳的高音；严厉批评，痛斥；由爆炸引起；用力踢，猛击；喷射（水流、气流等）；使枯萎；<美，非正式>轻易击败；损坏，摧毁；开，炸开（通路）；int. <非正式>该死，讨厌,The blast burst Ollie Williams' eardrum.　爆炸声震破了奥利·威廉斯的耳鼓。
6432,wellness,P6,W51–W60,释义待核实，不进入核心练习,ˈwɛlnəs,释义待核实，不计入核心练习,
6433,calcium,P6,W51–W60,,ˈkælsiəm,n. （化学元素）钙,Calcium is found most abundantly in milk.　奶含钙最丰富。
6434,newport,P6,W51–W60,释义待核实，不进入核心练习,ˈnupɔrt,释义待核实，不计入核心练习,
6435,antivirus,P6,W51–W60,释义待核实，不进入核心练习,ˌæntiˈvaɪrəs,释义待核实，不计入核心练习,
6436,addressing,P6,W51–W60,释义待核实，不进入核心练习,əˈdrɛsɪŋ,释义待核实，不计入核心练习,
6437,pole,P6,W51–W60,,ˈpoʊl,- n. 杆；极点；电极；- vt. 用竿支撑；Polen. 波兰人,The truck crashed into a telegraph pole.　卡车撞上了电线杆。
6438,discounted,P6,W51–W60,,ˈdɪˌskaʊntɪd,adj. 折扣的；adj. 已贴现的；已折扣的；v. 打折扣（discount 的过去分词）；不重视,The news reports were being discounted as propaganda.　人们认为这些新闻报道不过是为了宣传，不可全信。
6439,indians,P6,W51–W60,释义待核实，不进入核心练习,ˈɪndiənz,释义待核实，不计入核心练习,
6440,shield,P6,W51–W60,,ˈʃild,n. 盾（牌）；防护物，保护人；盾形纹（徽）章；<美>警徽；盾形奖牌；（颁发盾形奖牌的）比赛；背甲，头胸甲，龟甲板；（地质）地盾；v. 保护，保卫；遮挡；给……加防护罩；防止（或减少）辐射；（体育运动中）护住（球）；防御，起保护作用；【名】 （Shield）（英）希尔德（人名）,The gunman used the hostages as a human shield.　持枪歹徒用人质作人体盾牌。
6441,harvest,P6,W51–W60,,ˈhɑrvəst,n. 收获；收获量，捕获量；成果，收获；v. 收割，收获；采集，搜集；收采（人的器官、细胞等）,The poor harvest caused prices to rise sharply.　收成不好导致物价急剧上涨。
6442,membrane,P6,W51–W60,释义待核实，不进入核心练习,ˈmɛmˌbreɪn,释义待核实，不计入核心练习,
6443,prague,P6,W51–W60,释义待核实，不进入核心练习,ˈprɑɡ,释义待核实，不计入核心练习,
6444,previews,P6,W51–W60,释义待核实，不进入核心练习,ˈprivˌjuz,释义待核实，不计入核心练习,
6445,bangladesh,P6,W51–W60,释义待核实，不进入核心练习,ˈbæŋləˌdɛʃ,释义待核实，不计入核心练习,
6446,constitute,P6,W51–W60,,ˈkɑnstəˌtut,v. 组成，构成；是，被视为；成立，设立；任命,Both of these lobes together constitute a pi bond.　上下两片叶一起组成了一根 π 键。
6447,locally,P6,W51–W60,,ˈloʊkəli,adv. 局部地；在本地,Locally a fort had two kinds of impact.　在当地，堡垒有两种影响。
6448,concluded,P6,W51–W60,释义待核实，不进入核心练习,kənˈkludəd,释义待核实，不计入核心练习,
6449,pickup,P6,W51–W60,释义待核实，不进入核心练习,ˈpɪˌkʌp,释义待核实，不计入核心练习,
6450,desperate,P6,W51–W60,,ˈdɛsprɪt,adj. 不顾一切的，拼命的；极需要的，渴望的；极严重的，极危险的；绝望的，无望的；绝望的，无望的,I'm desperate for a cigarette.　我很想抽支烟。
6451,mothers,P6,W51–W60,释义待核实，不进入核心练习,ˈmʌðɚz,释义待核实，不计入核心练习,
6452,nascar,P6,W51–W60,释义待核实，不进入核心练习,ˈnæˌskɑr,释义待核实，不计入核心练习,
6453,iceland,P6,W51–W60,释义待核实，不进入核心练习,ˈaɪslənd,释义待核实，不计入核心练习,
6454,demonstration,P6,W51–W60,,ˌdɛmənˈstreɪʃən,n. 演示，展示；游行，示威；证实；表达，表露,The demonstration passed off peacefully.　示威游行始终和平地进行。
6455,governmental,P7,W61–W70,释义待核实，不进入核心练习,ˈɡʌvɚˌmɛntəl,释义待核实，不计入核心练习,
6456,manufactured,P7,W61–W70,,ˌmænjəˈfæktʃɚd,adj. 制造的，已制成的；v. 制造，加工（manufacture 的过去式）,Vitamins cannot be manufactured by our bodies.　维生素不能由人体来生成。
6457,candles,P7,W61–W70,释义待核实，不进入核心练习,ˈkændəlz,释义待核实，不计入核心练习,
6458,graduation,P7,W61–W70,释义待核实，不进入核心练习,ˌɡrædʒuˈeɪʃən,释义待核实，不计入核心练习,
6459,mega,P7,W61–W70,释义待核实，不进入核心练习,ˈmɛɡə,释义待核实，不计入核心练习,
6460,bend,P7,W61–W70,,ˈbɛnd,v. 弯曲（身体关节）；（路）转弯；歪曲（事实）；篡改；屈从；系，缚（帆，缆绳）；使弯曲，弄弯；n. （道路或河流的）拐弯，弯道；（身体的）弯曲（动作）；（尤指潜水员的）潜涵病，减压病（the bends）；绑结；（纹章盾形）左上方至右下方的对角斜纹；【名】 （Bend）（美、丹、德）本德（人名）,Black faded on the final bend.　布莱克在最后一个弯道处速度慢了下来。
6461,sailing,P7,W61–W70,,ˈseɪlɪŋ,n. 帆船运动，乘帆船航行；水运航班；起航；航海术；adj. 航行的；v. （乘船）航行；启航；驾驶（船只）（sail 的现在分词形式）,Sailing is good fun.　帆船运动很有乐趣。
6462,variations,P7,W61–W70,释义待核实，不进入核心练习,ˌvɛriˈeɪʃənz,释义待核实，不计入核心练习,
6463,moms,P7,W61–W70,释义待核实，不进入核心练习,ˈmɑmz,释义待核实，不计入核心练习,
6464,sacred,P7,W61–W70,,ˈseɪkrəd,adj. 神的，神圣的；宗教的，宗教性的；受尊重的，受崇敬的；不可侵犯的，不容干涉的,Cows are sacred to Hindus.　印度教徒把牛奉为圣物。
6465,addiction,P7,W61–W70,,əˈdɪkʃən,n. 瘾；入迷，嗜好,She helped him fight his drug addiction.　她帮助了他对抗自己的毒瘾。
6466,morocco,P7,W61–W70,释义待核实，不进入核心练习,mɚˈɑkoʊ,释义待核实，不计入核心练习,
6467,chrome,P7,W61–W70,释义待核实，不进入核心练习,ˈkroʊm,释义待核实，不计入核心练习,
6468,tommy,P7,W61–W70,释义待核实，不进入核心练习,ˈtɑmi,释义待核实，不计入核心练习,
6469,springfield,P7,W61–W70,释义待核实，不进入核心练习,ˈsprɪŋˌfild,释义待核实，不计入核心练习,
6470,refused,P7,W61–W70,释义待核实，不进入核心练习,rəfˈjuzd,释义待核实，不计入核心练习,
6471,brake,P7,W61–W70,,ˈbreɪk,n. 刹车，车闸；阻碍，抑制；<史>敞篷四轮马车；（亚麻纤维等的）捣碎机；<古>灌木丛；欧洲蕨，凤尾蕨；v. 刹车，用闸减速,The brake pedal had just snapped off.　制动踏板刚才突然断裂了。
6472,exterior,P7,W61–W70,,ɪkˈstɪriɚ,adj. 外部的，外面的；外表的，表面的；（电影场景）外部拍摄的；n. 外观，外部；外貌,The exterior of the house needs painting.　房子外墙需要油漆。
6473,greeting,P7,W61–W70,,ˈɡritɪŋ,n. 问候，招呼；贺词，祝福；v. 欢迎，迎接；对……作出反应；映入眼帘，扑鼻而来（greet 的现在分词形式）,Tom nodded a greeting.　汤姆点头打了个招呼。
6474,ecology,P7,W61–W70,,ɪˈkɑlədʒi,生态学；n. 生态学；生态；生态保护运动,Oil pollution could damage the fragile ecology of the coral reefs.　石油污染可能破坏珊瑚礁脆弱的生态环境。
6475,oliver,P7,W61–W70,释义待核实，不进入核心练习,ˈɑləvɚ,释义待核实，不计入核心练习,
6476,congo,P7,W61–W70,释义待核实，不进入核心练习,ˈkɑŋɡoʊ,释义待核实，不计入核心练习,
6477,glen,P7,W61–W70,释义待核实，不进入核心练习,ˈɡlɛn,释义待核实，不计入核心练习,
6478,botswana,P7,W61–W70,释义待核实，不进入核心练习,bɑtˈswɑnə,释义待核实，不计入核心练习,
6479,nav,P7,W61–W70,释义待核实，不进入核心练习,ˈnæv,释义待核实，不计入核心练习,
6480,delays,P7,W61–W70,释义待核实，不进入核心练习,dɪˈleɪz,释义待核实，不计入核心练习,
6481,synthesis,P7,W61–W70,,ˈsɪnθəsəs,n. 综合，综合体；（化学物质的）合成；音响合成；（黑格尔哲学中的）合题；（语法）合成；（语言学）综合,"Instead, he advocates a synthesis of these two views.　相反，他主张综合这两种观点。"
6482,olive,P7,W61–W70,,ˈɑləv,n. 橄榄；橄榄树；橄榄色，黄绿色；炖牛肉卷；橄榄贝；（剖）橄榄体；（垫在螺母下拧紧以形成密封的）橄榄环；adj. 橄榄色的，茶青色的；（皮肤）橄榄色的，浅褐色的；【名】 （Olive）（美）奥利芙（人名）,She wore an olive-green T-shirt.　她穿了一件橄榄绿的T恤衫。
6483,undefined,P7,W61–W70,释义待核实，不进入核心练习,ˌʌndɪˈfaɪnd,释义待核实，不计入核心练习,
6484,unemployment,P7,W61–W70,,ˌʌnɪmˈplɔɪmənt,n. 失业人数，失业率；失业，失业状态；<美>失业救济金,Unemployment is rising steeply.　失业率正在急剧上升。
6485,cyber,P7,W61–W70,释义待核实，不进入核心练习,ˈsaɪbɚ,释义待核实，不计入核心练习,
6486,verizon,P7,W61–W70,释义待核实，不进入核心练习,ˌvɛˈraɪzən,释义待核实，不计入核心练习,
6487,scored,P7,W61–W70,释义待核实，不进入核心练习,ˈskɔrd,释义待核实，不计入核心练习,
6488,enhancement,P7,W61–W70,释义待核实，不进入核心练习,ɛnˈhænsmənt,释义待核实，不计入核心练习,
6489,newcastle,P7,W61–W70,释义待核实，不进入核心练习,ˈnuˌkæsəl,释义待核实，不计入核心练习,
6490,clone,P7,W61–W70,,ˈkloʊn,n. （动植物的）无性繁殖，克隆；极为相似的人（或事物），复制品；仿制品，山寨货；复制器，仿制机；<非正式>外表或着装夸大男性气概的男同性恋者；v. 克隆，使无性繁殖；盗用（他人的手机号码），非法复制,He knows her clone may not have her temperament.　他知道她的克隆品可能没有她的气质。
6491,velocity,P7,W61–W70,,vəˈlɑsəti,n. 速度，速率；高速，快速；（经济）周转率，流通速度,Acceleration and velocity are both vectors.　加速度和速度都是矢量。
6492,lambda,P7,W61–W70,释义待核实，不进入核心练习,ˈlæmdə,释义待核实，不计入核心练习,
6493,relay,P7,W61–W70,,ˈriˌleɪ,v. 传递，传达（信息、新闻等）；中继转发，转播（广播或电视信号）；重铺，重新铺设（过去式和过去分词形式 relaid）；n. 接力赛；接班的人（或动物），轮换者；传递，传送；中继设备；继电器；中继转播的信息（或节目）；传输系统，传送系统,They raced to a thrilling victory in the relay.　他们在接力赛中取得了激动人心的胜利。
6494,composed,P7,W61–W70,释义待核实，不进入核心练习,kəmˈpoʊzd,释义待核实，不计入核心练习,
6495,tears,P7,W61–W70,释义待核实，不进入核心练习,ˈtɛrz,释义待核实，不计入核心练习,
6496,performances,P7,W61–W70,释义待核实，不进入核心练习,pɚˈfɔrmənsəz,释义待核实，不计入核心练习,
6497,oasis,P7,W61–W70,,oʊˈeɪsɪs,n. （沙漠中的）绿洲；（困苦中）令人快慰的地方（或时刻），乐事；（商标）（插花时将花茎插牢于其中的）插花泥（Oasis）；【名】 （Oasis）（英）奥西斯（人名）,Oasis release their new album on July 1.　绿洲乐队将于7月1日发行他们的新专辑。
6498,baseline,P7,W61–W70,释义待核实，不进入核心练习,ˈbeɪˌslaɪn,释义待核实，不计入核心练习,
6499,cab,P7,W61–W70,释义待核实，不进入核心练习,ˈkæb,释义待核实，不计入核心练习,
6500,angry,P7,W61–W70,,ˈæŋɡri,adj. 愤怒的，生气的；狂风暴雨的，波涛汹涌的；红肿的，感染的,She shot him an angry glance.　她很生气，瞪了他一眼。
6501,fa,P7,W61–W70,释义待核实，不进入核心练习,,释义待核实，不计入核心练习,
6502,societies,P7,W61–W70,释义待核实，不进入核心练习,səˈsaɪətiz,释义待核实，不计入核心练习,
6503,silicon,P7,W61–W70,,ˈsɪləkən,n. 硅（一种化学元素，符号为 Si）,Stanford and Berkeley yielded Silicon Valley.　斯坦福和伯克利造就了硅谷。
6504,brazilian,P7,W61–W70,释义待核实，不进入核心练习,brəˈzɪljən,释义待核实，不计入核心练习,
6505,identical,P7,W61–W70,,aɪˈdɛntɪkəl,adj. 完全相同的；同一的；（双胞胎）同卵的；恒等的,Her dress is almost identical to mine.　她的连衣裙和我的几乎一模一样。
6506,petroleum,P7,W61–W70,,pəˈtroʊliəm,n. 石油，原油,We ought to and can produce more petroleum.　我们应该并且能够生产更多的石油。
6507,compete,P7,W61–W70,,kəmˈpit,v. 竞争，对抗；争夺；参加比赛,We can't compete with them on price.　我们在价格上无法与他们竞争。
6508,ist,P7,W61–W70,释义待核实，不进入核心练习,,释义待核实，不计入核心练习,
6509,norwegian,P7,W61–W70,释义待核实，不进入核心练习,ˌnɔrˈwidʒən,释义待核实，不计入核心练习,
6510,lover,P7,W61–W70,,ˈlʌvɚ,n. （非婚的）情人；爱好者；【名】 （Lover）（英）洛弗（人名）,I'm a lover of the outdoors.　我是个户外活动爱好者。
6511,belong,P7,W61–W70,,bɪˈlɔŋ,v. 应在……地方，应处于……状况；适应，合得来；归……所有；是……的成员，属于（某团体或组织）；居住,The islands belong to Spain.　这些岛屿隶属西班牙。
6512,honolulu,P7,W61–W70,释义待核实，不进入核心练习,ˌhɑnəˈlulu,释义待核实，不计入核心练习,
6513,beatles,P7,W61–W70,释义待核实，不进入核心练习,ˈbitəlz,释义待核实，不计入核心练习,
6514,lips,P7,W61–W70,释义待核实，不进入核心练习,ˈlɪps,释义待核实，不计入核心练习,
6515,escort,P7,W61–W70,,ɛˈskɔrt,n. 护送者，护卫队，护航舰；（通常指异性的）社交聚会陪伴者，伴游；陪护，护送；v. 押送；护送，护卫,Police were called to escort her off the premises.　召来警察护送她离场。
6516,retention,P7,W61–W70,,riˈtɛnʃən,n. 保持，保留；保存，存放；保持力，持续力；记忆力；（热量的）阻滞，（液体的）潴留；（对物质的）吸收和保持,Eating too much salt can cause fluid retention.　摄盐过多会导致体液潴留。
6517,exchanges,P7,W61–W70,释义待核实，不进入核心练习,ɪksˈtʃeɪndʒəz,释义待核实，不计入核心练习,
6518,pond,P7,W61–W70,,ˈpɑnd,n. （人工或自然的）池塘；<非正式>大西洋（the pond）；v. 拦截（或筑坝堵塞）（流水或其他流动液体）以形成小湖；（流水或其他液体）形成小湖；【名】 （Pond）（美、爱）庞德（人名）,The evening breeze ruffled the pond.　那傍晚的微风吹皱了水塘的表面。
6519,rolls,P7,W61–W70,释义待核实，不进入核心练习,ˈroʊlz,释义待核实，不计入核心练习,
6520,thomson,P7,W61–W70,释义待核实，不进入核心练习,ˈtɑmsən,释义待核实，不计入核心练习,
6521,barnes,P7,W61–W70,释义待核实，不进入核心练习,ˈbɑrnz,释义待核实，不计入核心练习,
6522,soundtrack,P7,W61–W70,,ˈsaʊndˌtræk,n. 声带；声道；声迹；电影配音,This model has a mono soundtrack.　这个型号是单声道的。
6523,wondering,P7,W61–W70,释义待核实，不进入核心练习,ˈwʌndɚɪŋ,释义待核实，不计入核心练习,
6524,malta,P7,W61–W70,释义待核实，不进入核心练习,ˈmɔltə,释义待核实，不计入核心练习,
6525,daddy,P7,W61–W70,,ˈdædi,n. 爸爸,"Daddy, where are you?　爸爸，您在哪儿？"
6526,lc,P7,W61–W70,释义待核实，不进入核心练习,,释义待核实，不计入核心练习,
6527,ferry,P7,W61–W70,,ˈfɛri,n. 渡船，摆渡；渡口；v. 摆渡，渡运；空运；【名】 （Ferry） （英、法、德、印尼）费里（人名）,The ferry hit us amidships.　渡轮拦腰撞了我们的船只。
6528,rabbit,P7,W61–W70,,ˈræbət,n. 兔；兔肉，兔毛；<非正式>（运动）新手，蹩脚运动员（尤指蹩脚板球击球手）；<英，非正式>闲聊，拉呱；<美>（长跑头几圈的）领跑者；v. 猎兔；<英，非正式>喋喋不休，唠叨；<非正式>快速移动，逃跑,The dog scented a rabbit.　狗嗅到了兔子的气息。
6529,profession,P7,W61–W70,,prəˈfɛʃən,n. （尤指需要长期训练和正规资格的）职业；（某）职业界同行，同业；（统称，指需要较高教育水平的）职业（the professions）；（信念、观点或感情的）公开表示，表白；入教誓言，修道誓约；入教仪式，入教,They're both doctors by profession.　他们两人的职业都是医生。
6530,seating,P7,W61–W70,释义待核实，不进入核心练习,ˈsitɪŋ,释义待核实，不计入核心练习,
6531,dam,P7,W61–W70,,ˈdæm,n. 堤，坝；母兽，母畜；<南非>水库；（牙科手术中的）橡皮障；v. （在河上）筑坝；阻止，抑制；【名】 （Dam）（美）丹（人名）,The dam had been breached.　大坝决口了。
6532,cnn,P7,W61–W70,释义待核实，不进入核心练习,ˌsiˌɛˈnɛn,释义待核实，不计入核心练习,
6533,separately,P7,W61–W70,,ˈsɛpɚətli,adv. 单独地，分别地,Each order is coded separately.　每份订单都单独编号。
6534,physiology,P7,W61–W70,释义待核实，不进入核心练习,ˌfɪziˈɑlədʒi,释义待核实，不计入核心练习,
6535,lil,P7,W61–W70,释义待核实，不进入核心练习,ˈlɪl,释义待核实，不计入核心练习,
6536,collecting,P7,W61–W70,释义待核实，不进入核心练习,kəˈlɛktɪŋ,释义待核实，不计入核心练习,
6537,das,P7,W61–W70,释义待核实，不进入核心练习,ˈdæs,释义待核实，不计入核心练习,
6538,exports,P7,W61–W70,释义待核实，不进入核心练习,ˈɛkspɔrts,释义待核实，不计入核心练习,
6539,omaha,P7,W61–W70,释义待核实，不进入核心练习,ˈoʊməˌhɑ,释义待核实，不计入核心练习,
6540,tire,P7,W61–W70,,ˈtaɪɚ,v. （使）感到累，（使）感到疲劳；厌倦，厌烦；n. <美>轮胎（同 tyre）；头饰,The driver lost control when a tire burst.　一只轮胎爆裂时司机失去了控制。
6541,participant,P7,W61–W70,,pɑrˈtɪsəpənt,n. 参加者，参与者；adj. 参与的,He has been an active participant in the discussion.　他一直积极参与这次讨论。
6542,scholarships,P7,W61–W70,释义待核实，不进入核心练习,ˈskɑlɚˌʃɪps,释义待核实，不计入核心练习,
6543,recreational,P7,W61–W70,,ˌrɛkriˈeɪʃənəl,adj. 娱乐的，消遣的,What recreational facilities are now available?　什么娱乐设施现在是可用的？
6544,dominican,P7,W61–W70,释义待核实，不进入核心练习,dəˈmɪnəkən,释义待核实，不计入核心练习,
6545,chad,P7,W61–W70,释义待核实，不进入核心练习,ˈtʃæd,释义待核实，不计入核心练习,
6546,electron,P7,W61–W70,,ˌɪˈlɛktrɑn,n. 电子,It is a naked electron and is a sodium positive ion.　它是个裸电子，是钠正离子。
6547,loads,P7,W61–W70,释义待核实，不进入核心练习,ˈloʊdz,释义待核实，不计入核心练习,
6548,friendship,P7,W61–W70,,ˈfrɛndʃɪp,n. 友谊，朋友关系；友情，友好；（国家或政府之间的）友好关系；【名】 （Friendship）（英）弗兰德希普（人名）,I treasure his friendship.　我珍重他的友谊。
6549,heather,P7,W61–W70,释义待核实，不进入核心练习,ˈhɛðɚ,释义待核实，不计入核心练习,
6550,passport,P7,W61–W70,,ˈpæˌspɔrt,n. 护照；途径，手段,He's gone off with my passport.　他拿走了我的护照。
6551,motel,P7,W61–W70,,moʊˈtɛl,n. 汽车旅馆；【名】 （Motel）（德）莫特尔（人名）,He put Elizabeth's motel bill and airfare on his expense account.　他把伊丽莎白住汽车旅馆的费用和机票费用记在了他的报销账户上。
6552,unions,P7,W61–W70,释义待核实，不进入核心练习,ˈjunjənz,释义待核实，不计入核心练习,
6553,treasury,P7,W61–W70,释义待核实，不进入核心练习,ˈtrɛʒɚi,释义待核实，不计入核心练习,
6554,warrant,P7,W61–W70,,ˈwɔrənt,n. （法院授予警方采取行动的）令状，授权令；（思考、决定或做某事的）正当理由，依据；（接受款项、服务等的）凭单，许可证；（财政）认股权证；准尉委任书；v. 使有必要，使正当；需要，值得；允诺，保证,They issued a warrant for her arrest.　当局发出了逮捕她的令状。
6555,sys,P7,W61–W70,释义待核实，不进入核心练习,,释义待核实，不计入核心练习,
6556,solaris,P7,W61–W70,释义待核实，不进入核心练习,soʊˈlɛrɪs,释义待核实，不计入核心练习,
6557,frozen,P7,W61–W70,,ˈfroʊzən,adj. 结冰的，冻硬的；（食物）冷冻的，冷藏的；冻坏的，冻僵的；吓呆的，惊呆的；（行为、态度等）冷淡的；v. 结冰；凝固（freeze 的过去分词形式）,I'm absolutely frozen!　我简直冻僵了！
6558,occupied,P7,W61–W70,,ˈɑkjəˌpaɪd,adj. 忙于……的，从事……的；（床、椅子、房间等）已被占用的；（地方）被占领的，遭侵占的；v. 占用，居住；占（空间或一段时间）；（用武力）占领，侵占（occupy 的过去式和过去分词形式）,The hospital bed is occupied by his wife.　那张病床由他妻子占用。
6559,josh,P7,W61–W70,释义待核实，不进入核心练习,ˈdʒɑʃ,释义待核实，不计入核心练习,
6560,royalty,P7,W61–W70,,ˈrɔɪəlti,n. 王族，王室；王权，王威；版税；(发明、创意、财产等的）使用费；（矿山、石油或天然气的）开采权使用费；（国王授予个人或公司的）权利（尤指矿山开采权）,We were treated like royalty.　我们受到了君王般的礼遇。
6561,scales,P7,W61–W70,释义待核实，不进入核心练习,ˈskeɪlz,释义待核实，不计入核心练习,
6562,rally,P7,W61–W70,,ˈræli,v. 召集，集合；公开支持（或反对）；重新集合，重整（军队）；恢复，重新振作；动员（全体人员）发愤图强；（价格）回升，升值；参加汽车拉力赛；<古>对……善意打趣，嘲笑；n. 集会，大会；赛车，汽车拉力赛；（网球等比赛中的）相持，拉锯；（球队技艺的）改进，提高；恢复健康，康复；（尤指股价）止跌回升；【名】 (Rally) （美）拉利（人名）,After a brief rally the shares returned to $2.15.　短暂的反弹之后，股票回到了$2.15。
6563,observer,P7,W61–W70,,əbˈzɝvɚ,n. 观察者，目击者；观察家，评论员；（会议等的）观察员,The talks took place in the presence of a diplomatic observer.　会谈是在一位外交观察家在场的情况下进行的。
6564,sunshine,P7,W61–W70,,ˈsʌnˌʃaɪn,n. 阳光，日照；幸福，快乐；<非正式>哥们，老兄（和让你生气的人说话时所用的称呼）；【名】 （Sunshine）森夏恩（人名）,The bay glittered in the sunshine.　海湾在阳光下闪闪发光。
6565,strain,P7,W61–W70,,ˈstreɪn,n. 焦虑，紧张；负担，紧张；张力，压力；损伤，扭伤；品种，类型；气质，个性特点；旋律，曲调；口吻，语气；（物理）应变，胁变；血缘；困难，负担；v. 拉伤，扭伤；绷紧，用力拉；竭力，使劲；过滤；使不堪忍受，使紧张；用力推（或拉），拉紧；【名】 （Strain）（英）斯特兰（人名）,I had to strain to hear.　我不得不努力地听。
6566,drag,P7,W61–W70,,ˈdræɡ,v. 拖，拽；生拉硬拽，强迫；硬撑着行进，费劲地移动；拖沓；用鼠标拖动；用网（或钩）搜索；（使）拖地而行；把……扯进（谈话中）；（船）拖锚，走锚；n. <非正式>乏味无聊的事（人）；累赘，拖累；吸一口（烟）；阻力，抗力；穿异性服装；<非正式>街，路；<英，非正式>汽车；<美，非正式>（对其他人的）影响（力）；（用力或费力的）拖，曳；（拉钓线时引起的假蝇的）异动；<史>（四匹马拉的）高大私人马车；被拖（或拉）之物；<史>重型耙，耢；（拖在猎犬前面代替狐狸用的具有强烈气味的）人工臭迹；每次敲击前用另一只鼓槌先击两个装饰音（基本的击鼓模式之一）；【名】 （Drag）（匈）德劳格（人名）,Walking's a drag—let's drive there.　步行太累了—咱们开车去吧。
6567,ceremony,P7,W61–W70,,ˈsɛrəˌmoʊni,n. 仪式，典礼；礼节，礼仪，客套,I hate all this pomp and ceremony.　我讨厌所有这些排场和仪式。
6568,somehow,P7,W61–W70,,ˈsʌmˌhaʊ,adv. 以某种方式，用某种方法；由于某种不明原因，不知为什么,She looked different somehow.　不知怎么地，她看上去变了。
6569,arrested,P7,W61–W70,释义待核实，不进入核心练习,ɚˈɛstɪd,释义待核实，不计入核心练习,
6570,expanding,P7,W61–W70,释义待核实，不进入核心练习,ɪkˈspændɪŋ,释义待核实，不计入核心练习,
6571,provincial,P7,W61–W70,,prəˈvɪnʃəl,adj. 省的；外省的，地方的；守旧的，偏狭的；n. 乡下人，外省人（常用作贬义，表示某人兴趣狭隘或偏狭守旧）；（国家、帝国的）省内居民；<英>（相对于全国性报纸而言的）地方报纸（provincials）；（管辖教省的）大主教（或都主教）,Power has been handed over to provincial and regional assemblies.　权力已移交给省和地区议会。
6572,investigations,P7,W61–W70,释义待核实，不进入核心练习,ˌɪnˌvɛstəˈɡeɪʃənz,释义待核实，不计入核心练习,
6573,icq,P7,W61–W70,释义待核实，不进入核心练习,,释义待核实，不计入核心练习,
6574,ripe,P7,W61–W70,,ˈraɪp,adj. （水果、谷物等）成熟的；（奶酪）熟的，（酒）芳醇的；（气味）浓烈的，刺鼻的，（香气）馥郁的；时机成熟的，适宜的；充满……的（ripe with）；高龄的，高寿的；（雌性鱼， 昆虫）快要产卵的；<非正式> (言语) 下流的，粗俗的；【名】 （Ripe）（意，瑞典）里佩（人名）,These grapes are ripe.　这些葡萄熟了。
6575,yamaha,P7,W61–W70,释义待核实，不进入核心练习,ˈjɑmɑˌhɑ,释义待核实，不计入核心练习,
6576,rely,P7,W61–W70,,rɪˈlaɪ,v. 相信，信赖；依靠，依赖,It would be rash to rely on such evidence.　依靠这样的证据太轻率了。
6577,medications,P7,W61–W70,释义待核实，不进入核心练习,ˌmɛdəˈkeɪʃənz,释义待核实，不计入核心练习,
6578,hebrew,P7,W61–W70,释义待核实，不进入核心练习,ˈhibru,释义待核实，不计入核心练习,
6579,gained,P7,W61–W70,释义待核实，不进入核心练习,ˈɡeɪnd,释义待核实，不计入核心练习,
6580,rochester,P7,W61–W70,释义待核实，不进入核心练习,ˈrɑˌtʃɛstɚ,释义待核实，不计入核心练习,
6581,dying,P7,W61–W70,,ˈdaɪɪŋ,adj. 临终的，垂死的；消亡的，没落的；最后的，快要结束的；垂死之人（the dying）；v. 死亡；消失；变低，变弱（die 的现在分词形式）,She knew she was dying.　她知道自己快死了。
6582,laundry,P7,W61–W70,,ˈlɔndri,n. 待洗（或正在洗涤、洗完）的衣物；洗衣房，洗衣店；洗衣物，洗衣物的活,I'll do your laundry.　我会给你洗衣服的。
6583,stuck,P7,W61–W70,释义待核实，不进入核心练习,ˈstʌk,释义待核实，不计入核心练习,
6584,solomon,P7,W61–W70,释义待核实，不进入核心练习,ˈsɑləmən,释义待核实，不计入核心练习,
6585,placing,P7,W61–W70,释义待核实，不进入核心练习,ˈpleɪsɪŋ,释义待核实，不计入核心练习,
6586,stops,P7,W61–W70,释义待核实，不进入核心练习,ˈstɑps,释义待核实，不计入核心练习,
6587,homework,P7,W61–W70,,ˈhoʊmˌwɝk,n. （学生的）家庭作业；准备工作；（尤指低酬劳计件活）在家里做的活计,How much homework do you get?　你有多少家庭作业？
6588,adjust,P7,W61–W70,,əˈdʒʌst,v. 调整，调节；整理（衣服）；适应，习惯；（保险理赔时）理算，评估（损失，损害）,How did you adjust to college life?　你是怎么适应大学生活的？
6589,assessed,P7,W61–W70,释义待核实，不进入核心练习,əˈsɛst,释义待核实，不计入核心练习,
6590,advertiser,P7,W61–W70,释义待核实，不进入核心练习,ˈædvɚˌtaɪzɚ,释义待核实，不计入核心练习,
6591,enabling,P7,W61–W70,释义待核实，不进入核心练习,ɛˈneɪbəlɪŋ,释义待核实，不计入核心练习,
6592,encryption,P7,W61–W70,释义待核实，不进入核心练习,ɛnˈkrɪpʃən,释义待核实，不计入核心练习,
6593,filling,P7,W61–W70,释义待核实，不进入核心练习,ˈfɪlɪŋ,释义待核实，不计入核心练习,
6594,downloadable,P7,W61–W70,释义待核实，不进入核心练习,,释义待核实，不计入核心练习,
6595,sophisticated,P7,W61–W70,,səˈfɪstəˌkeɪtɪd,adj. 见多识广的，老练的，见过世面的；复杂巧妙的，先进的，精密的；水平高的，在行的；时尚的，精致的；v. 使老于世故；使（设备、技术等）更复杂先进；<古>（老练地）讲话（或推理）（sophisticate 的过去式和过去分词形式）,Mark is a smart and sophisticated young man.　马克是一个聪明老成的年轻人。
6596,imposed,P7,W61–W70,释义待核实，不进入核心练习,ˌɪmˈpoʊzd,释义待核实，不计入核心练习,
6597,silence,P7,W61–W70,,ˈsaɪləns,n. 寂静，无声；沉默，默不作声:；保持沉默，拒绝回答；无音信，失去联系；默哀，静默；v. 使安静，使不说话；压制，使不再发表（反对意见）；杀……灭口；给（枪，排气系统）装消音器；int. <正式>（用以让人们安静）安静，静下来,His silence unnerved us.　他的沉默令我们心里发慌。
6598,scsi,P7,W61–W70,释义待核实，不进入核心练习,ˈskʊˌzi,释义待核实，不计入核心练习,
6599,focuses,P7,W61–W70,释义待核实，不进入核心练习,ˈfoʊkəsɪz,释义待核实，不计入核心练习,
6600,soviet,P7,W61–W70,,ˈsoʊviət,苏联的；苏维埃的；委员会的；苏维埃（代表会议）；委员会；代表会议；n. 苏维埃；苏联人民（Soviets/the Soviets）；（1917年前俄国工人、农民组成）地方革命委员会,Soviet expansionism was considered a real threat.　苏联的扩张主义曾被认为是种真正的威胁。
6601,possession,P7,W61–W70,,pəˈzɛʃən,n. <正式> 拥有，持有；个人财产，所有物；持有违禁物，私藏毒品（或武器）；（对球的）控制，球权；进攻；领地，殖民地；鬼魂附体，着魔；（观点或情感的）支配，控制,He was booked for possession of cocaine.　他因藏有可卡因而被立案审查。
6602,cu,P7,W61–W70,释义待核实，不进入核心练习,,释义待核实，不计入核心练习,
6603,laboratories,P7,W61–W70,释义待核实，不进入核心练习,ˈlæbrəˌtɔriz,释义待核实，不计入核心练习,
6604,treaty,P7,W61–W70,,ˈtriti,n. （国家之间的）条约，协定,The treaty seems to favour the US.　这个条约似乎偏向美国。
6605,vocal,P7,W61–W70,,ˈvoʊkəl,adj. 嗓音的，发声的，歌唱的；直言不讳的，大声表达的；n. （乐曲中的）歌唱部分，声乐部分；【名】 （Vocal）（西）博卡尔（人名）,Orbison's vocal range spanned three octaves.　奥毕森的音域跨越三个八度。
6606,trainer,P7,W61–W70,,ˈtreɪnɚ,n. 教员，驯兽师，教练员；<英>运动鞋，便鞋；<美>（运动队的）队医；<非正式>教练机，飞行练习器；【名】 （Trainer）（英、德）特雷纳（人名）,Do you have a personal trainer?　你有私人教练吗？
6607,organ,P7,W61–W70,,ˈɔrɡən,n. （人体或动植物的）器官；阴茎，阳物；风琴，管风琴；<正式> （官方的）机构，机关；<正式>机关报刊，宣传工具；【名】 （Organ）（英）奥根（人名）,The largest organ in the body is the liver.　体内最大的器官是肝脏。
6608,stronger,P7,W61–W70,释义待核实，不进入核心练习,ˈstrɔŋɚ,释义待核实，不计入核心练习,
6609,volumes,P7,W61–W70,释义待核实，不进入核心练习,ˈvɑljumz,释义待核实，不计入核心练习,
6610,advances,P7,W61–W70,释义待核实，不进入核心练习,ədˈvænsəz,释义待核实，不计入核心练习,
6611,vegetables,P7,W61–W70,释义待核实，不进入核心练习,ˈvɛdʒtəbəlz,释义待核实，不计入核心练习,
6612,lemon,P7,W61–W70,,ˈlɛmən,n. 柠檬；柠檬汁；柠檬色；柠檬树（=lemon tree）；<非正式>蹩脚的人（或物）；adj. 柠檬色的；【名】 （Lemon）（美）莱蒙（人名）,I plucked a lemon from the tree.　我从树上摘下一枚柠檬。
6613,toxic,P7,W61–W70,,ˈtɑksɪk,adj. 有毒的，引起中毒的；令人极不愉快的，极其有害的，恶毒的；中毒的，中毒性的；（财政）（债务）有毒的，风险高的；（证券）有毒的；n. 有毒物质，毒药（toxics）,Many pesticides are highly toxic.　许多杀虫剂毒性很大。
6614,dns,P7,W61–W70,释义待核实，不进入核心练习,ˌdiˌɛˈnɛs,释义待核实，不计入核心练习,
6615,thumbnails,P7,W61–W70,释义待核实，不进入核心练习,,释义待核实，不计入核心练习,
6616,darkness,P7,W61–W70,,ˈdɑrknəs,n. 黑暗；深色，暗色；邪恶，罪恶,Darkness spread and enfolded him.　黑暗弥漫开来，将他笼罩。
6617,pty,P7,W61–W70,释义待核实，不进入核心练习,ˈtaɪ,释义待核实，不计入核心练习,
6618,ws,P7,W61–W70,释义待核实，不进入核心练习,ˌdʌbəljuˈɛs,释义待核实，不计入核心练习,
6619,nuts,P7,W61–W70,释义待核实，不进入核心练习,ˈnʌts,释义待核实，不计入核心练习,
6620,nail,P7,W61–W70,,ˈneɪl,n. 钉子；指甲，趾甲；（一些软喙鸟类）上喙的硬甲壳；纳尔（布匹长度单位）；v. （用钉子）钉住，钉牢；抓住，证明……有罪；戳穿，揭露；（尤指体育运动中）获得，赢得；（选手）锁定（胜局）；<非正式>用力击打；<美，非正式>完美地完成，漂亮地做；(棒球)（外场手）把（跑垒者）杀出局；<美>（选手）击败（或智胜）（对手）；<美，俚>（男性）与……性交；（外场手）把（跑垒者）杀出局；【名】 （Nail）（英、美、法、俄）纳伊（人名）,This nail won't come out.　这颗钉子拔不出来。
6621,bizrate,P7,W61–W70,释义待核实，不进入核心练习,ˈbɪˌzeɪt,释义待核实，不计入核心练习,
6622,vienna,P7,W61–W70,释义待核实，不进入核心练习,viˈɛnə,释义待核实，不计入核心练习,
6623,implied,P7,W61–W70,释义待核实，不进入核心练习,ˌɪmˈplaɪd,释义待核实，不计入核心练习,
6624,span,P7,W61–W70,,ˈspæn,n. 时间跨度，一段时间；（桥或拱的）墩距，跨距；宽度，翼展；范围，包括的种类；（航海）跨绳；一队人（或动物）；数值范围；一掌的长度；v. 持续，贯穿；包括（广大地区），涵盖（多项内容）；横跨，跨越；张开手覆盖（或环绕）；<南非>给（动物）套上轭；adj. 整洁干净的，照管得很好的（spick and span）,The apartment was spick-and-span.　这套公寓非常干净整洁。
6625,stanford,P7,W61–W70,释义待核实，不进入核心练习,ˈstænfɚd,释义待核实，不计入核心练习,
6626,sox,P7,W61–W70,释义待核实，不进入核心练习,ˈsɑks,释义待核实，不计入核心练习,
6627,stockings,P7,W61–W70,释义待核实，不进入核心练习,ˈstɑkɪŋz,释义待核实，不计入核心练习,
6628,joke,P7,W61–W70,,ˈdʒoʊk,n. 笑话，玩笑；荒唐可笑的人（或事物），笑料；恶作剧，捉弄人的玩笑；v. 说笑话，开玩笑；取笑，开……的玩笑；【名】 （Joke）（英）乔克，（塞）约凯（人名）,Whoever thought up that joke?　究竟是谁想出那个笑话的？
6629,respondent,P7,W61–W70,,rɪˈspɑndənt,n. （调查表、问卷调查的）答卷人，调查对象；<法律>（尤指上诉案或离婚案的）被告；adj. 处于被告地位的；（尤指对民意调查，问卷调查等）作回答的，应答的；（尤指对特定刺激的条件反射）有反应的，反射的,Only one respondent was optimistic.　只有一位受访者表示乐观。
6630,packing,P7,W61–W70,释义待核实，不进入核心练习,ˈpækɪŋ,释义待核实，不计入核心练习,
6631,statute,P7,W61–W70,,ˈstætʃut,n. 法令，法规，成文法；（组织或机构的）规章,Corporal punishment was banned by statute in 1987.　1987年通过的法令明文禁止体罚。
6632,rejected,P7,W61–W70,释义待核实，不进入核心练习,rɪˈdʒɛktɪd,释义待核实，不计入核心练习,
6633,satisfy,P7,W61–W70,,ˈsætəsˌfaɪ,v. 使满意，使满足；满足（要求、需要等）；符合（规定、条件或标准）；使确信，使信服；清偿，偿付；解，符合（方程式）；令人满意，令人满足,We cannot satisfy demand for the product.　我们不能满足对该产品的需求。
6634,destroyed,P7,W61–W70,释义待核实，不进入核心练习,dɪˈstrɔɪd,释义待核实，不计入核心练习,
6635,shelter,P7,W61–W70,,ˈʃɛltɚ,n. 居所，住处；（尤指用以躲避风雨或攻击的）遮蔽物，庇护处；遮蔽，庇护；（人或动物）收容所；v. 提供庇护，提供保护；躲避，避难；使（某人）免遭（困难，讨厌的事）；使免交税；【名】 （Shelter）（英）谢尔特（人名）,Migrant birds shelter in the reeds.　候鸟隐蔽在芦苇丛中。
6636,chapel,P7,W61–W70,,ˈtʃæpəl,n. 小礼拜堂，小教堂；礼拜；印刷（或报业）工会会员，印刷（或报业）工会分部；殡仪馆；<美>停尸房；adj. <英，非正式>非国教的；【名】 （Chapel）（英）查普尔，（法）沙佩尔（人名）,We married in the college chapel.　我们在学院的小教堂里结的婚。
6637,gamespot,P7,W61–W70,释义待核实，不进入核心练习,,释义待核实，不计入核心练习,
6638,manufacture,P7,W61–W70,,ˌmænjəˈfæktʃɚ,v. （用机器大量）生产，制造；编造，捏造；生成，产生（一种物质）；n. 大量制造，批量生产；工业品；制造业,They manufacture the class of plastics known as thermoplastic materials.　他们生产被称为热塑材料的塑料类制品。
6639,layers,P7,W61–W70,释义待核实，不进入核心练习,ˈleɪɚz,释义待核实，不计入核心练习,
6640,wordpress,P7,W61–W70,释义待核实，不进入核心练习,ˈwɝdprɪs,释义待核实，不计入核心练习,
6641,guided,P7,W61–W70,释义待核实，不进入核心练习,ˈɡaɪdəd,释义待核实，不计入核心练习,
6642,vulnerability,P7,W61–W70,,ˌvʌlnɚəˈbɪlɪti,n. 易损性，弱点；（桥牌）局况,David accepts his own vulnerability.　戴维承认自己的脆弱。
6643,accountability,P7,W61–W70,,əˈkaʊntəˌbɪlɪti,n. 责任，责任心，可说明性,Good management in the police cannot be divorced from accountability.　警政的良好管理离不开问责制。
6644,celebrate,P7,W61–W70,,ˈsɛləˌbreɪt,v. 庆祝，庆贺；赞扬，赞美；主持（宗教仪式）,I was in a mood to celebrate.　我很想庆祝一番。
6645,accredited,P7,W61–W70,,əˈkrɛdɪtɪd,adj. 公认的；官方认可的；鉴定合格的；经授权的；被派驻国外的；v. 认可；把……归于；委任，委派；相信；（官方机构）授权（accredit的过去式和过去分词）,He was accredited to Madrid.　他被委任为驻马德里大使。
6646,appliance,P7,W61–W70,,əˈplaɪəns,n. 家用电器，装置；<英>应用；消防车,"Before you buy a new appliance, talk to someone who owns one.　购买新电器之前，先和有这个电器的人谈谈。"
6647,compressed,P7,W61–W70,释义待核实，不进入核心练习,kəmˈprɛst,释义待核实，不计入核心练习,
6648,bahamas,P7,W61–W70,释义待核实，不进入核心练习,bəˈhɑməz,释义待核实，不计入核心练习,
6649,powell,P7,W61–W70,释义待核实，不进入核心练习,ˈpaʊəl,释义待核实，不计入核心练习,
6650,mixture,P7,W61–W70,,ˈmɪkstʃɚ,n. 混合体，结合体；混合物，混合料；混合；（未经化学反应而形成的）混合物；（内燃机汽缸中）混合气；混合音栓,Air is a mixture of gases.　空气为混合气体。
6651,zoophilia,P7,W61–W70,释义待核实，不进入核心练习,,释义待核实，不计入核心练习,
6652,bench,P7,W61–W70,,ˈbɛntʃ,n. 长凳，长椅；长方形工作台；法官席（the bench）； 议员席；替补席；（砖石建筑的）壁架，（斜坡上的）平台；v. 把（场上队员）换下；（在展览会上）展览（狗）；仰卧推举；给……以席位；为……设置条凳；【名】 （Bench）（英）本奇，（德）本希，（丹）本克（人名）,We sat primly at either end of a long bench.　我们古板地坐在一张长凳的两端。
6653,univ,P7,W61–W70,释义待核实，不进入核心练习,,释义待核实，不计入核心练习,
6654,tub,P7,W61–W70,,ˈtʌb,n. 盆，桶；（用来盛食品的小型）带盖容器；浴缸；一盒的容量，一盆的容量；<非正式>行驶缓慢的旧船，老爷船（贬）；<非正式>矮胖子；（矿）矿车，矿斗；v. <英，非正式> 浴缸，浴盆；盆栽,She lay back in the tub.　她仰靠在浴缸里。
6655,rider,P7,W61–W70,,ˈraɪdɚ,n. 骑手，骑马（或自行车、摩托车）的人；附文，附加条款；<英>三读附加意见，三读议案；<英>（陪审团对裁定的）附加意见；（天平的）游码；【名】 （Rider）（英）赖德，（西）里德尔（人名）,She is a nerveless rider.　她是一位勇敢的骑手。
6656,scheduling,P7,W61–W70,释义待核实，不进入核心练习,ˈskɛdʒʊlɪŋ,释义待核实，不计入核心练习,
6657,radius,P7,W61–W70,,ˈreɪdiəs,n. 半径；半径范围，周围；（剖）桡骨；（昆）径脉；（棘皮动物或腔肠动物的）辐射对称轴；v. 使（角，边缘）成弧形；【名】 （Radius）（意、印尼）拉迪乌斯，（英）雷迪厄斯，（法）拉迪于斯（人名）,He indicated a semicircle with a radius of about thirty miles.　他标示出一个半径大约三十英里的半圆。
6658,perspectives,P7,W61–W70,释义待核实，不进入核心练习,pɚˈspɛktɪvz,释义待核实，不计入核心练习,
6659,mortality,P7,W61–W70,,mɔrˈtæləti,n. 死亡人数，死亡率；必死性，终有一死；死亡,Premature birth is the main cause of perinatal mortality.　早产是围产期死亡的主要原因。
6660,logging,P7,W61–W70,释义待核实，不进入核心练习,ˈlɔɡɪŋ,释义待核实，不计入核心练习,
6661,hampton,P7,W61–W70,释义待核实，不进入核心练习,ˈhæmptən,释义待核实，不计入核心练习,
6662,christians,P7,W61–W70,释义待核实，不进入核心练习,ˈkrɪstʃənz,释义待核实，不计入核心练习,
6663,borders,P7,W61–W70,释义待核实，不进入核心练习,ˈbɔrdɚz,释义待核实，不计入核心练习,
6664,therapeutic,P7,W61–W70,释义待核实，不进入核心练习,ˌθɛrəˈpjutɪk,释义待核实，不计入核心练习,
6665,pads,P7,W61–W70,释义待核实，不进入核心练习,ˈpædz,释义待核实，不计入核心练习,
6666,butts,P7,W61–W70,释义待核实，不进入核心练习,ˈbʌts,释义待核实，不计入核心练习,
6667,inns,P7,W61–W70,释义待核实，不进入核心练习,ˈɪnz,释义待核实，不计入核心练习,
6668,bobby,P7,W61–W70,释义待核实，不进入核心练习,ˈbɑbi,释义待核实，不计入核心练习,
6669,impressive,P7,W61–W70,,ˌɪmˈprɛsɪv,adj. 给人印象深刻的，令人钦佩的,It is an impressive achievement.　这是一项令人敬佩的成就。
6670,sheep,P7,W61–W70,,ˈʃip,n. 羊，绵羊；胆小鬼,Sheep were grazing in the fields.　羊在野地里吃草。
6671,accordingly,P7,W61–W70,,əˈkɔrdɪŋli,adv. 相应地，照着；因此，所以,It is a difficult job and they should be paid accordingly.　它是一项艰巨的工作，他们应该相应地获得报酬。
6672,architect,P7,W61–W70,,ˈɑrkəˌtɛkt,n. 建筑师；设计师，缔造者,The architect drew the house in section.　建筑师绘制了房子的剖面图。
6673,railroad,P7,W61–W70,,ˈreɪlˌroʊd,n. <美>铁路，铁轨；<美>铁路公司，铁路部门；v. 迫使……仓促行事，强迫……做；迫使……草率通过；<美>轻率判处,Court decisions always went against railroad workers.　法院的判决总是对铁路工人不利。
6674,lectures,P7,W61–W70,释义待核实，不进入核心练习,ˈlɛktʃɚz,释义待核实，不计入核心练习,
6675,challenging,P7,W61–W70,,ˈtʃæləndʒɪŋ,adj. 富于挑战性的，困难而有趣的；挑衅的，不赞同的；v. 挑战，向……下战书；质疑，拒绝接受；考验（challenge 的现在分词形式）,She does not like anyone challenging her authority.　她不喜欢任何人挑战她的权威。
6676,wines,P7,W61–W70,释义待核实，不进入核心练习,ˈwaɪnz,释义待核实，不计入核心练习,
6677,nursery,P7,W61–W70,,ˈnɝsɚi,n. 托儿所，幼儿园；儿童房；<旧>儿童活动室；苗圃；（医院里的）育婴室；动物繁殖场；温床；两岁的马参加的赛马；adj. 幼儿教育的,Her youngest child is at nursery now.　她最小的孩子现在上托儿所。
6678,harder,P7,W61–W70,释义待核实，不进入核心练习,ˈhɑrdɚ,释义待核实，不计入核心练习,
6679,cups,P7,W61–W70,释义待核实，不进入核心练习,ˈkʌps,释义待核实，不计入核心练习,
6680,ash,P7,W61–W70,,ˈæʃ,n. （香烟或木头等的）灰；灰烬，废墟；骨灰，遗骸；梣树，白蜡树；（古英语中的一个字母，也为音标）æ；v. 把……化为灰烬；以灰覆盖，撒灰于；掸（烟）灰；【名】 （Ash）（英、美）阿什（人名）,Ash began to erupt from the crater.　火山灰开始从火山口喷出。
6681,microwave,P7,W61–W70,,ˈmaɪkrəˌweɪv,n. 微波炉；微波；v. 用微波炉烹调（或加热）,A microwave is a good investment.　微波炉值得买。
6682,cheapest,P7,W61–W70,释义待核实，不进入核心练习,ˈtʃipəst,释义待核实，不计入核心练习,
6683,accidents,P7,W61–W70,释义待核实，不进入核心练习,ˈæksədənts,释义待核实，不计入核心练习,
6684,travesti,P7,W61–W70,释义待核实，不进入核心练习,,释义待核实，不计入核心练习,
6685,relocation,P7,W61–W70,释义待核实，不进入核心练习,ˌriˌloʊˈkeɪʃən,释义待核实，不计入核心练习,
6686,stuart,P7,W61–W70,释义待核实，不进入核心练习,ˈstuɚt,释义待核实，不计入核心练习,
6687,contributors,P7,W61–W70,释义待核实，不进入核心练习,kənˈtrɪbjətɚz,释义待核实，不计入核心练习,
6688,salvador,P7,W61–W70,释义待核实，不进入核心练习,ˈsælvəˌdɔr,释义待核实，不计入核心练习,
6689,ali,P7,W61–W70,释义待核实，不进入核心练习,ˈɑli,释义待核实，不计入核心练习,
6690,salad,P7,W61–W70,,ˈsæləd,n. 色拉；尤指莴苣；n. （Salad）人名；（阿拉伯）萨拉德,The salad had lost its crispness.　这色拉已经不脆了。
6691,np,P7,W61–W70,释义待核实，不进入核心练习,,释义待核实，不计入核心练习,
6692,monroe,P7,W61–W70,释义待核实，不进入核心练习,mənˈroʊ,释义待核实，不计入核心练习,
6693,tender,P7,W61–W70,,ˈtɛndɚ,adj. 温柔的，亲切的；（食物）嫩的，软的；年幼的，未成熟的；（身体部位）易痛的，一触即痛的；（植物）纤弱的，娇嫩的；微妙的，棘手的；（航海）易倾斜的，不稳的；v. <正式>提出，提供；投标；付钱，偿还；出价购买（股票等）；使变脆弱；<古>温柔地对待；n. 投标，投标书；<英>（期货交易中的）交割意向通知书；（尤指挂在火车头后的）煤水车；（在大船和口岸之间载运人或货物的）供应船，补给船；（装有特别设备的）辅助救火车；服务车，辅助车辆；照料人，照管人；<美，非正式>（通常裹有面包屑的）炸鸡块,This meat is extremely tender.　这肉嫩得很。
6694,violations,P7,W61–W70,释义待核实，不进入核心练习,vaɪəˈleɪʃənz,释义待核实，不计入核心练习,
6695,foam,P7,W61–W70,,ˈfoʊm,n. 泡沫，气泡；泡沫橡胶，海绵橡胶；泡沫剂，泡沫产品；唾液，汗沫；v. 起泡沫，有泡沫,All the sharp corners were padded with foam.　所有的棱角都垫上了泡沫塑料。
6696,temperatures,P7,W61–W70,释义待核实，不进入核心练习,ˈtɛmprətʃɚz,释义待核实，不计入核心练习,
6697,paste,P7,W61–W70,,ˈpeɪst,n. 面糊，糊状物；糨糊； 肉（或鱼等）酱（作涂抹料或烹饪用）；（制作人造宝石用的）铅质玻璃；（制陶、瓷器用的）湿黏土；v. （尤指用浆糊）黏，贴；（在计算机上屏幕上）粘贴（文字、图片等）；<非正式> 狠狠地打，彻底打败；【名】 （Paste）（印度）帕斯泰（人名）,It's quicker to cut and paste than to retype.　剪切和粘贴比重新打字要快。
6698,clouds,P7,W61–W70,释义待核实，不进入核心练习,ˈklaʊdz,释义待核实，不计入核心练习,
6699,competitions,P7,W61–W70,释义待核实，不进入核心练习,ˌkɑmpəˈtɪʃənz,释义待核实，不计入核心练习,
6700,discretion,P7,W61–W70,,dɪˈskrɛʃən,n. 自行决定权，判断力；谨慎，慎重,He is the soul of discretion.　他是谨慎的典范。
6701,tft,P7,W61–W70,释义待核实，不进入核心练习,,释义待核实，不计入核心练习,
6702,tanzania,P7,W61–W70,释义待核实，不进入核心练习,tænˈzeɪniə,释义待核实，不计入核心练习,
6703,preserve,P7,W61–W70,,prəˈzɝv,v. 保护，维护；保持，维持；腌制，保存（食物）；禁止他人捕猎；n. 果酱，腌菜；（某人或某个团体的）专属领域，独有活动；动物保护区，外人禁入的猎地,We need to preserve the forest.　我们需要保护森林。
6704,jvc,P7,W61–W70,释义待核实，不进入核心练习,,释义待核实，不计入核心练习,
6705,poem,P7,W61–W70,,ˈpoʊəm,n. 诗，韵文,The poem uses simple language.　这首诗用语简单。
6706,unsigned,P7,W61–W70,释义待核实，不进入核心练习,ənˈsaɪnd,释义待核实，不计入核心练习,
6707,staying,P7,W61–W70,释义待核实，不进入核心练习,ˈsteɪɪŋ,释义待核实，不计入核心练习,
6708,cosmetics,P7,W61–W70,,kɑzˈmɛtɪks,n. [化工]化妆品（cosmetic 的复数）；装饰品；v. 用化妆品打扮（cosmetic 的三单形式）,Cosmetics are used for adornment.　化妆品是用来修饰的。
6709,easter,P7,W61–W70,,ˈistɚ,n. 复活节,"""Happy Easter,"" he yelled.　“复活节快乐，”他喊道。"
6710,theories,P7,W61–W70,释义待核实，不进入核心练习,ˈθɪriz,释义待核实，不计入核心练习,
6711,repository,P7,W61–W70,释义待核实，不进入核心练习,riˈpɑzəˌtɔri,释义待核实，不计入核心练习,
6712,praise,P7,W61–W70,,ˈpreɪz,v. （尤指公开地）赞美，表扬；（用语言或音乐）赞美（上帝）；n. 表扬，赞美；（对上帝的）感谢，崇拜,He heaped praise on his team.　他高度赞扬了他的队。
6713,jeremy,P7,W61–W70,释义待核实，不进入核心练习,ˈdʒɛrəˌmi,释义待核实，不计入核心练习,
6714,venice,P7,W61–W70,释义待核实，不进入核心练习,ˈvɛnəs,释义待核实，不计入核心练习,
6715,jo,P7,W61–W70,释义待核实，不进入核心练习,ˈdʒoʊ,释义待核实，不计入核心练习,
6716,concentrations,P7,W61–W70,释义待核实，不进入核心练习,ˌkɑnsənˈtreɪʃənz,释义待核实，不计入核心练习,
6717,estonia,P7,W61–W70,释义待核实，不进入核心练习,ɛˈstoʊniə,释义待核实，不计入核心练习,
6718,christianity,P7,W61–W70,释义待核实，不进入核心练习,ˌkrɪstʃiˈænɪti,释义待核实，不计入核心练习,
6719,veteran,P7,W61–W70,,ˈvɛtɚən,n. 老兵，退伍军人；经验丰富的人，老手；adj. 经验丰富的，老练的；<英>古老的,He is a veteran parliamentarian whose views enjoy widespread respect.　他是一位资深议员，其观点受到广泛尊重。
6720,streams,P7,W61–W70,释义待核实，不进入核心练习,ˈstrimz,释义待核实，不计入核心练习,
6721,landing,P7,W61–W70,,ˈlændɪŋ,n. 楼梯平台；着陆，降落；（军队的）登陆；码头，卸货处；【名】 （Landing）（冈、瑞典、塞内）兰丁（人名）,I ran out onto the landing.　我跑出去上了楼梯平台。
6722,signing,P7,W61–W70,释义待核实，不进入核心练习,ˈsaɪnɪŋ,释义待核实，不计入核心练习,
6723,executed,P7,W61–W70,释义待核实，不进入核心练习,ˈɛksəkˌjutɪd,释义待核实，不计入核心练习,
6724,katie,P7,W61–W70,释义待核实，不进入核心练习,ˈkeɪti,释义待核实，不计入核心练习,
6725,negotiations,P7,W61–W70,释义待核实，不进入核心练习,nəˌɡoʊʃiˈeɪʃənz,释义待核实，不计入核心练习,
6726,realistic,P7,W61–W70,,ˌriəˈlɪstɪk,adj. 务实的，实事求是的；实际的，现实可行的；写实的，逼真的；实在论的,A more realistic figure is 11 million.　一个更现实可行的数字是1100万。
6727,dt,P7,W61–W70,释义待核实，不进入核心练习,,释义待核实，不计入核心练习,
6728,cgi,P7,W61–W70,释义待核实，不进入核心练习,ˌsiˌɡiˈaɪ,释义待核实，不计入核心练习,
6729,showcase,P7,W61–W70,释义待核实，不进入核心练习,ˈʃoʊˌkeɪs,释义待核实，不计入核心练习,
6730,integral,P7,W61–W70,,ˈɪntəɡrəl,adj. 必需的，必要的，不可或缺的；作为组成部分的；完整的；整的，积分的；n. 积分；完整,All models have an integral CD player.　所有型号都有内置的激光唱片机。
6731,asks,P7,W61–W70,释义待核实，不进入核心练习,ˈæsks,释义待核实，不计入核心练习,
6732,relax,P7,W61–W70,,rɪˈlæks,v. 休息，（使）放松；放心，镇定；松开，（使）松弛；放宽（规则或法律等）； 减少（关注），分散（注意力）；烫直（头发）,She just won't relax.　她就是不放松。
6733,namibia,P7,W61–W70,释义待核实，不进入核心练习,nəˈmɪbiə,释义待核实，不计入核心练习,
6734,generating,P7,W61–W70,释义待核实，不进入核心练习,ˈdʒɛnɚˌeɪtɪŋ,释义待核实，不计入核心练习,
6735,christina,P7,W61–W70,释义待核实，不进入核心练习,krɪˈstinə,释义待核实，不计入核心练习,
6736,congressional,P7,W61–W70,,kənˈɡrɛʃənəl,adj. 立法机构的，代表大会的，（美国）国会的,The president explained his plans to congressional leaders.　总统向国会领导人说明了他的计划。
6737,synopsis,P7,W61–W70,释义待核实，不进入核心练习,sɪˈnɑpsɪs,释义待核实，不计入核心练习,
6738,hardly,P7,W61–W70,,ˈhɑrdli,adv. 几乎不，几乎没有；刚刚，才；几乎无法；差不多，大约；<古>严厉的，苛刻的,I hardly slept a wink.　我几乎连个盹都没打。
6739,prairie,P7,W61–W70,,ˈprɛri,n. （北美的）大草原；蒸气火车头（Prairie）,The prairie vole is one such animal.　草原田鼠就是这样一种动物。
6740,reunion,P7,W61–W70,,riˈunjən,n. （有组织的）聚会，团聚；重逢，团圆；再联合，重新统一,Christmas is a time of reunion.　圣诞节是团聚的日子。
6741,composer,P7,W61–W70,,kəmˈpoʊzɚ,n. 创作者，作曲家,He was born to be a great composer.　他是个天生的伟大作曲家。
6742,bean,P7,W61–W70,,ˈbin,n. 豆，菜豆，豆科植物；籽实，豆形种子；用于强调丝毫，一点；<旧>脑袋；（Bean）描述Java的软件组件模型（Enterprise Java Bean）；v. （用某物）击中（某人）头部；【名】 （Bean）（英）比恩（人名）,Sometimes I take 'em off with a bean.　有时我用蚕豆除掉它们。
6743,sword,P7,W61–W70,,ˈsɔrd,n. 剑，刀；<文> 武力，暴力（the sword）；塔罗纸牌中一组牌中的一张（swords）；【名】 （Sword）索德（人名）,He buckled on his sword.　他把剑扣好。
6744,absent,P7,W61–W70,,ˈæbsənt,adj. 缺勤的，缺席的；不存在的，缺乏的；心不在焉的，出神的；不与子女一起住的；prep. <美，正式>缺乏，没有；v. 缺席，离开,"""Nothing,"" Rosie said in an absent way.　“没什么，”罗茜心不在焉地说。"
6745,photographic,P7,W61–W70,释义待核实，不进入核心练习,ˌfoʊtəˈɡræfɪk,释义待核实，不计入核心练习,
6746,sells,P7,W61–W70,释义待核实，不进入核心练习,ˈsɛlz,释义待核实，不计入核心练习,
6747,ecuador,P7,W61–W70,释义待核实，不进入核心练习,ˈɛkwəˌdɔr,释义待核实，不计入核心练习,
6748,hoping,P7,W61–W70,释义待核实，不进入核心练习,ˈhoʊpɪŋ,释义待核实，不计入核心练习,
6749,accessed,P7,W61–W70,释义待核实，不进入核心练习,ˈækˌsɛst,释义待核实，不计入核心练习,
6750,spirits,P7,W61–W70,释义待核实，不进入核心练习,ˈspɪrɪts,释义待核实，不计入核心练习,
6751,modifications,P7,W61–W70,释义待核实，不进入核心练习,ˌmɑdəfəˈkeɪʃənz,释义待核实，不计入核心练习,
6752,coral,P7,W61–W70,,ˈkɔrəl,n. 珊瑚；（作珠宝的）珊瑚宝石；珊瑚色，橘红色；珊瑚虫；龙虾卵，扇贝卵；adj. 珊瑚色的，浅橘红色的；珊瑚的，珊瑚制的；【名】 （Coral）（英、法、西、葡）科拉尔（人名）,The island is encircled by a coral reef.　这个岛周围都是珊瑚礁。
6753,pixel,P7,W61–W70,释义待核实，不进入核心练习,ˈpɪksəl,释义待核实，不计入核心练习,
6754,float,P7,W61–W70,,ˈfloʊt,v. （使）漂浮，（使）浮动；轻盈走动，飘然移动；提出（想法或计划）；发行（股票）上市；使（货币汇率）自由浮动；n. 彩车；鱼漂，浮子；（学游泳用的）浮板；<美，非正式>顶端加冰激凌的饮料；<英，非正式>（商店的）备用零钱；（公司股票）上市，开始发行；【名】 （Float）（美、英、德）弗洛特（人名）,Can you float on your back?　你能仰浮吗？
6755,colin,P7,W61–W70,释义待核实，不进入核心练习,ˈkoʊlɪn,释义待核实，不计入核心练习,
6756,bias,P7,W61–W70,,ˈbaɪəs,n. 偏见，成见；偏好，天赋；倾向，趋势；斜纹；（统计）偏差，偏倚；偏重心球形；偏压，偏统；v. 使有偏见，使偏心；加偏压（或偏流）于；adj. 偏斜的,The course has a strong practical bias.　这个课程偏重实用。
6757,imported,P7,W61–W70,释义待核实，不进入核心练习,ˌɪmˈpɔrtɪd,释义待核实，不计入核心练习,
6758,paths,P7,W61–W70,释义待核实，不进入核心练习,ˈpæðz,释义待核实，不计入核心练习,
6759,bubble,P7,W61–W70,,ˈbʌbəl,n. 气泡，泡沫；经济泡沫；（欲表达的）一点感情；气泡框；泡状物；安全的地方（或位置）；泡螺；v. 冒泡，沸腾；发出冒泡的声音；忙碌，活跃；兴奋，激动；（情绪、感情等）涌动,Add the white wine and let it bubble up.　加入白葡萄酒，让它产生泡沫。
6760,por,P7,W61–W70,释义待核实，不进入核心练习,ˈpɔr,释义待核实，不计入核心练习,
6761,acquire,P7,W61–W70,,əˈkwaɪɚ,v. 获得，得到；学到，习得；患上（疾病）；逐渐具有，开始学会,People must acquire this skill somewhere.　人们必须从某个地方获得这种技能。
6762,contrary,P7,W61–W70,,ˈkɑntrɛri,adj. 相反的，相对的；乖戾的，好与人作对的；逆向的，逆行的；n. 相反的事实（或事情、情况）；对立命题，反对命题；adv. 相反地,I don't find him funny at all. Quite the contrary.　正相反，我觉得他一点儿也不可笑。
6763,millennium,P7,W61–W70,,məˈlɛniəm,n. 一千年；千周年纪念日，千禧年（the millennium）；世界末日前基督治理世界的一千年（the millennium）；（作为乌托邦的）美满时期，太平盛世（the millennium）,How did you celebrate the millennium?　你们是如何欢庆千禧年的？
6764,tribune,P7,W61–W70,释义待核实，不进入核心练习,ˈtrɪbjun,释义待核实，不计入核心练习,
6765,vessel,P7,W61–W70,,ˈvɛsəl,n. 船，舰；（人或动物的）血管，（植物的）导管；（盛液体用的）容器，器皿；（有某种特质或用途的）人；【名】 （Vessel）韦塞尔（人名）,The vessel yesterday reached anchorage off Dubai.　该船昨日抵达迪拜附近的锚地。
6766,acids,P7,W61–W70,释义待核实，不进入核心练习,ˈæsədz,释义待核实，不计入核心练习,
6767,focusing,P7,W61–W70,释义待核实，不进入核心练习,ˈfoʊkəsɪŋ,释义待核实，不计入核心练习,
6768,viruses,P7,W61–W70,释义待核实，不进入核心练习,ˈvaɪrəsəz,释义待核实，不计入核心练习,
6769,cheaper,P7,W61–W70,释义待核实，不进入核心练习,ˈtʃipɚ,释义待核实，不计入核心练习,
6770,admitted,P7,W61–W70,释义待核实，不进入核心练习,ədˈmɪtɪd,释义待核实，不计入核心练习,
6771,dairy,P7,W61–W70,,ˈdɛri,adj. 奶制的，乳品的；乳品业的，生产乳品的；n. 乳品公司，乳品店；乳制品；牛奶场，乳品场；<新西兰>地方小店；乳牛,They farm dairy cattle.　他们饲养奶牛。
6772,admit,P7,W61–W70,,ədˈmɪt,v. （勉强）承认；招认，招供；准许进入（某处）；接纳，接收（入学）；收治，接收入院；承认……有效；容许，为……留有余地,I must admit I am impressed.　我得承认我很佩服。
6773,mem,P7,W61–W70,释义待核实，不进入核心练习,,释义待核实，不计入核心练习,
6774,fancy,P7,W61–W70,,ˈfænsi,v. <英，非正式> 喜欢，想要；<英，非正式> 爱恋，爱慕；<英，非正式> 认为……会成功（赢）；<文> 认为，想象；<英，非正式>自负，自命不凡（fancy oneself）；<英> （表示惊奇或震惊）真想不到，竟然；爱恋，爱慕（常用于英式口语中）； <英，非正式>喜欢，想要（常用于英式口语中）；<英，非正式>爱恋，爱慕（常用于英式口语中）；<英，非正式>认为……会成功（赢）；n. 喜欢，想要；想象，想象力，想象的事物；<旧> （无根据的）想法，空想；花色小蛋糕；（赛马或其他体育比赛中）最被看好的人（或动物）；<旧> 喜爱的人（或事物）；（16和17世纪音乐用语）幻想曲；（无根据的）想法，空想；adj. 时髦的，奢华的；华丽的，花哨的；复杂的，高难度的；（食品）特级的，优质的；娴熟的，巧妙的；（花）杂色的；（动物）供观赏的；（画，雕塑）凭想像创作的，想像出来的,"""Fancy that!"" smiled Conti.　“真没想到！” 康蒂笑着说。"
6775,equality,P7,W61–W70,,ɪˈkwɑləti,n. 均等，平等；等式,Europe is not a gender-equality heaven.　欧洲不是性别平等的天堂。
6776,samoa,P7,W61–W70,释义待核实，不进入核心练习,səˈmoʊə,释义待核实，不计入核心练习,
6777,gc,P7,W61–W70,释义待核实，不进入核心练习,,释义待核实，不计入核心练习,
6778,achieving,P7,W61–W70,释义待核实，不进入核心练习,əˈtʃivɪŋ,释义待核实，不计入核心练习,
6779,tap,P7,W61–W70,,ˈtæp,v. 轻拍，轻扣，轻敲；敲出节奏，打拍子；凿孔装（龙头或旋塞）；旋开（桶等容器）放出液体；在（树）上切口（导出液体）；（在电话上）装窃听器，窃听；开发，发掘，利用（资源、形势）；<美> 委任，指定（某人做某事）；<英，非正式> 非法劝说（运动员）转会（到另一俱乐部）；向（某人）索取， 从……处获得钱（或信息）；（使用键盘）输入；给……攻丝；发出轻拍音；n. 水龙头，阀门，旋塞；轻拍（声），轻敲（声）；窃听，窃听器；踢踏舞；（踢踏舞鞋尖或鞋跟上的）金属片；（军营里晚上的）熄灯号，（军队的）葬礼号；<英>（女童子军活动中）篝火晚会上（或集会上）唱的结束曲；<英> 酒吧；螺丝攻；<英>（电） 分接头；轻拍音；【名】 （Tap）塔（人名）,Who left the tap running?　谁没关水龙头？
6780,stickers,P7,W61–W70,释义待核实，不进入核心练习,ˈstɪkɚz,释义待核实，不计入核心练习,
6781,fisheries,P7,W61–W70,释义待核实，不进入核心练习,ˈfɪʃɚiz,释义待核实，不计入核心练习,
6782,exceptions,P7,W61–W70,释义待核实，不进入核心练习,ɪkˈsɛpʃənz,释义待核实，不计入核心练习,
6783,reactions,P7,W61–W70,释义待核实，不进入核心练习,riˈækʃənz,释义待核实，不计入核心练习,
6784,leasing,P7,W61–W70,释义待核实，不进入核心练习,ˈlisɪŋ,释义待核实，不计入核心练习,
6785,lauren,P7,W61–W70,释义待核实，不进入核心练习,ˈlɔrən,释义待核实，不计入核心练习,
6786,beliefs,P7,W61–W70,释义待核实，不进入核心练习,bɪˈlifs,释义待核实，不计入核心练习,
6787,ci,P7,W61–W70,释义待核实，不进入核心练习,,释义待核实，不计入核心练习,
6788,macromedia,P7,W61–W70,释义待核实，不进入核心练习,ˌmækroʊˈmidiə,释义待核实，不计入核心练习,
6789,companion,P7,W61–W70,,kəmˈpænjən,n. 同伴，伴侣；（受雇照料老人或病人的）陪护；成对的物品之一；同甘共苦的伙伴；（用于书名）指南，手册；伴星；最低级爵士；v. 陪伴；【名】 （Companion）（英）康帕宁（人名）,"He was a good friend, a dependable companion.　他是个好朋友，一个可以信赖的同伴。"
6790,squad,P7,W61–W70,,ˈskwɑd,n. （专门处理某类犯罪的）警察分队；运动（代表）队；（军队里的）班，组；（进行某活动的）小组，队；v. 把……编成班，把……编入班,He was executed by (a) firing squad.　他被行刑队执行枪决。
6791,analyze,P7,W61–W70,,ˈænəˌlaɪz,vt. 对……进行分析，分解（等于 analyse）,My main role was to analyze human excrement.　我的主要任务是分析人体排泄物。
6792,ashley,P7,W61–W70,释义待核实，不进入核心练习,ˈæʃli,释义待核实，不计入核心练习,
6793,scroll,P7,W61–W70,释义待核实，不进入核心练习,ˈskroʊl,释义待核实，不计入核心练习,
6794,relate,P7,W61–W70,,rɪˈleɪt,v. 联系，使有联系；涉及，关于；叙述，讲述；认同，理解；相处，交往（描述人们如何交谈、相处和对待他人）,Many adults can't relate to children.　许多成年人并不了解儿童的想法。
6795,divisions,P7,W61–W70,释义待核实，不进入核心练习,dɪˈvɪʒənz,释义待核实，不计入核心练习,
6796,swim,P7,W61–W70,,ˈswɪm,v. 游泳；横渡；游（某一泳姿）；（鱼、禽等）游过，游动；浸，泡；漂浮；使漂浮，使渡过；（物体）仿佛旋转；眩晕；n. 游泳；（河流中）适合钓鱼的静止深水处，深潭；漂浮；眩晕；adj. 游泳时穿戴的,I had a swim to cool down.　我游了泳，凉快凉快。
6797,wages,P7,W61–W70,释义待核实，不进入核心练习,ˈweɪdʒəz,释义待核实，不计入核心练习,
6798,additionally,P7,W61–W70,,əˈdɪʃəˌnʌli,adv. 另外，此外；分外地，更加,"Additionally, the bus service will run on Sundays, every two hours.　此外，公共汽车将于星期天运行，每两小时一班。"
6799,suffer,P7,W61–W70,,ˈsʌfɚ,v. （因疾病、痛苦、悲伤等）受苦，受折磨；经受，遭受（坏事）；变差，变糟；<古>容许，允许；<古>受处决,Do you suffer from constipation?　你便秘吗？
6800,forests,P7,W61–W70,释义待核实，不进入核心练习,ˈfɔrəsts,释义待核实，不计入核心练习,
6801,fellowship,P7,W61–W70,,ˈfɛloʊˌʃɪp,n. 交情，友谊；（有相似爱好的）团体，协会，联谊会；（高等院校的）研究员； <美>（研究生）奖学金；董事职位，会员资格；（决定奖学金人选的）奖学金评选组,He was offered a research fellowship at Yale.　他得到了一个耶鲁大学的研究员职位。
6802,nano,P7,W61–W70,释义待核实，不进入核心练习,ˈnɑnoʊ,释义待核实，不计入核心练习,
6803,invalid,P7,W61–W70,,ˈɪnvələd,adj. （法律上）无效的，作废的；（论据、理由等）站不住脚的，错误的；（计算机）不能识别的；残疾的；n. 病弱者，伤残者；vt. 使（因伤或病）退役；使伤残，使病弱,I hate being treated as an invalid.　我讨厌被当作病人对待。
6804,concerts,P7,W61–W70,释义待核实，不进入核心练习,ˈkɑnsɚts,释义待核实，不计入核心练习,
6805,martial,P7,W61–W70,,ˈmɑrʃəl,adj. <正式>军事的，战争的；【名】 （Martial）（法）马夏尔（人名）,All the men now face court martial.　现在所有这些军人都面临军事法庭的审判。
6806,males,P7,W61–W70,释义待核实，不进入核心练习,ˈmeɪlz,释义待核实，不计入核心练习,
6807,victorian,P7,W61–W70,释义待核实，不进入核心练习,vɪkˈtɔriən,释义待核实，不计入核心练习,
6808,retain,P7,W61–W70,,rɪˈteɪn,v. 保持，保留；保存，储存；记住；付定金聘定（尤指律师）；留用（员工）,He struggled to retain control of the situation.　他曾努力保持对局势的控制。
6809,colours,P7,W61–W70,释义待核实，不进入核心练习,ˈkʌlɚz,释义待核实，不计入核心练习,
6810,execute,P7,W61–W70,,ˈɛksəkˌjut,v. 执行，实施；处决；完成，表演（高难度动作）；制作（艺术作品）；（计算机）执行指令（或程序）,We are going to execute our campaign plan to the letter.　我们将严格执行我们的竞选方案。
6811,tunnel,P7,W61–W70,,ˈtʌnəl,n. 隧道，地道；（动物的）洞穴通道；运动场运动员通道；套管；风洞；v. 开凿隧道，挖地道；（物理）（粒子）穿透势垒，隧（道贯）穿,How long is the tunnel?　这隧道有多长？
6812,genres,P7,W61–W70,释义待核实，不进入核心练习,ˈʒɑnrəz,释义待核实，不计入核心练习,
6813,cambodia,P7,W61–W70,释义待核实，不进入核心练习,ˌkæmˈboʊdiə,释义待核实，不计入核心练习,
6814,patents,P7,W61–W70,释义待核实，不进入核心练习,ˈpætənts,释义待核实，不计入核心练习,
6815,copyrights,P7,W61–W70,释义待核实，不进入核心练习,ˈkɑpiˌraɪts,释义待核实，不计入核心练习,
6816,yn,P7,W61–W70,释义待核实，不进入核心练习,,释义待核实，不计入核心练习,
6817,chaos,P7,W61–W70,,ˈkeɪɑs,n. 混乱，无秩序状态；混沌；【名】 （Chaos）（西）查奥斯（人名）,He was ultimately overthrown and the country descended into chaos.　他最终被推翻，国家陷入了混乱。
6818,lithuania,P7,W61–W70,释义待核实，不进入核心练习,ˌlɪθəˈweɪniə,释义待核实，不计入核心练习,
6819,mastercard,P7,W61–W70,,ˈmæstɚˌkɑrd,万事达卡(国际信用卡公司名)；n. 万事达卡,"Money is not everything,There’s Mastercard & Visa.　钞票不是万能的，有时还需要信用卡。"
6820,wheat,P7,W61–W70,,ˈwit,n. 小麦（植物），小麦（籽实）；<美>小麦面包；小麦色；【名】 （Wheat）（英）惠特（人名）,Wheat was in surplus that year.　那一年小麦过剩。
6821,chronicles,P7,W61–W70,释义待核实，不进入核心练习,ˈkrɑnɪkəlz,释义待核实，不计入核心练习,
6822,obtaining,P7,W61–W70,释义待核实，不进入核心练习,əbˈteɪnɪŋ,释义待核实，不计入核心练习,
6823,beaver,P7,W61–W70,,ˈbivɚ,n. 河狸，海狸；海狸毛皮；<史>海狸皮帽；海狸呢（一种似海狸毛皮的厚羊毛布料）；勤劳的人；（Beaver）小童子军（加入童子军协会的约六七岁的男孩）；<英，旧，非正式>大胡子男人；头盔面甲的下部，防护面罩的上部，活动防护罩；<美，俚>（从性繁殖角度看待的）女人；<美，俚>女性生殖器，阴部；v. <非正式>勤奋工作；【名】 （Beaver）（英）比弗（人名）,Last fall a beaver moved into the small stream beside our house.　去年秋天，一只海狸搬进了我家旁边的小溪里。
6824,updating,P7,W61–W70,释义待核实，不进入核心练习,əpˈdeɪtɪŋ,释义待核实，不计入核心练习,
6825,distribute,P7,W61–W70,,dɪˈstrɪbjut,v. 分发，分配；配送，分销；散布，使分布；（印刷）拆（版）还字；周延,"Aid workers helped distribute corn, milk and other staples.　救助人员协助分发谷物、牛奶及其他必需的食物。"
6826,readings,P7,W61–W70,释义待核实，不进入核心练习,ˈridɪŋz,释义待核实，不计入核心练习,
6827,decorative,P7,W61–W70,,ˈdɛkrətɪv,adj. 装饰性的，用作装饰的,The mirror is functional yet decorative.　这镜子能照人，但也有装饰作用。
6828,kijiji,P7,W61–W70,释义待核实，不进入核心练习,,释义待核实，不计入核心练习,
6829,confused,P7,W61–W70,,kənfˈjuzd,adj. 困惑的，糊涂的；混乱的，难懂的；v. 使糊涂，使迷惑；混淆，弄错；使复杂化（confuse 的过去式和过去分词形式）,She was becoming confused.　她开始糊涂了。
6830,compiler,P7,W61–W70,释义待核实，不进入核心练习,kəmˈpaɪlɚ,释义待核实，不计入核心练习,
6831,enlargement,P7,W61–W70,释义待核实，不进入核心练习,ɪnˈlɑrdʒmənt,释义待核实，不计入核心练习,
6832,eagles,P7,W61–W70,释义待核实，不进入核心练习,ˈiɡəlz,释义待核实，不计入核心练习,
6833,bases,P7,W61–W70,释义待核实，不进入核心练习,ˈbeɪsəz,释义待核实，不计入核心练习,
6834,vii,P7,W61–W70,释义待核实，不进入核心练习,,释义待核实，不计入核心练习,
6835,accused,P7,W61–W70,,əkˈjuzd,n. 被告（the accused）；v. 控告，指控；指责，谴责，归咎于（accuse 的过去式和过去分词）,She accused him of lying.　她指责他说谎。
6836,bee,P7,W61–W70,,ˈbi,n. 蜜蜂；<美>聚会，联谊赛；工作忙碌的人（busy bee）；【名】 （Bee）（英）比，（赤几）贝埃（人名）,The flower opens to reveal a bee.　花开了，露出来一只蜜蜂。
6837,campaigns,P7,W61–W70,释义待核实，不进入核心练习,kæmˈpeɪnz,释义待核实，不计入核心练习,
6838,unity,P7,W61–W70,,ˈjunəti,n. 联合；团结；一致；个体；n. 团结，统一；整体性，统一性；三一律（指戏剧在时间、地点和情节三点上的统一性）；统一体；（数目或数字）一；【名】 （Unity）尤妮蒂（人名）,Speakers at the rally expressed sentiments of unity.　集会上的发言者们表达了团结的观点。
6839,loud,P7,W61–W70,,ˈlaʊd,adj. 大声的，响亮的；（人或举止）吵闹的，聒噪的；大声疾呼的，坚定的；（衣服）花哨的；adv. 大声地，响亮地；【名】 （Loud）（英）劳德（人名）,A loud bang made me jump.　砰的一声巨响吓我一跳。
6840,conjunction,P7,W61–W70,,kənˈdʒʌŋkʃən,n. 结合，同时发生；连词；（占星术中两个天体的）相合,This is an odd conjunction.　这是一个奇怪的组合。
6841,bride,P7,W61–W70,,ˈbraɪd,n. 新娘，即将（或刚）结婚的女子；【名】 （Bride）（英）布赖德，（法）布里德（人名）,He introduced his new bride.　他介绍了他的新娘。
6842,rats,P7,W61–W70,释义待核实，不进入核心练习,ˈræts,释义待核实，不计入核心练习,
6843,defines,P7,W61–W70,释义待核实，不进入核心练习,dɪˈfaɪnz,释义待核实，不计入核心练习,
6844,airports,P7,W61–W70,释义待核实，不进入核心练习,ˈɛrˌpɔrts,释义待核实，不计入核心练习,
6845,instances,P7,W61–W70,释义待核实，不进入核心练习,ˈɪnstənsəz,释义待核实，不计入核心练习,
6846,indigenous,P7,W61–W70,,ˌɪnˈdɪdʒənəs,adj. 本土的，固有的,Indigenous foods like salt marsh lamb are in vogue.　像盐沼羊肉这样的本土食物正在流行。
6847,begun,P7,W61–W70,释义待核实，不进入核心练习,bɪˈɡʌn,释义待核实，不计入核心练习,
6848,cfr,P7,W61–W70,释义待核实，不进入核心练习,,释义待核实，不计入核心练习,
6849,brunette,P7,W61–W70,释义待核实，不进入核心练习,bruˈnɛt,释义待核实，不计入核心练习,
6850,packets,P7,W61–W70,释义待核实，不进入核心练习,ˈpækɪts,释义待核实，不计入核心练习,
6851,anchor,P7,W61–W70,,ˈæŋkɚ,n. 锚；支柱，靠山；商场；<美>新闻节目主持人；<英，非正式>（汽车的）刹车；v. 抛锚，泊（船）；使稳固，使固定；成为支柱；<美>主持（新闻节目）；使扎根，使基于；支持，保护；adj. 末棒的，最后一棒的,We could anchor off the pier.　我们可以在码头抛锚。
6852,socks,P7,W61–W70,释义待核实，不进入核心练习,ˈsɑks,释义待核实，不计入核心练习,
6853,validation,P7,W61–W70,释义待核实，不进入核心练习,ˌvæləˈdeɪʃən,释义待核实，不计入核心练习,
6854,parade,P7,W61–W70,,pɚˈeɪd,n. 游行；列队表演，展示；检阅，阅兵；阅兵场；一系列（人或事）；夸示，炫耀；<英>（用于街道名称中）商业街，公共广场；<英>（常指远离大街的）一小排店铺；v. 游行；（使）列队行进，接受检阅；招摇过市，大摇大摆；把（囚犯）示众；展示，展览；夸示，炫耀（财产、知识等）；（使）冒充，伪装；【名】 （Parade）（法、德）帕拉德（人名）,Felipe was in uniform for the parade.　费利佩穿着游行服装。
6855,corruption,P7,W61–W70,,kɚˈʌpʃən,n. 贪污，腐败；堕落，腐蚀；（电脑上资讯的）破坏，损坏；（语言）变体；<古>腐坏，腐烂,Corruption is endemic in the system.　腐败在这种制度下普遍存在。
6856,stat,P7,W61–W70,释义待核实，不进入核心练习,ˈstæt,释义待核实，不计入核心练习,
6857,trigger,P7,W61–W70,,ˈtrɪɡɚ,n. （枪械等的）扳机；（尤指引发不良反应或发展的）起因，诱因；（炸弹的）引爆器，触发器；v. 引发，激发；起动，触发；引爆（炸弹）；【名】 （Trigger）特里杰（人名）,He kept his finger on the trigger.　他的手指一直勾着扳机。
6858,incentives,P7,W61–W70,释义待核实，不进入核心练习,ˌɪnˈsɛntɪvz,释义待核实，不计入核心练习,
6859,cholesterol,P7,W61–W70,,kəˈlɛstɚˌɔl,n. 胆固醇,Only the yolk contains cholesterol.　只有蛋黄含胆固醇。
6860,gathered,P7,W61–W70,释义待核实，不进入核心练习,ˈɡæðɚd,释义待核实，不计入核心练习,
6861,essex,P7,W61–W70,释义待核实，不进入核心练习,ˈɛsɪks,释义待核实，不计入核心练习,
6862,slovenia,P7,W61–W70,释义待核实，不进入核心练习,ˌsloʊˈviniə,释义待核实，不计入核心练习,
6863,notified,P7,W61–W70,释义待核实，不进入核心练习,ˈnoʊtəˌfaɪd,释义待核实，不计入核心练习,
6864,differential,P7,W61–W70,释义待核实，不进入核心练习,ˌdɪfɚˈɛnʃəl,释义待核实，不计入核心练习,
6865,beaches,P7,W61–W70,释义待核实，不进入核心练习,ˈbitʃəz,释义待核实，不计入核心练习,
6866,folders,P7,W61–W70,释义待核实，不进入核心练习,ˈfoʊldɚz,释义待核实，不计入核心练习,
6867,dramatic,P7,W61–W70,,drəˈmætɪk,adj. 巨大而突然的，急剧的；激动人心的，引人注目的，给人深刻印象的；有关戏剧的，戏剧表演的；夸张的,She gave a dramatic shudder of repulsion.　她由于厌恶而身体剧烈发抖。
6868,surfaces,P7,W61–W70,释义待核实，不进入核心练习,ˈsɝfəsəz,释义待核实，不计入核心练习,
6869,terrible,P7,W61–W70,,ˈtɛrəbəl,adj. 糟糕的，令人极为不快的；极度的，极其严重的；劣质的，很差劲的；可怕的，骇人的；生病的，不高兴的；危害极大的，造成极大伤害的,I'm in a terrible predicament.　我的处境十分尴尬。
6870,routers,P7,W61–W70,释义待核实，不进入核心练习,ˈrutɚz,释义待核实，不计入核心练习,
6871,cruz,P7,W61–W70,释义待核实，不进入核心练习,ˈkruz,释义待核实，不计入核心练习,
6872,pendant,P7,W61–W70,释义待核实，不进入核心练习,ˈpɛndənt,释义待核实，不计入核心练习,
6873,dresses,P7,W61–W70,释义待核实，不进入核心练习,ˈdrɛsəz,释义待核实，不计入核心练习,
6874,baptist,P7,W61–W70,释义待核实，不进入核心练习,ˈbæptəst,释义待核实，不计入核心练习,
6875,scientist,P7,W61–W70,,ˈsaɪəntɪst,n. 科学家,He's a brilliant young scientist.　他是一个才华横溢的青年科学家。
6876,starsmerchant,P7,W61–W70,释义待核实，不进入核心练习,,释义待核实，不计入核心练习,
6877,hiring,P7,W61–W70,,ˈhaɪrɪŋ,n. 雇用；租用；v. 租用；雇用；临时雇用（hire 的现在分词）,He does the hiring and firing in our company.　他在我们公司负责员工的聘用和辞退。
6878,clocks,P7,W61–W70,释义待核实，不进入核心练习,ˈklɑks,释义待核实，不计入核心练习,
6879,arthritis,P7,W61–W70,,ɑrˈθraɪtəs,n. 关节炎,Her hands were misshapen by arthritis.　她的双手因为关节炎而扭曲变形。
6880,bios,P7,W61–W70,释义待核实，不进入核心练习,ˈbaɪoʊs,释义待核实，不计入核心练习,
6881,females,P7,W61–W70,释义待核实，不进入核心练习,ˈfiˌmeɪlz,释义待核实，不计入核心练习,
6882,wallace,P7,W61–W70,释义待核实，不进入核心练习,ˈwɔləs,释义待核实，不计入核心练习,
6883,nevertheless,P7,W61–W70,,ˌnɛvɚðəˈlɛs,adv. 然而，不过,Our defeat was expected but it is disappointing nevertheless.　我们的失败是意料中的事，尽管如此，还是令人失望。
6884,reflects,P7,W61–W70,释义待核实，不进入核心练习,rɪˈflɛkts,释义待核实，不计入核心练习,
6885,taxation,P7,W61–W70,,tækˈseɪʃən,n. 征税，税制；税款,Their policies on taxation didn't endear them to voters.　他们的税收政策并没使他们受到选民的欢迎。
6886,fever,P7,W61–W70,,ˈfivɚ,n. 发烧，发热；狂热，高度兴奋；热病；v. 使发烧，使激动不已,He had an earache and a fever.　他耳痛，发烧。
6887,pmc,P7,W61–W70,释义待核实，不进入核心练习,,释义待核实，不计入核心练习,
6888,cuisine,P7,W61–W70,,kwɪˈzin,n. 烹饪，风味；饭菜，菜肴；【名】 （Cuisine）（法）屈西纳（人名）,They were proud of their cuisine.　他们为自己的美食感到自豪。
6889,surely,P7,W61–W70,,ˈʃʊrli,adv. （用于表明你相信某事极有可能）想必，谅必；无疑，肯定；<美>当然；绝不可能，绝对不会（用于表示不相信）；自信地；稳当地,This will surely end in disaster.　这无疑将以灾难告终。
6890,practitioners,P7,W61–W70,释义待核实，不进入核心练习,prækˈtɪʃənɚz,释义待核实，不计入核心练习,
6891,transcript,P7,W61–W70,,ˈtrænˌskrɪpt,n. 文字记录，抄本，文字本；<美>成绩单；（生化）转录本，转录物,We don't know how the transcript leaked.　我们不知道抄本是怎样泄露的。
6892,myspace,P7,W61–W70,释义待核实，不进入核心练习,ˈmaɪˌspeɪs,释义待核实，不计入核心练习,
6893,theorem,P7,W61–W70,释义待核实，不进入核心练习,ˈθɪrəm,释义待核实，不计入核心练习,
6894,inflation,P7,W61–W70,,ˌɪnˈfleɪʃən,n. 通货膨胀，通胀率；充气，膨胀，增大；（宇宙论某些理论）暴涨；夸张，自命不凡,Inflation was running at 26%.　通货膨胀达到了26%。
6895,thee,P7,W61–W70,释义待核实，不进入核心练习,ˈði,释义待核实，不计入核心练习,
6896,nb,P7,W61–W70,释义待核实，不进入核心练习,,释义待核实，不计入核心练习,
6897,ruth,P7,W61–W70,释义待核实，不进入核心练习,ˈruθ,释义待核实，不计入核心练习,
6898,pray,P7,W61–W70,,ˈpreɪ,v. 祈祷，祷告；渴望，祈望；祈求，恳求；adv. （用于询问或指示）请问，请；【名】 （Pray）（匈） 普劳伊，（英）普雷（人名）,I'll pray for you.　我将为你祈祷。
6899,stylus,P7,W61–W70,释义待核实，不进入核心练习,ˈstaɪləs,释义待核实，不计入核心练习,
6900,compounds,P7,W61–W70,释义待核实，不进入核心练习,ˈkɑmpaʊndz,释义待核实，不计入核心练习,
6901,pope,P7,W61–W70,,ˈpoʊp,n. 教皇，罗马教皇；权威，大师；n. 蒲伯（英国诗人）；罗马教皇,The Pope was speaking ex cathedra.　教皇以宗座权威正式宣言。
6902,drums,P7,W61–W70,释义待核实，不进入核心练习,ˈdrʌmz,释义待核实，不计入核心练习,
6903,contracting,P7,W61–W70,释义待核实，不进入核心练习,ˈkɑntræktɪŋ,释义待核实，不计入核心练习,
6904,topless,P7,W61–W70,释义待核实，不进入核心练习,ˈtɑpləs,释义待核实，不计入核心练习,
6905,arnold,P7,W61–W70,释义待核实，不进入核心练习,ˈɑrnəld,释义待核实，不计入核心练习,
6906,structured,P7,W61–W70,释义待核实，不进入核心练习,ˈstrʌktʃɚd,释义待核实，不计入核心练习,
6907,reasonably,P7,W61–W70,,ˈrizənəbli,adv. 尚可，过得去；理性地，通情达理地；不贵地，公道地,I can dance reasonably well.　我舞跳得还算不错。
6908,jeep,P7,W61–W70,释义待核实，不进入核心练习,ˈdʒip,释义待核实，不计入核心练习,
6909,chicks,P7,W61–W70,释义待核实，不进入核心练习,ˈtʃɪks,释义待核实，不计入核心练习,
6910,bare,P7,W61–W70,,ˈbɛr,adj. 赤裸的；光秃秃的；无遮盖的，无装饰的；仅最基本的；v. 使暴露，使露出；adv. 非常，许多,'Bear' and 'bare' are homophonous.　bear和 bare是同音异形词。
6911,hung,P7,W61–W70,释义待核实，不进入核心练习,ˈhʌŋ,释义待核实，不计入核心练习,
6912,cattle,P7,W61–W70,,ˈkætəl,n. 牛；家牛（包括牦牛、犎牛及水牛）；【名】 （Cattle）（意）卡特莱（人名）,The cattle are fed barley.　这些牛要喂大麦。
6913,mba,P7,W61–W70,释义待核实，不进入核心练习,ˌɛmˌbiˈeɪ,释义待核实，不计入核心练习,
6914,radical,P7,W61–W70,,ˈrædəkəl,adj. 根本的，彻底的；激进的，极端的；全新的，不同凡响的；（增减）急剧的，大幅度的；（人，物）原本的，与生俱来的；<美，非正式>顶呱呱的；（外科，医疗）根治的；<英，史>（19世纪）自由党激进派的；（数）根式的，根号的；词根的；（植）根生的；n. 激进分子； 游离基，自由基；词根；（汉字）偏旁，部首；（数）根式；根号,It was a radical departure from tradition.　这从根本上违背了传统。
6915,graduates,P7,W61–W70,释义待核实，不进入核心练习,ˈɡrædʒəwəts,释义待核实，不计入核心练习,
6916,rover,P7,W61–W70,释义待核实，不进入核心练习,ˈroʊvɚ,释义待核实，不计入核心练习,
6917,recommends,P7,W61–W70,释义待核实，不进入核心练习,ˌrɛkəˈmɛndz,释义待核实，不计入核心练习,
6918,controlling,P7,W61–W70,释义待核实，不进入核心练习,kənˈtroʊlɪŋ,释义待核实，不计入核心练习,
6919,treasure,P7,W61–W70,,ˈtrɛʒɚ,n. 金银财宝，珠宝，财富；（尤指艺术或有历史价值的）珍品；得力帮手，心肝宝贝；珍藏品，珍贵之物；v. 珍爱，珍藏；珍惜，珍视；【名】 （Treasure）（英、美、爱）特雷热（人名）,This book is a treasure chest of information.　这本书是一个信息的宝库。
6920,reload,P7,W61–W70,释义待核实，不进入核心练习,riˈloʊd,释义待核实，不计入核心练习,
6921,distributors,P7,W61–W70,释义待核实，不进入核心练习,dɪˈstrɪbjətɚz,释义待核实，不计入核心练习,
6922,flame,P7,W61–W70,,ˈfleɪm,n. 火焰，火舌；强烈的感情，激情；含辱骂内容的电子邮件；<非正式>恋人，情人；v. 燃烧；（感情）爆发；（因激动而）变红；发送辱骂资讯；【名】 （Flame）（法）弗拉姆，（西）弗拉梅（人名）,The flame sputters out.　火焰噼啪噼啪地熄灭了。
6923,levitra,P7,W61–W70,释义待核实，不进入核心练习,,释义待核实，不计入核心练习,
6924,tanks,P7,W61–W70,释义待核实，不进入核心练习,ˈtæŋks,释义待核实，不计入核心练习,
6925,assuming,P7,W61–W70,释义待核实，不进入核心练习,əˈsumɪŋ,释义待核实，不计入核心练习,
6926,monetary,P7,W61–W70,,ˈmɑnəˌtɛri,adj. 货币的，金融的；能用金钱衡量的,Europe's monetary system is falling apart.　欧洲的货币体制正在瓦解。
6927,elderly,P7,W61–W70,,ˈɛldɚli,adj. 上了年纪的；老掉牙的；n. 老人（the elderly）,Many elderly people live in poverty.　许多老年人生活于贫困之中。
6928,pit,P7,W61–W70,,ˈpɪt,n. 坑，洼；（表面上的）疤痕，凹陷；矿井；<非正式>异常凌乱的地方；乐池，乐队席；<非正式>糟糕的事物（the pits）；<美>（水果或蔬菜的）核；<非正式>腋窝，心窝；（赛车道旁的）检修加油站；深渊，绝境；交易场所；斗兽场；<英，旧>（剧场）正厅后座；无底洞，巨库；<英，非正式>床；v. 使竞争，使对立；去除……的果核；（使）有疤痕，（使）凹陷；停车加油，停车检修；窖藏；【名】 （Pit）（东南亚国家华语）必（人名）,We dug a deep pit in the yard.　我们在院子中挖了个深洞。
6929,arlington,P7,W61–W70,释义待核实，不进入核心练习,ˈɑrlɪŋtən,释义待核实，不计入核心练习,
6930,mono,P7,W61–W70,释义待核实，不进入核心练习,ˈmoʊnoʊ,释义待核实，不计入核心练习,
6931,particles,P7,W61–W70,释义待核实，不进入核心练习,ˈpɑrtəkəlz,释义待核实，不计入核心练习,
6932,floating,P7,W61–W70,释义待核实，不进入核心练习,ˈfloʊtɪŋ,释义待核实，不计入核心练习,
6933,extraordinary,P7,W61–W70,,ˌɛkstrəˈɔrdəˌnɛri,adj. 异乎寻常的，令人惊奇的；非凡的，卓越的；特别的，临时的；特大（或多）的；特派的，特命的；n. （公司正常业务活动之外的）非常账目，特支款项,She is a designer of extraordinary versatility.　她是位特别多才多艺的设计师。
6934,tile,P7,W61–W70,,ˈtaɪl,n. （贴墙或铺地用的）瓷砖，地砖；（铺屋顶的）瓦，瓦片；（拼字游戏、麻将等牌戏中的）（一张）牌；（棋盘游戏的）棋子；（数）平铺；v. 铺瓦，铺砖；（计算机）平铺（窗口）；【名】 （Tile）（俄、塞、萨摩）蒂勒（人名）,That's tile next tiling you need to do.　那是你下一步要铺的瓷砖。
6935,indicating,P7,W61–W70,释义待核实，不进入核心练习,ˈɪndəˌkeɪtɪŋ,释义待核实，不计入核心练习,
6936,bolivia,P7,W61–W70,释义待核实，不进入核心练习,bəˈlɪviə,释义待核实，不计入核心练习,
6937,spell,P7,W61–W70,,ˈspɛl,n. 一段时间；（疾病突然的）一次发作；咒语，符咒，着魔；魅力，魔力；轮班；<澳>休息期；（板球）（一个投手的）一轮投球时间；木片；v. 拼写，拼缀出（单词）；拼作，拼成；招致，意味着（通常指坏事）；具有……的显著特征；替换，顶替；<澳>稍事休息；【名】 （Spell）斯佩尔（人名）,Did I spell your name right?　你的名字我拼得对不对？
6938,hottest,P7,W61–W70,释义待核实，不进入核心练习,ˈhɑtəst,释义待核实，不计入核心练习,
6939,stevens,P7,W61–W70,释义待核实，不进入核心练习,ˈstivənz,释义待核实，不计入核心练习,
6940,coordinate,P7,W61–W70,,koʊˈɔrdənət,v. 协调，配合；使身体协调；（使颜色、款式、风格等）搭配，配套；给 （原子或分子）配位，与……形成共价键；n. 坐标；配套服装；同等级（或类别）的人（或事物）；adj. 地位相当的，同等重要的；（语法）并列的；（化学）配位的,She'll show you how to coordinate pattern and colours.　她会向你展示如何搭配款式和颜色。
6941,kuwait,P7,W61–W70,释义待核实，不进入核心练习,kuˈweɪt,释义待核实，不计入核心练习,
6942,exclusively,P7,W61–W70,,ɪksˈklusɪvli,adv. 仅仅，单独地，专门地；作为唯一的（消息）来源,Today he was able to focus his message exclusively on the economy.　今天他能够将重点聚焦在经济方面。
6943,emily,P7,W61–W70,释义待核实，不进入核心练习,ˈɛmɪli,释义待核实，不计入核心练习,
6944,alleged,P7,W61–W70,释义待核实，不进入核心练习,əˈlɛdʒd,释义待核实，不计入核心练习,
6945,limitation,P7,W61–W70,,ˌlɪmɪˈteɪʃən,n. 限制，制约；起限制作用的规则（或事实、条件）；局限，缺陷；追诉时效,They would resist any limitation of their powers.　他们会抵制对他们权力的任何限制。
6946,widescreen,P7,W61–W70,释义待核实，不进入核心练习,,释义待核实，不计入核心练习,
6947,compile,P7,W61–W70,,kəmˈpaɪl,v. 汇编，编纂；编译（电脑程式）；收集，搜集（信息，资料）；累积（得分）,They also compile flight reports.　他们还编写飞行报告。
6948,squirting,P7,W61–W70,释义待核实，不进入核心练习,ˈskwɝtɪŋ,释义待核实，不计入核心练习,
6949,webster,P7,W61–W70,释义待核实，不进入核心练习,ˈwɛbstɚ,释义待核实，不计入核心练习,
6950,struck,P7,W61–W70,释义待核实，不进入核心练习,ˈstrʌk,释义待核实，不计入核心练习,
6951,rx,P7,W61–W70,释义待核实，不进入核心练习,,释义待核实，不计入核心练习,
6952,illustration,P8+扩展,W71 起,,ˌɪləˈstreɪʃən,n. 插图，图解；说明，例释；实例，示例,"Let me, by way of illustration , quote from one of her poems.　作为说明，让我援引她的一首诗。"
6953,plymouth,P8+扩展,W71 起,释义待核实，不进入核心练习,ˈplɪməθ,释义待核实，不计入核心练习,
6954,warnings,P8+扩展,W71 起,释义待核实，不进入核心练习,ˈwɔrnɪŋz,释义待核实，不计入核心练习,
6955,construct,P8+扩展,W71 起,,kənˈstrʌkt,v. 建造，修建；组成，创立，构思；绘制，作图；n. 构想，观念；建筑物，创造物；结构体,"My next work was to construct a nest and anchor it in a tree.　我的下一步工作是建造一个巢穴,并把它固定在树上。"
6956,apps,P8+扩展,W71 起,释义待核实，不进入核心练习,ˈæps,释义待核实，不计入核心练习,
6957,inquiries,P8+扩展,W71 起,释义待核实，不进入核心练习,ˌɪnˈkwaɪɚiz,释义待核实，不计入核心练习,
6958,bridal,P8+扩展,W71 起,释义待核实，不进入核心练习,ˈbraɪdəl,释义待核实，不计入核心练习,
6959,annex,P8+扩展,W71 起,释义待核实，不进入核心练习,ˈæˌnɛks,释义待核实，不计入核心练习,
6960,mag,P8+扩展,W71 起,释义待核实，不进入核心练习,ˈmæɡ,释义待核实，不计入核心练习,
6961,gsm,P8+扩展,W71 起,释义待核实，不进入核心练习,,释义待核实，不计入核心练习,
6962,inspiration,P8+扩展,W71 起,,ˌɪnspɚˈeɪʃən,n. 灵感；启发灵感的人（或事物）；鼓舞人心的人（或事物）；（突然想到的）好主意，妙计；吸气，吸入,Both poets drew their inspiration from the countryside.　两位诗人都是从乡村得到他们的灵感。
6963,tribal,P8+扩展,W71 起,,ˈtraɪbəl,adj. 部落的，部族的；；<贬>有组成集团倾向的，集团意识强的； 部落的，部族的；n. （尤指印度次大陆的）部落成员（tribals）；【名】 （Tribal）（法）特里巴尔（人名）,The war degenerated into a bloodbath of tribal killings.　这场战争蜕化成了一场血流成河的部落大屠杀。
6964,curious,P8+扩展,W71 起,,ˈkjʊriəs,adj. 好奇的，求知欲强的；稀奇的，不寻常的；爱挑剔的,"""I'm not meddling,"" Ken said mildly, ""I'm just curious.""　“我不是在管闲事，”肯温和地说，“我只是好奇。”"
6965,affecting,P8+扩展,W71 起,释义待核实，不进入核心练习,əˈfɛktɪŋ,释义待核实，不计入核心练习,
6966,freight,P8+扩展,W71 起,,ˈfreɪt,n. 货物；货运；运费；<美>货运列车；v. 运送（货物）；使充满，使负担,France derives 16% of revenue from air freight.　法国国家税收的16%来自于航空货运。
6967,rebate,P8+扩展,W71 起,释义待核实，不进入核心练习,ˈriˌbeɪt,释义待核实，不计入核心练习,
6968,meetup,P8+扩展,W71 起,释义待核实，不进入核心练习,ˈmiˌtʌp,释义待核实，不计入核心练习,
6969,eclipse,P8+扩展,W71 起,,ɪˈklɪps,n. 日食，月食；黯然失色；羽毛暗淡期；消失，丧失；v. 遮住……的光，使黯然失色,A total solar eclipse is due to take place some time tomorrow.　预计日全食会出现在明天的某个时候。
6970,sudan,P8+扩展,W71 起,释义待核实，不进入核心练习,suˈdæn,释义待核实，不计入核心练习,
6971,ddr,P8+扩展,W71 起,释义待核实，不进入核心练习,,释义待核实，不计入核心练习,
6972,downloading,P8+扩展,W71 起,释义待核实，不进入核心练习,ˈdaʊnˌloʊdɪŋ,释义待核实，不计入核心练习,
6973,rec,P8+扩展,W71 起,释义待核实，不进入核心练习,ˈrɛk,释义待核实，不计入核心练习,
6974,shuttle,P8+扩展,W71 起,,ˈʃʌtəl,n. 航天飞机（space shuttle 的简称）；往返于两地的交通工具，摆渡车；（英法之间英吉利海峡隧道的）穿梭火车（the Shuttle）；（织机的）梭子；羽毛球（shuttlecock 的简称）；v. 穿梭，往返；穿梭运送,The space shuttle Atlantis returned safely to Earth today.　亚特兰蒂斯号航天飞机今天安全返回地球。
6975,aggregate,P8+扩展,W71 起,,ˈæɡrəɡət,n. 总数，合计；骨料，混凝料；adj. 总计的，合计的；（种群）聚生的；v. 集合，聚集；总计达到；合计,They won 4–2 on aggregate.　他们以总分4:2获胜。
6976,stunning,P8+扩展,W71 起,,ˈstʌnɪŋ,adj. 极好的，极吸引人的；令人震惊的；v. 使震惊，使惊讶；打昏，击昏；给（某人）以深刻印象，使深深感动（stun 的现在分词形式）,You look absolutely stunning!　你看上去漂亮极了。
6977,cycles,P8+扩展,W71 起,释义待核实，不进入核心练习,ˈsaɪkəlz,释义待核实，不计入核心练习,
6978,affects,P8+扩展,W71 起,释义待核实，不进入核心练习,əˈfɛkts,释义待核实，不计入核心练习,
6979,forecasts,P8+扩展,W71 起,释义待核实，不进入核心练习,fɔrˈkæsts,释义待核实，不计入核心练习,
6980,detect,P8+扩展,W71 起,,dɪˈtɛkt,v. 查明，察觉；测出，检测，识别,Arnold could detect a certain sadness in the old man's face.　阿诺德能察觉到老人脸上的某种悲伤。
6981,actively,P8+扩展,W71 起,,ˈæktɪvli,adv. 积极地；活跃地，有活力地,She was actively looking for a job.　她在积极找工作。
6982,ciao,P8+扩展,W71 起,释义待核实，不进入核心练习,ˈtʃaʊ,释义待核实，不计入核心练习,
6983,ampland,P8+扩展,W71 起,释义待核实，不进入核心练习,,释义待核实，不计入核心练习,
6984,knee,P8+扩展,W71 起,,ˈni,n. 膝盖，膝关节；（裤子的）膝部；（坐下时）大腿朝上的面；膝盖的猛击；（木船上的）肘板，肘材；曲线图的弯曲处，拐点；v. 用膝盖顶（撞）；【名】 （Knee）（英）尼（人名）,Is your knee still painful?　你的膝盖还疼吗？
6985,prep,P8+扩展,W71 起,释义待核实，不进入核心练习,ˈprɛp,释义待核实，不计入核心练习,
6986,pb,P8+扩展,W71 起,释义待核实，不进入核心练习,,释义待核实，不计入核心练习,
6987,complicated,P8+扩展,W71 起,,ˈkɑmpləˌkeɪtəd,adj. 复杂的，难处理的；v. 使复杂化，使难以理解；引起并发症（complicate 的过去式和过去分词形式）,The instructions look very complicated.　这说明书看起来很难懂。
6988,chem,P8+扩展,W71 起,释义待核实，不进入核心练习,ˈkɛm,释义待核实，不计入核心练习,
6989,fastest,P8+扩展,W71 起,释义待核实，不进入核心练习,ˈfæstəst,释义待核实，不计入核心练习,
6990,butler,P8+扩展,W71 起,,ˈbʌtlɚ,n. 男管家；仆役长；n. （Butler）（英、西）巴特勒；（俄、德、瑞典）布特勒（人名）,"They had a butler, a cook, and a maid.　他们有一位管家、一位厨师和一位女仆。"
6991,shopzilla,P8+扩展,W71 起,释义待核实，不进入核心练习,,释义待核实，不计入核心练习,
6992,injured,P8+扩展,W71 起,,ˈɪndʒɚd,adj. 受伤的，有伤的；委屈的，受到伤害的；n. 伤者，伤员（the injured）,"Luckily, she isn't injured.　幸运的是，她没受伤。"
6993,decorating,P8+扩展,W71 起,释义待核实，不进入核心练习,ˈdɛkɚˌeɪtɪŋ,释义待核实，不计入核心练习,
6994,payroll,P8+扩展,W71 起,,ˈpeɪˌroʊl,n. （公司员工的）工资名单；（公司的）发放工资总额；（公司员工的）薪资管理；受聘职员总数；vt. 资助，补贴,All told there were 104 people on the payroll.　工资表上总共有104个人。
6995,cookbook,P8+扩展,W71 起,释义待核实，不进入核心练习,ˈkʊkˌbʊk,释义待核实，不计入核心练习,
6996,expressions,P8+扩展,W71 起,释义待核实，不进入核心练习,ɪkˈsprɛʃənz,释义待核实，不计入核心练习,
6997,ton,P8+扩展,W71 起,,ˈtʌn,n. 英吨，长吨（等于1016公斤）；美吨，短吨（等于907公斤）；公吨（等于1000公斤）；毛吨，吨位（船舶大小的计量单位，1吨等于100立方英尺）；（船舶的）排水吨；冷吨；<非正式>大量，许多；<非正式，英>一百；【名】 （华语）通，（西、俄、捷、荷）托恩（人名）,The company throws off a ton of cash.　这家公司甩掉一吨现金。
6998,courier,P8+扩展,W71 起,,ˈkɝiɚ,n. 导游，旅游服务员；快递员，快递公司；（地下或间谍组织的）情报员；v. 专递投送，通过信使或递送员递送（货物或文件）；【名】 （Courier）（英、法）库里耶（人名）,She works as a courier.　她的职业是导游。
6999,uploaded,P8+扩展,W71 起,释义待核实，不进入核心练习,ˈʌˌploʊdɪd,释义待核实，不计入核心练习,
7000,shakespeare,P8+扩展,W71 起,释义待核实，不进入核心练习,ˈʃeɪkˌspir,释义待核实，不计入核心练习,
7001,hints,P8+扩展,W71 起,释义待核实，不进入核心练习,ˈhɪnts,释义待核实，不计入核心练习,
7002,collapse,P8+扩展,W71 起,,kəˈlæps,v. 倒塌，塌下；崩溃，瓦解；突然倒下，昏倒；瘫倒；突然贬值，暴跌；萎陷，瘪掉；折叠；n. 倒塌，塌陷；突然失败，崩溃；病倒，垮掉；突然贬值，暴跌,The system is in imminent danger of collapse.　这个体制面临着崩溃的危险。
7003,americas,P8+扩展,W71 起,释义待核实，不进入核心练习,əˈmɛrəkəz,释义待核实，不计入核心练习,
7004,connectors,P8+扩展,W71 起,释义待核实，不进入核心练习,kəˈnɛktɚz,释义待核实，不计入核心练习,
7005,twinks,P8+扩展,W71 起,释义待核实，不进入核心练习,,释义待核实，不计入核心练习,
7006,unlikely,P8+扩展,W71 起,,ənˈlaɪkli,adj. 不大可能发生的；未必真实的，难以相信的； 非心目中的，不大恰当的；不典型的；（两个人或物）不般配的；adv. 未必,A military coup seems unlikely.　一场兵变似乎不太可能。
7007,oe,P8+扩展,W71 起,释义待核实，不进入核心练习,,释义待核实，不计入核心练习,
7008,gif,P8+扩展,W71 起,释义待核实，不进入核心练习,,释义待核实，不计入核心练习,
7009,pros,P8+扩展,W71 起,释义待核实，不进入核心练习,ˈproʊz,释义待核实，不计入核心练习,
7010,conflicts,P8+扩展,W71 起,释义待核实，不进入核心练习,kənˈflɪkts,释义待核实，不计入核心练习,
7011,techno,P8+扩展,W71 起,释义待核实，不进入核心练习,ˈtɛknoʊ,释义待核实，不计入核心练习,
7012,beverage,P8+扩展,W71 起,,ˈbɛvɚɪdʒ,n. 饮料,Coffee is a fragrant beverage.　咖啡是一种香味浓郁的饮料。
7013,tribute,P8+扩展,W71 起,,ˈtrɪbjut,n. （表示敬意的）礼物，颂辞，行为；（良好效果或影响的）体现，显示；（尤指旧时一国向他国交纳的）贡品，贡金；<史>（用于支付矿工工资，或给矿厂主、出租人的）矿石份子；adj. （尤指团体或音乐家）（通过模仿）表演著名乐曲的,The song is a tribute to Roy Orbison.　这首歌是敬献给罗伊·奥比森的。
7014,wired,P8+扩展,W71 起,释义待核实，不进入核心练习,ˈwaɪɚd,释义待核实，不计入核心练习,
7015,elvis,P8+扩展,W71 起,释义待核实，不进入核心练习,ˈɛlvɪs,释义待核实，不计入核心练习,
7016,immune,P8+扩展,W71 起,,ˌɪmˈjun,adj. 免疫的；不受影响的；免除的，豁免的；n. 免疫者，免除者,Adults are often immune to German measles.　成人往往对风疹有免疫力。
7017,latvia,P8+扩展,W71 起,释义待核实，不进入核心练习,ˈlætviə,释义待核实，不计入核心练习,
7018,travelers,P8+扩展,W71 起,释义待核实，不进入核心练习,ˈtrævəlɚz,释义待核实，不计入核心练习,
7019,forestry,P8+扩展,W71 起,,ˈfɔrəstri,n. 林学，林业；林地,They had no idea about scientific forestry.　他们对科学林业一无所知。
7020,barriers,P8+扩展,W71 起,释义待核实，不进入核心练习,ˈbæriɚz,释义待核实，不计入核心练习,
7021,cant,P8+扩展,W71 起,释义待核实，不进入核心练习,ˈkænt,释义待核实，不计入核心练习,
7022,jd,P8+扩展,W71 起,释义待核实，不进入核心练习,,释义待核实，不计入核心练习,
7023,rarely,P8+扩展,W71 起,,ˈrɛrli,adv. 罕有，很少；异乎寻常地，极度,We rarely agree on what to do.　我们很少在要做的事情上看法一致。
7024,gpl,P8+扩展,W71 起,释义待核实，不进入核心练习,,释义待核实，不计入核心练习,
7025,infected,P8+扩展,W71 起,,ˌɪnˈfɛktɪd,adj. （身体部位或伤口）受感染的；（食品、水等）受细菌污染的；（计算机或磁盘）受病毒感染的；v. （受）传染（infect的过去式和过去分词）,Dog bites can get infected.　狗咬的伤口会感染。
7026,offerings,P8+扩展,W71 起,释义待核实，不进入核心练习,ˈɔfɚɪŋz,释义待核实，不计入核心练习,
7027,martha,P8+扩展,W71 起,释义待核实，不进入核心练习,ˈmɑrθə,释义待核实，不计入核心练习,
7028,genesis,P8+扩展,W71 起,释义待核实，不进入核心练习,ˈdʒɛnəsəs,释义待核实，不计入核心练习,
7029,barrier,P8+扩展,W71 起,,ˈbæriɚ,n. 障碍，壁垒；障碍物，关卡；分界线，屏障；大关，界限；【名】 （Barrier）（法）巴里耶（人名）,I realized I had to surmount the language barrier.　我认识到我必须得克服语言障碍。
7030,argue,P8+扩展,W71 起,,ˈɑrɡju,v. 主张，认为；说服；争论，争辩；争吵；提出质疑；提出理由；【名】 （Argue）（英、法）阿格（人名）,I'm not disposed to argue.　我无意争论。
7031,incorrect,P8+扩展,W71 起,,ˌɪnkɚˈɛkt,不正确的；adj. 错误的，不真实的；不适当的，不合礼节的,The firm says it unknowingly published incorrect statistics.　这家公司说它不知情地出版了错误的数据。
7032,trains,P8+扩展,W71 起,释义待核实，不进入核心练习,ˈtreɪnz,释义待核实，不计入核心练习,
7033,metals,P8+扩展,W71 起,释义待核实，不进入核心练习,ˈmɛtəlz,释义待核实，不计入核心练习,
7034,bicycle,P8+扩展,W71 起,,ˈbaɪsɪkəl,n. 单车，自行车；v. 骑自行车,Oscar had a new bicycle.　奥斯卡拥有一辆新的自行车。
7035,furnishings,P8+扩展,W71 起,释义待核实，不进入核心练习,ˈfɝnɪʃɪŋz,释义待核实，不计入核心练习,
7036,letting,P8+扩展,W71 起,释义待核实，不进入核心练习,ˈlɛtɪŋ,释义待核实，不计入核心练习,
7037,arise,P8+扩展,W71 起,,ɚˈaɪz,v. 产生，出现；起源（于），由……引出；起床，起立；上升；【名】 （Arise）（英、美、德、印）阿里塞,Only a finite number of situations can arise.　只有有限的几种情况可能会出现。
7038,guatemala,P8+扩展,W71 起,释义待核实，不进入核心练习,ˌɡwɑtəˈmɑlə,释义待核实，不计入核心练习,
7039,celtic,P8+扩展,W71 起,释义待核实，不进入核心练习,ˈsɛltɪk,释义待核实，不计入核心练习,
7040,thereby,P8+扩展,W71 起,,ˌðɛrˈbaɪ,adv. 因此，从而,"This had been dismantled in 1933, thereby breaking the link.　这一设施于1933年被拆除，从而切断了（运河间的）联系。"
7041,irc,P8+扩展,W71 起,释义待核实，不进入核心练习,,释义待核实，不计入核心练习,
7042,jamie,P8+扩展,W71 起,释义待核实，不进入核心练习,ˈdʒeɪmi,释义待核实，不计入核心练习,
7043,particle,P8+扩展,W71 起,,ˈpɑrtəkəl,n. 微粒；极少量；粒子（原子的极微小成分，如电子、质子或中子）；（数）质点；（语法中的）小品词,Particle physicists and astronomers collaborate often.　粒子物理学家和天文学家经常合作。
7044,perception,P8+扩展,W71 起,,pɚˈsɛpʃən,n. 看法，认识；感觉，感知；洞察力；<法律>（租金、农作物等的）收取，占有,Perception is central to iconoclasm.　感知是打破传统的核心。
7045,minerals,P8+扩展,W71 起,释义待核实，不进入核心练习,ˈmɪnɚəlz,释义待核实，不计入核心练习,
7046,advise,P8+扩展,W71 起,,ædˈvaɪz,v. 通知，告知；劝告，建议,I'd advise extreme caution.　我建议要慎之又慎。
7047,humidity,P8+扩展,W71 起,,hjuˈmɪdəti,n. 潮湿，湿气；湿度,The humidity is relatively low.　湿度相对较低。
7048,bottles,P8+扩展,W71 起,释义待核实，不进入核心练习,ˈbɑtəlz,释义待核实，不计入核心练习,
7049,boxing,P8+扩展,W71 起,释义待核实，不进入核心练习,ˈbɑksɪŋ,释义待核实，不计入核心练习,
7050,wy,P8+扩展,W71 起,释义待核实，不进入核心练习,ˈweɪ,释义待核实，不计入核心练习,
7051,dm,P8+扩展,W71 起,释义待核实，不进入核心练习,,释义待核实，不计入核心练习,
7052,bangkok,P8+扩展,W71 起,释义待核实，不进入核心练习,bæŋˈkɑk,释义待核实，不计入核心练习,
7053,renaissance,P8+扩展,W71 起,,ˌrɛnəˈsɑns,Leonardo da Vinci was a popular artist of the Renaissance.；n. 文艺复兴（欧洲14至17世纪）,The theme of the conference is renaissance Europe.　该会议的主题是文艺复兴时期的欧洲。
7054,pathology,P8+扩展,W71 起,,pəˈθɑlədʒi,n. 病理学；病状；精神异常；社会异常；语言异常,"This view has caused great controversy: Black Americans have fallen into a ""tangle of pathology"".　这个观点引发了极大的争议：美国黑人已经深陷一种“病态的混乱”。"
7055,sara,P8+扩展,W71 起,释义待核实，不进入核心练习,ˈsɛrə,释义待核实，不计入核心练习,
7056,bra,P8+扩展,W71 起,释义待核实，不进入核心练习,ˈbrɑ,释义待核实，不计入核心练习,
7057,ordinance,P8+扩展,W71 起,释义待核实，不进入核心练习,ˈɔrdənəns,释义待核实，不计入核心练习,
7058,hughes,P8+扩展,W71 起,释义待核实，不进入核心练习,ˈhjuz,释义待核实，不计入核心练习,
7059,photographers,P8+扩展,W71 起,释义待核实，不进入核心练习,fəˈtɑɡrəfɚz,释义待核实，不计入核心练习,
7061,infections,P8+扩展,W71 起,释义待核实，不进入核心练习,ˌɪnˈfɛkʃənz,释义待核实，不计入核心练习,
7062,jeffrey,P8+扩展,W71 起,释义待核实，不进入核心练习,ˈdʒɛfri,释义待核实，不计入核心练习,
7063,chess,P8+扩展,W71 起,,ˈtʃɛs,n. 国际象棋，西洋棋；【名】 （Chess）（英）切斯（人名）,Chess is not a game of chance.　国际象棋不是靠运气取胜的。
7064,operates,P8+扩展,W71 起,释义待核实，不进入核心练习,ˈɑpɚˌeɪts,释义待核实，不计入核心练习,
7065,brisbane,P8+扩展,W71 起,释义待核实，不进入核心练习,ˈbrɪzˌbeɪn,释义待核实，不计入核心练习,
7066,configured,P8+扩展,W71 起,释义待核实，不进入核心练习,kənˈfɪɡjɚd,释义待核实，不计入核心练习,
7067,survive,P8+扩展,W71 起,,sɚˈvaɪv,v. （经历事故、战争或疾病后）活下来，幸存；比……活得久，比……长寿；挺过，艰难度过；幸免于难，留存；（靠很少的钱）继续维持生活；设法对付（困难或令人不愉快的事）,The urge to survive drove them on.　求生的欲望驱使他们继续下去。
7068,oscar,P8+扩展,W71 起,释义待核实，不进入核心练习,ˈɔskɚ,释义待核实，不计入核心练习,
7069,festivals,P8+扩展,W71 起,释义待核实，不进入核心练习,ˈfɛstəvəlz,释义待核实，不计入核心练习,
7070,menus,P8+扩展,W71 起,释义待核实，不进入核心练习,ˈmɛnjuz,释义待核实，不计入核心练习,
7071,joan,P8+扩展,W71 起,释义待核实，不进入核心练习,ˈdʒoʊn,释义待核实，不计入核心练习,
7072,possibilities,P8+扩展,W71 起,释义待核实，不进入核心练习,ˌpɑsəˈbɪlətiz,释义待核实，不计入核心练习,
7073,duck,P8+扩展,W71 起,,ˈdʌk,n. 鸭子；鸭肉；母鸭；（板球）零分；<非正式>幸运儿，不寻常的人；<英，非正式>宝贝儿，亲爱的；突然的低头；帆布，粗布；v. 逃避，回避；躲避；（开玩笑地）把（人）按入水中；迅速移动；（桥牌）放掉；（迅速）低头，弯身；【名】 （Duck）（德、葡、匈）杜克（人名）,The main course was roast duck.　主菜是烤鸭。
7074,reveal,P8+扩展,W71 起,,rɪˈvil,v. 揭示，透露；表明，证明；展示，显示；（通过神或超自然手段）启示；n. （电视节目最后的）揭示；门侧，窗侧,These poems reveal her gentle side.　这些诗显示出她温柔的一面。
7075,canal,P8+扩展,W71 起,,kəˈnæl,n. 运河，灌溉渠，水道；（体内的）管，道；v. 在……开凿运河；【名】 （Canal）（英、法、西、意、葡）卡纳尔，（土）贾纳尔（人名）,The canal is open to shipping.　运河可以通航了。
7076,amino,P8+扩展,W71 起,释义待核实，不进入核心练习,əˈminoʊ,释义待核实，不计入核心练习,
7077,phi,P8+扩展,W71 起,释义待核实，不进入核心练习,ˈfaɪ,释义待核实，不计入核心练习,
7078,contributing,P8+扩展,W71 起,释义待核实，不进入核心练习,kənˈtrɪbjutɪŋ,释义待核实，不计入核心练习,
7079,herbs,P8+扩展,W71 起,释义待核实，不进入核心练习,ˈɝbz,释义待核实，不计入核心练习,
7080,clinics,P8+扩展,W71 起,释义待核实，不进入核心练习,ˈklɪnɪks,释义待核实，不计入核心练习,
7081,mls,P8+扩展,W71 起,释义待核实，不进入核心练习,,释义待核实，不计入核心练习,
7082,cow,P8+扩展,W71 起,,ˈkaʊ,n. 母牛，奶牛；雌性动物；<非正式>婆娘，娘儿们；<澳新>讨厌的人（或事物、情况）；v. 恐吓，威胁,A mature cow has horns.　成年母牛头上长有角。
7083,manitoba,P8+扩展,W71 起,释义待核实，不进入核心练习,ˌmænɪˈtoʊbə,释义待核实，不计入核心练习,
7084,analytical,P8+扩展,W71 起,释义待核实，不进入核心练习,ˌænəˈlɪtɪkəl,释义待核实，不计入核心练习,
7085,missions,P8+扩展,W71 起,释义待核实，不进入核心练习,ˈmɪʃənz,释义待核实，不计入核心练习,
7086,watson,P8+扩展,W71 起,释义待核实，不进入核心练习,ˈwɑtsən,释义待核实，不计入核心练习,
7087,lying,P8+扩展,W71 起,释义待核实，不进入核心练习,ˈlaɪɪŋ,释义待核实，不计入核心练习,
7088,costumes,P8+扩展,W71 起,释义待核实，不进入核心练习,kɑˈstumz,释义待核实，不计入核心练习,
7089,strict,P8+扩展,W71 起,,ˈstrɪkt,adj. 要求严格的，严厉的；（命令或规则）必须严格遵守的；严谨的，精确的，严密的；恪守教规的，严格的；完全的，彻底的，绝对的,She's on a very strict diet.　她正严格节食。
7090,dive,P8+扩展,W71 起,,ˈdaɪv,v. 跳水；潜水；突然大幅贬值，暴跌；下降，下潜；扑向，冲向；（飞机，鸟）俯冲；热情投身于；快速伸入（包、口袋等）；（对方阻截时）假摔；n. 跳水；潜水；俯冲；突降，暴跌；冲，扑；（遇到阻截时的）假摔；低级的餐馆（或酒吧、娱乐场所）；【名】 （Dive）（美、法）迪夫（人名）,Stock prices took a dive.　股票价格暴跌。
7091,saddam,P8+扩展,W71 起,释义待核实，不进入核心练习,ˈsɑdəm,释义待核实，不计入核心练习,
7092,circulation,P8+扩展,W71 起,,ˈsɝkjəˌleɪʃən,n. 发行量，销售量；血液循环；流传，流通；参加社交活动，交际；环流，循环；（图书的）借出,The coins were taken out of circulation.　这种硬币已停止流通。
7093,drill,P8+扩展,W71 起,,ˈdrɪl,n. 钻，钻机；训练，演习；粗斜纹布；条播沟；条播机；条播作物；<非正式>常规，正确步骤；尾角螺；v. 钻孔；训练，演习；条播；【名】 （Drill）（德、英）德里尔（人名）,You'll have to disassemble the drill.　你得把这个钻头拆开。
7094,offense,P8+扩展,W71 起,,əˈfɛns,n. 违法，犯罪；冒犯，伤害；过错，不当；讨厌的东西，引起反感的事物；<正式> 进攻，攻击行为；进攻队员；（球队的）进攻,His words gave great offense to everybody present.　他的发言冲犯了在场的所有人。
7095,bryan,P8+扩展,W71 起,释义待核实，不进入核心练习,ˈbraɪən,释义待核实，不计入核心练习,
7096,cet,P8+扩展,W71 起,释义待核实，不进入核心练习,,释义待核实，不计入核心练习,
7097,protest,P8+扩展,W71 起,,ˈproʊˌtɛst,vt. 抗议 vi.抗议；反对 n.抗议；n. 抗议，反对；抗议活动；声明，断言；<法律>（多指来自公证人的）拒付证书,All protest had been silenced.　一切反对的声音都被压了下去。
7098,assumption,P8+扩展,W71 起,,əˈsʌmpʃən,n. 假定，假设；取得，承担,His actions were based on a false assumption.　他的行为基于错误的设想。
7099,jerusalem,P8+扩展,W71 起,释义待核实，不进入核心练习,dʒɚˈusələm,释义待核实，不计入核心练习,
7100,hobby,P8+扩展,W71 起,,ˈhɑbi,n. 业余爱好，嗜好；<古> 小马，马驹；燕隼；【名】 （Hobby）（英）霍比（人名）,I only play jazz as a hobby.　我弹奏爵士乐只是一种业余爱好。
7101,tries,P8+扩展,W71 起,释义待核实，不进入核心练习,ˈtraɪz,释义待核实，不计入核心练习,
7102,transexuales,P8+扩展,W71 起,释义待核实，不进入核心练习,,释义待核实，不计入核心练习,
7103,invention,P8+扩展,W71 起,,ˌɪnˈvɛnʃən,n. 发明物；发明，创造；虚构，编造；发明才能，创造力；创意曲（短乐曲的题目）,The spinning wheel was a Chinese invention.　纺车是中国人的一项发明。
7104,nickname,P8+扩展,W71 起,,ˈnɪkˌneɪm,n. 绰号，外号；v. 给……起绰号；叫错名字,She professed to hate her nickname.　她声称讨厌她的绰号。
7105,fiji,P8+扩展,W71 起,释义待核实，不进入核心练习,ˈfidʒi,释义待核实，不计入核心练习,
7106,technician,P8+扩展,W71 起,,tɛkˈnɪʃən,n. 技师，技术人员；（体育、艺术等方面）技巧精湛者，精于技巧者,It quickly became clear that the woman was not a computer technician.　事情很快就搞清楚了，这名女子不是电脑技术员。
7107,inline,P8+扩展,W71 起,释义待核实，不进入核心练习,ˌɪnˈlaɪn,释义待核实，不计入核心练习,
7108,executives,P8+扩展,W71 起,释义待核实，不进入核心练习,ɪɡˈzɛkjətɪvz,释义待核实，不计入核心练习,
7109,enquiries,P8+扩展,W71 起,释义待核实，不进入核心练习,,释义待核实，不计入核心练习,
7110,washing,P8+扩展,W71 起,,ˈwɑʃɪŋ,n. 洗涤，洗刷；待洗（或正在洗、刚洗过）的衣物；v. 洗涤；洗澡，（用水和肥皂）洗（身体的某部分）；（水）漫过，流过，冲刷（wash 的现在分词形式）,These jeans need washing.　这条牛仔裤该洗了。
7111,audi,P8+扩展,W71 起,释义待核实，不进入核心练习,ˈɔdi,释义待核实，不计入核心练习,
7112,staffing,P8+扩展,W71 起,释义待核实，不进入核心练习,ˈstæfɪŋ,释义待核实，不计入核心练习,
7113,cognitive,P8+扩展,W71 起,,ˈkɑɡnɪtɪv,adj. 认识的，认知的,They lack the cognitive and memory skills.　他们缺乏认知和记忆能力。
7114,exploring,P8+扩展,W71 起,释义待核实，不进入核心练习,ɪksˈplɔrɪŋ,释义待核实，不计入核心练习,
7115,trick,P8+扩展,W71 起,,ˈtrɪk,n. 花招，诡计，骗局；窍门，技巧；戏法，把戏；恶作剧，戏弄；引起错觉（或记忆紊乱）的事物；（纸牌的）一圈，一墩；（特别的）习惯，方式；舵手的一班（一般为二或四小时）；<非正式>嫖客；v. 欺骗，哄骗；（纹章）（用由字母、符号标明的颜色）给（盾形徽章）勾勒轮廓；adj. 骗人的，使人产生错觉的；<美>（身体部位）虚弱的，有毛病的；巧妙的，取乐的,"The trick boomeranged, though.　但是，这个诡计使人自作自受。"
7116,enquiry,P8+扩展,W71 起,,ɪnˈkwaɪˌri,n. 询问，查问；官方调查；问讯处,It is the largest enquiry ever of its kind.　这是同类询问调查中规模最大的一次。
7117,closure,P8+扩展,W71 起,,ˈkloʊʒɚ,n. （永久的）关闭，倒闭；（尤指通路、边境的）封锁；（讨论、写作、活动或事件的）结尾；（事件或一段时间的）了结，解脱感；（立法院）辩论终止提付表决；认栽；闭锁物（如帽子、领带）；（夹克等）闭合方式；v. （在立法会议上）终止（辩论，发言）；使终止,The reasons for closure are multifarious.　关闭的原因多种多样。
7118,raid,P8+扩展,W71 起,,ˈreɪd,n. 突袭，袭击；突击检查，突然搜查；抢劫，打劫；（股票）恶意大量买进；v. 突袭，偷袭；突击搜捕，突然搜查；抢劫，劫掠；扫荡（某处的食物）；【名】 （Raid）（阿拉伯）拉伊德（人名）,It sounds like an air raid siren.　这听起来像是空袭警报。
7119,ppc,P8+扩展,W71 起,释义待核实，不进入核心练习,,释义待核实，不计入核心练习,
7120,timber,P8+扩展,W71 起,,ˈtɪmbɚ,n. 木材，原木；（用于生产木材的）林木，树林；（造屋或造船用的）大木料，栋木；（砍伐树木时说）倒啦，小心大树倒下；<美>（尤指人适于某角色的）素质，性格，才干；v. 用木料支撑或建造；【名】 （Timber）（瑞典）廷贝尔（人名）,Men were loading up a truck with timber.　工人正在把木料装上卡车。
7121,volt,P8+扩展,W71 起,,ˈvoʊlt,n. 伏特（电压单位）；环骑；闪避；n. （Volt）人名；（捷）沃尔特,That is one electron volt.　就是一单位的电子伏特。
7122,intense,P8+扩展,W71 起,,ˌɪnˈtɛns,adj. 很大的，十分强烈的；严肃紧张的，激烈的；热情的，热切的；专注的，认真的,It was a period of intense activity.　那是活动激烈的时期。
7123,div,P8+扩展,W71 起,释义待核实，不进入核心练习,,释义待核实，不计入核心练习,
7124,playlist,P8+扩展,W71 起,释义待核实，不进入核心练习,ˈpleɪlɪst,释义待核实，不计入核心练习,
7125,registrar,P8+扩展,W71 起,释义待核实，不进入核心练习,ˈrɛdʒɪˌstrɑr,释义待核实，不计入核心练习,
7126,showers,P8+扩展,W71 起,释义待核实，不进入核心练习,ˈʃaʊɚz,释义待核实，不计入核心练习,
7127,supporters,P8+扩展,W71 起,释义待核实，不进入核心练习,səˈpɔrtɚz,释义待核实，不计入核心练习,
7128,ruling,P8+扩展,W71 起,,ˈrulɪŋ,n. （尤指法庭的）裁决，裁定；统治，支配；adj. 统治的，支配的；（热情或感情）占支配地位的，最强烈的 ；流行的，普遍的；v. 统治，支配；控制，操纵；裁定，判决（rule 的现在分词形式）,The ruling should be applied retroactively.　这一裁决应该具有追溯效力。
7129,steady,P8+扩展,W71 起,,ˈstɛdi,adj. 平稳的，稳步的，持续的；稳定的，恒定的；稳固的，牢固的；沉着的，冷静的；（人）稳重的，可靠的；v. 使平稳，稳住；（使）稳定，（使）固定（一段时间）；（使）镇定，（使）冷静；n. <非正式>关系确定的情侣；（支撑大篷车或其他车辆的）支架，撑竿,She slowed to a steady walk.　她慢下来，稳步行走。
7130,dirt,P8+扩展,W71 起,,ˈdɝt,n. 污物，尘土；泥土，松土；丑闻，流言蜚语；adj. 土的，泥的,I drove along the dirt road.　我行驶在一条土路上。
7131,statutes,P8+扩展,W71 起,释义待核实，不进入核心练习,ˈstætʃuts,释义待核实，不计入核心练习,
7132,withdrawal,P8+扩展,W71 起,,wɪðˈdrɔəl,n. 收回，撤回，停止；（对所说人的话的）收回，撤回；撤军，撤退；不再参加，退出（组织）；提款，取钱；戒毒过程，脱瘾期；脱瘾症状；沉默寡言，孤僻,There's no penalty for early withdrawal.　提前退出没有惩罚。
7133,myers,P8+扩展,W71 起,释义待核实，不进入核心练习,ˈmaɪɚz,释义待核实，不计入核心练习,
7134,drops,P8+扩展,W71 起,释义待核实，不进入核心练习,ˈdrɑps,释义待核实，不计入核心练习,
7135,predicted,P8+扩展,W71 起,释义待核实，不进入核心练习,prɪˈdɪktɪd,释义待核实，不计入核心练习,
7136,wider,P8+扩展,W71 起,释义待核实，不进入核心练习,ˈwaɪdɚ,释义待核实，不计入核心练习,
7137,saskatchewan,P8+扩展,W71 起,释义待核实，不进入核心练习,sæˈskætʃəˌwɔn,释义待核实，不计入核心练习,
7138,jc,P8+扩展,W71 起,释义待核实，不进入核心练习,,释义待核实，不计入核心练习,
7139,cancellation,P8+扩展,W71 起,,ˌkænsəˈleɪʃən,n. 取消，撤销；作废，废除,We need at least 24 hours' notice of cancellation.　如欲取消，请至少提前24小时告知。
7140,plugins,P8+扩展,W71 起,释义待核实，不进入核心练习,ˈplʌɡɪnz,释义待核实，不计入核心练习,
7141,enrolled,P8+扩展,W71 起,释义待核实，不进入核心练习,ɛnˈroʊld,释义待核实，不计入核心练习,
7142,sensors,P8+扩展,W71 起,释义待核实，不进入核心练习,ˈsɛnsɚz,释义待核实，不计入核心练习,
7143,screw,P8+扩展,W71 起,,ˈskru,n. 螺丝（钉）；螺杆，螺丝杆；螺旋桨；螺旋体，螺旋状物；螺旋运动，拧紧螺旋；<非正式>监狱看守人，狱警（尤为囚犯用语）；<非正式>性行为，性伴侣；<英>旋转球，倒旋；<英>（多指包有盐或烟草的）小纸卷；<英，非正式>工资，工钱；<英，非正式>卑鄙的人，吝啬鬼；<英，非正式>疲马；拇指夹（旧时的一种刑具）（the screws）；v. 用螺丝固定；拧紧，旋紧；（物体）旋上，旋开；把（纸等）揉成一团；扭曲（脸），眯起（眼睛）；<非正式>（和某人）性交；<非正式>欺骗，诈骗；<非正式>敲诈，勒索（钱财等）；<非正式>毁掉，搞砸；<非正式>见鬼去；使（球）旋转，使（击球）偏转；<英>打旋转球；猛回头，急转身（screw sth. around/round）,The screw had worked loose.　这螺丝钉松动了。
7144,ministers,P8+扩展,W71 起,释义待核实，不进入核心练习,ˈmɪnəstɚz,释义待核实，不计入核心练习,
7145,publicly,P8+扩展,W71 起,,ˈpʌblɪkli,adv. 公开地，公然地；由政府；由公众；公众可以获取（或购买）地,This information is not publicly available.　这个消息没有对外公开。
7146,hourly,P8+扩展,W71 起,释义待核实，不进入核心练习,ˈaʊrli,释义待核实，不计入核心练习,
7147,blame,P8+扩展,W71 起,,ˈbleɪm,v. 责怪，归咎于；怨，怪；n. 责备，过错，罪责,No blame attaches to you.　你一点责任也没有。
7148,geneva,P8+扩展,W71 起,释义待核实，不进入核心练习,dʒəˈnivə,释义待核实，不计入核心练习,
7149,freebsd,P8+扩展,W71 起,释义待核实，不进入核心练习,,释义待核实，不计入核心练习,
7150,veterinary,P8+扩展,W71 起,,ˈvɛtrəˌnɛri,adj. 兽医的；n. <旧>兽医,"In Sweden, they say, 'Let's call the veterinary authorities.　在瑞典，他们会说，'让我们叫兽医来。'"
7151,acer,P8+扩展,W71 起,释义待核实，不进入核心练习,ˈeɪsɚ,释义待核实，不计入核心练习,
7152,prostores,P8+扩展,W71 起,释义待核实，不进入核心练习,,释义待核实，不计入核心练习,
7153,reseller,P8+扩展,W71 起,释义待核实，不进入核心练习,riˈsɛlɚ,释义待核实，不计入核心练习,
7154,dist,P8+扩展,W71 起,释义待核实，不进入核心练习,,释义待核实，不计入核心练习,
7155,handed,P8+扩展,W71 起,释义待核实，不进入核心练习,ˈhændəd,释义待核实，不计入核心练习,
7156,suffered,P8+扩展,W71 起,释义待核实，不进入核心练习,ˈsʌfɚd,释义待核实，不计入核心练习,
7157,intake,P8+扩展,W71 起,,ˈɪnˌteɪk,n. （食物、饮料、空气等的）摄取量，吸入量；摄入，吸入；（一定时期内）纳入的人数；入口，进口；（从荒野地或公共地开发出的）垦地,Your intake of alcohol should not exceed two units per day.　你每天酒精摄入量不能超过两个单位。
7158,informal,P8+扩展,W71 起,,ˌɪnˈfɔrməl,adj. 轻松友好的，不拘礼节的；（文字或言谈）非正式的，口语体的；（服装）休闲的，家居的；（组织、团体和安排）非官方的，非正规的,Each course comprises 10-12 informal weekly meetings.　每门课程包括10至12次每周1次的非正式见面会。
7159,relevance,P8+扩展,W71 起,,ˈrɛləvəns,n. 相关性，实用性，意义,Politicians' private lives have no relevance to their public roles.　政治家的私生活与他们的公众角色没有相关性。
7160,incentive,P8+扩展,W71 起,,ˌɪnˈsɛntɪv,n. 激励某人做某事的事物；刺激；诱因，动机；n. 激励，刺激,They have an incentive to keep us hooked.　他们有动机让我们上钩。
7161,butterfly,P8+扩展,W71 起,,ˈbʌtɚˌflaɪ,n. 蝴蝶；见异思迁的人，轻浮易变的人；蝶泳，蝶泳比赛；<非正式>紧张，心慌；耳环托；v. （将食物）切成蝴蝶展翅状，使成蝶形；adj. 蝴蝶状,The butterfly fluttered from flower to flower.　蝴蝶在花丛中飞来飞去。
7162,tucson,P8+扩展,W71 起,释义待核实，不进入核心练习,ˈtuˌsɑn,释义待核实，不计入核心练习,
7163,mechanics,P8+扩展,W71 起,,məˈkænɪks,n. 机械学，力学；机制，运作方式；机械部件，运转部件；结构，构成；n. 机械学，力学；机制，运作方式；机械部件，运转部件；结构，构成,It does happen in quantum mechanics.　它确实发生在量子力学中。
7164,heavily,P8+扩展,W71 起,,ˈhɛvəli,adv. 在很大程度上，大量地；慢慢地，沉重地；让人难受地，令人不快地；结实，坚实；装满（或装载）重物的，重载的；缓慢又高声地；缓慢而忧郁地，悲伤地,Police were heavily armed.　警察全副武装。
7165,swingers,P8+扩展,W71 起,释义待核实，不进入核心练习,ˈswɪŋɚz,释义待核实，不计入核心练习,
7166,fifty,P8+扩展,W71 起,,ˈfɪfti,n. 五十；五十个；编号为50的东西；adj. 五十的；五十个的；众多的,Fifty is the new forty.　四十尚未老，五十正当年。
7167,headers,P8+扩展,W71 起,释义待核实，不进入核心练习,ˈhɛdɚz,释义待核实，不计入核心练习,
7168,mistakes,P8+扩展,W71 起,释义待核实，不进入核心练习,mɪˈsteɪks,释义待核实，不计入核心练习,
7169,numerical,P8+扩展,W71 起,,nuˈmɛrəkəl,adj. 数字的，用数字表示的,Numerical increases are used as quantifiable indicators of heightened interest in the new stimulus.　数值的增长被用来作为显示新型激励下增长利益的量化指标。
7170,ons,P8+扩展,W71 起,释义待核实，不进入核心练习,ˈɑnz,释义待核实，不计入核心练习,
7171,geek,P8+扩展,W71 起,释义待核实，不进入核心练习,ˈɡik,释义待核实，不计入核心练习,
7172,uncle,P8+扩展,W71 起,,ˈʌŋkəl,n. 叔叔；伯父；伯伯；舅父；姨丈；姑父,I'm going to visit my uncle.　我要去看我舅舅。
7173,defining,P8+扩展,W71 起,释义待核实，不进入核心练习,dɪˈfaɪnɪŋ,释义待核实，不计入核心练习,
7174,counting,P8+扩展,W71 起,释义待核实，不进入核心练习,ˈkaʊntɪŋ,释义待核实，不计入核心练习,
7175,reflection,P8+扩展,W71 起,,rɪˈflɛkʃən,n. （光、热或声音的）反射；反射光，反射热，回声；（反射出来的）影像，倒影；深思，反省；（尤指见诸语言的）想法，意见；表现，反映；坏的印象；（数）镜射，反射,He admired his reflection in the mirror.　他欣赏着自己在镜中的影像。
7176,sink,P8+扩展,W71 起,,ˈsɪŋk,v. 下沉，沉没；使失败，受挫；下降，下陷；倒下，坐下；衰退，恶化；渗透，渐渐陷入；减少，降低；（声音）变低，变小；堕落，沉沦；挖掘；插入，打入；投进，滚进；投资；<英，非正式>喝（酒）；adj. <英>贫困的，贫民窟的；n. 水槽，水池；洼地，渗坑；<英，喻>位于社会贫困地区的学校或房产；<喻>藏垢的场所；<技>汇，壑,He decided to scour the sink.　他决定把水池擦洗干净。
7177,accompanied,P8+扩展,W71 起,释义待核实，不进入核心练习,əˈkʌmpənid,释义待核实，不计入核心练习,
7178,assure,P8+扩展,W71 起,,əˈʃʊr,v. 使确信，向……保证；确保，使确定；给……保险,"She's perfectly safe, I can assure you.　我可以向你保证，她绝对安全。"
7179,invitation,P8+扩展,W71 起,,ˌɪnvɪˈteɪʃən,n. 邀请；引起，招致；（尤指正式地）征求，请求；请帖，请柬,He declined their invitation.　他谢绝了他们的邀请。
7180,devoted,P8+扩展,W71 起,,dɪˈvoʊtɪd,adj. 挚爱的，忠诚的；热衷的；专用于……的；v. 献身，致力；用于（devote 的过去式和过去分词形式）,She is devoted to her family.　她深深爱着自己的家庭。
7181,princeton,P8+扩展,W71 起,释义待核实，不进入核心练习,ˈprɪnstən,释义待核实，不计入核心练习,
7182,jacob,P8+扩展,W71 起,释义待核实，不进入核心练习,ˈdʒeɪkəb,释义待核实，不计入核心练习,
7183,sodium,P8+扩展,W71 起,,ˈsoʊdiəm,n. 钠（一种化学元素，符号为 Na）；adj. （发出橙色强光的）钠光的,Sodium and sulphur are highly corrosive.　钠和硫有高度的腐蚀性。
7184,randy,P8+扩展,W71 起,释义待核实，不进入核心练习,ˈrændi,释义待核实，不计入核心练习,
7185,spirituality,P8+扩展,W71 起,释义待核实，不进入核心练习,ˌspɪrɪˌtʃuˈæləˌti,释义待核实，不计入核心练习,
7186,hormone,P8+扩展,W71 起,,ˈhɔrˌmoʊn,n. 激素，荷尔蒙；人造激素；性激素（hormones）,Oestrogen is a female sex hormone.　雌激素是一种雌性荷尔蒙。
7187,meanwhile,P8+扩展,W71 起,,ˈminˌwaɪl,adv. 与此同时；在此期间；另一方面；n. 其间，其时,"Meanwhile, my debts were mounting up.　同时，我的债务在不断增加。"
7188,proprietary,P8+扩展,W71 起,释义待核实，不进入核心练习,prəˈpraɪəˌtɛri,释义待核实，不计入核心练习,
7189,timothy,P8+扩展,W71 起,释义待核实，不进入核心练习,ˈtɪməθi,释义待核实，不计入核心练习,
7190,childrens,P8+扩展,W71 起,释义待核实，不进入核心练习,ˈtʃɪldrənz,释义待核实，不计入核心练习,
7191,brick,P8+扩展,W71 起,,ˈbrɪk,n. 砖，砖块；<旧>热心人，可靠的人；积木；adj. 似砖的；用砖做的；v. 用砖墙围起，用砖堵住,He went under a brick arch.　他从一座砖拱门下面走过。
7192,grip,P8+扩展,W71 起,,ˈɡrɪp,n. 紧握；掌握，控制；理解；不打滑，走得稳；手柄；紧握（或抓牢）的方式；（拍摄电影时）摄影机和照明设备管理人员；<英>发夹；旅行袋；v. 握紧，夹住；（尤指通过摩擦力）牢牢地附着，紧贴；使感兴趣，吸引住（某人）的注意；对……产生强有力的影响；【名】 （Grip）（英、瑞典）格里普（人名）,He kept a tight grip on her arm.　他紧紧握住她的胳膊。
7193,naval,P8+扩展,W71 起,,ˈneɪvəl,adj. 海军的，军舰的；【名】 （Naval）（西、德、印）纳瓦尔（人名）,He was the senior serving naval officer.　他曾是高级现役海军军官。
7194,thumbzilla,P8+扩展,W71 起,释义待核实，不进入核心练习,,释义待核实，不计入核心练习,
7195,medieval,P8+扩展,W71 起,,mɪˈdivəl,adj. 中世纪的；<非正式>非常老派的，极其过时的,It is a perfect example of a medieval castle.　这是最典型的中世纪城堡。
7196,porcelain,P8+扩展,W71 起,,ˈpɔrsələn,n. 瓷；瓷器；adj. 瓷制的,There were lilies everywhere in tall white porcelain vases.　到处都是插在白瓷高花瓶里的百合花。
7197,avi,P8+扩展,W71 起,释义待核实，不进入核心练习,ˈɑˌvi,释义待核实，不计入核心练习,
7198,bridges,P8+扩展,W71 起,释义待核实，不进入核心练习,ˈbrɪdʒəz,释义待核实，不计入核心练习,
7199,pichunter,P8+扩展,W71 起,释义待核实，不进入核心练习,,释义待核实，不计入核心练习,
7200,captured,P8+扩展,W71 起,释义待核实，不进入核心练习,ˈkæptʃɚd,释义待核实，不计入核心练习,
7201,watt,P8+扩展,W71 起,,ˈwɑt,n. 瓦，瓦特（电功率单位）；【名】 （Watt）（英，葡）瓦特（人名）,Two people who have divergent views on this question are George Watt and Bob Marr.　在这个问题上意见相左的两个人是乔治·瓦特和鲍勃·马尔。
7202,thehun,P8+扩展,W71 起,释义待核实，不进入核心练习,,释义待核实，不计入核心练习,
7203,decent,P8+扩展,W71 起,,ˈdisənt,adj. 像样的，尚好的；得体的，合宜的；<非正式>穿好衣服的；正派的，规矩的；待人宽厚的，和善的,He did the decent thing and resigned.　他做得很体面，辞职了。
7204,casting,P8+扩展,W71 起,释义待核实，不进入核心练习,ˈkæstɪŋ,释义待核实，不计入核心练习,
7205,dayton,P8+扩展,W71 起,释义待核实，不进入核心练习,ˈdeɪtən,释义待核实，不计入核心练习,
7206,translated,P8+扩展,W71 起,释义待核实，不进入核心练习,trænzˈleɪtɪd,释义待核实，不计入核心练习,
7207,shortly,P8+扩展,W71 起,,ˈʃɔrtli,adv. 不久，很快，立刻；简短地，扼要地；（说话）不耐烦地，不友善地,She arrived shortly after us.　我们刚到不多会儿她就到了。
7208,cameron,P8+扩展,W71 起,释义待核实，不进入核心练习,ˈkæmɚən,释义待核实，不计入核心练习,
7209,columnists,P8+扩展,W71 起,释义待核实，不进入核心练习,ˈkɑləmnəsts,释义待核实，不计入核心练习,
7210,pins,P8+扩展,W71 起,释义待核实，不进入核心练习,ˈpɪnz,释义待核实，不计入核心练习,
7211,carlos,P8+扩展,W71 起,释义待核实，不进入核心练习,ˈkɑrloʊs,释义待核实，不计入核心练习,
7212,reno,P8+扩展,W71 起,释义待核实，不进入核心练习,ˈrinoʊ,释义待核实，不计入核心练习,
7213,donna,P8+扩展,W71 起,释义待核实，不进入核心练习,ˈdɑnə,释义待核实，不计入核心练习,
7214,andreas,P8+扩展,W71 起,释义待核实，不进入核心练习,ɑnˈdreɪəs,释义待核实，不计入核心练习,
7215,warrior,P8+扩展,W71 起,,ˈwɔriɚ,n. （尤指旧时的）武士，勇士；（瑜伽体式）战士,The fighting transforms him into a warrior.　战斗使他成为一名战士。
7216,diploma,P8+扩展,W71 起,,dɪˈploʊmɑ,n. 毕业文凭，学位证书；文凭课程，职业课程；公文，文书,I've just finished Level 2 diploma on design.　我刚刚获得了二级设计文凭。
7217,cabin,P8+扩展,W71 起,,ˈkæbən,n. 小木屋；船舱；机舱，客舱；v. <旧>使身居斗室,My cabin is on deck C.　我的舱位在C层甲板。
7218,innocent,P8+扩展,W71 起,,ˈɪnəsənt,adj. 天真的，幼稚的；清白的，无罪的；无辜受害的；没有恶意的，无冒犯之意的；n. 天真无邪的人，幼稚的人；无辜的受害者（尤指犯罪或战争的受害者）；【名】 （Innocent）（英、西）因诺森特，（法）伊诺桑（人名）,The accused was found innocent.　被告被判定无罪。
7219,bdsm,P8+扩展,W71 起,释义待核实，不进入核心练习,,释义待核实，不计入核心练习,
7220,scanning,P8+扩展,W71 起,释义待核实，不进入核心练习,ˈskænɪŋ,释义待核实，不计入核心练习,
7221,ide,P8+扩展,W71 起,释义待核实，不进入核心练习,ˈaɪd,释义待核实，不计入核心练习,
7222,consensus,P8+扩展,W71 起,,kənˈsɛnsəs,n. 一致看法，共识,There is a growing consensus of opinion on this issue.　对这个问题的看法日趋一致。
7223,polo,P8+扩展,W71 起,释义待核实，不进入核心练习,ˈpoʊloʊ,释义待核实，不计入核心练习,
7224,valium,P8+扩展,W71 起,释义待核实，不进入核心练习,ˈveɪliəm,释义待核实，不计入核心练习,
7225,copying,P8+扩展,W71 起,释义待核实，不进入核心练习,ˈkɑpiɪŋ,释义待核实，不计入核心练习,
7226,rpg,P8+扩展,W71 起,释义待核实，不进入核心练习,,释义待核实，不计入核心练习,
7227,delivering,P8+扩展,W71 起,释义待核实，不进入核心练习,dɪˈlɪvɚɪŋ,释义待核实，不计入核心练习,
7228,cordless,P8+扩展,W71 起,释义待核实，不进入核心练习,ˈkɔrdləs,释义待核实，不计入核心练习,
7229,patricia,P8+扩展,W71 起,释义待核实，不进入核心练习,pəˈtrɪʃə,释义待核实，不计入核心练习,
7230,horn,P8+扩展,W71 起,,ˈhɔrn,n. 角；角质；号角；喇叭；角状物；v. （动物）用角抵撞（或顶撞）；对（丈夫或妻子）不忠诚；装角于,He beeped the horn.　他按响了喇叭。
7231,eddie,P8+扩展,W71 起,释义待核实，不进入核心练习,ˈɛdi,释义待核实，不计入核心练习,
7232,uganda,P8+扩展,W71 起,释义待核实，不进入核心练习,juˈɡændɑ,释义待核实，不计入核心练习,
7233,fired,P8+扩展,W71 起,释义待核实，不进入核心练习,ˈfaɪɚd,释义待核实，不计入核心练习,
7234,journalism,P8+扩展,W71 起,,ˈdʒɝnəˌlɪzəm,n. 新闻业，新闻工作；报刊杂志，新闻报道,What's the best way to get into journalism?　进入新闻界的最佳途径是什么？
7235,pd,P8+扩展,W71 起,释义待核实，不进入核心练习,,释义待核实，不计入核心练习,
7236,prot,P8+扩展,W71 起,释义待核实，不进入核心练习,,释义待核实，不计入核心练习,
7237,trivia,P8+扩展,W71 起,释义待核实，不进入核心练习,ˈtrɪviə,释义待核实，不计入核心练习,
7238,adidas,P8+扩展,W71 起,释义待核实，不进入核心练习,əˈdidəs,释义待核实，不计入核心练习,
7239,perth,P8+扩展,W71 起,释义待核实，不进入核心练习,ˈpɝθ,释义待核实，不计入核心练习,
7240,frog,P8+扩展,W71 起,,ˈfrɑɡ,n. 蛙，青蛙；法国佬（对法国人的蔑称）（Frog）；（外套的纺锤状）装饰盘花纽扣（或装饰缏）；蹄楔；（铁路线上的）开槽铁盘或钢盘；尤指支撑（或系紧）某物的东西；（腰带上挂剑、刺刀或类似武器的）搭环；花插（插花用的底座）；（弦乐器的）弓根，马尾箱；（平面上的）隆起部分，肿块；v. 捕蛙；【名】 （Frog）（俄）弗罗格（人名）,The frog puffed itself up.　这只青蛙胀得鼓鼓的。
7241,grammar,P8+扩展,W71 起,,ˈɡræmɚ,n. 语法，文法；（人的）语言知识及运用能力；语法书；语法理论，语法学；（某门类知识和技能的）基本原理；<英，非正式>中学；（计算机）文法,He elucidated a point of grammar.　他解释了一个语法要点。
7242,intention,P8+扩展,W71 起,,ˌɪnˈtɛntʃən,n. 意图，目的，打算；愈合；意念,The bank announced its intention to bid.　银行宣布了其投标意向。
7243,syria,P8+扩展,W71 起,释义待核实，不进入核心练习,ˈsɪriə,释义待核实，不计入核心练习,
7244,disagree,P8+扩展,W71 起,,dɪsəˈɡri,v. 有分歧，意见不合；不一致；不适宜，使……不舒服,Even friends disagree sometimes.　即便是朋友有时也有分歧。
7245,klein,P8+扩展,W71 起,释义待核实，不进入核心练习,ˈklaɪn,释义待核实，不计入核心练习,
7246,harvey,P8+扩展,W71 起,释义待核实，不进入核心练习,ˈhɑrvi,释义待核实，不计入核心练习,
7247,tires,P8+扩展,W71 起,释义待核实，不进入核心练习,ˈtaɪɚz,释义待核实，不计入核心练习,
7248,logs,P8+扩展,W71 起,释义待核实，不进入核心练习,ˈlɔɡz,释义待核实，不计入核心练习,
7249,undertaken,P8+扩展,W71 起,释义待核实，不进入核心练习,ˈʌndɚˌteɪkən,释义待核实，不计入核心练习,
7250,tgp,P8+扩展,W71 起,释义待核实，不进入核心练习,,释义待核实，不计入核心练习,
7251,hazard,P8+扩展,W71 起,,ˈhæzɚd,n. 危险，危害；（不可避免的）风险；（高尔夫球道）障碍物（如池塘或沙地）；<文>机会，机遇；双骰子游戏；（网球）可得分区域；（台球）使球触他球后落入袋中的一击；v. 冒失地提出，冒险猜测；使遭危险，使处于危险；【名】 （Hazard）哈泽德（人名）,A new report suggests that chewing gum may be a health hazard.　一份新的报告指出，嚼口香糖可能给健康带来危害。
7252,retro,P8+扩展,W71 起,释义待核实，不进入核心练习,ˈrɛtroʊ,释义待核实，不计入核心练习,
7253,leo,P8+扩展,W71 起,释义待核实，不进入核心练习,ˈlioʊ,释义待核实，不计入核心练习,
7254,livesex,P8+扩展,W71 起,释义待核实，不进入核心练习,,释义待核实，不计入核心练习,
7255,statewide,P8+扩展,W71 起,释义待核实，不进入核心练习,ˈsteɪˌtwaɪd,释义待核实，不计入核心练习,
7256,semiconductor,P8+扩展,W71 起,,ˌsɛmikənˈdʌktɚ,n. 半导体；半导体装置,In semiconductor receivers transistors take the place of vacuum tubes.　在半导体收音机中晶体管代替了真空管。
7257,gregory,P8+扩展,W71 起,释义待核实，不进入核心练习,ˈɡrɛɡɚi,释义待核实，不计入核心练习,
7258,episodes,P8+扩展,W71 起,释义待核实，不进入核心练习,ˈɛpəˌsoʊdz,释义待核实，不计入核心练习,
7259,boolean,P8+扩展,W71 起,释义待核实，不进入核心练习,buˈliən,释义待核实，不计入核心练习,
7260,circular,P8+扩展,W71 起,,ˈsɝkjəlɚ,adj. 圆形的，环形的；循环的，绕圈的；循环论证的；传阅的；n. （同时送达多人的）印刷品，宣传单,Loving a child is a circular business.　爱一个孩子是一个循环。
7261,anger,P8+扩展,W71 起,,ˈæŋɡɚ,n. 愤怒，怒火；v. 使生气，激怒；【名】 （Anger）（法）安热，（德、捷、瑞典）安格尔，（罗）安杰尔（人名）,Anger flickered in his eyes.　他眼中闪现出一股怒火。
7262,diy,P8+扩展,W71 起,释义待核实，不进入核心练习,,释义待核实，不计入核心练习,
7263,mainland,P8+扩展,W71 起,,ˈmeɪnˌlænd,n. 大陆，本土；【名】 （Mainland）（英）梅因兰（人名）,Similar trends are observable in mainland Europe.　类似的趋势在欧洲大陆也能见到。
7264,illustrations,P8+扩展,W71 起,释义待核实，不进入核心练习,ˌɪləˈstreɪʃənz,释义待核实，不计入核心练习,
7265,suits,P8+扩展,W71 起,释义待核实，不进入核心练习,ˈsuts,释义待核实，不计入核心练习,
7266,chances,P8+扩展,W71 起,释义待核实，不进入核心练习,ˈtʃænsəz,释义待核实，不计入核心练习,
7267,interact,P8+扩展,W71 起,,ˌɪntɚˈækt,v. 相互交流，互动；相互作用，相互影响,You have to understand how cells interact.　你必须得了解细胞之间是如何相互作用的。
7268,snap,P8+扩展,W71 起,,ˈsnæp,v. （使咔嚓）断裂，绷断；（使啪地）打开，关上，移动；厉声说，怒气冲冲地说；突然失控，精神崩溃；（狗等动物）突然咬；拍照，摄影；<美>使……终结；噼啪地响；打响指；<美>快速后传（球）；用子母扣扣；n. 喀嚓声，啪嗒声；快照，照片；<美>摁扣，搭扣；呼“同”牌游戏；<美，非正式>容易的事；某种短时期的天气；迅速的动作；（裆下后传）发球；（风格或动作）充满活力；不耐烦的语调（或样子）；<北英格兰>食物；薄脆饼干；突然折断；adj. 突然的，仓促的,They held a snap election.　他们临时举行了选举。
7269,happiness,P8+扩展,W71 起,,ˈhæpinəs,n. 快乐，幸福,Money can't buy you happiness.　金钱不能为你买到幸福。
7270,arg,P8+扩展,W71 起,释义待核实，不进入核心练习,,释义待核实，不计入核心练习,
7271,substantially,P8+扩展,W71 起,,səbˈstænʃəli,adv. 大量地，可观地；大体上，基本上；很坚固地,The costs have increased substantially.　成本大大提高了。
7272,bizarre,P8+扩展,W71 起,,bəˈzɑr,adj. 奇异的，古怪的,That seems so bizarre.　看起来好奇怪。
7273,glenn,P8+扩展,W71 起,释义待核实，不进入核心练习,ˈɡlɛn,释义待核实，不计入核心练习,
7274,ur,P8+扩展,W71 起,释义待核实，不进入核心练习,ˈɝ,释义待核实，不计入核心练习,
7275,auckland,P8+扩展,W71 起,释义待核实，不进入核心练习,ˈɑklənd,释义待核实，不计入核心练习,
7276,olympics,P8+扩展,W71 起,释义待核实，不进入核心练习,oʊˈlɪmpɪks,释义待核实，不计入核心练习,
7277,fruits,P8+扩展,W71 起,释义待核实，不进入核心练习,ˈfruts,释义待核实，不计入核心练习,
7278,identifier,P8+扩展,W71 起,释义待核实，不进入核心练习,aɪˈdɛntəˌfaɪɚ,释义待核实，不计入核心练习,
7279,geo,P8+扩展,W71 起,释义待核实，不进入核心练习,ˈdʒioʊ,释义待核实，不计入核心练习,
7280,worldsex,P8+扩展,W71 起,释义待核实，不进入核心练习,,释义待核实，不计入核心练习,
7281,ribbon,P8+扩展,W71 起,,ˈrɪbən,n. 丝带，绸带；（表示军功的）绶带，勋带；（作为比赛奖品的）绶带；（表明支持某一组织、原则或目标而配带的）饰带；带状物，狭长的东西；（打字机用的）色带；碎片（ribbons）；奖品，荣誉；v. 成带状延伸（或运动）；把…撕成条带；用缎带装饰,The road was a ribbon of moonlight.　这条路在月光下如同一条缎带。
7282,calculations,P8+扩展,W71 起,释义待核实，不进入核心练习,ˌkælkjəˈleɪʃənz,释义待核实，不计入核心练习,
7283,doe,P8+扩展,W71 起,释义待核实，不进入核心练习,ˈdoʊ,释义待核实，不计入核心练习,
7284,jpeg,P8+扩展,W71 起,释义待核实，不进入核心练习,,释义待核实，不计入核心练习,
7285,conducting,P8+扩展,W71 起,释义待核实，不进入核心练习,kənˈdʌktɪŋ,释义待核实，不计入核心练习,
7286,startup,P8+扩展,W71 起,释义待核实，不进入核心练习,ˈstɑrˌtʌp,释义待核实，不计入核心练习,
7287,suzuki,P8+扩展,W71 起,释义待核实，不进入核心练习,səˈzuki,释义待核实，不计入核心练习,
7288,trinidad,P8+扩展,W71 起,释义待核实，不进入核心练习,ˈtrɪnɪˌdæd,释义待核实，不计入核心练习,
7289,ati,P8+扩展,W71 起,释义待核实，不进入核心练习,ˌeɪˌtiˈaɪ,释义待核实，不计入核心练习,
7290,kissing,P8+扩展,W71 起,释义待核实，不进入核心练习,ˈkɪsɪŋ,释义待核实，不计入核心练习,
7291,wal,P8+扩展,W71 起,释义待核实，不进入核心练习,ˈwɔl,释义待核实，不计入核心练习,
7292,handy,P8+扩展,W71 起,,ˈhændi,adj. 有用的，方便的，便于使用的；手巧的，有手艺的；手边的，附近的；【名】 （Handy）（美、印、加）汉迪（人名）,Don't throw that away—it might come in handy.　别把它扔了—它或许有用。
7293,swap,P8+扩展,W71 起,,ˈswɑp,v. 交换，交易； 用……替换，把……换成；交换（工作或岗位）； 交流（各自的经历、想法等）；停下（手头的事）改做；n. 交易，交换；交易物，交换物；交换工作；（财政）换期，互惠信贷,I'll swap these two bottles for that one.　我要拿这两瓶换那一瓶。
7294,exempt,P8+扩展,W71 起,,ɪɡˈzɛmpt,adj. 被免除……的，获豁免的；v. 免除，豁免；n. 被免除（义务或责任）的人（尤指被免税者）,The interest on the money is exempt from tax.　这笔钱的利息免税。
7295,crops,P8+扩展,W71 起,释义待核实，不进入核心练习,ˈkrɑps,释义待核实，不计入核心练习,
7296,reduces,P8+扩展,W71 起,释义待核实，不进入核心练习,rəˈdusəz,释义待核实，不计入核心练习,
7297,accomplished,P8+扩展,W71 起,释义待核实，不进入核心练习,əˈkɑmplɪʃt,释义待核实，不计入核心练习,
7298,calculators,P8+扩展,W71 起,释义待核实，不进入核心练习,ˈkælkjəˌleɪtɚz,释义待核实，不计入核心练习,
7299,geometry,P8+扩展,W71 起,,dʒiˈɑmətri,n. 几何，几何学；几何形状，几何构造；几何体系,The doctor doesn't know how to teach me geometry.　这个教授不知道如何教我几何学。
7300,impression,P8+扩展,W71 起,,ˌɪmˈprɛʃən,n. 印象，感想；影响，作用；印象画；（对名人的）滑稽模仿；（通常有悖事实的）感觉，假象；压印，印记；印次；（网络广告）印象数,My first impression of him was favourable.　他给我的第一印象不错。
7301,abs,P8+扩展,W71 起,释义待核实，不进入核心练习,ˌeɪˌbiˈɛs,释义待核实，不计入核心练习,
7302,slovakia,P8+扩展,W71 起,释义待核实，不进入核心练习,ˌsloʊˈvɑˌkiə,释义待核实，不计入核心练习,
7303,flip,P8+扩展,W71 起,,ˈflɪp,v. （使）快速翻转，迅速翻动；快速翻阅，浏览；<非正式>勃然大怒，心烦意乱；（快速地）调频道，换台；轻抛，轻掷；按（开关）；（话题、活动或意见）突然改变，突然转换；改变，交换（位置）；突然变得热情，突然极感兴趣；为盈利而从速转卖（股份，财产）；adj. 轻率的，无礼的；n. 轻抛，轻掷，轻击；空翻；浏览，草草翻阅；<英，非正式>短暂旅行（或游览）；蛋奶酒,Her heart did a flip.　她心里咯噔了一下子。
7304,guild,P8+扩展,W71 起,释义待核实，不进入核心练习,ˈɡɪld,释义待核实，不计入核心练习,
7305,correlation,P8+扩展,W71 起,,ˌkɔrəˈleɪʃən,n. 相互关系，关联；相关量,"Correlation, after all, does not prove causation.　毕竟，相关性并不能证明因果关系。"
7306,gorgeous,P8+扩展,W71 起,,ˈɡɔrdʒəs,adj. 美丽动人的；令人愉快的；绚丽的，华丽的,You look gorgeous !　你真漂亮！
7307,capitol,P8+扩展,W71 起,释义待核实，不进入核心练习,ˈkæpɪtəl,释义待核实，不计入核心练习,
7308,sim,P8+扩展,W71 起,释义待核实，不进入核心练习,ˈsɪm,释义待核实，不计入核心练习,
7309,dishes,P8+扩展,W71 起,释义待核实，不进入核心练习,ˈdɪʃəz,释义待核实，不计入核心练习,
7310,rna,P8+扩展,W71 起,释义待核实，不进入核心练习,ˌɑˌrɛˈneɪ,释义待核实，不计入核心练习,
7311,barbados,P8+扩展,W71 起,释义待核实，不进入核心练习,bɑrˈbeɪdoʊs,释义待核实，不计入核心练习,
7312,chrysler,P8+扩展,W71 起,释义待核实，不进入核心练习,ˈkraɪslɚ,释义待核实，不计入核心练习,
7313,nervous,P8+扩展,W71 起,,ˈnɝvəs,adj. 神经紧张的，担忧的；神经质的，神经过敏的；神经的，神经系统的；（疾病）由精神紧张引起的，由精神压力造成的；易激动的，易兴奋的；强健有力的,He's not the nervous type.　他不是那种好紧张的人。
7314,refuse,P8+扩展,W71 起,,rəfˈjuz,v. 拒绝，回绝（做某事）；不接受，拒绝（别人给的东西）；拒绝给（所需之物）；<非正式>（物体）未应要求起作用；<旧> 不接受（某人的）求婚；（马）拒绝（跨栏或其他障碍物）；n. 垃圾，废弃物；adj. 废弃的,"I could hardly refuse, could I?　我很难拒绝，是不是？"
7315,extends,P8+扩展,W71 起,释义待核实，不进入核心练习,ɪkˈstɛndz,释义待核实，不计入核心练习,
7316,fragrance,P8+扩展,W71 起,,ˈfreɪɡrəns,n. 芳香，香气；香水,The advertisement is for a men's fragrance.　这则广告介绍一款男士香水。
7317,mcdonald,P8+扩展,W71 起,释义待核实，不进入核心练习,məkˈdɑnəld,释义待核实，不计入核心练习,
7318,replica,P8+扩展,W71 起,释义待核实，不进入核心练习,ˈrɛplɪkə,释义待核实，不计入核心练习,
7319,plumbing,P8+扩展,W71 起,,ˈplʌmɪŋ,n. （建筑物的）管路系统，管道设备；管道工程，管子工的工作；<非正式>体内“管道”，排泄系统,They had ensured the plumbing was overhauled a year ago.　他们确保管道设备一年前已被彻底检修过。
7320,brussels,P8+扩展,W71 起,释义待核实，不进入核心练习,ˈbrʌsəlz,释义待核实，不计入核心练习,
7321,tribe,P8+扩展,W71 起,,ˈtraɪb,n. 部落，宗族；一大群人，一大伙人；大家庭；<非正式>许多人；（动物或植物的）群，族；（古罗马）行政部门；<贬>组织严密的社会（或政治）群体；【名】 （Tribe）（英）特赖布（人名）,The valley is inhabited by the Dani tribe.　这个山谷里居住着丹尼部落。
7322,neighbors,P8+扩展,W71 起,释义待核实，不进入核心练习,ˈneɪbɚz,释义待核实，不计入核心练习,
7323,trades,P8+扩展,W71 起,释义待核实，不进入核心练习,ˈtreɪdz,释义待核实，不计入核心练习,
7324,superb,P8+扩展,W71 起,,sʊˈpɝb,adj. 极佳的，质量极高的；（信心、控制力、技巧）非同一般的，超凡的；壮丽的，辉煌的；羽毛鲜艳夺目的；【名】 （Superb）苏佩尔布（人名）,They dished up a superb meal.　他们上了一桌很棒的饭菜。
7325,buzz,P8+扩展,W71 起,,ˈbʌz,v. 发嗡嗡声，发蜂鸣声；匆忙走动；充满嘈杂声；充满想法；繁忙，充满活力；<非正式>给（某人）打电话；<非正式>（飞机）低空飞过；（用蜂鸣器）呼叫；n. 嗡嗡声，蜂鸣声；叽叽喳喳声，嘈杂声；<非正式>兴奋，快乐；热闹有趣的气氛，时尚氛围；<非正式>电话；<非正式>流言，传闻；adj. （词语、想法或活动）时髦的,Flying gives me a real buzz.　飞行真让我兴奋。
7326,transparent,P8+扩展,W71 起,,trænˈspɛrənt,adj. 透明的，清澈的；（过程、活动或组织）透明的，公开的；明显的，一目了然的；（谎言或借口）易识破的；（思想、情感、动机）易被人所知的；（计算机）（过程、界面）透明的；（物理）可穿透的，（热、电磁波）可通过的,All of these are transparent to the user.　所有这些对用户而言都是透明的。
7327,nuke,P8+扩展,W71 起,释义待核实，不进入核心练习,ˈnuk,释义待核实，不计入核心练习,
7328,rid,P8+扩展,W71 起,,ˈrɪd,v. 使……去掉，使……去除；摆脱，消除；adj. 得到解脱的；【名】 （Rid）（俄、德、英、美）里德（人名）,I can't get rid of this headache.　我这头疼老也不好。
7329,trinity,P8+扩展,W71 起,释义待核实，不进入核心练习,ˈtrɪnəti,释义待核实，不计入核心练习,
7330,charleston,P8+扩展,W71 起,释义待核实，不进入核心练习,ˈtʃɑrlstən,释义待核实，不计入核心练习,
7331,handled,P8+扩展,W71 起,释义待核实，不进入核心练习,ˈhændəld,释义待核实，不计入核心练习,
7332,legends,P8+扩展,W71 起,释义待核实，不进入核心练习,ˈlɛdʒəndz,释义待核实，不计入核心练习,
7333,boom,P8+扩展,W71 起,,ˈbum,n. 繁荣；流行，风靡；隆隆声；吊杆；帆桁；水栅；v. 迅速发展，繁荣；轰鸣，轰响；用低沉的声音说；【名】 （Boom）（英、美、荷、俄、比、德）博姆（人名）,He made a small fortune in the property boom.　他在房地产繁荣期发了一小笔财。
7334,calm,P8+扩展,W71 起,,ˈkɑm,adj. 镇静的，沉着的；平静的，稳定的；风平浪静的；n. （精神或情感状态的）镇静，平和；宁静，安静；v. 使平静，使镇静；冷静下来，镇静下来；恢复平静，恢复正常,Calm descended on the crowd.　人群平静下来。
7335,champions,P8+扩展,W71 起,释义待核实，不进入核心练习,ˈtʃæmpiənz,释义待核实，不计入核心练习,
7336,floors,P8+扩展,W71 起,释义待核实，不进入核心练习,ˈflɔrz,释义待核实，不计入核心练习,
7337,selections,P8+扩展,W71 起,释义待核实，不进入核心练习,səˈlɛkʃənz,释义待核实，不计入核心练习,
7338,projectors,P8+扩展,W71 起,释义待核实，不进入核心练习,prəˈdʒɛktɚz,释义待核实，不计入核心练习,
7339,inappropriate,P8+扩展,W71 起,,ˌɪnəˈproʊpriɪt,adj. 不恰当的，不合适的,It is inappropriate simply to throw money at these problems.　只是用钱去处理这些问题是不适当的。
7340,exhaust,P8+扩展,W71 起,,ɪɡˈzɔst,v. 使精疲力尽；耗尽；详尽讨论；排放，排出（气体，蒸汽）；n. 废气；排气管，排气装置,My car needs a new exhaust.　我的汽车需要一个新排气管。
7341,comparing,P8+扩展,W71 起,释义待核实，不进入核心练习,kəmˈpɛrɪŋ,释义待核实，不计入核心练习,
7342,shanghai,P8+扩展,W71 起,释义待核实，不进入核心练习,ˌʃæŋˈhaɪ,释义待核实，不计入核心练习,
7343,speaks,P8+扩展,W71 起,释义待核实，不进入核心练习,ˈspiks,释义待核实，不计入核心练习,
7344,burton,P8+扩展,W71 起,释义待核实，不进入核心练习,ˈbɝtən,释义待核实，不计入核心练习,
7345,vocational,P8+扩展,W71 起,,voʊˈkeɪʃənəl,adj. 职业的，职业技术的，业务知识的,He ought to get good vocational training.　他应该接受良好的职业培训。
7346,davidson,P8+扩展,W71 起,释义待核实，不进入核心练习,ˈdeɪvɪdsən,释义待核实，不计入核心练习,
7347,copied,P8+扩展,W71 起,释义待核实，不进入核心练习,ˈkɑpid,释义待核实，不计入核心练习,
7348,scotia,P8+扩展,W71 起,释义待核实，不进入核心练习,ˈskoʊʃə,释义待核实，不计入核心练习,
7349,farming,P8+扩展,W71 起,,ˈfɑrmɪŋ,n. 农业，农场经营；v. 耕种，养殖；（收取一定费用）将（税收）包出；承包，外包（farm 的现在分词形式）,His father started him off farming.　他父亲指点他做农活儿。
7350,gibson,P8+扩展,W71 起,释义待核实，不进入核心练习,ˈɡɪbsən,释义待核实，不计入核心练习,
7351,pharmacies,P8+扩展,W71 起,释义待核实，不进入核心练习,ˈfɑrməsiz,释义待核实，不计入核心练习,
7352,fork,P8+扩展,W71 起,,ˈfɔrk,n. 餐叉，叉子；耙，叉；岔路，支流；叉状部件，叉状物；（棋）一捉两，一捉多；v. （道路、河流等）分岔，岔开；（用餐叉）叉起；耙地，叉掘；（不情愿地）大把花钱，付出；走岔路中的一条；用一个棋子同时进攻（两个棋子）；【名】 （Fork）（英、德）福克（人名）,She stabbed the air with her fork.　她用叉子在空中比画。
7353,troy,P8+扩展,W71 起,释义待核实，不进入核心练习,ˈtrɔɪ,释义待核实，不计入核心练习,
7354,ln,P8+扩展,W71 起,释义待核实，不进入核心练习,ˈleɪn,释义待核实，不计入核心练习,
7355,roller,P8+扩展,W71 起,,ˈroʊlɚ,n. 滚筒，轧辊；卷发筒，发卷；（用于移动无轮重物的）滚棒，滚柱；碾轧机，压路机；卷浪，巨浪；涂料辊；绷带卷（=roller bandage）；（卷帘、地图等的）卷轴；滚地球；<英，非正式>劳斯莱斯汽车；佛法僧（一种飞行时打滚的鸟）；翻头鸽；金丝雀，白玉鸟；adj. （与）四轮溜冰鞋（有关）的；【名】 （Roller）（英、德、俄、匈、罗、捷、瑞典）罗勒，（法）罗莱（人名）,A boy of about ten came up on roller skates.　一个大约十岁的男孩穿着双排四轮旱冰鞋滑了过来。
7356,introducing,P8+扩展,W71 起,释义待核实，不进入核心练习,ˌɪntrəˈdusɪŋ,释义待核实，不计入核心练习,
7357,batch,P8+扩展,W71 起,,ˈbætʃ,n. 一批，一批生产量；v. 分批处理；【名】 （Batch）（英）巴奇（人名）,I baked a batch of cookies.　我烤了一批小甜饼。
7358,organize,P8+扩展,W71 起,,ˈɔrɡəˌnaɪz,v. 组织，筹备；设法提供；（按某一体系）整理，安排；规划，照料；聚集，召集；（为特定人群）建立组织；<古>形成有机体,They organize parties for singles.　他们为单身者组织聚会。
7359,appreciated,P8+扩展,W71 起,释义待核实，不进入核心练习,əˈpriʃiˌeɪtɪd,释义待核实，不计入核心练习,
7360,alter,P8+扩展,W71 起,,ˈɔltɚ,v. 改变，改动；（使）变化；改（服装）；改建（某建筑）；<美>阉割；【名】 （Alter）（美、德、俄、以色列）阿尔特（人名）,It doesn't alter the way I feel.　这并没有改变我的感受。
7361,nicole,P8+扩展,W71 起,释义待核实，不进入核心练习,nɪˈkoʊl,释义待核实，不计入核心练习,
7362,latino,P8+扩展,W71 起,释义待核实，不进入核心练习,lɑˈtinoʊ,释义待核实，不计入核心练习,
7363,ghana,P8+扩展,W71 起,释义待核实，不进入核心练习,ˈɡænə,释义待核实，不计入核心练习,
7364,edges,P8+扩展,W71 起,释义待核实，不进入核心练习,ˈɛdʒəz,释义待核实，不计入核心练习,
7365,uc,P8+扩展,W71 起,释义待核实，不进入核心练习,,释义待核实，不计入核心练习,
7366,mixing,P8+扩展,W71 起,释义待核实，不进入核心练习,ˈmɪksɪŋ,释义待核实，不计入核心练习,
7367,handles,P8+扩展,W71 起,释义待核实，不进入核心练习,ˈhændəlz,释义待核实，不计入核心练习,
7368,skilled,P8+扩展,W71 起,,ˈskɪld,adj. 熟练的，有技能的；技术性的，需要熟练技术的,They are skilled debaters.　他们是娴熟的辩论家。
7369,fitted,P8+扩展,W71 起,释义待核实，不进入核心练习,ˈfɪtəd,释义待核实，不计入核心练习,
7370,albuquerque,P8+扩展,W71 起,释义待核实，不进入核心练习,ˈælbəkɚki,释义待核实，不计入核心练习,
7371,harmony,P8+扩展,W71 起,,ˈhɑrməni,n. 和声，和弦；融洽，和睦；和谐，协调；（内心的）平静；四福音书的对照统一文本，（内容相似文本的）统一对照本；【名】 （Harmony）（英）哈莫尼（人名）,"Was it on the train ""Harmony"" that John met with his girlfriend?　约翰是在“和谐号”列车上遇到他的女朋友的吗？"
7372,distinguished,P8+扩展,W71 起,释义待核实，不进入核心练习,dɪˈstɪŋɡwɪʃt,释义待核实，不计入核心练习,
7373,asthma,P8+扩展,W71 起,,ˈæzmə,n. 哮喘，气喘,He suffers from asthma.　他患有哮喘。
7374,projected,P8+扩展,W71 起,释义待核实，不进入核心练习,prəˈdʒɛktəd,释义待核实，不计入核心练习,
7375,assumptions,P8+扩展,W71 起,释义待核实，不进入核心练习,əˈsʌmpʃənz,释义待核实，不计入核心练习,
7376,shareholders,P8+扩展,W71 起,释义待核实，不进入核心练习,ˈʃɛrˌhoʊldɚz,释义待核实，不计入核心练习,
7377,twins,P8+扩展,W71 起,释义待核实，不进入核心练习,ˈtwɪnz,释义待核实，不计入核心练习,
7378,developmental,P8+扩展,W71 起,,dɪˌvɛləpˈmɛntəl,adj. 发展的，生长的；促使成长的，起改进作用的,The findings were published in the journal Developmental Science.　研究结果发表在《发育科学》杂志上。
7379,rip,P8+扩展,W71 起,,ˈrɪp,v. （使）撕裂，（使）划破；迅速扯开，猛力去除；（迅速）贯穿，穿过；划出（孔洞），击穿；抢掠，剥夺；严厉批评，训斥；利用程序将（光盘上的音序）复制到硬盘驱动器上；n. 裂口，裂缝；撕，撕破；<美，非正式>欺诈，剽窃；（在电脑上制作的光碟）复制本；（由海、河中不同水流相遇造成的）裂流（激浪）水域，离岸流；<非正式，旧>生活放荡的人（尤指男人），浪子；<非正式，旧>调皮的人，淘气鬼（尤指小孩）；<非正式，旧>劣马，无用的马；【名】 （Rip）（塞）里普（人名）,I heard the tent rip.　我听到了帐篷撕裂的声音。
7380,zope,P8+扩展,W71 起,释义待核实，不进入核心练习,,释义待核实，不计入核心练习,
7381,regulated,P8+扩展,W71 起,释义待核实，不进入核心练习,ˈrɛɡjəˌleɪtɪd,释义待核实，不计入核心练习,
7382,triangle,P8+扩展,W71 起,,ˈtraɪˌæŋɡəl,n. 三角形；三角形物体；三角铁（打击乐器）；<美>三角板，三角尺；三角关系；（摆放斯诺克和落袋台球撞球位置的）三角框；小型欧亚紫刺蛾；<史>（系缚士兵以鞭打的）三戟刑具,The red triangle denotes danger.　红色三角形表示危险。
7383,amend,P8+扩展,W71 起,,əˈmɛnd,v. 修改，修订；纠正，改正；改善（土壤）的结构（或肥力）；<古>修复；改过自新；【名】 （Amend）（英、德）阿门德（人名）,"Actually, I need to amend this.　实际上，我需要稍做修改。"
7384,anticipated,P8+扩展,W71 起,释义待核实，不进入核心练习,ænˈtɪsəˌpeɪtɪd,释义待核实，不计入核心练习,
7385,oriental,P8+扩展,W71 起,,ˌɔriˈɛntəl,adj. 东方（尤指中国和日本）的，东方人的；（动物学）（与）东方界（有关）的（Oriental）；（珍珠或其他珠宝）有光泽的；n. <旧>东方人（=Oriental）,There were Oriental carpets on the floors.　地板上铺着东方的地毯。
7386,reward,P8+扩展,W71 起,,rɪˈwɔrd,n. 奖励，回报；赏格，悬赏金；报偿，报应；v. 酬谢，奖赏；奖励（行动，品质）；（理所当然地）获得，赢得（be rewarded）；值得（付出时间或精力）,You deserve a reward for being so helpful.　你帮了这么大的忙，理应受到奖励。
7387,windsor,P8+扩展,W71 起,释义待核实，不进入核心练习,ˈwɪnzɚ,释义待核实，不计入核心练习,
7388,zambia,P8+扩展,W71 起,释义待核实，不进入核心练习,ˈzæmbiə,释义待核实，不计入核心练习,
7389,completing,P8+扩展,W71 起,释义待核实，不进入核心练习,kəmˈplitɪŋ,释义待核实，不计入核心练习,
7390,gmbh,P8+扩展,W71 起,释义待核实，不进入核心练习,ɡəm,释义待核实，不计入核心练习,
7391,buf,P8+扩展,W71 起,释义待核实，不进入核心练习,,释义待核实，不计入核心练习,
7392,ld,P8+扩展,W71 起,释义待核实，不进入核心练习,,释义待核实，不计入核心练习,
7393,hydrogen,P8+扩展,W71 起,,ˈhaɪdrədʒən,n. 氢，氢气,Hydrogen and oxygen combine to form water.　氢与氧化合成水。
7394,webshots,P8+扩展,W71 起,释义待核实，不进入核心练习,,释义待核实，不计入核心练习,
7395,sprint,P8+扩展,W71 起,,ˈsprɪnt,v. 冲刺，短跑；n. 冲刺，快跑；短跑比赛，短距离速度竞赛；（速度、能量或活动的）突然爆发；【名】 （Sprint）（美、俄、英、巴、加）史鄱林特（人名）,She won in a sprint finish.　她在最后的冲刺中取得胜利。
7396,comparable,P8+扩展,W71 起,,ˈkɑmpɚəbəl,adj. 可比的，可比较的；类似的，同类的,"By contrast, the comparable figure for Canada is 16 percent.　对比之下，加拿大的可比数字是16%。"
7397,chick,P8+扩展,W71 起,释义待核实，不进入核心练习,ˈtʃɪk,释义待核实，不计入核心练习,
7398,advocate,P8+扩展,W71 起,,ˈædvəkət,v. 拥护，提倡；n. 拥护者，提倡者；辩护律师；（为某一类人）谋利益者；（一项事业或个组织的）工作者,He is a strident advocate of nuclear power.　他是发展核能的坚定拥护者。
7399,sims,P8+扩展,W71 起,释义待核实，不进入核心练习,ˈsɪmz,释义待核实，不计入核心练习,
7400,confusion,P8+扩展,W71 起,,kənfˈjuʒən,n. 困惑，不明确；混淆，混同；慌乱，窘迫；混乱局面，乱成一团,Mandy's predominant emotion was confusion.　曼迪的主导情绪是困惑。
7401,copyrighted,P8+扩展,W71 起,释义待核实，不进入核心练习,ˈkɑpiˌraɪtɪd,释义待核实，不计入核心练习,
7402,tray,P8+扩展,W71 起,,ˈtreɪ,n. 托盘，碟；文件盘，公文格；（各种用途的）浅盘子，浅塑料盒,She came in with a tray of drinks.　她端着一托盘饮料走进来。
7403,inputs,P8+扩展,W71 起,释义待核实，不进入核心练习,ˈɪnˌpʊts,释义待核实，不计入核心练习,
7404,warranties,P8+扩展,W71 起,释义待核实，不进入核心练习,ˈwɔrəntiz,释义待核实，不计入核心练习,
7405,genome,P8+扩展,W71 起,,ˈdʒiˌnoʊm,n. 基因组，染色体组,The human genome has now been sequenced.　人类基因组的序列现已测定。
7406,escorts,P8+扩展,W71 起,释义待核实，不进入核心练习,ˈɛskɔrts,释义待核实，不计入核心练习,
7407,documented,P8+扩展,W71 起,释义待核实，不进入核心练习,ˈdɑkjəˌmɛntəd,释义待核实，不计入核心练习,
7408,thong,P8+扩展,W71 起,释义待核实，不进入核心练习,ˈθɔŋ,释义待核实，不计入核心练习,
7409,medal,P8+扩展,W71 起,,ˈmɛdəl,n. 奖牌，勋章，纪念章；v. 赢得奖章；【名】 （Medal）（西、捷）梅达尔（人名）,She walked away with the gold medal.　她轻松地摘走了金牌。
7410,paperbacks,P8+扩展,W71 起,释义待核实，不进入核心练习,ˈpeɪpɚˌbæks,释义待核实，不计入核心练习,
7411,coaches,P8+扩展,W71 起,释义待核实，不进入核心练习,ˈkoʊtʃɪz,释义待核实，不计入核心练习,
7412,vessels,P8+扩展,W71 起,释义待核实，不进入核心练习,ˈvɛsəlz,释义待核实，不计入核心练习,
7413,harbour,P8+扩展,W71 起,,ˈhɑrbɚ,(harbor)海港；n. 港口；避难所，避风港；v. 窝藏，庇护；心怀（想法、感受等）；带有（某种疾病）的病菌；为……提供住所（或动物栖息地）,The harbour has now silted up.　港口现已淤塞。
7414,walks,P8+扩展,W71 起,释义待核实，不进入核心练习,ˈwɔks,释义待核实，不计入核心练习,
7415,sucks,P8+扩展,W71 起,释义待核实，不进入核心练习,ˈsʌks,释义待核实，不计入核心练习,
7416,sol,P8+扩展,W71 起,释义待核实，不进入核心练习,ˈsɑl,释义待核实，不计入核心练习,
7417,keyboards,P8+扩展,W71 起,释义待核实，不进入核心练习,ˈkiˌbɔrdz,释义待核实，不计入核心练习,
7418,sage,P8+扩展,W71 起,释义待核实，不进入核心练习,ˈseɪdʒ,释义待核实，不计入核心练习,
7419,knives,P8+扩展,W71 起,释义待核实，不进入核心练习,ˈnaɪvz,释义待核实，不计入核心练习,
7420,eco,P8+扩展,W71 起,释义待核实，不进入核心练习,ˈikoʊ,释义待核实，不计入核心练习,
7421,vulnerable,P8+扩展,W71 起,,ˈvʌlnɚəbəl,adj. （身体或精神）脆弱的，易受伤的；（事物、人或地方）易受攻击的，易受伤害的；易患病的；（桥牌）有局方的，有身价的,She was left feeling exposed and vulnerable.　她感到自己孤立无助，非常脆弱。
7422,arrange,P8+扩展,W71 起,,ɚˈeɪndʒ,v. 安排，筹备；整理，布置，排列；改编；商定,Can I arrange an appointment for Monday?　我可以安排星期一约见吗？
7423,artistic,P8+扩展,W71 起,,ɑrˈtɪstɪk,adj. 艺术的，艺术家的；有艺术鉴赏力的，有艺术天赋的；有艺术性的，精美的,She's the artistic type.　她是艺术家一类的人。
7424,bat,P8+扩展,W71 起,,ˈbæt,n. 球棒，球拍；蝙蝠；v. 用球板（棒）击球；挥打，击走；【名】 （Bat）（英、蒙）巴特（人名）,I bolted the door the instant I saw the bat.　我一看到那只蝙蝠就把门闩上了。
7425,honors,P8+扩展,W71 起,释义待核实，不进入核心练习,ˈɑnɚz,释义待核实，不计入核心练习,
7426,booth,P8+扩展,W71 起,,ˈbuθ,n. 电话亭，投票间；售货棚，摊位；岗亭；（隔开的）小间；【名】 （Booth）（英）布思，（德、瑞典）博特（人名）,He came barreling down the hill and smashed into a phone booth.　他沿山坡飞驰下来，撞在了一个电话亭上。
7427,indie,P8+扩展,W71 起,释义待核实，不进入核心练习,ˈɪndi,释义待核实，不计入核心练习,
7428,reflected,P8+扩展,W71 起,释义待核实，不进入核心练习,rɪˈflɛktɪd,释义待核实，不计入核心练习,
7429,unified,P8+扩展,W71 起,释义待核实，不进入核心练习,ˈjunəˌfaɪd,释义待核实，不计入核心练习,
7430,bones,P8+扩展,W71 起,释义待核实，不进入核心练习,ˈboʊnz,释义待核实，不计入核心练习,
7431,breed,P8+扩展,W71 起,,ˈbrid,v. 交配繁殖；饲养，培育；养育，培养；引起，酿成；（通过核反应）增殖可裂变物质；n. 品种；（人的）类型，种类；【名】 （Breed）（美）布里德（人名）,He used to breed dogs for the police.　他过去为警察部门养殖狗。
7432,detector,P8+扩展,W71 起,释义待核实，不进入核心练习,dɪˈtɛktɚ,释义待核实，不计入核心练习,
7433,ignored,P8+扩展,W71 起,释义待核实，不进入核心练习,ˌɪɡˈnɔrd,释义待核实，不计入核心练习,
7434,polar,P8+扩展,W71 起,,ˈpoʊlɚ,adj. 极地的，来自极地的；截然不同的；磁极的；（天体）极性的，极地的；（细胞，器官，身体部分）极的；（液体，尤指溶剂）由偶极矩分子组成的；（固体）离子的；（几何）（球体）轴极的；n. （几何）极线；极光双子星；【名】 （Polar）（德、西）波拉尔（人名）,Polar bears live in the Arctic.　北极熊生活在北极。
7435,fallen,P8+扩展,W71 起,释义待核实，不进入核心练习,ˈfɑlən,释义待核实，不计入核心练习,
7436,precise,P8+扩展,W71 起,,prɪˈsaɪs,adj. 精确的，准确的；恰好的，确切的；（人）严格的，一丝不苟的,She gave me clear and precise directions.　她给了我清晰而准确的指示。
7437,sussex,P8+扩展,W71 起,释义待核实，不进入核心练习,ˈsʌsɪks,释义待核实，不计入核心练习,
7438,respiratory,P8+扩展,W71 起,,ˈrɛspɚəˌtɔri,adj. <正式>呼吸的,Figure 4.1 shows the respiratory system.　图4.1所示的是呼吸系统。
7439,notifications,P8+扩展,W71 起,释义待核实，不进入核心练习,ˌnoʊtəfəˈkeɪʃənz,释义待核实，不计入核心练习,
7440,msgid,P8+扩展,W71 起,释义待核实，不进入核心练习,,释义待核实，不计入核心练习,
7441,transexual,P8+扩展,W71 起,释义待核实，不进入核心练习,,释义待核实，不计入核心练习,
7442,mainstream,P8+扩展,W71 起,,ˈmeɪnˌstrim,n. 主流；adj. 主流的；（学校，班级）为无特殊需求学生开设的，普通的；v. 使主流化，使成为主流；（把有特殊教育需求的孩子）编入普通班级,Some ethnic groups can't become acclimatized to the mainstream.　一些种族群体不能适应主流。
7443,invoice,P8+扩展,W71 起,,ˈɪnvɔɪs,n. 发票，账单；货物；v. 开发票给（某人）；（为提供的货物或服务）开清单，开发票,Prompt payment of the invoice would be appreciated.　见发票即付款，将不胜感激。
7444,evaluating,P8+扩展,W71 起,释义待核实，不进入核心练习,ɪˈvæljuˌeɪtɪŋ,释义待核实，不计入核心练习,
7445,lip,P8+扩展,W71 起,,ˈlɪp,n. 嘴唇；（伤口或洞口）边缘；容器边缘，开口；<非正式> 粗鲁无礼的话；v. （水）拍打；（高尔夫）击球至（洞穴）的边缘（而未落入）；用嘴唇触及，吻；（在吹奏管乐器时）运唇；adj. 口头上的,She bit her lip nervously.　她紧张地咬嘴唇。
7446,subcommittee,P8+扩展,W71 起,释义待核实，不进入核心练习,ˌsʌbkəˈmɪti,释义待核实，不计入核心练习,
7447,sap,P8+扩展,W71 起,释义待核实，不进入核心练习,ˈsæp,释义待核实，不计入核心练习,
7448,gather,P8+扩展,W71 起,,ˈɡæðɚ,vt.&vi. 聚集，召集；收集，采集；认为，推断；增加（速度、力量等）；给……打褶；收紧，拉近；【名】 （Gather）（德）加特（人名）,"You're self-employed, I gather.　我想你是个体经营吧。"
7449,suse,P8+扩展,W71 起,释义待核实，不进入核心练习,,释义待核实，不计入核心练习,
7450,maternity,P8+扩展,W71 起,释义待核实，不进入核心练习,məˈtɝnɪti,释义待核实，不计入核心练习,
7451,backed,P8+扩展,W71 起,释义待核实，不进入核心练习,ˈbækt,释义待核实，不计入核心练习,
7452,alfred,P8+扩展,W71 起,释义待核实，不进入核心练习,ˈælfrəd,释义待核实，不计入核心练习,
7453,colonial,P8+扩展,W71 起,,kəˈloʊniəl,adj. 殖民地的，殖民主义的；殖民地时期风格的；群体的；n. （尤指来自宗主国的）殖民地居民；殖民地时期式样的房屋,His guerrillas defeated the colonial army in 1954.　他的游击队在1954年打败了殖民军。
7454,mf,P8+扩展,W71 起,释义待核实，不进入核心练习,,释义待核实，不计入核心练习,
7455,carey,P8+扩展,W71 起,释义待核实，不进入核心练习,ˈkɛri,释义待核实，不计入核心练习,
7456,motels,P8+扩展,W71 起,释义待核实，不进入核心练习,moʊˈtɛlz,释义待核实，不计入核心练习,
7457,forming,P8+扩展,W71 起,释义待核实，不进入核心练习,ˈfɔrmɪŋ,释义待核实，不计入核心练习,
7458,embassy,P8+扩展,W71 起,,ˈɛmbəsi,n. 大使馆工作人员；大使馆；（外交）特别使团,Iran reopened its embassy in London.　伊朗重新开放了在伦敦的大使馆。
7459,cave,P8+扩展,W71 起,,ˈkeɪv,n. 洞穴，山洞；地窖；v. 洞穴探险；（在压力下）屈服，屈从；挖洞；塌落；int. <英，俚>当心！,The guide flashed a light into the cave.　导游用手电筒照射洞穴。
7460,journalists,P8+扩展,W71 起,释义待核实，不进入核心练习,ˈdʒɝnələsts,释义待核实，不计入核心练习,
7461,danny,P8+扩展,W71 起,释义待核实，不进入核心练习,ˈdæni,释义待核实，不计入核心练习,
7462,rebecca,P8+扩展,W71 起,释义待核实，不进入核心练习,rəˈbɛkə,释义待核实，不计入核心练习,
7463,slight,P8+扩展,W71 起,,ˈslaɪt,adj. 轻微的，少量的；（人）瘦小的，纤弱的；（尤指创作）不深奥的，不重要的；v. 怠慢，轻视；<古>破坏，摧毁（防御工事）；n. 冒犯，冷落,This is a very slight novel.　这是一部颇不足道的小说。
7464,proceeds,P8+扩展,W71 起,,prəˈsidz,n. 收入，收益；实收款项,The proceeds of the concert went to charity.　音乐会的收入给了慈善机构。
7465,indirect,P8+扩展,W71 起,,ˌɪndɚˈɛkt,adj. 间接的，非直接的；间接进行的，通过媒介（或中间人）进行的；（成本）间接的；（税赋）按商品（或服务）征收的，间接征收的；（路线）曲折的，迂回的；（照明）间接的，漫射（或反射）过来的；（说话）间接的，不直截了当的；（英足）间接任意球的；间接引语的,He took an indirect route back home.　他选择了一条迂回的路线回家。
7466,amongst,P8+扩展,W71 起,,əˈmʌŋst,prep. 在……当中；系……的一员，……之一；普遍存在于（某一群人）之中；某群人彼此之间；在……的一类中；在（某一群人）中（分配）；在……中（表现突出的）；彼此间；在……范围内（考虑、比较等）,I found the letter amongst his papers.　我在他的文件中找到这封信。
7467,wool,P8+扩展,W71 起,,ˈwʊl,n. 羊毛，动物毛；毛线，绒线；毛料，毛织物；金属（或矿）丝；【名】 （Wool）（英）伍尔（人名）,This scarf is 100% wool.　这条披肩是纯毛的。
7468,foundations,P8+扩展,W71 起,释义待核实，不进入核心练习,faʊnˈdeɪʃənz,释义待核实，不计入核心练习,
7469,msgstr,P8+扩展,W71 起,释义待核实，不进入核心练习,,释义待核实，不计入核心练习,
7470,arrest,P8+扩展,W71 起,,ɚˈɛst,v. 逮捕，拘留；阻止，抑制；吸引；心跳停止；n. 逮捕，拘留；停止，终止；【名】 （Arrest）（法）阿雷斯特（人名）,She was kept under close arrest.　她被严密监禁。
7471,volleyball,P8+扩展,W71 起,,ˈvɑliˌbɔl,n. 排球,She is playing volleyball.　她在打排球。
7472,mw,P8+扩展,W71 起,释义待核实，不进入核心练习,,释义待核实，不计入核心练习,
7473,adipex,P8+扩展,W71 起,释义待核实，不进入核心练习,,释义待核实，不计入核心练习,
7474,horizon,P8+扩展,W71 起,,hɚˈaɪzən,n. 地平线；眼界；地平圈；地层；层位,Smoke appeared on the horizon.　地平线上升起了烟雾。
7475,nu,P8+扩展,W71 起,释义待核实，不进入核心练习,ˈnu,释义待核实，不计入核心练习,
7476,deeply,P8+扩展,W71 起,,ˈdipli,adv. 很，非常；深刻地，深沉地；至深处,She breathed in deeply.　她深深地吸了气。
7477,toolbox,P8+扩展,W71 起,释义待核实，不进入核心练习,ˈtulˌbɔks,释义待核实，不计入核心练习,
7478,ict,P8+扩展,W71 起,释义待核实，不进入核心练习,,释义待核实，不计入核心练习,
7479,marina,P8+扩展,W71 起,释义待核实，不进入核心练习,mɚˈinə,释义待核实，不计入核心练习,
7480,liabilities,P8+扩展,W71 起,释义待核实，不进入核心练习,ˌlaɪəˈbɪlətiz,释义待核实，不计入核心练习,
7481,prizes,P8+扩展,W71 起,释义待核实，不进入核心练习,ˈpraɪzəz,释义待核实，不计入核心练习,
7482,bosnia,P8+扩展,W71 起,释义待核实，不进入核心练习,ˈbɑzniə,释义待核实，不计入核心练习,
7483,browsers,P8+扩展,W71 起,释义待核实，不进入核心练习,ˈbraʊzɚz,释义待核实，不计入核心练习,
7484,decreased,P8+扩展,W71 起,释义待核实，不进入核心练习,dɪˈkrist,释义待核实，不计入核心练习,
7485,patio,P8+扩展,W71 起,释义待核实，不进入核心练习,ˈpætiˌoʊ,释义待核实，不计入核心练习,
7486,dp,P8+扩展,W71 起,释义待核实，不进入核心练习,,释义待核实，不计入核心练习,
7487,tolerance,P8+扩展,W71 起,,ˈtɑlɚəns,n. 忍受，容忍；（痛苦、困难等的）忍受程度，忍耐力；耐药力，耐受性；公差，容许偏差,She had no tolerance for jokes of any kind.　她容不得开任何玩笑。
7488,surfing,P8+扩展,W71 起,释义待核实，不进入核心练习,ˈsɝfɪŋ,释义待核实，不计入核心练习,
7489,creativity,P8+扩展,W71 起,,ˌkrieɪˈtɪvəti,n. 创造力，独创性,Regulations on children stifled creativity.　对孩子们制定的各种规定压制了创造力。
7490,lloyd,P8+扩展,W71 起,释义待核实，不进入核心练习,ˈlɔɪd,释义待核实，不计入核心练习,
7491,describing,P8+扩展,W71 起,释义待核实，不进入核心练习,dɪˈskraɪbɪŋ,释义待核实，不计入核心练习,
7492,optics,P8+扩展,W71 起,,ˈɑptɪks,n. [光] 光学,Scientists studying optics and chromatics today still marvel at his findings.　今天研究光学和色彩学的科学家们仍对他的发现感到惊奇。
7493,pursue,P8+扩展,W71 起,,pɚˈsu,v. 追求，致力于，执行；继续探讨（或追究、从事）；追逐，跟踪，追赶；沿着……前行；追求（某人）；力劝（某人）接受聘用,She wishes to pursue a medical career.　她希望从事医学工作。
7494,lightning,P8+扩展,W71 起,,ˈlaɪtnɪŋ,n. 闪电；意外的幸运；adj. 闪电般的，很快的；v. 闪电,The tree was struck by lightning.　树遭到雷击。
7495,overcome,P8+扩展,W71 起,,ˈoʊvɚˌkʌm,v. 克服，解决；征服，战胜；使受不了，使无法行动（或思考）,They had to overcome formidable obstacles.　他们得克服重重障碍。
7496,eyed,P8+扩展,W71 起,释义待核实，不进入核心练习,ˈaɪd,释义待核实，不计入核心练习,
7497,ou,P8+扩展,W71 起,释义待核实，不进入核心练习,ˈu,释义待核实，不计入核心练习,
7498,quotations,P8+扩展,W71 起,释义待核实，不进入核心练习,kwoʊˈteɪʃənz,释义待核实，不计入核心练习,
7499,grab,P8+扩展,W71 起,,ˈɡræb,v. 攫取，抓住；（尤指匆忙地）取，吃，喝；霸占，强夺；利用，抓住（机会）；引人注意，吸引；n. 攫取，赚取；抓具，抓斗；抓取（或截获、采集）的图像,I managed to grab her hand.　我设法抓住了她的手。
7500,inspector,P8+扩展,W71 起,,ˌɪnˈspɛktɚ,n. 检查员，督察员；（警察）巡官；（英国公共汽车或火车上的）查票员,The document was duly signed by the inspector.　这份文件已由检查员签妥。
7501,attract,P8+扩展,W71 起,,əˈtrækt,v. 吸引；（物体间）产生引力；引起；有吸引力,She tried to attract the waiter's attention.　她试图引起服务员的注意。
7502,brighton,P8+扩展,W71 起,释义待核实，不进入核心练习,ˈbraɪtən,释义待核实，不计入核心练习,
7503,beans,P8+扩展,W71 起,释义待核实，不进入核心练习,ˈbinz,释义待核实，不计入核心练习,
7504,bookmarks,P8+扩展,W71 起,释义待核实，不进入核心练习,ˈbʊkmɑrks,释义待核实，不计入核心练习,
7505,ellis,P8+扩展,W71 起,释义待核实，不进入核心练习,ˈɛlɪs,释义待核实，不计入核心练习,
7506,disable,P8+扩展,W71 起,,dɪˈseɪbəl,v. 使丧失能力，使伤残；使无效，使不能运转；使无资格,They can disable communications satellites and shut down power systems.　它们能使通信卫星失效并关闭电力系统。
7507,snake,P8+扩展,W71 起,,ˈsneɪk,n. 蛇；阴险狡诈的人；管道疏通器；蛇形浮动汇率制（the snake）；v. 蛇行，蜿蜒前进；拉（重物）,The snake slowly uncoiled.　蛇慢慢地展开了盘着的身体。
7508,succeed,P8+扩展,W71 起,,səkˈsid,v. 成功，达成；（学业、事业或其他活动）表现出色，有作为；取得预期效果，表现良好；继任，接任；接替，随后出现；结果却是……；若一次不成功，要再接再厉,I'm determined to succeed.　我决心要获得成功。
7509,leonard,P8+扩展,W71 起,释义待核实，不进入核心练习,ˈlɛnɚd,释义待核实，不计入核心练习,
7510,lending,P8+扩展,W71 起,释义待核实，不进入核心练习,ˈlɛndɪŋ,释义待核实，不计入核心练习,
7511,oops,P8+扩展,W71 起,释义待核实，不进入核心练习,ˈups,释义待核实，不计入核心练习,
7512,reminder,P8+扩展,W71 起,,riˈmaɪndɚ,n. 提醒物，引起回忆的事物；（提醒做某事的）提示信，通知单,This has been a timely reminder to us all.　对我们大家来说这个提醒非常及时。
7513,nipple,P8+扩展,W71 起,释义待核实，不进入核心练习,ˈnɪpəl,释义待核实，不计入核心练习,
7514,xi,P8+扩展,W71 起,释义待核实，不进入核心练习,ˈʃi,释义待核实，不计入核心练习,
7515,searched,P8+扩展,W71 起,释义待核实，不进入核心练习,ˈsɝtʃt,释义待核实，不计入核心练习,
7516,behavioral,P8+扩展,W71 起,释义待核实，不进入核心练习,bɪˈheɪvjɚəl,释义待核实，不计入核心练习,
7517,riverside,P8+扩展,W71 起,释义待核实，不进入核心练习,ˈrɪvɚˌsaɪd,释义待核实，不计入核心练习,
7518,bathrooms,P8+扩展,W71 起,释义待核实，不进入核心练习,ˈbæˌθrumz,释义待核实，不计入核心练习,
7519,plains,P8+扩展,W71 起,释义待核实，不进入核心练习,ˈpleɪnz,释义待核实，不计入核心练习,
7520,sku,P8+扩展,W71 起,释义待核实，不进入核心练习,,释义待核实，不计入核心练习,
7521,ht,P8+扩展,W71 起,释义待核实，不进入核心练习,,释义待核实，不计入核心练习,
7522,raymond,P8+扩展,W71 起,释义待核实，不进入核心练习,ˈreɪmənd,释义待核实，不计入核心练习,
7523,insights,P8+扩展,W71 起,释义待核实，不进入核心练习,ˈɪnˌsaɪts,释义待核实，不计入核心练习,
7524,abilities,P8+扩展,W71 起,释义待核实，不进入核心练习,əˈbɪləˌtiz,释义待核实，不计入核心练习,
7525,initiated,P8+扩展,W71 起,释义待核实，不进入核心练习,ˌɪˈnɪʃiˌeɪtəd,释义待核实，不计入核心练习,
7526,sullivan,P8+扩展,W71 起,释义待核实，不进入核心练习,ˈsʌləvən,释义待核实，不计入核心练习,
7527,za,P8+扩展,W71 起,释义待核实，不进入核心练习,,释义待核实，不计入核心练习,
7528,midwest,P8+扩展,W71 起,释义待核实，不进入核心练习,ˌmɪˈdwɛst,释义待核实，不计入核心练习,
7529,karaoke,P8+扩展,W71 起,释义待核实，不进入核心练习,ˌkɛriˈoʊki,释义待核实，不计入核心练习,
7530,trap,P8+扩展,W71 起,,ˈtræp,n. （捕捉动物的）陷阱，网，夹子；圈套，诡计；伏击；牢笼，困境；<俚>嘴；（尤指旧时使用的）双轮轻便马车；（应该避免的）错误，问题；（赛狗开始时的）放狗隔栏；（高尔夫球场的）沙坑，凹地；容器，存贮装置；（水管）存水弯，U形管；抛靶器（将泥鸽等抛于空中以打靶）；<史>（射球戏用的）抛球器；v. 设陷阱（或夹子、捕捉器）捕捉；使陷入圈套，使中计；诱捕，抓捕；使无力改变，使受限制；把……困在，使陷于（尤指危险之地）；（尤指身体某部位等）被卡住；聚集（空气、气体或能量等）；（英足）停（球）；（棒球）抓住（从地上弹起的球）；n. <美>暗色岩,"A trap was laid, with fresh bait.　陷阱设置好，还投放了新诱饵。"
7531,lonely,P8+扩展,W71 起,,ˈloʊnli,adj. 孤单的，寂寞的；在孤单中度过的；偏僻的，人迹罕至的,She felt lonely and hopeless.　她感到孤独绝望。
7532,fool,P8+扩展,W71 起,,ˈful,n. 傻瓜，笨蛋；<美，非正式>（对某物）有癖好的人，……迷；（旧时宫廷里的）弄臣，小丑；<英>奶油果子泥； 傻瓜，笨蛋；v. 开玩笑，戏谑；愚弄，欺骗；瞎弄，瞎折腾（fool with）；adj. <美，非正式>愚蠢的，傻的；愚蠢的，傻的,Oh you fool! You've blown it!　傻瓜！你把它搞砸了！
7533,ve,P8+扩展,W71 起,释义待核实，不进入核心练习,ˈvi,释义待核实，不计入核心练习,
7534,nonprofit,P8+扩展,W71 起,释义待核实，不进入核心练习,nɑnˈprɑfət,释义待核实，不计入核心练习,
7535,lancaster,P8+扩展,W71 起,释义待核实，不进入核心练习,ˈlænˌkæstɚ,释义待核实，不计入核心练习,
7536,suspended,P8+扩展,W71 起,释义待核实，不进入核心练习,səˈspɛndɪd,释义待核实，不计入核心练习,
7537,hereby,P8+扩展,W71 起,释义待核实，不进入核心练习,hɪrˈbaɪ,释义待核实，不计入核心练习,
7538,observe,P8+扩展,W71 起,,əbˈzɝv,v. 注意到，观察到；注视，监视；（在科学研究中）观测，发现；说话，评论；遵守（规则、法律等）；庆祝（节日），纪念（某人或事件）；静默，默哀；举行，参加,Will the rebels observe the ceasefire?　叛乱者会遵守停火协议吗？
7539,julia,P8+扩展,W71 起,释义待核实，不进入核心练习,ˈdʒuljə,释义待核实，不计入核心练习,
7540,containers,P8+扩展,W71 起,释义待核实，不进入核心练习,kənˈteɪnɚz,释义待核实，不计入核心练习,
7541,attitudes,P8+扩展,W71 起,释义待核实，不进入核心练习,ˈætəˌtudz,释义待核实，不计入核心练习,
7542,karl,P8+扩展,W71 起,释义待核实，不进入核心练习,ˈkɑrl,释义待核实，不计入核心练习,
7543,berry,P8+扩展,W71 起,,ˈbɛri,n. 浆果，莓；果仁，果核；虾子，鱼子；无核浆果；vi. 采集浆果；【名】 （Berry）（法、英、德、意、葡）贝里，（匈）拜里（人名）,Berry agrees and hopes her team's findings might one day help to break down plastics in landfills.　贝里对此表示同意，并希望她团队的研究结果有朝一日能帮助分解垃圾填埋场中的塑料。
7544,collar,P8+扩展,W71 起,,ˈkɑlɚ,n. 衣领，领口；颈圈；（动物颈部颜色异样的）色圈，颈锁形条纹；箍，套管；（股票交易的）项圈策略；<英>肉卷；猪颈部的熏肉块；（植物的）根颈；v. <非正式>抓住，逮捕；<非正式>拦住（以便与之谈话）；【名】 （Collar）（英）科勒，（法）科拉尔，（西）科利亚尔（人名）,She'd got him by the collar.　她抓住了他的衣领。
7545,simultaneously,P8+扩展,W71 起,,ˌsaɪməlˈteɪniəsli,adv. 同时地,The two guns fired almost simultaneously.　两支枪几乎同时开火。
7546,racial,P8+扩展,W71 起,,ˈreɪʃəl,adj. 种族关系的，种族之间的；人种的，种族的,He was a victim of racial prejudice.　他是种族偏见的一个牺牲品。
7547,integrate,P8+扩展,W71 起,,ˈɪntəˌɡreɪt,v. （使）合并，成为一体；（使）加入，融入群体；（使）取消种族隔离；求……的积分；表示（面积、温度等）的总和，表示……的平均值；adj. 整合的,He didn't integrate successfully into the Italian way of life.　他没有成功融入到意大利的生活方式中去。
7548,bermuda,P8+扩展,W71 起,释义待核实，不进入核心练习,bɚmˈjudə,释义待核实，不计入核心练习,
7549,amanda,P8+扩展,W71 起,释义待核实，不进入核心练习,əˈmændə,释义待核实，不计入核心练习,
7550,sociology,P8+扩展,W71 起,,ˌsoʊsiˈɑlədʒi,社会学；n. 社会学，社会关系研究,I'll be teaching history and sociology next term.　下学期我教历史和社会学。
7551,mobiles,P8+扩展,W71 起,释义待核实，不进入核心练习,ˈmoʊbəlz,释义待核实，不计入核心练习,
7552,screenshot,P8+扩展,W71 起,释义待核实，不进入核心练习,ˈskrinˌʃɑt,释义待核实，不计入核心练习,
7553,exhibitions,P8+扩展,W71 起,释义待核实，不进入核心练习,ˌɛksəˈbɪʃənz,释义待核实，不计入核心练习,
7554,kelkoo,P8+扩展,W71 起,释义待核实，不进入核心练习,,释义待核实，不计入核心练习,
7555,confident,P8+扩展,W71 起,,ˈkɑnfədənt,adj. （性格，态度）自信的，充满信心的；坚信的，肯定的；n. <古>密友，知己,"Marina was a confident, happy child.　玛丽娜是个自信、快乐的孩子。"
7556,retrieved,P8+扩展,W71 起,释义待核实，不进入核心练习,riˈtrivd,释义待核实，不计入核心练习,
7557,exhibits,P8+扩展,W71 起,释义待核实，不进入核心练习,ɪɡˈzɪbəts,释义待核实，不计入核心练习,
7558,officially,P8+扩展,W71 起,,əˈfɪʃəli,adv. 官方地，正式地；据公布，据传（但不一定是事实）；依据法规等,She is officially registered (as) disabled.　她正式登记为伤残者。
7559,consortium,P8+扩展,W71 起,,kənˈsɔrʃiəm,n. 联合企业，财团；<法律>配偶的相互权利；联合,The consortium is a nonprofit group affiliated with the University of Chicago.　这个联合会是一个附属于芝加哥大学的非盈利性团体。
7560,dies,P8+扩展,W71 起,释义待核实，不进入核心练习,ˈdaɪz,释义待核实，不计入核心练习,
7561,terrace,P8+扩展,W71 起,,ˈtɛrəs,n. （风格相同、互相连接的）排屋；（尤指房屋或餐馆外的）露天平台，阳台；<英>（足球场的）阶梯看台；梯田，阶地；<英>排屋中的一栋房屋；（地质）沿岸阶地，阶面；v. 使成阶地（或梯田）；【名】 （Terrace）（英）特勒斯（人名）,The terrace faces south.　露台朝南。
7562,bacteria,P8+扩展,W71 起,,bækˈtɪriə,n. 细菌（bacterium的复数）,Chlorine is added to kill bacteria.　加入氯以杀菌。
7563,pts,P8+扩展,W71 起,释义待核实，不进入核心练习,,释义待核实，不计入核心练习,
7564,replied,P8+扩展,W71 起,释义待核实，不进入核心练习,rɪˈplaɪd,释义待核实，不计入核心练习,
7565,seafood,P8+扩展,W71 起,释义待核实，不进入核心练习,ˈsiˌfud,释义待核实，不计入核心练习,
7566,novels,P8+扩展,W71 起,释义待核实，不进入核心练习,ˈnɑvəlz,释义待核实，不计入核心练习,
7567,rh,P8+扩展,W71 起,释义待核实，不进入核心练习,,释义待核实，不计入核心练习,
7568,rrp,P8+扩展,W71 起,释义待核实，不进入核心练习,,释义待核实，不计入核心练习,
7569,recipients,P8+扩展,W71 起,释义待核实，不进入核心练习,rɪˈsɪpiənts,释义待核实，不计入核心练习,
7570,playboy,P8+扩展,W71 起,释义待核实，不进入核心练习,ˈpleɪˌbɔɪ,释义待核实，不计入核心练习,
7571,ought,P8+扩展,W71 起,,ˈɔt,v. 应该（表义务、责任、必要等）；应该（表期望）；n. <古>零（=nought）；pron. 任何事物（=aught）,I ought to give up smoking.　我应该戒烟。
7572,delicious,P8+扩展,W71 起,,dɪˈlɪʃəs,adj. 美味的，芬芳的；令人愉快的，宜人的,He served up a delicious meal.　他端上一顿可口的饭菜。
7573,traditions,P8+扩展,W71 起,释义待核实，不进入核心练习,trəˈdɪʃənz,释义待核实，不计入核心练习,
7574,fg,P8+扩展,W71 起,释义待核实，不进入核心练习,,释义待核实，不计入核心练习,
7575,jail,P8+扩展,W71 起,,ˈdʒeɪl,n. 监狱；监禁；v. 监禁；【名】 （Jail） （英）杰尔（人名）,He has been released from jail.　他已从监狱里放出来了。
7576,safely,P8+扩展,W71 起,,ˈseɪfli,adv. 安全地；稳定地,Let her come home safely!　让她平平安安回家吧！
7577,finite,P8+扩展,W71 起,,ˈfaɪˌnaɪt,adj. 有限的，有限制的；限定的；n. 有限之物,The world's resources are finite.　世界的资源是有限的。
7578,kidney,P8+扩展,W71 起,,ˈkɪdni,n. 肾，肾脏；（食用的）动物腰子；性格，脾气；【名】 （Kidney）（英）基德尼（人名）,He had kidney stones.　他有肾结石。
7579,periodically,P8+扩展,W71 起,,ˌpiriˈɑdɪkəli,adv. 定期地，周期性地；偶尔，间歇,Mailing lists are updated periodically.　邮寄名单定期更新。
7580,fixes,P8+扩展,W71 起,释义待核实，不进入核心练习,ˈfɪksɪz,释义待核实，不计入核心练习,
7581,sends,P8+扩展,W71 起,释义待核实，不进入核心练习,ˈsɛndz,释义待核实，不计入核心练习,
7582,durable,P8+扩展,W71 起,,ˈdʊrəbəl,adj. 持久的，耐用的；<非正式>（人）有耐力的，坚韧不拔的；n. 耐用品,People often complain that plastics are too durable.　人们经常抱怨塑料过于持久耐用。
7583,mazda,P8+扩展,W71 起,释义待核实，不进入核心练习,ˈmɑzdə,释义待核实，不计入核心练习,
7584,allied,P8+扩展,W71 起,,əˈlaɪd,adj. 结盟的，联盟的；同盟国的；类似的；共存的；有关联的；v. 与……结盟，联合（ally 的过去式和过去分词）,Allied troops captured over 300 enemy soldiers.　盟军俘虏了300多名敌方士兵。
7585,throws,P8+扩展,W71 起,释义待核实，不进入核心练习,ˈθroʊz,释义待核实，不计入核心练习,
7586,moisture,P8+扩展,W71 起,,ˈmɔɪstʃɚ,n. 潮气，水分,The air is heavy with moisture.　空气中充满了湿气。
7587,hungarian,P8+扩展,W71 起,释义待核实，不进入核心练习,həŋˈɡɛriən,释义待核实，不计入核心练习,
7588,roster,P8+扩展,W71 起,,ˈrɑstɚ,n. 花名册；执勤人员表；逐项登记表,UNGM as their supplier roster.　作为他们的供应商名册。
7589,referring,P8+扩展,W71 起,释义待核实，不进入核心练习,rɪˈfɝɪŋ,释义待核实，不计入核心练习,
7590,symantec,P8+扩展,W71 起,释义待核实，不进入核心练习,sɪˈmænˌtɛk,释义待核实，不计入核心练习,
7591,spencer,P8+扩展,W71 起,释义待核实，不进入核心练习,ˈspɛnsɚ,释义待核实，不计入核心练习,
7592,wichita,P8+扩展,W71 起,释义待核实，不进入核心练习,ˈwɪtʃəˌtɔ,释义待核实，不计入核心练习,
7593,nasdaq,P8+扩展,W71 起,释义待核实，不进入核心练习,ˈnæzdæk,释义待核实，不计入核心练习,
7594,uruguay,P8+扩展,W71 起,释义待核实，不进入核心练习,ˈjɝəɡˌweɪ,释义待核实，不计入核心练习,
7595,ooo,P8+扩展,W71 起,释义待核实，不进入核心练习,,释义待核实，不计入核心练习,
7596,hz,P8+扩展,W71 起,释义待核实，不进入核心练习,ˈhɝtz,释义待核实，不计入核心练习,
7597,transform,P8+扩展,W71 起,,trænsˈfɔrm,v. 使改观，使变形，使转化；变换（电流）的电压；（数）变换（数学实体）；n. （数，语言学）变换式，转换句；（数，语言学）转换规则,It was an event that would transform my life.　那是能够彻底改变我一生的一件事。
7598,timer,P8+扩展,W71 起,释义待核实，不进入核心练习,ˈtaɪmɚ,释义待核实，不计入核心练习,
7599,tablets,P8+扩展,W71 起,释义待核实，不进入核心练习,ˈtæbləts,释义待核实，不计入核心练习,
7600,tuning,P8+扩展,W71 起,释义待核实，不进入核心练习,ˈtunɪŋ,释义待核实，不计入核心练习,
7601,gotten,P8+扩展,W71 起,释义待核实，不进入核心练习,ˈɡɑtən,释义待核实，不计入核心练习,
7602,educators,P8+扩展,W71 起,释义待核实，不进入核心练习,ˈɛdʒəˌkeɪtɚz,释义待核实，不计入核心练习,
7603,tyler,P8+扩展,W71 起,释义待核实，不进入核心练习,ˈtaɪlɚ,释义待核实，不计入核心练习,
7604,futures,P8+扩展,W71 起,,ˈfjutʃɚz,n. 期货；未来，前途（future 的复数形式）,People feel pinched in their pocketbooks and insecure about their futures.　人们感到钱袋紧缩，对未来缺少安全感。
7605,vegetable,P8+扩展,W71 起,,ˈvɛdʒtəbəl,n. 蔬菜；植物人；呆板懒散的人；植物；adj. 植物的,Severe brain damage turned him into a vegetable.　严重的脑损伤使他变成了植物人。
7606,verse,P8+扩展,W71 起,,ˈvɝs,n. 诗，韵文；诗节，（歌曲的）节；（《圣经》或其他经文的）节，句；（赞美诗的）独唱部，小组唱部；v. <古>作诗；【名】 （Verse）（德）费尔泽（人名）,This verse describes three signs of spring.　这节诗描述了春天的3个征兆。
7607,highs,P8+扩展,W71 起,释义待核实，不进入核心练习,ˈhaɪz,释义待核实，不计入核心练习,
7608,humanities,P8+扩展,W71 起,,hjuˈmænɪtiz,n. 人文学科（humanity 的复数）,"In the humanities, authors write to inform you in many ways.　在人文学科中，作者可以通过多种写作方式告知读者信息。"
7609,independently,P8+扩展,W71 起,,ˌɪndɪˈpɛndəntli,adv. 独立地；自立地,Ceiling and wall lights can operate independently.　天花板和墙上的灯能够独立操控。
7610,wanting,P8+扩展,W71 起,释义待核实，不进入核心练习,ˈwɑntɪŋ,释义待核实，不计入核心练习,
7611,custody,P8+扩展,W71 起,,ˈkʌstədi,n. 监护，监护权；监禁，拘留；保管，保护,Who will have custody of the children?　谁来负责监护这些孩子？
7612,scratch,P8+扩展,W71 起,,ˈskrætʃ,v. / n. 划破，划痕，划伤；v. （用指甲）挠，轻抓；（用指甲或利器）抓破，划破；划出，刮出（痕迹）；（用爪子）抓，刨；（鸟、哺乳动物，尤指鸡）用嘴（或爪子）扒地找食物；寻觅（难找的人或物）（scratch for）；艰难生活（scratch along）；勾掉，划去（写下的字）；<非正式> 仓促写下；（用尖利物）刮擦出声音；<非正式> 取消，撤销（想法或计划）；<非正式>（使）退出比赛；（用刮擦技法）播放唱片；n. （某人皮肤上的）划痕，划伤；刮痕，划痕；抓，挠；刮擦声 ；唱片的嚓嚓声（指唱片纹道与唱针的摩擦噪声）；刮擦（多用于快板乐中，用手制止唱片转动，使其来回移动发出有节奏的嚓嚓声的技巧）；（高尔夫）零让步（表明选手不弱，能在场上达到规定击球的次数）；<非正式> 钱,Does the cat scratch?　这只猫抓人吗？
7613,launches,P8+扩展,W71 起,释义待核实，不进入核心练习,ˈlɔntʃəz,释义待核实，不计入核心练习,
7614,ipaq,P8+扩展,W71 起,释义待核实，不进入核心练习,,释义待核实，不计入核心练习,
7615,alignment,P8+扩展,W71 起,,əˈlaɪnmənt,n. 排成直线，摆放恰当；结盟；协调，一致；（铁路或道路的）路线；石排,The church should have no political alignment.　教会不应该有政治结盟。
7616,henderson,P8+扩展,W71 起,释义待核实，不进入核心练习,ˈhɛndɚsən,释义待核实，不计入核心练习,
7617,bk,P8+扩展,W71 起,释义待核实，不进入核心练习,,释义待核实，不计入核心练习,
7618,britannica,P8+扩展,W71 起,释义待核实，不进入核心练习,brɪˈtænɪkə,释义待核实，不计入核心练习,
7619,comm,P8+扩展,W71 起,释义待核实，不进入核心练习,ˈkɑm,释义待核实，不计入核心练习,
7620,ellen,P8+扩展,W71 起,释义待核实，不进入核心练习,ˈɛlən,释义待核实，不计入核心练习,
7621,competitors,P8+扩展,W71 起,释义待核实，不进入核心练习,kəmˈpɛtətɚz,释义待核实，不计入核心练习,
7622,nhs,P8+扩展,W71 起,释义待核实，不进入核心练习,,释义待核实，不计入核心练习,
7623,rocket,P8+扩展,W71 起,,ˈrɑkət,n. 火箭；火箭发动机（=rocket engine/rocket motor）；火箭武器，火箭弹；火箭式焰火，流星焰火（=skyrocket）；<英>芝麻菜，大蒜芥；<英，非正式>严厉的斥责；（像火箭般）快速行动者，飞快行进的物体；v. 快速增长，猛增；迅速移动，飞速行进；用火箭武器攻击；（使）迅速成功，迅速提高地位；用火箭运载,The rocket soared skywards.　火箭呼啸着朝天上飞去。
7624,aye,P8+扩展,W71 起,释义待核实，不进入核心练习,ˈaɪ,释义待核实，不计入核心练习,
7625,bullet,P8+扩展,W71 起,,ˈbʊlət,n. 子弹，弹丸；（标示用的）黑圆点；<美>（运动中）高速球；【名】 （Bullet）（法）比莱（人名）,A bullet had grazed his arm.　一颗子弹擦过他的胳膊。
7626,towers,P8+扩展,W71 起,释义待核实，不进入核心练习,ˈtaʊɚz,释义待核实，不计入核心练习,
7627,racks,P8+扩展,W71 起,释义待核实，不进入核心练习,ˈræks,释义待核实，不计入核心练习,
7628,lace,P8+扩展,W71 起,,ˈleɪs,n. 网眼织物，蕾丝；鞋带，系带；少量烈酒；v. 用系带束紧，用鞋带系（鞋）；把（少量酒、药品或毒药等烈性物质）掺入；使编织（或交织、缠绕）在一起；加入……使有味（或有趣）；【名】 （Lace）（意）拉切（人名）,"She finally found the perfect gown, a beautiful creation trimmed with lace.　她最终找到了那件完美的大衣，款式漂亮、饰有花边。"
7629,nasty,P8+扩展,W71 起,,ˈnæsti,adj. 恶毒的，凶相的；令人不快的，令人厌恶的；（伤口、疾病等）严重的，恶性的；污秽的，下流的；（外表）丑陋的，（气味等）难闻的；造成很大伤害的；令人担忧的，难对付的；有威胁性的，吓人的；n. <非正式>令人不快的人（或事），危害别人的人（或事）；<非正式>恐怖录像（或影片）；【名】 （Nasty）（美、俄、印）耐史迪（人名）,That was a nasty little trick.　这是个可恶的小骗局。
7630,visibility,P8+扩展,W71 起,,ˌvɪzəˈbɪlɪti,n. 能见度，能见距离；可见性，明显性；关注度，知名度,Visibility was poor.　能见度差。
7631,latitude,P8+扩展,W71 起,,ˈlætəˌtud,n. 纬度；纬度地区；选择的自由，回旋余地；（感光乳剂，相纸）曝光宽容度,Most oceanic islands are similar to one another in latitude and contain plants and animals typical of tropical islands.　大多数海洋岛屿彼此都纬度相近，并且都有热带岛屿典型的动植物。
7632,consciousness,P8+扩展,W71 起,,ˈkɑnʃəsnəs,n. 知觉，清醒；思想，意识；（群体的）观念体系；感知，察觉,She banged her head and lost consciousness.　她撞了头，失去了知觉。
7633,ste,P8+扩展,W71 起,释义待核实，不进入核心练习,,释义待核实，不计入核心练习,
7634,tumor,P8+扩展,W71 起,,ˈtumɚ,n. 肿瘤；肿块；赘生物,A child was wrongly diagnosed as having a bone tumor.　一个孩子被误诊为有骨瘤。
7635,ugly,P8+扩展,W71 起,,ˈʌɡli,adj. 丑陋的，难看的；（通常因涉及暴力、挑衅行为而）令人厌恶的，邪恶的，恶性的；无礼的；道德败坏的；可怕的，恐怖的；难听的，不悦耳的,Everything is hideously ugly.　一切都丑陋得可怕。
7636,deposits,P8+扩展,W71 起,释义待核实，不进入核心练习,dəˈpɑzɪts,释义待核实，不计入核心练习,
7637,beverly,P8+扩展,W71 起,释义待核实，不进入核心练习,ˈbɛvɚli,释义待核实，不计入核心练习,
7638,mistress,P8+扩展,W71 起,,ˈmɪstrəs,n. <英>女教师；（奴仆的）女主人；（宠物的）女主人；绝对控制……的女人，主宰……的女人；（精通某项活动的）女能手，女行家；女士（用作女子姓氏或姓名前的称呼）；<英>女院长 (Mistress)；情妇,Mistress Mary felt quite contrary.　玛丽小姐觉得完全相反。
7639,encounter,P8+扩展,W71 起,,ɪnˈkaʊntɚ,v. 遭遇；偶遇，邂逅；n. 偶遇，邂逅；经历，体验；冲突；比赛，交锋,Did you encounter anyone in the building?　你在那栋大楼里偶然遇到什么人了吗？
7640,trustees,P8+扩展,W71 起,释义待核实，不进入核心练习,ˌtrʌˈstiz,释义待核实，不计入核心练习,
7641,watts,P8+扩展,W71 起,释义待核实，不进入核心练习,ˈwɑts,释义待核实，不计入核心练习,
7642,duncan,P8+扩展,W71 起,释义待核实，不进入核心练习,ˈdʌŋkən,释义待核实，不计入核心练习,
7643,reprints,P8+扩展,W71 起,释义待核实，不进入核心练习,riˈprɪnts,释义待核实，不计入核心练习,
7644,hart,P8+扩展,W71 起,释义待核实，不进入核心练习,ˈhɑrt,释义待核实，不计入核心练习,
7645,bernard,P8+扩展,W71 起,释义待核实，不进入核心练习,bɚˈnɑrd,释义待核实，不计入核心练习,
7646,resolutions,P8+扩展,W71 起,释义待核实，不进入核心练习,ˌrɛzəˈluʃənz,释义待核实，不计入核心练习,
7647,ment,P8+扩展,W71 起,释义待核实，不进入核心练习,,释义待核实，不计入核心练习,
7648,accessing,P8+扩展,W71 起,释义待核实，不进入核心练习,ˈækˌsɛsɪŋ,释义待核实，不计入核心练习,
7649,forty,P8+扩展,W71 起,,ˈfɔrti,n. 四十；adj. 四十的；四十个的,Fifty is the new forty.　四十尚未老，五十正当年。
7650,tubes,P8+扩展,W71 起,释义待核实，不进入核心练习,ˈtubz,释义待核实，不计入核心练习,
7651,attempted,P8+扩展,W71 起,,əˈtɛmptɪd,adj. 企图的；未遂的；v. 企图（attempt 的过去式）,Police attempted to turn back.　警察试图往回走。
7652,col,P8+扩展,W71 起,释义待核实，不进入核心练习,,释义待核实，不计入核心练习,
7653,midlands,P8+扩展,W71 起,释义待核实，不进入核心练习,ˈmɪdˌlændz,释义待核实，不计入核心练习,
7654,priest,P8+扩展,W71 起,,ˈprist,n. 牧师，神职人员；木渔槌（垂钓时用以打死已上钩的鱼）；v. <正式>任命……为司铎（或祭司）；【名】 （Priest）（英、德）普里斯特（人名）,The priest sacrificed a chicken.　牧师献祭了一只鸡。
7655,floyd,P8+扩展,W71 起,释义待核实，不进入核心练习,ˈflɔɪd,释义待核实，不计入核心练习,
7656,ronald,P8+扩展,W71 起,释义待核实，不进入核心练习,ˈrɑnəld,释义待核实，不计入核心练习,
7657,analysts,P8+扩展,W71 起,释义待核实，不进入核心练习,ˈænəlɪsts,释义待核实，不计入核心练习,
7658,queue,P8+扩展,W71 起,,ˈkju,n. <英>（人、汽车等的）队，行列；<英>（为得到某机会而等待的）长列，长队；（计算机）队列；呼叫队列；<古>辫子；v. <英>排队（等候）；竞相，抢着（做某事）；（计算机）排成队列，排队,The queue gradually shuffled forward.　排队等候的人逐渐向前挪着脚步。
7659,dx,P8+扩展,W71 起,释义待核实，不进入核心练习,,释义待核实，不计入核心练习,
7660,sk,P8+扩展,W71 起,释义待核实，不进入核心练习,,释义待核实，不计入核心练习,
7661,trance,P8+扩展,W71 起,,ˈtræns,n. 恍惚；出神；着迷，入迷；vt. 使恍惚；使发呆,He was put into a trance by a police hypnotist.　他被警方的一位催眠师导入了催眠状态。
7662,locale,P8+扩展,W71 起,,loʊˈkæl,n. （事情发生的）地点，现场,An amusement park is the perfect locale for youngsters to have all sorts of adventures.　游乐场是年轻人寻求各种惊险刺激的绝佳场所。
7663,nicholas,P8+扩展,W71 起,释义待核实，不进入核心练习,ˈnɪkələs,释义待核实，不计入核心练习,
7664,biol,P8+扩展,W71 起,释义待核实，不进入核心练习,,释义待核实，不计入核心练习,
7665,yu,P8+扩展,W71 起,释义待核实，不进入核心练习,ˈju,释义待核实，不计入核心练习,
7666,bundle,P8+扩展,W71 起,,ˈbʌndəl,n. 束，捆，包；非常；一套，一系列；大量；婴儿；一大笔钱；软件包；v. 匆匆打发，乱塞；匆忙赶往；捆绑销售；与某人和衣同睡,That car must have cost a bundle.　那部车一定价格不菲。
7667,hammer,P8+扩展,W71 起,,ˈhæmɚ,n. 锤子，榔头；（拍卖用的）木槌；链球；击铁；音槌；锣锤；v. （用锤子）敲击；用力敲打，猛踢；强行灌输，反复强调；（在体育比赛中）使惨败，大败；使（企业）受到打击；严厉批评，指责；（心脏）剧烈跳动；压低（某股票）的价格；【名】 （Hammer）（美、德、挪、奥、俄、丹、加、巴）阿梅（人名）,She had been viciously attacked with a hammer.　她曾被人用锤子凶残地袭击过。
7668,invasion,P8+扩展,W71 起,,ˌɪnˈveɪʒən,n. 侵略，入侵；涌入，大批进入；侵犯，干预；侵袭，扩散,There was widespread condemnation of the invasion.　那次侵略遭到了人们普遍的谴责。
7669,witnesses,P8+扩展,W71 起,释义待核实，不进入核心练习,ˈwɪtnəsəz,释义待核实，不计入核心练习,
7670,runner,P8+扩展,W71 起,,ˈrʌnɚ,n. 跑步者；赛马；走私者；送信人，信差；跑垒员；跑动板球员；滑动装置；长条地毯；纤匐枝；跑鞋，运动鞋；性能良好的车；<英，非正式>竞争者；<英，非正式>可能被接受的想法；（热带海洋的）青鲹；回转磨石（=runner stone）；【名】 （Runner）（英）朗纳（人名）,"So you're a runner, huh?　这么说，你是个跑步爱好者喽？"
7671,rows,P8+扩展,W71 起,释义待核实，不进入核心练习,ˈroʊz,释义待核实，不计入核心练习,
7672,administered,P8+扩展,W71 起,释义待核实，不进入核心练习,ədˈmɪnəstɚd,释义待核实，不计入核心练习,
7673,notion,P8+扩展,W71 起,,ˈnoʊʃən,n. 概念，想法；缝纫用品；一时的念头，突发的奇想,She had only a vague notion of what might happen.　对于可能发生的事她只有一个模糊的概念。
7674,sq,P8+扩展,W71 起,释义待核实，不进入核心练习,,释义待核实，不计入核心练习,
7675,skins,P8+扩展,W71 起,释义待核实，不进入核心练习,ˈskɪnz,释义待核实，不计入核心练习,
7676,mailed,P8+扩展,W71 起,释义待核实，不进入核心练习,ˈmeɪld,释义待核实，不计入核心练习,
7677,oc,P8+扩展,W71 起,释义待核实，不进入核心练习,,释义待核实，不计入核心练习,
7678,fujitsu,P8+扩展,W71 起,释义待核实，不进入核心练习,fuˈdʒɪtsu,释义待核实，不计入核心练习,
7679,spelling,P8+扩展,W71 起,,ˈspɛlɪŋ,n. 拼写，拼写能力；拼法，拼读；v. （用字母）拼写，拼出；招致，意味着（通常指坏事）；替换，顶替（spell 的现在分词形式）；【名】 （Spelling）斯佩林（人名）,My spelling is terrible.　我的拼写很糟糕。
7680,arctic,P8+扩展,W71 起,,ˈɑrktɪk,adj. 北极的 n. 北极，北极地区 adj. （arctic）极度寒冷的，严寒的 n. （arctic）&lt;美&gt;御寒防水套鞋；adj. 北极的；n. 北极，北极地区,It lives in the Arctic.　它生活在北极。
7681,exams,P8+扩展,W71 起,释义待核实，不进入核心练习,ɪɡˈzæmz,释义待核实，不计入核心练习,
7682,rewards,P8+扩展,W71 起,释义待核实，不进入核心练习,rɪˈwɔrdz,释义待核实，不计入核心练习,
7683,beneath,P8+扩展,W71 起,,bɪˈniθ,prep. 在……下方；在……表面之下，隐藏在……之下；（对某人来说）不够好，不相称；低于，次于；adv. 在下面，在底下,The boat heaved beneath them.　小船在他们脚下颠簸着。
7684,strengthen,P8+扩展,W71 起,,ˈstrɛŋθən,v. 使（情感、决心等）更强烈，使（关系）更加紧密；巩固（地位），加强（实力）；（货币）升值；增强（体质）；为……提供更有力的理由（证据）；（风力或水力）变强；使（法令或处罚）更有效；加强，加固（物体或结构）,He has a new fitness regime to strengthen his back.　他有一套新的健康养生法来加强他的背部力量。
7685,defend,P8+扩展,W71 起,,dɪˈfɛnd,v. 保卫，防御；捍卫，维护；（在比赛中）防守，防卫；参加卫冕赛，蝉联；做……的辩护律师，为……辩解,How can you defend such behaviour?　你怎能为这种行为辩解呢？
7686,aj,P8+扩展,W71 起,释义待核实，不进入核心练习,,释义待核实，不计入核心练习,
7687,frederick,P8+扩展,W71 起,释义待核实，不进入核心练习,ˈfrɛdrɪk,释义待核实，不计入核心练习,
7688,medicaid,P8+扩展,W71 起,释义待核实，不进入核心练习,ˈmɛdəˌkeɪd,释义待核实，不计入核心练习,
7689,treo,P8+扩展,W71 起,释义待核实，不进入核心练习,,释义待核实，不计入核心练习,
7690,infrared,P8+扩展,W71 起,释义待核实，不进入核心练习,ˌɪnfrɚˈɛd,释义待核实，不计入核心练习,
7691,seventh,P8+扩展,W71 起,,ˈsɛvənθ,num. 第七；n. 七分之一；（比赛或竞赛的）第七名；第七（用来引出第七个要点或原因）；（音乐）七度音程，七度和弦；adj. 第七的；七分之一的,That's the seventh seal.　这是第七个印。
7692,gods,P8+扩展,W71 起,释义待核实，不进入核心练习,ˈɡɑdz,释义待核实，不计入核心练习,
7693,une,P8+扩展,W71 起,释义待核实，不进入核心练习,,释义待核实，不计入核心练习,
7694,welsh,P8+扩展,W71 起,释义待核实，不进入核心练习,ˈwɛltʃ,释义待核实，不计入核心练习,
7695,belly,P8+扩展,W71 起,,ˈbɛli,n. （人或动物的）腹部，肚子；胃，胃口；（物体的）腹状部分；腹部猪肉切；（弦乐器的）面板；v. 鼓起，张满；【名】 （Belly）（法、意、葡）贝利（人名）,His big fat belly overhung his belt.　他那硕大肥胖的肚子挺在腰带上面。
7696,aggressive,P8+扩展,W71 起,,əˈɡrɛsɪv,adj. 好斗的，挑衅的；积极进取的；非常严重的；强烈的,These fish are very aggressive.　这些鱼十分好斗。
7697,tex,P8+扩展,W71 起,释义待核实，不进入核心练习,ˈtɛks,释义待核实，不计入核心练习,
7698,advertisements,P8+扩展,W71 起,释义待核实，不进入核心练习,ˈædvɚˌtaɪzmənts,释义待核实，不计入核心练习,
7699,quarters,P8+扩展,W71 起,释义待核实，不进入核心练习,ˈkwɔrtɚz,释义待核实，不计入核心练习,
7700,stolen,P8+扩展,W71 起,释义待核实，不进入核心练习,ˈstoʊlən,释义待核实，不计入核心练习,
7701,cia,P8+扩展,W71 起,释义待核实，不进入核心练习,ˌsiˌaɪˈeɪ,释义待核实，不计入核心练习,
7702,sublimedirectory,P8+扩展,W71 起,释义待核实，不进入核心练习,,释义待核实，不计入核心练习,
7703,soonest,P8+扩展,W71 起,释义待核实，不进入核心练习,ˈsunəst,释义待核实，不计入核心练习,
7704,haiti,P8+扩展,W71 起,释义待核实，不进入核心练习,ˈheɪti,释义待核实，不计入核心练习,
7705,disturbed,P8+扩展,W71 起,释义待核实，不进入核心练习,dɪˈstɝbd,释义待核实，不计入核心练习,
7706,determines,P8+扩展,W71 起,释义待核实，不进入核心练习,dəˈtɝmənz,释义待核实，不计入核心练习,
7707,sculpture,P8+扩展,W71 起,,ˈskʌlptʃɚ,v. 雕刻，雕塑；从事雕刻；n. 雕像，雕塑作品；雕刻艺术，雕塑艺术；（动，植）（贝壳、花粉粒、角质层或其他生物体表面凸起或凹陷的）雕饰，雕纹,Both studied sculpture.　两人都学过雕塑。
7708,poly,P8+扩展,W71 起,释义待核实，不进入核心练习,ˈpɑli,释义待核实，不计入核心练习,
7709,ears,P8+扩展,W71 起,释义待核实，不进入核心练习,ˈɪrz,释义待核实，不计入核心练习,
7710,dod,P8+扩展,W71 起,释义待核实，不进入核心练习,,释义待核实，不计入核心练习,
7711,wp,P8+扩展,W71 起,释义待核实，不进入核心练习,,释义待核实，不计入核心练习,
7712,fist,P8+扩展,W71 起,,ˈfɪst,n. 拳，拳头；抓住，抓牢；<非正式>手迹，笔迹；指标参见号；v. 用拳头打；握成拳,He punched me with his fist.　他用拳头猛击我。
7713,naturals,P8+扩展,W71 起,释义待核实，不进入核心练习,,释义待核实，不计入核心练习,
7714,neo,P8+扩展,W71 起,释义待核实，不进入核心练习,ˈnioʊ,释义待核实，不计入核心练习,
7715,motivation,P8+扩展,W71 起,,ˌmoʊtəˈveɪʃən,n. 动力，诱因；积极性，干劲；<南非>（支持请求或倡议的）事实与理由,Money is my motivation.　金钱就是我的动力。
7716,lenders,P8+扩展,W71 起,释义待核实，不进入核心练习,ˈlɛndɚz,释义待核实，不计入核心练习,
7717,pharmacology,P8+扩展,W71 起,释义待核实，不进入核心练习,ˌfɑrməˈkɑlədʒi,释义待核实，不计入核心练习,
7718,fitting,P8+扩展,W71 起,,ˈfɪtɪŋ,n. 配件，附件；试穿，试衣；可移动的定位安装家具；安装，装配；adj. 合适的，恰当的；v. 可容纳，装进；和……相称，符合；（疾病）发作（fit 的现在分词）,He wore an ill-fitting green corduroy suit.　他穿了一件很不合身的绿色灯芯绒西装。
7719,fixtures,P8+扩展,W71 起,释义待核实，不进入核心练习,ˈfɪkstʃɚz,释义待核实，不计入核心练习,
7720,bloggers,P8+扩展,W71 起,释义待核实，不进入核心练习,ˈblɔɡɚz,释义待核实，不计入核心练习,
7721,mere,P8+扩展,W71 起,,ˈmɪr,adj. 仅仅，只不过；只凭……就足以；n. <旧>小湖，池塘；（尤指毛利人用绿岩制的武器）石棒；【名】 （Mere）（日）目连，（西）梅雷（人名）,It cost a mere bagatelle.　这个只花了一点钱。
7722,agrees,P8+扩展,W71 起,释义待核实，不进入核心练习,əˈɡriz,释义待核实，不计入核心练习,
7723,passengers,P8+扩展,W71 起,释义待核实，不进入核心练习,ˈpæsəndʒɚz,释义待核实，不计入核心练习,
7724,quantities,P8+扩展,W71 起,释义待核实，不进入核心练习,ˈkwɑntətiz,释义待核实，不计入核心练习,
7725,petersburg,P8+扩展,W71 起,释义待核实，不进入核心练习,ˈpitɚzbɚɡ,释义待核实，不计入核心练习,
7726,consistently,P8+扩展,W71 起,,kənˈsɪstəntli,adv. 一贯地，始终；一致地,It's something I have consistently denied.　这是我始终否认的事。
7727,powerpoint,P8+扩展,W71 起,释义待核实，不进入核心练习,ˈpaʊɚˌpɔɪnt,释义待核实，不计入核心练习,
7728,cons,P8+扩展,W71 起,释义待核实，不进入核心练习,ˈkɑnz,释义待核实，不计入核心练习,
7729,surplus,P8+扩展,W71 起,,ˈsɝpləs,n. 过剩，剩余，过剩量；盈余，顺差；超净资产；adj. 过剩的，剩余的，多余的；（商店）出售剩余（或过时的）军用品的；v. 甩卖，变卖,Wheat was in surplus that year.　那一年小麦过剩。
7730,elder,P8+扩展,W71 起,,ˈɛldɚ,adj. 年龄较大的；资格老的；n. 长者，长辈；元老，长老；接骨木；【名】 （Elder）（美）埃德（人名）,He is her elder by several years.　他比她年长几岁。
7731,sonic,P8+扩展,W71 起,,ˈsɑnɪk,adj. 音速的；声音的；音波的,The Sonic Youth's stuck in traffic.　音速小子在路上堵车了。
7732,obituaries,P8+扩展,W71 起,释义待核实，不进入核心练习,oʊˈbɪtʃuˌɛriz,释义待核实，不计入核心练习,
7733,cheers,P8+扩展,W71 起,释义待核实，不进入核心练习,ˈtʃɪrz,释义待核实，不计入核心练习,
7734,dig,P8+扩展,W71 起,,ˈdɪɡ,v. 搜寻，寻找；<非正式，旧>喜欢；挖，掘；n. 挖苦，嘲讽；（用手指或肘部）轻碰，轻戳；考古发掘；【名】 （Dig）（罗）迪格（人名）,She gave him a dig in the ribs.　她轻轻地戳了一下他的肋部。
7735,taxi,P8+扩展,W71 起,,ˈtæksi,n. 出租车，计程车，的士；（南非的）小型不定时公交车；出租汽船（或其他交通工具）；v. （飞机）缓慢滑行；（飞行员）驾驶（飞机）缓慢滑行；乘出租车,They dived into a taxi.　他们冲进了出租车。
7736,punishment,P8+扩展,W71 起,,ˈpʌnɪʃmənt,n. 处罚，罚，刑罚；折磨，损害；n. 惩罚手段，处罚；粗暴对待，糟蹋,The punishment was very fair.　这个处罚很公正。
7737,appreciation,P8+扩展,W71 起,,əˌpriʃiˈeɪʃən,n. 欣赏，鉴赏；感激，感谢；理解，领会；升值，增值；（赞赏性的）演讲，文字,She shows little appreciation of good music.　她感受不到美好音乐的妙处。
7738,subsequently,P8+扩展,W71 起,,ˈsʌbsəkwəntli,adv. 后来，随后,The original interview notes were subsequently lost.　采访记录原稿后来丢失了。
7739,om,P8+扩展,W71 起,释义待核实，不进入核心练习,ˈɔm,释义待核实，不计入核心练习,
7740,belarus,P8+扩展,W71 起,释义待核实，不进入核心练习,bɛˈlɑrəs,释义待核实，不计入核心练习,
7741,nat,P8+扩展,W71 起,释义待核实，不进入核心练习,ˈnæt,释义待核实，不计入核心练习,
7742,zoning,P8+扩展,W71 起,释义待核实，不进入核心练习,ˈzoʊnɪŋ,释义待核实，不计入核心练习,
7743,gravity,P8+扩展,W71 起,,ˈɡrævəti,n. 重力，地心引力；严重性；严肃，庄严；重（量）,I don't think you realise the gravity of the situation.　我认为你没有意识到形势的严重性。
7744,providence,P8+扩展,W71 起,释义待核实，不进入核心练习,ˈprɑvədəns,释义待核实，不计入核心练习,
7745,thumb,P8+扩展,W71 起,,ˈθʌm,n. 拇指；（手套的）拇指部分；（灵长目动物或其他哺乳动物的）第一指；竖起大拇指，翘起大拇指（以表示赞成或说明没问题）；将拇指指向（所谈论的对象）；v. 竖起大拇指请求搭便车；用拇指摸，用拇指捋；用拇指示意；用拇指翻动，翻阅,There's a hole in the thumb.　手套的拇指上有个窟窿。
7746,restriction,P8+扩展,W71 起,,riˈstrɪkʃən,n. 限制规定，限制法规；（受）限制（状态），（受）约束（状态）；制约因素,Studies of caloric restriction are showing the way.　热量限制的研究为我们指明了方向。
7747,incorporate,P8+扩展,W71 起,,ˌɪnˈkɔrpɚˌeɪt,v. 包含，合并；组成公司；掺和，混合（成分）；使具体化，体现；adj. 合成一体的，合并的；具体化的；组成公司（或社团）的,The new cars will incorporate a number of major improvements.　这种新型汽车将包含许多重大的改进。
7748,backgrounds,P8+扩展,W71 起,释义待核实，不进入核心练习,ˈbækˌɡraʊndz,释义待核实，不计入核心练习,
7749,treasurer,P8+扩展,W71 起,释义待核实，不进入核心练习,ˈtrɛʒɚɚ,释义待核实，不计入核心练习,
7750,guitars,P8+扩展,W71 起,释义待核实，不进入核心练习,ɡɪˈtɑrz,释义待核实，不计入核心练习,
7751,essence,P8+扩展,W71 起,,ˈɛsəns,n. 本质，要素；香精，香料；【名】 （Essence）（英）埃森丝（人名）,The essence of dialectical thought is division.　辩证思想的实质是二分法。
7752,flooring,P8+扩展,W71 起,释义待核实，不进入核心练习,ˈflɔrɪŋ,释义待核实，不计入核心练习,
7753,lightweight,P8+扩展,W71 起,,ˌlaɪˈtweɪt,n. 轻量级（拳击手）；比通常重量轻的人或东西；无足轻重的人（或事）；adj. 轻量的；给人印象不深的；无足轻重的；比通常重量轻的；浅薄的,The chair is made of lightweight nylon.　那把椅子是由轻质尼龙制作的。
7754,ethiopia,P8+扩展,W71 起,释义待核实，不进入核心练习,ˌiθiˈoʊpiə,释义待核实，不计入核心练习,
7755,tp,P8+扩展,W71 起,释义待核实，不进入核心练习,,释义待核实，不计入核心练习,
7756,mighty,P8+扩展,W71 起,,ˈmaɪti,adj. 强大的，巨大的；（动作）用力的，需用力的；adv. 很，非常，十分,There was a flash and a mighty bang.　一道闪光伴随着一声轰然巨响。
7757,athletes,P8+扩展,W71 起,释义待核实，不进入核心练习,ˈæθˌlits,释义待核实，不计入核心练习,
7758,humanity,P8+扩展,W71 起,,hjuˈmænɪti,n. 人类（总称）；人性，人的属性；人道，仁慈；（历史、哲学、文学等）人文学科,The massacre was a crime against humanity.　这场大屠杀是一桩反人类的罪行。
7759,transcription,P8+扩展,W71 起,,ˌtrænˈskrɪpʃən,n. 抄写，打印；抄本，文字记录；音标，标音；乐曲改编；（生化）转录,The full transcription of the interview is attached.　现附上采访记录文本的全文。
7760,jm,P8+扩展,W71 起,释义待核实，不进入核心练习,,释义待核实，不计入核心练习,
7761,holmes,P8+扩展,W71 起,释义待核实，不进入核心练习,ˈhoʊmz,释义待核实，不计入核心练习,
7762,complications,P8+扩展,W71 起,释义待核实，不进入核心练习,ˌkɑmpləˈkeɪʃənz,释义待核实，不计入核心练习,
7763,scholars,P8+扩展,W71 起,释义待核实，不进入核心练习,ˈskɑlɚz,释义待核实，不计入核心练习,
7764,dpi,P8+扩展,W71 起,释义待核实，不进入核心练习,,释义待核实，不计入核心练习,
7765,scripting,P8+扩展,W71 起,释义待核实，不进入核心练习,,释义待核实，不计入核心练习,
7766,gis,P8+扩展,W71 起,释义待核实，不进入核心练习,,释义待核实，不计入核心练习,
7767,remembered,P8+扩展,W71 起,释义待核实，不进入核心练习,rɪˈmɛmbɚd,释义待核实，不计入核心练习,
7768,galaxy,P8+扩展,W71 起,,ˈɡæləksi,n. 星系；银河，银河系（the Galaxy）；群英，人才荟萃,The Galaxy consists of 100 billion stars.　银河系由1千亿颗恒星组成。
7769,chester,P8+扩展,W71 起,释义待核实，不进入核心练习,ˈtʃɛstɚ,释义待核实，不计入核心练习,
7770,snapshot,P8+扩展,W71 起,释义待核实，不进入核心练习,ˈsnæpˌʃɑt,释义待核实，不计入核心练习,
7771,caring,P8+扩展,W71 起,释义待核实，不进入核心练习,ˈkɛrɪŋ,释义待核实，不计入核心练习,
7772,loc,P8+扩展,W71 起,释义待核实，不进入核心练习,,释义待核实，不计入核心练习,
7773,worn,P8+扩展,W71 起,释义待核实，不进入核心练习,ˈwɔrn,释义待核实，不计入核心练习,
7774,synthetic,P8+扩展,W71 起,,sɪnˈθɛtɪk,adj. 合成的，人造的；（感情，行动）不诚恳的，虚假的；（语言）综合型的；（命题）综合的；n. 合成物，合成纤维（织物）,New synthetic foods will form a regular part of people's diets.　新的合成食品将成为人们日常饮食的一部分。
7775,shaw,P8+扩展,W71 起,释义待核实，不进入核心练习,ˈʃɔ,释义待核实，不计入核心练习,
7776,vp,P8+扩展,W71 起,释义待核实，不进入核心练习,ˌviˈpi,释义待核实，不计入核心练习,
7777,segments,P8+扩展,W71 起,释义待核实，不进入核心练习,ˈsɛɡmənts,释义待核实，不计入核心练习,
7778,testament,P8+扩展,W71 起,,ˈtɛstəmənt,n. 证明，证据；遗嘱，遗言；（人与上帝间的）圣约；（基督教的）圣约书（Testament）,This is the last will and testament of...　这是…的临终遗嘱
7779,expo,P8+扩展,W71 起,释义待核实，不进入核心练习,ˈɛkspoʊ,释义待核实，不计入核心练习,
7780,dominant,P8+扩展,W71 起,,ˈdɑmənənt,adj. 占支配地位的，占优势的；（基因）显性的；n. 显性（性状），显性基因,He suffered from an oppressively dominant mother.　他那武断专横的母亲令他苦不堪言。
7781,twist,P8+扩展,W71 起,,ˈtwɪst,v. 使弯曲；（使）扭曲变形；扭动身体；扭伤（脚踝等）；旋转，转动；编织，捻在一起；缠绕；歪曲，曲解；蜿蜒，曲折；<英，非正式>欺诈；牌面朝上；n. 扭动，转动；弯曲处，拐弯处；转折，变化；螺旋形物体；扭摆舞（the twist）；扭歪，（性格）反常；（棉，丝） 合股线；<英>混合酒；<英，非正式>欺诈；（棍棒或其他物体） 扭转度；扭转力，转矩；绕轴旋转前进；【名】 （Twist）（美、英、荷）特威斯特（人名）,You always twist everything I say.　你总是歪曲我说的每一句话。
7782,specifics,P8+扩展,W71 起,释义待核实，不进入核心练习,spɪˈsɪfɪks,释义待核实，不计入核心练习,
7783,itunes,P8+扩展,W71 起,,ˈaɪˌtunz,n. （苹果手机）数字媒体播放器；n. 苹果公司最热门音乐软件（苹果公司开发的与 iPod 搭配的在电脑上使用的音乐播放器和音乐管理器）,I am upset that one cannot easily download Buffy the Vampire Slayer through iTunes.　无法从 iTunes 上轻松下载《吸血猎人巴菲》，让我很难过。
7784,stomach,P8+扩展,W71 起,,ˈstʌmək,n. 胃；腹部；（低级动物的）类胃器官；（反刍动物的）四胃之一；心窝，内脏； 食欲，胃口；（对有冲突、困难或不快之事的）欲望，倾向；（做困难或不愉快的事所需的）意愿，勇气，决心；（对令人反胃的东西的）承受能力；v. 忍受，承受；吃得下,He had violent stomach pains.　他有过剧烈的胃痛。
7785,partially,P8+扩展,W71 起,,ˈpɑrʃəli,adv. 不完全地，部分地；<古>偏袒地,His mother is partially blind.　他的母亲失去了部分视力。
7786,buried,P8+扩展,W71 起,释义待核实，不进入核心练习,ˈbɛrid,释义待核实，不计入核心练习,
7787,cn,P8+扩展,W71 起,释义待核实，不进入核心练习,,释义待核实，不计入核心练习,
7788,newbie,P8+扩展,W71 起,释义待核实，不进入核心练习,ˈnuˌbi,释义待核实，不计入核心练习,
7789,minimize,P8+扩展,W71 起,,ˈmɪnəˌmaɪz,v. 使减少到最低限度；贬低，使显得不重要；（尤指在计算机屏幕上）使最小化,Minimize any windows you have opened.　把你打开的所有窗口最小化。
7790,darwin,P8+扩展,W71 起,,ˈdɑrwɪn,"n. 达尔文【同根】Darwinism n. 达尔文学说；n. 达尔文（①姓氏，男子名②Charles Robert, 1809-1882，英国博物学家，进化论创始人③澳大利亚港市）",Darwin eventually put forward a model of biological evolution.　达尔文最终提出了一套生物进化的理论模式。
7791,ranks,P8+扩展,W71 起,释义待核实，不进入核心练习,ˈræŋks,释义待核实，不计入核心练习,
7792,wilderness,P8+扩展,W71 起,,ˈwɪldɚnəs,n. 未开发的地区，荒野；荒芜的地方，杂草丛生处；低潮时期，在野；大量，茫茫一片,This area has been christened 'Britain's last wilderness'.　这个地区被命名为“英国最后的荒野”。
7793,debut,P8+扩展,W71 起,,deɪbˈju,n. 首次登台，（新事物的）问世；v. 初次登台，首次亮相；首次推出（某产品）；【名】 （Debut）（法）德比（人名）,His debut album was hugely successful Stateside.　他的首张专辑在美国获得了巨大成功。
7794,generations,P8+扩展,W71 起,释义待核实，不进入核心练习,ˌdʒɛnɚˈeɪʃənz,释义待核实，不计入核心练习,
7795,tournaments,P8+扩展,W71 起,释义待核实，不进入核心练习,ˈtɝnəmənts,释义待核实，不计入核心练习,
7796,bradley,P8+扩展,W71 起,释义待核实，不进入核心练习,ˈbrædli,释义待核实，不计入核心练习,
7797,deny,P8+扩展,W71 起,,dɪˈnaɪ,v. 否认；拒绝承认；拒绝给予,Who can deny the justice of their cause?　谁能否认他们的追求是合理的呢？
7798,anatomy,P8+扩展,W71 起,,əˈnætəmi,n. 解剖学；（动植物的）组成结构，解剖构造；人体；剖析，详细分析；原因，成因；骨骼,Cadavers are used to teach med students surgical skills and anatomy.　尸体是教授医学院学生外科手术技术和解剖用的。
7799,bali,P8+扩展,W71 起,释义待核实，不进入核心练习,ˈbɑli,释义待核实，不计入核心练习,
7800,judy,P8+扩展,W71 起,释义待核实，不进入核心练习,ˈdʒudi,释义待核实，不计入核心练习,
7801,sponsorship,P8+扩展,W71 起,,ˈspɑnsɚˌʃɪp,n. 赞助，赞助款；资助，倡议,Sport is being debased by commercial sponsorship.　体育运动因受商业赞助而降低了声誉。
7802,headphones,P8+扩展,W71 起,释义待核实，不进入核心练习,ˈhɛdˌfoʊnz,释义待核实，不计入核心练习,
7803,fraction,P8+扩展,W71 起,,ˈfrækʃən,n. 分数，小数；小部分，微量；持不同意见的小集团；分离；（基督教用语）分切圣餐面包,Their economy is still a fraction of ours.　他们的经济仍然是我们的一部分。
7804,trio,P8+扩展,W71 起,,ˈtriˌoʊ,n. 三重唱；三件一套；三个一组；n. （Trio）人名；（意）特里奥,"She chose to be backed by a classy trio of acoustic guitar, bass and congas.　她选择了用原声吉他、低音吉他和康茄鼓组成的经典三重奏组合为自己伴奏。"
7805,proceeding,P8+扩展,W71 起,,prəˈsidɪŋ,n. 诉讼，诉讼程序；事件，（一连串）发生的事（the proceedings/the proceeding）；（会议等的）正式记录（proceedings）；（会议、仪式等）议程，活动过程（proceedings）；v. 开始行动，开展；<正式>继续做（或从事，进行）；（完成其他事后）继续做某事（proceed 的现在分词）,Work is proceeding slowly.　工作进展缓慢。
7806,cube,P8+扩展,W71 起,,ˈkjub,n. 立方体；立方，三次幂；<美，非正式>小室，小房间；v. 使成立方；把（食物）切成小方块；【名】 （Cube）（瑞典、德）库贝（人名）,A cube has six sides.　立方体有六面。
7807,defects,P8+扩展,W71 起,释义待核实，不进入核心练习,ˈdifɛkts,释义待核实，不计入核心练习,
7808,volkswagen,P8+扩展,W71 起,释义待核实，不进入核心练习,ˈvoʊlkˌswæɡən,释义待核实，不计入核心练习,
7809,uncertainty,P8+扩展,W71 起,,ənˈsɝtənti,n. 犹豫，无把握；拿不定的事，令人无把握的局面；紧张不安,That's not the only uncertainty.　这并不是唯一的不确定因素。
7810,breakdown,P8+扩展,W71 起,,ˈbreɪkˌdaʊn,n. （汽车或机器的）故障，损坏；（关系的）破裂，（系统的）瘫痪；精神崩溃，（健康、体力等的）衰竭；细目，分类；分解；跺脚曳步舞,She's still recovering from her breakdown.　她精神崩溃后还在恢复中。
7811,milton,P8+扩展,W71 起,释义待核实，不进入核心练习,ˈmɪltən,释义待核实，不计入核心练习,
7812,marker,P8+扩展,W71 起,,ˈmɑrkɚ,n. （地点或方向的）标识，标志；（性质或特点的）标志；记号笔（marker pen）；<英>阅卷人；<英>（足球等比赛中的）盯人队员；参照标准；标志基因；<美，非正式>本票，借据；（比赛，尤指斯诺克或台球）记分员；无线电导航信标；【名】 （Marker）（美）马克（人名）,Please keep this marker.　请保留此标记。
7813,reconstruction,P8+扩展,W71 起,,ˌrikənˈstrʌkʃən,n. 再建，重建；改造；复兴,Work began on the reconstruction of the road.　重修这条路的工作已经开始了。
7814,subsidiary,P8+扩展,W71 起,,səbˈsɪdiˌɛri,n. 子公司，附属公司；辅助者；adj. 次要的，附属的；子公司的,WM Financial Services is a subsidiary of Washington Mutual.　华盛顿互惠银行金融服务公司是华盛顿互惠银行的子公司。
7815,strengths,P8+扩展,W71 起,释义待核实，不进入核心练习,ˈstrɛŋkθs,释义待核实，不计入核心练习,
7816,clarity,P8+扩展,W71 起,,ˈklɛrəti,n. 清晰易懂；思路清晰；（画面或声音的）清晰，清楚；清澈，明净；【名】 （Clarity）（英）克拉里蒂（人名）,It was a model of clarity.　这是表达清晰的范例。
7817,rugs,P8+扩展,W71 起,释义待核实，不进入核心练习,ˈrʌɡz,释义待核实，不计入核心练习,
7818,sandra,P8+扩展,W71 起,释义待核实，不进入核心练习,ˈsændrə,释义待核实，不计入核心练习,
7819,adelaide,P8+扩展,W71 起,释义待核实，不进入核心练习,ˈædəˌleɪd,释义待核实，不计入核心练习,
7820,encouraging,P8+扩展,W71 起,,ɛnˈkɝɪdʒɪŋ,adj. 鼓舞人心的，鼓励的；v. 鼓励，激励；鼓动，怂恿，支持；刺激，促进（encourage 的现在分词形式）,The results have been encouraging.　这些结果是鼓舞人心的。
7821,furnished,P8+扩展,W71 起,释义待核实，不进入核心练习,ˈfɝnɪʃt,释义待核实，不计入核心练习,
7822,monaco,P8+扩展,W71 起,释义待核实，不进入核心练习,ˈmɑnəˌkoʊ,释义待核实，不计入核心练习,
7823,settled,P8+扩展,W71 起,释义待核实，不进入核心练习,ˈsɛtəld,释义待核实，不计入核心练习,
7824,folding,P8+扩展,W71 起,,ˈfoʊldɪŋ,adj. 可折叠的,Folding paper fans first became popular during the Song Dynasty.　折叠纸扇最开始在宋朝流行。
7825,emirates,P8+扩展,W71 起,释义待核实，不进入核心练习,ˈɛmɚəts,释义待核实，不计入核心练习,
7826,terrorists,P8+扩展,W71 起,释义待核实，不进入核心练习,ˈtɛrɚəsts,释义待核实，不计入核心练习,
7827,airfare,P8+扩展,W71 起,释义待核实，不进入核心练习,ˈɛrˌfɛr,释义待核实，不计入核心练习,
7828,comparisons,P8+扩展,W71 起,释义待核实，不进入核心练习,kəmˈpɛrəsənz,释义待核实，不计入核心练习,
7829,beneficial,P8+扩展,W71 起,,ˌbɛnəˈfɪʃəl,adj. 有益的，有利的；<法律>（与）权益（有关）的，有财产使用权的,A good diet is beneficial to health.　良好的饮食有益于健康。
7830,distributions,P8+扩展,W71 起,释义待核实，不进入核心练习,ˌdɪstrəbˈjuʃənz,释义待核实，不计入核心练习,
7831,vaccine,P8+扩展,W71 起,,ˌvækˈsin,n. 疫苗；（计算机）杀毒软件；adj. 疫苗的，菌苗的,There is no vaccine against HIV infection.　现在还没有防艾滋病病毒传染的疫苗。
7832,belize,P8+扩展,W71 起,释义待核实，不进入核心练习,bɛˈliz,释义待核实，不计入核心练习,
7833,crap,P8+扩展,W71 起,释义待核实，不进入核心练习,ˈkræp,释义待核实，不计入核心练习,
7834,fate,P8+扩展,W71 起,,ˈfeɪt,n. 命运；v. 注定；【名】 （Fate）（英）费特（人名）,Her fate intertwined with his.　她的命运与他的交织在一起。
7835,viewpicture,P8+扩展,W71 起,释义待核实，不进入核心练习,,释义待核实，不计入核心练习,
7836,promised,P8+扩展,W71 起,释义待核实，不进入核心练习,ˈprɑməst,释义待核实，不计入核心练习,
7837,volvo,P8+扩展,W71 起,释义待核实，不进入核心练习,ˈvoʊlvoʊ,释义待核实，不计入核心练习,
7838,penny,P8+扩展,W71 起,,ˈpɛni,n. 便士（英国货币单位，100便士等于1英镑）；便士（英国1971年前使用的硬币，12便士等于1先令）；分（美国和加拿大货币单位）；一小笔钱（pennies）；一分一毫（用于强调没钱）（a penny）；迪纳里厄斯（古罗马的金币或银币）,It didn't cost a penny.　那东西没花一分钱。
7839,robust,P8+扩展,W71 起,,roʊˈbʌst,adj. 强健的，强壮的；（系统或组织）稳固的，健全的；（物体）结实的，坚固的；（观点等）强烈的，坚定的；（食物或饮料）味浓的，醇厚的；特大的；粗野的，粗鲁的,"She was almost 90, but still very robust.　她将近90岁了，但身体仍然十分强健。"
7840,bookings,P8+扩展,W71 起,释义待核实，不进入核心练习,ˈbʊkɪŋz,释义待核实，不计入核心练习,
7841,threatened,P8+扩展,W71 起,释义待核实，不进入核心练习,ˈθrɛtənd,释义待核实，不计入核心练习,
7842,minolta,P8+扩展,W71 起,释义待核实，不进入核心练习,mɪˈnɑlˌtʌ,释义待核实，不计入核心练习,
7843,republicans,P8+扩展,W71 起,释义待核实，不进入核心练习,rɪˈpʌblɪkənz,释义待核实，不计入核心练习,
7844,discusses,P8+扩展,W71 起,释义待核实，不进入核心练习,dɪˈskʌsəz,释义待核实，不计入核心练习,
7845,gui,P8+扩展,W71 起,释义待核实，不进入核心练习,,释义待核实，不计入核心练习,
7846,porter,P8+扩展,W71 起,,ˈpɔrtɚ,n. 门房；守门人；服务员；行李搬运工；n. （火车站、机场等的）行李搬运工人，脚夫；<英>（市场的）搬运工；<英>（酒店、医院等的）门房，守门人；<美>（火车卧铺车厢的）乘务员；<英>（医院的）护工，勤杂工；<美>（大楼的）杂物工；（登山探险中的）补给搬运员；<旧>黑啤酒；【名】 （Porter）（英、西、葡、德）波特（人名）,The porter expects a gratuity.　那个搬运工想要小费。
7847,gras,P8+扩展,W71 起,释义待核实，不进入核心练习,ˈɡræs,释义待核实，不计入核心练习,
7848,jungle,P8+扩展,W71 起,,ˈdʒʌŋɡəl,n. （热带）丛林；弱肉强食的地方；杂草丛生的地方；杂乱无章的一堆；丛林音乐（一种快速舞蹈音乐）,The tiger's home is in the jungle.　老虎栖息在丛林里。
7849,ver,P8+扩展,W71 起,释义待核实，不进入核心练习,ˈvɝ,释义待核实，不计入核心练习,
7850,rn,P8+扩展,W71 起,释义待核实，不进入核心练习,,释义待核实，不计入核心练习,
7851,responded,P8+扩展,W71 起,释义待核实，不进入核心练习,rɪˈspɑndɪd,释义待核实，不计入核心练习,
7852,rim,P8+扩展,W71 起,,ˈrɪm,n. （圆形物体的）边沿；（污垢等）一周，一圈；轮辋，轮圈；眼镜框；（篮球的）篮筐，篮圈 ；界，边界；v. 形成......的边沿，给......镶边；【名】 （Rim）（俄）里姆（人名）,Insects that land on the rim of the pitcher slide on the liquid and tumble in.　落在水罐边缘的昆虫在液体上滑行，并在里面打滚。
7853,abstracts,P8+扩展,W71 起,释义待核实，不进入核心练习,ˈæbstrækts,释义待核实，不计入核心练习,
7854,zen,P8+扩展,W71 起,释义待核实，不进入核心练习,ˈzɛn,释义待核实，不计入核心练习,
7855,ivory,P8+扩展,W71 起,,ˈaɪvɚi,n. 象牙，（其他动物的）长牙；象牙制品；象牙色，乳白色；<非正式>钢琴键；<非正式>（人的）牙齿；adj. 象牙色的，乳白色的；象牙制成的；【名】 （Ivory）（英）艾沃里（人名）,He showed him how to blow into the ivory mouthpiece.　他给他演示了如何把气吹进象牙吹口。
7856,alpine,P8+扩展,W71 起,释义待核实，不进入核心练习,ˈælˌpaɪn,释义待核实，不计入核心练习,
7857,dis,P8+扩展,W71 起,释义待核实，不进入核心练习,ˈdɪs,释义待核实，不计入核心练习,
7858,prediction,P8+扩展,W71 起,,priˈdɪkʃən,n. 预言之事，预报之事；预测（行为）,His prediction was right on the money.　他的预测准确无误。
7859,pharmaceuticals,P8+扩展,W71 起,释义待核实，不进入核心练习,ˌfɑrməˈsutɪkəlz,释义待核实，不计入核心练习,
7860,andale,P8+扩展,W71 起,释义待核实，不进入核心练习,,释义待核实，不计入核心练习,
7861,fabulous,P8+扩展,W71 起,,ˈfæbjələs,adj. 极好的，绝妙的；非凡的，巨大的，惊人的；虚构的，传说的,Jane's a fabulous cook.　简的烹饪技巧堪称一绝。
7862,remix,P8+扩展,W71 起,释义待核实，不进入核心练习,,释义待核实，不计入核心练习,
7863,alias,P8+扩展,W71 起,释义待核实，不进入核心练习,ˈeɪliəs,释义待核实，不计入核心练习,
7864,thesaurus,P8+扩展,W71 起,释义待核实，不进入核心练习,θəˈsɔrəs,释义待核实，不计入核心练习,
7865,individually,P8+扩展,W71 起,释义待核实，不进入核心练习,ˌɪndɪˈvɪdʒuəli,释义待核实，不计入核心练习,
7866,battlefield,P8+扩展,W71 起,,ˈbætəlˌfild,n. 战场；沙场,The castle stands on the site of an ancient battlefield.　那座城堡坐落在一片古战场上。
7867,literally,P8+扩展,W71 起,,ˈlɪtɚəli,adv. 按照字面意义地，逐字地；真正地，确实地；（用于夸张地强调）简直,I literally jumped out of my skin.　我简直给吓了一大跳。
7868,newer,P8+扩展,W71 起,释义待核实，不进入核心练习,ˈnuɚ,释义待核实，不计入核心练习,
7869,kay,P8+扩展,W71 起,释义待核实，不进入核心练习,ˈkeɪ,释义待核实，不计入核心练习,
7870,ecological,P8+扩展,W71 起,,ikəˈlɑdʒɪkəl,adj. 生态的，生态学的；主张生态保护的,We risk upsetting the ecological balance of the area.　我们有可能破坏这个地区的生态平衡。
7871,spice,P8+扩展,W71 起,,ˈspaɪs,n. 香料，调味品；情趣，趣味；赤褐色；<北英格兰>糖果；<罕>少许；v. 给……增添趣味；在……中加香料；【名】 （Spice）斯派斯（人名）,The spice imparts an Eastern flavour to the dish.　这种调味品会给菜肴添加一种东方风味。
7872,oval,P8+扩展,W71 起,,ˈoʊvəl,adj. 椭圆形的，卵形的；n. 椭圆形（物），卵形（物）；椭圆形体育场，椭圆形跑道；澳式橄榄球场；【名】 （Oval）（法）奥瓦尔（人名）,Did you choose an oval shape?　你选择了椭圆形的吗？
7873,implies,P8+扩展,W71 起,释义待核实，不进入核心练习,ˌɪmˈplaɪz,释义待核实，不计入核心练习,
7874,cg,P8+扩展,W71 起,释义待核实，不进入核心练习,,释义待核实，不计入核心练习,
7875,soma,P8+扩展,W71 起,释义待核实，不进入核心练习,ˈsoʊmɑ,释义待核实，不计入核心练习,
7876,ser,P8+扩展,W71 起,释义待核实，不进入核心练习,,释义待核实，不计入核心练习,
7877,cooler,P8+扩展,W71 起,释义待核实，不进入核心练习,ˈkulɚ,释义待核实，不计入核心练习,
7878,appraisal,P8+扩展,W71 起,,əˈpreɪzəl,n. 评估，估价；评价；员工工作评估,She was honest in her appraisal of her team's chances.　她对自己队获胜机会的估计是诚实的。
7879,consisting,P8+扩展,W71 起,释义待核实，不进入核心练习,kənˈsɪstɪŋ,释义待核实，不计入核心练习,
7880,maritime,P8+扩展,W71 起,,ˈmɛrəˌtaɪm,adj. 海上的，海事的；近海的，沿海的；海生的，在海里发现的；海洋性气候的,The reason for this swirl of maritime outlawry can be found on the nearest shore.　造成这种海上流亡者漩涡的原因可以在最近的岸上找到。
7881,periodic,P8+扩展,W71 起,,ˌpɪriˈɑdɪk,adj. 阶段性的，定期的；（化学）元素周期表的；（修辞）完整句的,So is my version of the periodic table wrong?　那么我的元素周期表是错的吗？
7882,submitting,P8+扩展,W71 起,释义待核实，不进入核心练习,səbˈmɪtɪŋ,释义待核实，不计入核心练习,
7883,overhead,P8+扩展,W71 起,,ˌoʊvɚˈhɛd,adv. 在头顶上方，在空中；adj. 头顶上的，在空中的，高架的；（驱动装置）顶置式的；经费的，管理费用的；n. <美>经常开支，营运费用（=<英>overheads）；（用于投影仪显示文字、图片等的）透明幻灯片；（尤指飞机的）顶舱,Thunder crashed overhead.　头顶上雷声隆隆。
7884,ascii,P8+扩展,W71 起,释义待核实，不进入核心练习,ˈæski,释义待核实，不计入核心练习,
7885,prospect,P8+扩展,W71 起,,ˈprɑspɛkt,n. 可能性，希望；预期，展望；（尤指事业的）成功机会，前景；有望成功的人，有前途的人；可能的顾客，潜在的主顾；<正式>（尤指从高处看到的）景象，景色；潜在矿藏或矿床；v. 勘探，勘察；寻找（商业机会）,The prospect of war loomed large.　战争的阴影在逼近，令人忧虑。
7886,shipment,P8+扩展,W71 起,,ˈʃɪpmənt,n. 运输，运送；运输的货物，装载的货物量,The goods are ready for shipment.　货物备妥待运。
7887,breeding,P8+扩展,W71 起,释义待核实，不进入核心练习,ˈbridɪŋ,释义待核实，不计入核心练习,
7888,citations,P8+扩展,W71 起,释义待核实，不进入核心练习,saɪˈteɪʃənz,释义待核实，不计入核心练习,
7889,geographical,P8+扩展,W71 起,,ˌdʒiəˈɡræfɪkəl,adj. 地理的，地理学的,The survey covers a wide geographical area.　此项调查覆盖的地理区域非常广阔。
7890,donor,P8+扩展,W71 起,,ˈdoʊnɚ,n. 捐献者，捐赠者；（化学）供体；（物理）施主；adj. 捐献的,The donor prefers to remain anonymous.　捐赠者希望不披露姓名。
7891,mozambique,P8+扩展,W71 起,释义待核实，不进入核心练习,ˌmoʊzæmˈbik,释义待核实，不计入核心练习,
7892,tension,P8+扩展,W71 起,,ˈtɛnʃən,n. 紧张，焦虑；紧张关系，紧张局势；矛盾，冲突；（电线、绳子、肌肉等的）拉紧，绷紧；拉力，张力；（电影、书籍中的）紧张情绪，恐怖气氛；（编织的）针织密度；电压；v. 使拉紧，使紧张,"For several hours, tension mounted.　几个小时中，紧张局势加剧了。"
7893,href,P8+扩展,W71 起,释义待核实，不进入核心练习,,释义待核实，不计入核心练习,
7894,benz,P8+扩展,W71 起,释义待核实，不进入核心练习,ˈbɛnz,释义待核实，不计入核心练习,
7895,trash,P8+扩展,W71 起,,ˈtræʃ,n. 垃圾，废物；<美>垃圾桶；劣质的东西，（尤指）拙劣的作品；<美>废物，窝囊废；（西印度）（作燃料的）甘蔗叶（梢），甘蔗渣；v. <非正式>损坏，毁坏；<非正式>抨击，谴责；<非正式>丢弃，去除；（计算机）把（文件，程序）送进回收站删除，清空（磁盘）；剥（甘蔗）皮以使其更快成熟,I threw it in the trash.　我把它扔进了垃圾桶。
7896,shapes,P8+扩展,W71 起,释义待核实，不进入核心练习,ˈʃeɪps,释义待核实，不计入核心练习,
7897,wifi,P8+扩展,W71 起,释义待核实，不进入核心练习,ˈwaɪˌfaɪ,释义待核实，不计入核心练习,
7898,tier,P8+扩展,W71 起,释义待核实，不进入核心练习,ˈtir,释义待核实，不计入核心练习,
7899,fwd,P8+扩展,W71 起,释义待核实，不进入核心练习,,释义待核实，不计入核心练习,
7900,earl,P8+扩展,W71 起,释义待核实，不进入核心练习,ˈɝl,释义待核实，不计入核心练习,
7901,manor,P8+扩展,W71 起,,ˈmænɚ,n. 庄园；领地；采邑，采地；n. （Manor）人名；（英）马诺尔,It was the quintessence of an English manor house.　那是典型的英式庄园宅第。
7902,envelope,P8+扩展,W71 起,,ˈɛnvəˌloʊp,n. 信封，封皮；气囊；（彗核）包层，彗发；（数学）包络线，包络面；（生物）包膜；极限数据,She opened the perfumed envelope.　她打开了带有香味的信封。
7903,diane,P8+扩展,W71 起,释义待核实，不进入核心练习,daɪˈæn,释义待核实，不计入核心练习,
7904,homeland,P8+扩展,W71 起,,ˈhoʊmˌlænd,n. 祖国，家乡；（某一特殊群体居住的）大片定居地,She severed her ties with her homeland.　她断绝了与自己祖国的联系。
7905,disclaimers,P8+扩展,W71 起,释义待核实，不进入核心练习,dɪsˈkleɪmɚz,释义待核实，不计入核心练习,
7906,championships,P8+扩展,W71 起,释义待核实，不进入核心练习,ˈtʃæmpiənˌʃɪps,释义待核实，不计入核心练习,
7907,excluded,P8+扩展,W71 起,释义待核实，不进入核心练习,ɪksˈkludəd,释义待核实，不计入核心练习,
7908,andrea,P8+扩展,W71 起,释义待核实，不进入核心练习,ˈænˌdriə,释义待核实，不计入核心练习,
7909,breeds,P8+扩展,W71 起,释义待核实，不进入核心练习,ˈbridz,释义待核实，不计入核心练习,
7910,rapids,P8+扩展,W71 起,释义待核实，不进入核心练习,ˈræpədz,释义待核实，不计入核心练习,
7911,disco,P8+扩展,W71 起,释义待核实，不进入核心练习,ˈdɪskoʊ,释义待核实，不计入核心练习,
7912,sheffield,P8+扩展,W71 起,释义待核实，不进入核心练习,ˈʃɛfild,释义待核实，不计入核心练习,
7913,bailey,P8+扩展,W71 起,释义待核实，不进入核心练习,ˈbeɪli,释义待核实，不计入核心练习,
7914,aus,P8+扩展,W71 起,释义待核实，不进入核心练习,ˈaʊz,释义待核实，不计入核心练习,
7915,endif,P8+扩展,W71 起,释义待核实，不进入核心练习,,释义待核实，不计入核心练习,
7916,finishing,P8+扩展,W71 起,释义待核实，不进入核心练习,ˈfɪnɪʃɪŋ,释义待核实，不计入核心练习,
7917,emotions,P8+扩展,W71 起,释义待核实，不进入核心练习,ɪˈmoʊʃənz,释义待核实，不计入核心练习,
7918,wellington,P8+扩展,W71 起,释义待核实，不进入核心练习,ˈwɛlɪŋtən,释义待核实，不计入核心练习,
7919,incoming,P8+扩展,W71 起,,ˈɪnˌkʌmɪŋ,adj. 进来的，到来的； 即将就任的；n. 进入；到来；常作 incomings 收入，收益,We keep a tape of incoming calls.　我们保留打进电话的录音磁带。
7920,prospects,P8+扩展,W71 起,释义待核实，不进入核心练习,ˈprɑspɛkts,释义待核实，不计入核心练习,
7921,lexmark,P8+扩展,W71 起,释义待核实，不进入核心练习,ˈlɛkˌsmɑrk,释义待核实，不计入核心练习,
7922,cleaners,P8+扩展,W71 起,释义待核实，不进入核心练习,ˈklinɚz,释义待核实，不计入核心练习,
7923,bulgarian,P8+扩展,W71 起,释义待核实，不进入核心练习,bəlˈɡɛriən,释义待核实，不计入核心练习,
7924,hwy,P8+扩展,W71 起,释义待核实，不进入核心练习,,释义待核实，不计入核心练习,
7925,eternal,P8+扩展,W71 起,,ɪˈtɝnəl,adj. 永恒的，永存的；似乎无休无止的，没完没了的,It is an eternal concept.　这是一个永恒的概念。
7926,cashiers,P8+扩展,W71 起,释义待核实，不进入核心练习,ˌkæˈʃɪrz,释义待核实，不计入核心练习,
7927,guam,P8+扩展,W71 起,释义待核实，不进入核心练习,ˈɡwɑm,释义待核实，不计入核心练习,
7928,cite,P8+扩展,W71 起,,ˈsaɪt,v. 引用，援引；引证，引以为例；传唤，传讯；嘉奖，表彰；n. <美>引用，引文,Can you cite another case like this?　你能举另外一个像这样的实例吗？
7929,aboriginal,P8+扩展,W71 起,,ˌæbɚˈɪdʒənəl,adj. 原始的，土著的；（与）澳大利亚土著人（有关）的，（与）澳大利亚土著语（有关）的（Aboriginal）；n. 土著居民，土生生物；澳大利亚土著居民（Aboriginal）；（任何一种）澳大利亚土著语（Aboriginal）,Uluru?is?the?center?of?aboriginal?culture.　乌鲁鲁是土著文化的中心。
7930,remarkable,P8+扩展,W71 起,,rɪˈmɑrkəbəl,adj. 引人注目的，非凡的,He was a remarkable man.　他是个非凡卓越的人。
7931,rotation,P8+扩展,W71 起,,roʊˈteɪʃən,n. 旋转，转动；旋转一周（一圈）；轮流，交替；轮班，换班；<美>值轮班的人；<美>（尤指实习医生的）轮流实习；轮作，轮耕；（林业）轮伐期；（数学）坐标轴的旋转；（数学）旋度，旋量（=curl）,"Wheat, maize and sugar beet are planted in rotation.　小麦、玉米和甜菜是轮流种植的。"
7932,nam,P8+扩展,W71 起,释义待核实，不进入核心练习,ˈnæm,释义待核实，不计入核心练习,
7933,preventing,P8+扩展,W71 起,释义待核实，不进入核心练习,prɪˈvɛntɪŋ,释义待核实，不计入核心练习,
7934,productive,P8+扩展,W71 起,,prəˈdʌktɪv,adj. 多产的，丰饶的；有效益的，富有成效的；生产（成品、庄稼或财富）的，生产性的；产生……的，引起……的（productive of）；有构词能力的；（咳嗽）生痰的，分泌黏液的,It is fertile and productive.　它肥沃多产。
7935,boulevard,P8+扩展,W71 起,释义待核实，不进入核心练习,ˈbʊləˌvɑrd,释义待核实，不计入核心练习,
7936,eugene,P8+扩展,W71 起,释义待核实，不进入核心练习,juˈdʒin,释义待核实，不计入核心练习,
7937,ix,P8+扩展,W71 起,释义待核实，不进入核心练习,,释义待核实，不计入核心练习,
7938,gdp,P8+扩展,W71 起,释义待核实，不进入核心练习,ˌɡiˌdiˈpi,释义待核实，不计入核心练习,
7939,pig,P8+扩展,W71 起,,ˈpɪɡ,n. 猪；<非正式>令人讨厌的人，猪猡；<俚>警官（侮辱性用语）；<英>难办的事，不愉快的事；<非正式>贪吃的人；生铁块，生铅锭；清管器；v. <非正式>狼吞虎咽；<非正式>像猪一样挤在一起；（母猪）生小猪；（在石油或天然气管道中）操作清管器,The pig rose squealing and bolted.　那头猪尖叫着站起来，飞快地跑开了。
7940,metric,P8+扩展,W71 起,,ˈmɛtrɪk,adj. 米制的，公制的；度规的；用诗体写的，格律诗的；n. 诗韵；衡量标准；度规,These screws are metric.　这些螺丝钉是用公制尺码制造的。
7941,compliant,P8+扩展,W71 起,释义待核实，不进入核心练习,kəmˈplaɪənt,释义待核实，不计入核心练习,
7942,minus,P8+扩展,W71 起,,ˈmaɪnəs,prep. 减，减去；<非正式>没有，缺少；零下；n. <非正式>缺点，不利条件；减号，负号；adj. 小于零的，负的；不利的，负面的；（指分数或等级）略低于某标准的，稍差的；阴性的，负电的,One minus one is zero.　一减一等于零。
7943,penalties,P8+扩展,W71 起,释义待核实，不进入核心练习,ˈpɛnəltiz,释义待核实，不计入核心练习,
7944,bennett,P8+扩展,W71 起,释义待核实，不进入核心练习,ˈbɛnət,释义待核实，不计入核心练习,
7945,imagination,P8+扩展,W71 起,,ˌɪˌmædʒəˈneɪʃən,n. 想象力，想象；幻觉，空想，幻想物；兴趣；创造力，创作力,Her imagination took wing.　她发挥了海阔天空的想象。
7946,hotmail,P8+扩展,W71 起,释义待核实，不进入核心练习,ˈhɑtˌmeɪl,释义待核实，不计入核心练习,
